"gene","ligand_annotation_source","database_version","mapping_status","nichenet_lr_edge_n","omnipath_row_n","omnipath_ligand_annotation","omnipath_transmitter_annotation","omnipath_secreted_annotation","omnipath_extracellular_annotation","protein_secretome_annotation","omnipath_databases","nichenet_resource_sha256","omnipath_snapshot_sha256","freeze_status","source_url"
"A2M","NicheNet lr_network_human_21122021.rds unique from","NicheNet human LR network 2021-12-21; Zenodo 7074291","NICHENET_AND_OMNIPATH_MAPPED",4,14,"YES","YES","YES","YES","OMNIPATH_SECRETED_ANNOTATION","connectomeDB2020;ConnectomeDB2025;GO_Intercell;HPA_secretome;LOCATE;Matrisome;OmniPath;UniProt_keyword;UniProt_location","47c971d2fbba4ecd0ba7485d1846a74054432a0d1a97ea3e6a79ae27d0da8094","5e4142df024fd4d5d64cc667299364982a51176076ae6a69e1069425530afafa","FROZEN_BEFORE_EXPRESSION_OUTCOMES","https://zenodo.org/records/7074291|https://omnipathdb.org/intercell"
"AANAT","NicheNet lr_network_human_21122021.rds unique from","NicheNet human LR network 2021-12-21; Zenodo 7074291","NICHENET_AND_OMNIPATH_MAPPED",2,8,"NO","NO","YES","YES","OMNIPATH_SECRETED_ANNOTATION","ComPPI;connectomeDB2020;GO_Intercell;HPMR;OmniPath;UniProt_location","47c971d2fbba4ecd0ba7485d1846a74054432a0d1a97ea3e6a79ae27d0da8094","5e4142df024fd4d5d64cc667299364982a51176076ae6a69e1069425530afafa","FROZEN_BEFORE_EXPRESSION_OUTCOMES","https://zenodo.org/records/7074291|https://omnipathdb.org/intercell"
"ABCA1","NicheNet lr_network_human_21122021.rds unique from","NicheNet human LR network 2021-12-21; Zenodo 7074291","NICHENET_AND_OMNIPATH_MAPPED",2,33,"YES","YES","NO","YES","NO_OMNIPATH_SECRETED_ANNOTATION","Baccin2019;Cellinker;CellPhoneDB;ComPPI;connectomeDB2020;ConnectomeDB2025;DGIdb;GO_Intercell;LOCATE;OmniPath;Phobius;Ramilowski_location;Surfaceome;TopDB;UniProt_keyword;UniProt_location;UniProt_topology","47c971d2fbba4ecd0ba7485d1846a74054432a0d1a97ea3e6a79ae27d0da8094","5e4142df024fd4d5d64cc667299364982a51176076ae6a69e1069425530afafa","FROZEN_BEFORE_EXPRESSION_OUTCOMES","https://zenodo.org/records/7074291|https://omnipathdb.org/intercell"
"ACE","NicheNet lr_network_human_21122021.rds unique from","NicheNet human LR network 2021-12-21; Zenodo 7074291","NICHENET_AND_OMNIPATH_MAPPED",2,41,"YES","YES","YES","YES","OMNIPATH_SECRETED_ANNOTATION","Almen2009;Baccin2019;ComPPI;connectomeDB2020;ConnectomeDB2025;CSPA;DGIdb;GO_Intercell;HPA_secretome;LOCATE;Membranome;OmniPath;Phobius;Ramilowski_location;scConnect;Surfaceome;TopDB;UniProt_keyword;UniProt_location;UniProt_topology","47c971d2fbba4ecd0ba7485d1846a74054432a0d1a97ea3e6a79ae27d0da8094","5e4142df024fd4d5d64cc667299364982a51176076ae6a69e1069425530afafa","FROZEN_BEFORE_EXPRESSION_OUTCOMES","https://zenodo.org/records/7074291|https://omnipathdb.org/intercell"
"ACE2","NicheNet lr_network_human_21122021.rds unique from","NicheNet human LR network 2021-12-21; Zenodo 7074291","NICHENET_AND_OMNIPATH_MAPPED",4,38,"YES","YES","YES","YES","OMNIPATH_SECRETED_ANNOTATION","Almen2009;CellCellInteractions;Cellinker;CellTalkDB;ConnectomeDB2025;GO_Intercell;HPA_secretome;LOCATE;Membranome;OmniPath;Phobius;scConnect;Surfaceome;TopDB;UniProt_keyword;UniProt_location;UniProt_topology","47c971d2fbba4ecd0ba7485d1846a74054432a0d1a97ea3e6a79ae27d0da8094","5e4142df024fd4d5d64cc667299364982a51176076ae6a69e1069425530afafa","FROZEN_BEFORE_EXPRESSION_OUTCOMES","https://zenodo.org/records/7074291|https://omnipathdb.org/intercell"
"ACP4","NicheNet lr_network_human_21122021.rds unique from","NicheNet human LR network 2021-12-21; Zenodo 7074291","NICHENET_AND_OMNIPATH_MAPPED",2,23,"NO","YES","NO","NO","NO_OMNIPATH_SECRETED_ANNOTATION","Almen2009;Cellinker;GO_Intercell;Membranome;OmniPath;Phobius;Ramilowski_location;Surfaceome;UniProt_keyword;UniProt_location;UniProt_topology","47c971d2fbba4ecd0ba7485d1846a74054432a0d1a97ea3e6a79ae27d0da8094","5e4142df024fd4d5d64cc667299364982a51176076ae6a69e1069425530afafa","FROZEN_BEFORE_EXPRESSION_OUTCOMES","https://zenodo.org/records/7074291|https://omnipathdb.org/intercell"
"ADAM10","NicheNet lr_network_human_21122021.rds unique from","NicheNet human LR network 2021-12-21; Zenodo 7074291","NICHENET_AND_OMNIPATH_MAPPED",14,37,"YES","YES","NO","YES","NO_OMNIPATH_SECRETED_ANNOTATION","Almen2009;Cellinker;ComPPI;connectomeDB2020;ConnectomeDB2025;CSPA;GO_Intercell;LOCATE;Matrisome;Membranome;OmniPath;Phobius;Ramilowski_location;Surfaceome;UniProt_keyword;UniProt_location;UniProt_topology","47c971d2fbba4ecd0ba7485d1846a74054432a0d1a97ea3e6a79ae27d0da8094","5e4142df024fd4d5d64cc667299364982a51176076ae6a69e1069425530afafa","FROZEN_BEFORE_EXPRESSION_OUTCOMES","https://zenodo.org/records/7074291|https://omnipathdb.org/intercell"
"ADAM11","NicheNet lr_network_human_21122021.rds unique from","NicheNet human LR network 2021-12-21; Zenodo 7074291","NICHENET_AND_OMNIPATH_MAPPED",2,30,"YES","YES","NO","NO","NO_OMNIPATH_SECRETED_ANNOTATION","Almen2009;CellCellInteractions;connectomeDB2020;ConnectomeDB2025;Kirouac2010;LOCATE;Matrisome;Membranome;OmniPath;Phobius;Ramilowski_location;Surfaceome;UniProt_keyword;UniProt_location;UniProt_topology","47c971d2fbba4ecd0ba7485d1846a74054432a0d1a97ea3e6a79ae27d0da8094","5e4142df024fd4d5d64cc667299364982a51176076ae6a69e1069425530afafa","FROZEN_BEFORE_EXPRESSION_OUTCOMES","https://zenodo.org/records/7074291|https://omnipathdb.org/intercell"
"ADAM12","NicheNet lr_network_human_21122021.rds unique from","NicheNet human LR network 2021-12-21; Zenodo 7074291","NICHENET_AND_OMNIPATH_MAPPED",3,41,"YES","YES","YES","YES","OMNIPATH_SECRETED_ANNOTATION","Adhesome;Almen2009;Cellinker;ComPPI;connectomeDB2020;ConnectomeDB2025;CSPA;GO_Intercell;HPA_secretome;LOCATE;Matrisome;Membranome;OmniPath;Phobius;Ramilowski_location;Surfaceome;UniProt_keyword;UniProt_location;UniProt_topology","47c971d2fbba4ecd0ba7485d1846a74054432a0d1a97ea3e6a79ae27d0da8094","5e4142df024fd4d5d64cc667299364982a51176076ae6a69e1069425530afafa","FROZEN_BEFORE_EXPRESSION_OUTCOMES","https://zenodo.org/records/7074291|https://omnipathdb.org/intercell"
"ADAM15","NicheNet lr_network_human_21122021.rds unique from","NicheNet human LR network 2021-12-21; Zenodo 7074291","NICHENET_AND_OMNIPATH_MAPPED",4,43,"YES","YES","NO","YES","NO_OMNIPATH_SECRETED_ANNOTATION","Almen2009;CellCellInteractions;Cellinker;ComPPI;connectomeDB2020;ConnectomeDB2025;CSPA;GO_Intercell;HPMR;LOCATE;Matrisome;Membranome;OmniPath;Phobius;Ramilowski_location;scConnect;Surfaceome;TopDB;UniProt_keyword;UniProt_location;UniProt_topology","47c971d2fbba4ecd0ba7485d1846a74054432a0d1a97ea3e6a79ae27d0da8094","5e4142df024fd4d5d64cc667299364982a51176076ae6a69e1069425530afafa","FROZEN_BEFORE_EXPRESSION_OUTCOMES","https://zenodo.org/records/7074291|https://omnipathdb.org/intercell"
"ADAM17","NicheNet lr_network_human_21122021.rds unique from","NicheNet human LR network 2021-12-21; Zenodo 7074291","NICHENET_AND_OMNIPATH_MAPPED",9,39,"YES","YES","YES","YES","OMNIPATH_SECRETED_ANNOTATION","Almen2009;Baccin2019;Cellinker;ComPPI;connectomeDB2020;ConnectomeDB2025;CSPA;GO_Intercell;LOCATE;Matrisome;Membranome;OmniPath;Phobius;Ramilowski_location;Surfaceome;TopDB;UniProt_keyword;UniProt_location;UniProt_topology","47c971d2fbba4ecd0ba7485d1846a74054432a0d1a97ea3e6a79ae27d0da8094","5e4142df024fd4d5d64cc667299364982a51176076ae6a69e1069425530afafa","FROZEN_BEFORE_EXPRESSION_OUTCOMES","https://zenodo.org/records/7074291|https://omnipathdb.org/intercell"
"ADAM2","NicheNet lr_network_human_21122021.rds unique from","NicheNet human LR network 2021-12-21; Zenodo 7074291","NICHENET_AND_OMNIPATH_MAPPED",5,33,"YES","YES","NO","NO","NO_OMNIPATH_SECRETED_ANNOTATION","Almen2009;Baccin2019;Cellinker;connectomeDB2020;ConnectomeDB2025;LOCATE;Matrisome;Membranome;OmniPath;Phobius;Ramilowski_location;Surfaceome;UniProt_keyword;UniProt_location;UniProt_topology","47c971d2fbba4ecd0ba7485d1846a74054432a0d1a97ea3e6a79ae27d0da8094","5e4142df024fd4d5d64cc667299364982a51176076ae6a69e1069425530afafa","FROZEN_BEFORE_EXPRESSION_OUTCOMES","https://zenodo.org/records/7074291|https://omnipathdb.org/intercell"
"ADAM20","NicheNet lr_network_human_21122021.rds unique from","NicheNet human LR network 2021-12-21; Zenodo 7074291","NICHENET_AND_OMNIPATH_MAPPED",2,23,"NO","YES","NO","YES","NO_OMNIPATH_SECRETED_ANNOTATION","Cellinker;DGIdb;Matrisome;Membranome;OmniPath;Phobius;Ramilowski_location;scConnect;Surfaceome;UniProt_keyword;UniProt_location;UniProt_topology","47c971d2fbba4ecd0ba7485d1846a74054432a0d1a97ea3e6a79ae27d0da8094","5e4142df024fd4d5d64cc667299364982a51176076ae6a69e1069425530afafa","FROZEN_BEFORE_EXPRESSION_OUTCOMES","https://zenodo.org/records/7074291|https://omnipathdb.org/intercell"
"ADAM21","NicheNet lr_network_human_21122021.rds unique from","NicheNet human LR network 2021-12-21; Zenodo 7074291","NICHENET_AND_OMNIPATH_MAPPED",3,27,"NO","YES","NO","YES","NO_OMNIPATH_SECRETED_ANNOTATION","Almen2009;Cellinker;DGIdb;LOCATE;Matrisome;Membranome;OmniPath;Phobius;Ramilowski_location;scConnect;Surfaceome;UniProt_keyword;UniProt_location;UniProt_topology","47c971d2fbba4ecd0ba7485d1846a74054432a0d1a97ea3e6a79ae27d0da8094","5e4142df024fd4d5d64cc667299364982a51176076ae6a69e1069425530afafa","FROZEN_BEFORE_EXPRESSION_OUTCOMES","https://zenodo.org/records/7074291|https://omnipathdb.org/intercell"
"ADAM23","NicheNet lr_network_human_21122021.rds unique from","NicheNet human LR network 2021-12-21; Zenodo 7074291","NICHENET_AND_OMNIPATH_MAPPED",2,39,"YES","YES","YES","YES","OMNIPATH_SECRETED_ANNOTATION","Almen2009;CellCellInteractions;Cellinker;connectomeDB2020;ConnectomeDB2025;Matrisome;Membranome;OmniPath;Phobius;Ramilowski_location;scConnect;Surfaceome;UniProt_keyword;UniProt_location;UniProt_topology","47c971d2fbba4ecd0ba7485d1846a74054432a0d1a97ea3e6a79ae27d0da8094","5e4142df024fd4d5d64cc667299364982a51176076ae6a69e1069425530afafa","FROZEN_BEFORE_EXPRESSION_OUTCOMES","https://zenodo.org/records/7074291|https://omnipathdb.org/intercell"
"ADAM28","NicheNet lr_network_human_21122021.rds unique from","NicheNet human LR network 2021-12-21; Zenodo 7074291","NICHENET_AND_OMNIPATH_MAPPED",1,42,"YES","YES","YES","YES","OMNIPATH_SECRETED_ANNOTATION","Almen2009;Cellinker;ComPPI;connectomeDB2020;ConnectomeDB2025;GO_Intercell;HPA_secretome;LOCATE;Matrisome;MatrixDB;Membranome;OmniPath;Phobius;Ramilowski_location;scConnect;Surfaceome;UniProt_keyword;UniProt_location;UniProt_topology","47c971d2fbba4ecd0ba7485d1846a74054432a0d1a97ea3e6a79ae27d0da8094","5e4142df024fd4d5d64cc667299364982a51176076ae6a69e1069425530afafa","FROZEN_BEFORE_EXPRESSION_OUTCOMES","https://zenodo.org/records/7074291|https://omnipathdb.org/intercell"
"ADAM29","NicheNet lr_network_human_21122021.rds unique from","NicheNet human LR network 2021-12-21; Zenodo 7074291","NICHENET_AND_OMNIPATH_MAPPED",1,27,"YES","YES","NO","YES","NO_OMNIPATH_SECRETED_ANNOTATION","Almen2009;connectomeDB2020;ConnectomeDB2025;DGIdb;LOCATE;Matrisome;Membranome;OmniPath;Phobius;Ramilowski_location;scConnect;Surfaceome;UniProt_keyword;UniProt_location;UniProt_topology","47c971d2fbba4ecd0ba7485d1846a74054432a0d1a97ea3e6a79ae27d0da8094","5e4142df024fd4d5d64cc667299364982a51176076ae6a69e1069425530afafa","FROZEN_BEFORE_EXPRESSION_OUTCOMES","https://zenodo.org/records/7074291|https://omnipathdb.org/intercell"
"ADAM7","NicheNet lr_network_human_21122021.rds unique from","NicheNet human LR network 2021-12-21; Zenodo 7074291","NICHENET_AND_OMNIPATH_MAPPED",2,26,"YES","YES","YES","YES","OMNIPATH_SECRETED_ANNOTATION","connectomeDB2020;ConnectomeDB2025;LOCATE;Matrisome;Membranome;OmniPath;Phobius;Ramilowski_location;scConnect;Surfaceome;UniProt_keyword;UniProt_location;UniProt_topology","47c971d2fbba4ecd0ba7485d1846a74054432a0d1a97ea3e6a79ae27d0da8094","5e4142df024fd4d5d64cc667299364982a51176076ae6a69e1069425530afafa","FROZEN_BEFORE_EXPRESSION_OUTCOMES","https://zenodo.org/records/7074291|https://omnipathdb.org/intercell"
"ADAM9","NicheNet lr_network_human_21122021.rds unique from","NicheNet human LR network 2021-12-21; Zenodo 7074291","NICHENET_AND_OMNIPATH_MAPPED",4,48,"YES","YES","YES","YES","OMNIPATH_SECRETED_ANNOTATION","Almen2009;CellCellInteractions;Cellinker;ComPPI;connectomeDB2020;ConnectomeDB2025;CSPA;DGIdb;GO_Intercell;HPA_secretome;HPMR;LOCATE;Matrisome;Membranome;OmniPath;Phobius;Ramilowski_location;scConnect;Surfaceome;TopDB;UniProt_keyword;UniProt_location;UniProt_topology","47c971d2fbba4ecd0ba7485d1846a74054432a0d1a97ea3e6a79ae27d0da8094","5e4142df024fd4d5d64cc667299364982a51176076ae6a69e1069425530afafa","FROZEN_BEFORE_EXPRESSION_OUTCOMES","https://zenodo.org/records/7074291|https://omnipathdb.org/intercell"
"ADAMTS3","NicheNet lr_network_human_21122021.rds unique from","NicheNet human LR network 2021-12-21; Zenodo 7074291","NICHENET_AND_OMNIPATH_MAPPED",1,23,"YES","YES","YES","YES","OMNIPATH_SECRETED_ANNOTATION","CellCellInteractions;CellTalkDB;ComPPI;HGNC;HPA_secretome;LOCATE;Matrisome;MatrixDB;OmniPath;scConnect;UniProt_keyword;UniProt_location","47c971d2fbba4ecd0ba7485d1846a74054432a0d1a97ea3e6a79ae27d0da8094","5e4142df024fd4d5d64cc667299364982a51176076ae6a69e1069425530afafa","FROZEN_BEFORE_EXPRESSION_OUTCOMES","https://zenodo.org/records/7074291|https://omnipathdb.org/intercell"
"ADCYAP1","NicheNet lr_network_human_21122021.rds unique from","NicheNet human LR network 2021-12-21; Zenodo 7074291","NICHENET_AND_OMNIPATH_MAPPED",4,34,"YES","YES","YES","YES","OMNIPATH_SECRETED_ANNOTATION","Baccin2019;CellCall;CellChatDB;Cellinker;CellPhoneDB;CellTalkDB;connectomeDB2020;ConnectomeDB2025;EMBRACE;GO_Intercell;Guide2Pharma;HPA_secretome;HPMR;ICELLNET;iTALK;LOCATE;LRdb;OmniPath;Ramilowski2015;scConnect;talklr;UniProt_keyword;UniProt_location","47c971d2fbba4ecd0ba7485d1846a74054432a0d1a97ea3e6a79ae27d0da8094","5e4142df024fd4d5d64cc667299364982a51176076ae6a69e1069425530afafa","FROZEN_BEFORE_EXPRESSION_OUTCOMES","https://zenodo.org/records/7074291|https://omnipathdb.org/intercell"
"ADGRB1","NicheNet lr_network_human_21122021.rds unique from","NicheNet human LR network 2021-12-21; Zenodo 7074291","NICHENET_AND_OMNIPATH_MAPPED",1,65,"YES","YES","YES","YES","OMNIPATH_SECRETED_ANNOTATION","CellCellInteractions;CellChatDB;CellPhoneDB;ComPPI;connectomeDB2020;ConnectomeDB2025;DGIdb;GO_Intercell;GPCRdb;HGNC;HPA_secretome;HPMR;ICELLNET;LOCATE;MatrixDB;OmniPath;Phobius;Ramilowski_location;scConnect;Surfaceome;UniProt_keyword;UniProt_location;UniProt_topology;Zhong2015","47c971d2fbba4ecd0ba7485d1846a74054432a0d1a97ea3e6a79ae27d0da8094","5e4142df024fd4d5d64cc667299364982a51176076ae6a69e1069425530afafa","FROZEN_BEFORE_EXPRESSION_OUTCOMES","https://zenodo.org/records/7074291|https://omnipathdb.org/intercell"
"ADGRE5","NicheNet lr_network_human_21122021.rds unique from","NicheNet human LR network 2021-12-21; Zenodo 7074291","NICHENET_AND_OMNIPATH_MAPPED",1,75,"YES","YES","YES","YES","OMNIPATH_SECRETED_ANNOTATION","Almen2009;CellCellInteractions;CellChatDB;Cellinker;CellPhoneDB;CellTalkDB;ComPPI;connectomeDB2020;ConnectomeDB2025;CSPA;DGIdb;GO_Intercell;GPCRdb;HGNC;HPA_secretome;HPMR;ICELLNET;iTALK;LOCATE;LRdb;OmniPath;Phobius;Ramilowski_location;Ramilowski2015;scConnect;Surfaceome;talklr;TopDB;UniProt_keyword;UniProt_location;UniProt_topology","47c971d2fbba4ecd0ba7485d1846a74054432a0d1a97ea3e6a79ae27d0da8094","5e4142df024fd4d5d64cc667299364982a51176076ae6a69e1069425530afafa","FROZEN_BEFORE_EXPRESSION_OUTCOMES","https://zenodo.org/records/7074291|https://omnipathdb.org/intercell"
"ADGRF5","NicheNet lr_network_human_21122021.rds unique from","NicheNet human LR network 2021-12-21; Zenodo 7074291","NICHENET_AND_OMNIPATH_MAPPED",1,49,"NO","YES","NO","YES","NO_OMNIPATH_SECRETED_ANNOTATION","Almen2009;CellCellInteractions;Cellinker;CSPA;DGIdb;GO_Intercell;GPCRdb;HGNC;HPMR;LOCATE;OmniPath;Phobius;Ramilowski_location;scConnect;Surfaceome;TopDB;UniProt_keyword;UniProt_location;UniProt_topology;Zhong2015","47c971d2fbba4ecd0ba7485d1846a74054432a0d1a97ea3e6a79ae27d0da8094","5e4142df024fd4d5d64cc667299364982a51176076ae6a69e1069425530afafa","FROZEN_BEFORE_EXPRESSION_OUTCOMES","https://zenodo.org/records/7074291|https://omnipathdb.org/intercell"
"ADIPOQ","NicheNet lr_network_human_21122021.rds unique from","NicheNet human LR network 2021-12-21; Zenodo 7074291","NICHENET_AND_OMNIPATH_MAPPED",4,37,"YES","YES","YES","YES","OMNIPATH_SECRETED_ANNOTATION","Baccin2019;CellCall;CellChatDB;Cellinker;CellPhoneDB;CellTalkDB;connectomeDB2020;ConnectomeDB2025;DGIdb;EMBRACE;GO_Intercell;HGNC;HPA_secretome;HPMR;iTALK;Kirouac2010;LOCATE;LRdb;Matrisome;OmniPath;Ramilowski2015;talklr;UniProt_keyword;UniProt_location","47c971d2fbba4ecd0ba7485d1846a74054432a0d1a97ea3e6a79ae27d0da8094","5e4142df024fd4d5d64cc667299364982a51176076ae6a69e1069425530afafa","FROZEN_BEFORE_EXPRESSION_OUTCOMES","https://zenodo.org/records/7074291|https://omnipathdb.org/intercell"
"ADM","NicheNet lr_network_human_21122021.rds unique from","NicheNet human LR network 2021-12-21; Zenodo 7074291","NICHENET_AND_OMNIPATH_MAPPED",9,35,"YES","YES","YES","YES","OMNIPATH_SECRETED_ANNOTATION","Baccin2019;CellChatDB;Cellinker;CellPhoneDB;CellTalkDB;ComPPI;connectomeDB2020;ConnectomeDB2025;DGIdb;EMBRACE;GO_Intercell;Guide2Pharma;HPA_secretome;HPMR;ICELLNET;iTALK;LRdb;MatrixDB;OmniPath;Ramilowski2015;scConnect;talklr;UniProt_keyword;UniProt_location","47c971d2fbba4ecd0ba7485d1846a74054432a0d1a97ea3e6a79ae27d0da8094","5e4142df024fd4d5d64cc667299364982a51176076ae6a69e1069425530afafa","FROZEN_BEFORE_EXPRESSION_OUTCOMES","https://zenodo.org/records/7074291|https://omnipathdb.org/intercell"
"ADM2","NicheNet lr_network_human_21122021.rds unique from","NicheNet human LR network 2021-12-21; Zenodo 7074291","NICHENET_AND_OMNIPATH_MAPPED",13,29,"YES","YES","YES","YES","OMNIPATH_SECRETED_ANNOTATION","Baccin2019;Cellinker;CellPhoneDB;CellTalkDB;connectomeDB2020;ConnectomeDB2025;DGIdb;GO_Intercell;Guide2Pharma;HPA_secretome;iTALK;LOCATE;LRdb;MatrixDB;OmniPath;Ramilowski2015;scConnect;talklr;UniProt_keyword;UniProt_location","47c971d2fbba4ecd0ba7485d1846a74054432a0d1a97ea3e6a79ae27d0da8094","5e4142df024fd4d5d64cc667299364982a51176076ae6a69e1069425530afafa","FROZEN_BEFORE_EXPRESSION_OUTCOMES","https://zenodo.org/records/7074291|https://omnipathdb.org/intercell"
"AGRN","NicheNet lr_network_human_21122021.rds unique from","NicheNet human LR network 2021-12-21; Zenodo 7074291","NICHENET_AND_OMNIPATH_MAPPED",8,30,"YES","YES","YES","YES","OMNIPATH_SECRETED_ANNOTATION","CellChatDB;Cellinker;CellPhoneDB;ComPPI;connectomeDB2020;ConnectomeDB2025;GO_Intercell;HPA_secretome;HPMR;LOCATE;Matrisome;OmniPath;Ramilowski_location;UniProt_keyword;UniProt_location","47c971d2fbba4ecd0ba7485d1846a74054432a0d1a97ea3e6a79ae27d0da8094","5e4142df024fd4d5d64cc667299364982a51176076ae6a69e1069425530afafa","FROZEN_BEFORE_EXPRESSION_OUTCOMES","https://zenodo.org/records/7074291|https://omnipathdb.org/intercell"
"AGRP","NicheNet lr_network_human_21122021.rds unique from","NicheNet human LR network 2021-12-21; Zenodo 7074291","NICHENET_AND_OMNIPATH_MAPPED",4,33,"YES","YES","YES","YES","OMNIPATH_SECRETED_ANNOTATION","Baccin2019;CellChatDB;Cellinker;CellPhoneDB;CellTalkDB;connectomeDB2020;ConnectomeDB2025;EMBRACE;GO_Intercell;Guide2Pharma;HPA_secretome;HPMR;iTALK;Kirouac2010;LRdb;MatrixDB;OmniPath;Ramilowski2015;scConnect;talklr;UniProt_keyword;UniProt_location","47c971d2fbba4ecd0ba7485d1846a74054432a0d1a97ea3e6a79ae27d0da8094","5e4142df024fd4d5d64cc667299364982a51176076ae6a69e1069425530afafa","FROZEN_BEFORE_EXPRESSION_OUTCOMES","https://zenodo.org/records/7074291|https://omnipathdb.org/intercell"
"AGT","NicheNet lr_network_human_21122021.rds unique from","NicheNet human LR network 2021-12-21; Zenodo 7074291","NICHENET_AND_OMNIPATH_MAPPED",5,36,"YES","YES","YES","YES","OMNIPATH_SECRETED_ANNOTATION","CellCall;CellChatDB;Cellinker;CellPhoneDB;CellTalkDB;ComPPI;connectomeDB2020;ConnectomeDB2025;DGIdb;GO_Intercell;Guide2Pharma;HPA_secretome;HPMR;ICELLNET;iTALK;LOCATE;LRdb;Matrisome;OmniPath;Ramilowski2015;scConnect;talklr;TopDB;UniProt_keyword;UniProt_location","47c971d2fbba4ecd0ba7485d1846a74054432a0d1a97ea3e6a79ae27d0da8094","5e4142df024fd4d5d64cc667299364982a51176076ae6a69e1069425530afafa","FROZEN_BEFORE_EXPRESSION_OUTCOMES","https://zenodo.org/records/7074291|https://omnipathdb.org/intercell"
"AHSG","NicheNet lr_network_human_21122021.rds unique from","NicheNet human LR network 2021-12-21; Zenodo 7074291","NICHENET_AND_OMNIPATH_MAPPED",1,11,"NO","NO","YES","YES","OMNIPATH_SECRETED_ANNOTATION","Cellinker;ComPPI;connectomeDB2020;ConnectomeDB2025;GO_Intercell;HPA_secretome;OmniPath;UniProt_keyword;UniProt_location","47c971d2fbba4ecd0ba7485d1846a74054432a0d1a97ea3e6a79ae27d0da8094","5e4142df024fd4d5d64cc667299364982a51176076ae6a69e1069425530afafa","FROZEN_BEFORE_EXPRESSION_OUTCOMES","https://zenodo.org/records/7074291|https://omnipathdb.org/intercell"
"AIMP1","NicheNet lr_network_human_21122021.rds unique from","NicheNet human LR network 2021-12-21; Zenodo 7074291","NICHENET_AND_OMNIPATH_MAPPED",1,17,"YES","YES","YES","YES","OMNIPATH_SECRETED_ANNOTATION","ComPPI;GO_Intercell;HPA_secretome;LOCATE;MatrixDB;OmniPath;UniProt_keyword;UniProt_location","47c971d2fbba4ecd0ba7485d1846a74054432a0d1a97ea3e6a79ae27d0da8094","5e4142df024fd4d5d64cc667299364982a51176076ae6a69e1069425530afafa","FROZEN_BEFORE_EXPRESSION_OUTCOMES","https://zenodo.org/records/7074291|https://omnipathdb.org/intercell"
"ALB","NicheNet lr_network_human_21122021.rds unique from","NicheNet human LR network 2021-12-21; Zenodo 7074291","NICHENET_AND_OMNIPATH_MAPPED",1,12,"NO","NO","YES","YES","OMNIPATH_SECRETED_ANNOTATION","Cellinker;ComPPI;connectomeDB2020;ConnectomeDB2025;GO_Intercell;HPA_secretome;LOCATE;OmniPath;UniProt_keyword;UniProt_location","47c971d2fbba4ecd0ba7485d1846a74054432a0d1a97ea3e6a79ae27d0da8094","5e4142df024fd4d5d64cc667299364982a51176076ae6a69e1069425530afafa","FROZEN_BEFORE_EXPRESSION_OUTCOMES","https://zenodo.org/records/7074291|https://omnipathdb.org/intercell"
"ALCAM","NicheNet lr_network_human_21122021.rds unique from","NicheNet human LR network 2021-12-21; Zenodo 7074291","NICHENET_AND_OMNIPATH_MAPPED",4,44,"YES","YES","YES","YES","OMNIPATH_SECRETED_ANNOTATION","Baccin2019;Cellinker;CellPhoneDB;connectomeDB2020;ConnectomeDB2025;CSPA;DGIdb;HGNC;LOCATE;MCAM;Membranome;OmniPath;Phobius;Ramilowski_location;Surfaceome;TopDB;UniProt_keyword;UniProt_location;UniProt_topology;Zhong2015","47c971d2fbba4ecd0ba7485d1846a74054432a0d1a97ea3e6a79ae27d0da8094","5e4142df024fd4d5d64cc667299364982a51176076ae6a69e1069425530afafa","FROZEN_BEFORE_EXPRESSION_OUTCOMES","https://zenodo.org/records/7074291|https://omnipathdb.org/intercell"
"ALKAL1","NicheNet lr_network_human_21122021.rds unique from","NicheNet human LR network 2021-12-21; Zenodo 7074291","NICHENET_AND_OMNIPATH_MAPPED",2,24,"YES","YES","YES","YES","OMNIPATH_SECRETED_ANNOTATION","CellTalkDB;connectomeDB2020;ConnectomeDB2025;GO_Intercell;HPA_secretome;ICELLNET;MatrixDB;OmniPath;UniProt_keyword;UniProt_location","47c971d2fbba4ecd0ba7485d1846a74054432a0d1a97ea3e6a79ae27d0da8094","5e4142df024fd4d5d64cc667299364982a51176076ae6a69e1069425530afafa","FROZEN_BEFORE_EXPRESSION_OUTCOMES","https://zenodo.org/records/7074291|https://omnipathdb.org/intercell"
"ALKAL2","NicheNet lr_network_human_21122021.rds unique from","NicheNet human LR network 2021-12-21; Zenodo 7074291","NICHENET_AND_OMNIPATH_MAPPED",2,23,"YES","YES","YES","YES","OMNIPATH_SECRETED_ANNOTATION","CellTalkDB;connectomeDB2020;ConnectomeDB2025;GO_Intercell;HPA_secretome;ICELLNET;OmniPath;UniProt_keyword;UniProt_location","47c971d2fbba4ecd0ba7485d1846a74054432a0d1a97ea3e6a79ae27d0da8094","5e4142df024fd4d5d64cc667299364982a51176076ae6a69e1069425530afafa","FROZEN_BEFORE_EXPRESSION_OUTCOMES","https://zenodo.org/records/7074291|https://omnipathdb.org/intercell"
"ALOX5AP","NicheNet lr_network_human_21122021.rds unique from","NicheNet human LR network 2021-12-21; Zenodo 7074291","NICHENET_AND_OMNIPATH_MAPPED",1,13,"NO","NO","NO","NO","NO_OMNIPATH_SECRETED_ANNOTATION","ComPPI;GO_Intercell;LOCATE;OmniPath;Phobius;Ramilowski_location;TopDB;UniProt_keyword;UniProt_location;UniProt_topology","47c971d2fbba4ecd0ba7485d1846a74054432a0d1a97ea3e6a79ae27d0da8094","5e4142df024fd4d5d64cc667299364982a51176076ae6a69e1069425530afafa","FROZEN_BEFORE_EXPRESSION_OUTCOMES","https://zenodo.org/records/7074291|https://omnipathdb.org/intercell"
"AMBN","NicheNet lr_network_human_21122021.rds unique from","NicheNet human LR network 2021-12-21; Zenodo 7074291","NICHENET_AND_OMNIPATH_MAPPED",1,23,"YES","YES","YES","YES","OMNIPATH_SECRETED_ANNOTATION","CellCellInteractions;connectomeDB2020;ConnectomeDB2025;DGIdb;GO_Intercell;HPA_secretome;LOCATE;Matrisome;MatrixDB;OmniPath;Ramilowski_location;UniProt_keyword;UniProt_location","47c971d2fbba4ecd0ba7485d1846a74054432a0d1a97ea3e6a79ae27d0da8094","5e4142df024fd4d5d64cc667299364982a51176076ae6a69e1069425530afafa","FROZEN_BEFORE_EXPRESSION_OUTCOMES","https://zenodo.org/records/7074291|https://omnipathdb.org/intercell"
"AMELX","NicheNet lr_network_human_21122021.rds unique from","NicheNet human LR network 2021-12-21; Zenodo 7074291","NICHENET_AND_OMNIPATH_MAPPED",3,32,"YES","YES","YES","YES","OMNIPATH_SECRETED_ANNOTATION","CellCellInteractions;Cellinker;CellTalkDB;connectomeDB2020;ConnectomeDB2025;DGIdb;GO_Intercell;HPA_secretome;iTALK;LOCATE;LRdb;Matrisome;MatrixDB;OmniPath;Ramilowski_location;Ramilowski2015;talklr;UniProt_keyword;UniProt_location","47c971d2fbba4ecd0ba7485d1846a74054432a0d1a97ea3e6a79ae27d0da8094","5e4142df024fd4d5d64cc667299364982a51176076ae6a69e1069425530afafa","FROZEN_BEFORE_EXPRESSION_OUTCOMES","https://zenodo.org/records/7074291|https://omnipathdb.org/intercell"
"AMELY","NicheNet lr_network_human_21122021.rds unique from","NicheNet human LR network 2021-12-21; Zenodo 7074291","NICHENET_AND_OMNIPATH_MAPPED",3,22,"YES","YES","YES","YES","OMNIPATH_SECRETED_ANNOTATION","CellCellInteractions;Cellinker;connectomeDB2020;GO_Intercell;HPA_secretome;iTALK;LOCATE;LRdb;Matrisome;MatrixDB;OmniPath;Ramilowski_location;Ramilowski2015;talklr;UniProt_keyword;UniProt_location","47c971d2fbba4ecd0ba7485d1846a74054432a0d1a97ea3e6a79ae27d0da8094","5e4142df024fd4d5d64cc667299364982a51176076ae6a69e1069425530afafa","FROZEN_BEFORE_EXPRESSION_OUTCOMES","https://zenodo.org/records/7074291|https://omnipathdb.org/intercell"
"AMH","NicheNet lr_network_human_21122021.rds unique from","NicheNet human LR network 2021-12-21; Zenodo 7074291","NICHENET_AND_OMNIPATH_MAPPED",6,40,"YES","YES","YES","YES","OMNIPATH_SECRETED_ANNOTATION","CellCall;CellChatDB;Cellinker;CellPhoneDB;CellTalkDB;ComPPI;connectomeDB2020;ConnectomeDB2025;DGIdb;GO_Intercell;Guide2Pharma;HPA_secretome;HPMR;ICELLNET;iTALK;LOCATE;LRdb;Matrisome;OmniPath;Ramilowski2015;scConnect;SignaLink_function;talklr;UniProt_keyword;UniProt_location","47c971d2fbba4ecd0ba7485d1846a74054432a0d1a97ea3e6a79ae27d0da8094","5e4142df024fd4d5d64cc667299364982a51176076ae6a69e1069425530afafa","FROZEN_BEFORE_EXPRESSION_OUTCOMES","https://zenodo.org/records/7074291|https://omnipathdb.org/intercell"
"ANG","NicheNet lr_network_human_21122021.rds unique from","NicheNet human LR network 2021-12-21; Zenodo 7074291","NICHENET_AND_OMNIPATH_MAPPED",2,23,"YES","YES","YES","YES","OMNIPATH_SECRETED_ANNOTATION","CellTalkDB;ComPPI;connectomeDB2020;ConnectomeDB2025;GO_Intercell;HPA_secretome;ICELLNET;LOCATE;OmniPath;Ramilowski_location;UniProt_keyword;UniProt_location","47c971d2fbba4ecd0ba7485d1846a74054432a0d1a97ea3e6a79ae27d0da8094","5e4142df024fd4d5d64cc667299364982a51176076ae6a69e1069425530afafa","FROZEN_BEFORE_EXPRESSION_OUTCOMES","https://zenodo.org/records/7074291|https://omnipathdb.org/intercell"
"ANGPT1","NicheNet lr_network_human_21122021.rds unique from","NicheNet human LR network 2021-12-21; Zenodo 7074291","NICHENET_AND_OMNIPATH_MAPPED",4,35,"YES","YES","YES","YES","OMNIPATH_SECRETED_ANNOTATION","Baccin2019;CellCall;CellChatDB;Cellinker;CellPhoneDB;CellTalkDB;connectomeDB2020;ConnectomeDB2025;EMBRACE;GO_Intercell;Guide2Pharma;HPA_secretome;HPMR;ICELLNET;iTALK;LRdb;Matrisome;OmniPath;Ramilowski2015;scConnect;SignaLink_function;talklr;UniProt_keyword;UniProt_location","47c971d2fbba4ecd0ba7485d1846a74054432a0d1a97ea3e6a79ae27d0da8094","5e4142df024fd4d5d64cc667299364982a51176076ae6a69e1069425530afafa","FROZEN_BEFORE_EXPRESSION_OUTCOMES","https://zenodo.org/records/7074291|https://omnipathdb.org/intercell"
"ANGPT2","NicheNet lr_network_human_21122021.rds unique from","NicheNet human LR network 2021-12-21; Zenodo 7074291","NICHENET_AND_OMNIPATH_MAPPED",4,31,"YES","YES","YES","YES","OMNIPATH_SECRETED_ANNOTATION","Baccin2019;CellCall;CellChatDB;Cellinker;CellPhoneDB;CellTalkDB;connectomeDB2020;ConnectomeDB2025;EMBRACE;GO_Intercell;HPA_secretome;ICELLNET;iTALK;LOCATE;LRdb;Matrisome;OmniPath;Ramilowski2015;SignaLink_function;talklr;UniProt_keyword;UniProt_location","47c971d2fbba4ecd0ba7485d1846a74054432a0d1a97ea3e6a79ae27d0da8094","5e4142df024fd4d5d64cc667299364982a51176076ae6a69e1069425530afafa","FROZEN_BEFORE_EXPRESSION_OUTCOMES","https://zenodo.org/records/7074291|https://omnipathdb.org/intercell"
"ANGPT4","NicheNet lr_network_human_21122021.rds unique from","NicheNet human LR network 2021-12-21; Zenodo 7074291","NICHENET_AND_OMNIPATH_MAPPED",2,29,"YES","YES","YES","YES","OMNIPATH_SECRETED_ANNOTATION","CellCall;Cellinker;CellPhoneDB;CellTalkDB;connectomeDB2020;ConnectomeDB2025;EMBRACE;GO_Intercell;Guide2Pharma;HPA_secretome;ICELLNET;iTALK;LRdb;Matrisome;OmniPath;Ramilowski2015;scConnect;SignaLink_function;talklr;UniProt_keyword;UniProt_location","47c971d2fbba4ecd0ba7485d1846a74054432a0d1a97ea3e6a79ae27d0da8094","5e4142df024fd4d5d64cc667299364982a51176076ae6a69e1069425530afafa","FROZEN_BEFORE_EXPRESSION_OUTCOMES","https://zenodo.org/records/7074291|https://omnipathdb.org/intercell"
"ANGPTL1","NicheNet lr_network_human_21122021.rds unique from","NicheNet human LR network 2021-12-21; Zenodo 7074291","NICHENET_AND_OMNIPATH_MAPPED",5,28,"YES","YES","YES","YES","OMNIPATH_SECRETED_ANNOTATION","CellChatDB;Cellinker;CellTalkDB;connectomeDB2020;ConnectomeDB2025;EMBRACE;HGNC;HPA_secretome;iTALK;Kirouac2010;LOCATE;LRdb;Matrisome;MatrixDB;OmniPath;Ramilowski2015;SignaLink_function;talklr;UniProt_keyword;UniProt_location","47c971d2fbba4ecd0ba7485d1846a74054432a0d1a97ea3e6a79ae27d0da8094","5e4142df024fd4d5d64cc667299364982a51176076ae6a69e1069425530afafa","FROZEN_BEFORE_EXPRESSION_OUTCOMES","https://zenodo.org/records/7074291|https://omnipathdb.org/intercell"
"ANGPTL2","NicheNet lr_network_human_21122021.rds unique from","NicheNet human LR network 2021-12-21; Zenodo 7074291","NICHENET_AND_OMNIPATH_MAPPED",6,22,"YES","YES","YES","YES","OMNIPATH_SECRETED_ANNOTATION","CellChatDB;Cellinker;CellTalkDB;connectomeDB2020;ConnectomeDB2025;EMBRACE;HGNC;HPA_secretome;iTALK;Kirouac2010;LOCATE;Matrisome;OmniPath;UniProt_keyword;UniProt_location","47c971d2fbba4ecd0ba7485d1846a74054432a0d1a97ea3e6a79ae27d0da8094","5e4142df024fd4d5d64cc667299364982a51176076ae6a69e1069425530afafa","FROZEN_BEFORE_EXPRESSION_OUTCOMES","https://zenodo.org/records/7074291|https://omnipathdb.org/intercell"
"ANGPTL3","NicheNet lr_network_human_21122021.rds unique from","NicheNet human LR network 2021-12-21; Zenodo 7074291","NICHENET_AND_OMNIPATH_MAPPED",4,34,"YES","YES","YES","YES","OMNIPATH_SECRETED_ANNOTATION","CellChatDB;Cellinker;CellTalkDB;connectomeDB2020;ConnectomeDB2025;DGIdb;EMBRACE;GO_Intercell;HGNC;HPA_secretome;ICELLNET;iTALK;Kirouac2010;LOCATE;LRdb;Matrisome;OmniPath;Ramilowski2015;talklr;UniProt_keyword;UniProt_location","47c971d2fbba4ecd0ba7485d1846a74054432a0d1a97ea3e6a79ae27d0da8094","5e4142df024fd4d5d64cc667299364982a51176076ae6a69e1069425530afafa","FROZEN_BEFORE_EXPRESSION_OUTCOMES","https://zenodo.org/records/7074291|https://omnipathdb.org/intercell"
"ANGPTL4","NicheNet lr_network_human_21122021.rds unique from","NicheNet human LR network 2021-12-21; Zenodo 7074291","NICHENET_AND_OMNIPATH_MAPPED",13,28,"YES","YES","YES","YES","OMNIPATH_SECRETED_ANNOTATION","CellCellInteractions;CellChatDB;Cellinker;CellTalkDB;ComPPI;ConnectomeDB2025;EMBRACE;HGNC;HPA_secretome;iTALK;Kirouac2010;LOCATE;Matrisome;MatrixDB;OmniPath;UniProt_keyword;UniProt_location","47c971d2fbba4ecd0ba7485d1846a74054432a0d1a97ea3e6a79ae27d0da8094","5e4142df024fd4d5d64cc667299364982a51176076ae6a69e1069425530afafa","FROZEN_BEFORE_EXPRESSION_OUTCOMES","https://zenodo.org/records/7074291|https://omnipathdb.org/intercell"
"ANGPTL5","NicheNet lr_network_human_21122021.rds unique from","NicheNet human LR network 2021-12-21; Zenodo 7074291","NICHENET_AND_OMNIPATH_MAPPED",1,14,"YES","YES","YES","YES","OMNIPATH_SECRETED_ANNOTATION","ConnectomeDB2025;HGNC;HPA_secretome;Kirouac2010;Matrisome;MatrixDB;OmniPath;UniProt_keyword;UniProt_location","47c971d2fbba4ecd0ba7485d1846a74054432a0d1a97ea3e6a79ae27d0da8094","5e4142df024fd4d5d64cc667299364982a51176076ae6a69e1069425530afafa","FROZEN_BEFORE_EXPRESSION_OUTCOMES","https://zenodo.org/records/7074291|https://omnipathdb.org/intercell"
"ANGPTL6","NicheNet lr_network_human_21122021.rds unique from","NicheNet human LR network 2021-12-21; Zenodo 7074291","NICHENET_AND_OMNIPATH_MAPPED",1,17,"YES","YES","YES","YES","OMNIPATH_SECRETED_ANNOTATION","ComPPI;GO_Intercell;HGNC;HPA_secretome;Kirouac2010;LOCATE;Matrisome;MatrixDB;OmniPath;UniProt_keyword;UniProt_location","47c971d2fbba4ecd0ba7485d1846a74054432a0d1a97ea3e6a79ae27d0da8094","5e4142df024fd4d5d64cc667299364982a51176076ae6a69e1069425530afafa","FROZEN_BEFORE_EXPRESSION_OUTCOMES","https://zenodo.org/records/7074291|https://omnipathdb.org/intercell"
"ANGPTL7","NicheNet lr_network_human_21122021.rds unique from","NicheNet human LR network 2021-12-21; Zenodo 7074291","NICHENET_AND_OMNIPATH_MAPPED",2,16,"YES","YES","YES","YES","OMNIPATH_SECRETED_ANNOTATION","CellChatDB;Cellinker;ConnectomeDB2025;HGNC;HPA_secretome;Matrisome;MatrixDB;OmniPath;UniProt_keyword;UniProt_location","47c971d2fbba4ecd0ba7485d1846a74054432a0d1a97ea3e6a79ae27d0da8094","5e4142df024fd4d5d64cc667299364982a51176076ae6a69e1069425530afafa","FROZEN_BEFORE_EXPRESSION_OUTCOMES","https://zenodo.org/records/7074291|https://omnipathdb.org/intercell"
"ANOS1","NicheNet lr_network_human_21122021.rds unique from","NicheNet human LR network 2021-12-21; Zenodo 7074291","NICHENET_AND_OMNIPATH_MAPPED",2,34,"YES","YES","YES","YES","OMNIPATH_SECRETED_ANNOTATION","CellCellInteractions;Cellinker;CellTalkDB;connectomeDB2020;ConnectomeDB2025;GO_Intercell;HPA_secretome;iTALK;LRdb;Matrisome;MatrixDB;OmniPath;Ramilowski2015;talklr;UniProt_keyword;UniProt_location;Zhong2015","47c971d2fbba4ecd0ba7485d1846a74054432a0d1a97ea3e6a79ae27d0da8094","5e4142df024fd4d5d64cc667299364982a51176076ae6a69e1069425530afafa","FROZEN_BEFORE_EXPRESSION_OUTCOMES","https://zenodo.org/records/7074291|https://omnipathdb.org/intercell"
"ANPEP","NicheNet lr_network_human_21122021.rds unique from","NicheNet human LR network 2021-12-21; Zenodo 7074291","NICHENET_AND_OMNIPATH_MAPPED",1,43,"YES","YES","YES","YES","OMNIPATH_SECRETED_ANNOTATION","Almen2009;CellCellInteractions;ComPPI;connectomeDB2020;ConnectomeDB2025;CSPA;DGIdb;GO_Intercell;ICELLNET;LOCATE;OmniPath;Phobius;Ramilowski_location;scConnect;Surfaceome;TopDB;UniProt_keyword;UniProt_location;UniProt_topology","47c971d2fbba4ecd0ba7485d1846a74054432a0d1a97ea3e6a79ae27d0da8094","5e4142df024fd4d5d64cc667299364982a51176076ae6a69e1069425530afafa","FROZEN_BEFORE_EXPRESSION_OUTCOMES","https://zenodo.org/records/7074291|https://omnipathdb.org/intercell"
"ANTXR1","NicheNet lr_network_human_21122021.rds unique from","NicheNet human LR network 2021-12-21; Zenodo 7074291","NICHENET_AND_OMNIPATH_MAPPED",1,35,"NO","YES","NO","YES","NO_OMNIPATH_SECRETED_ANNOTATION","Almen2009;CellCellInteractions;Cellinker;CellTalkDB;CSPA;DGIdb;GO_Intercell;LOCATE;Membranome;OmniPath;Phobius;Ramilowski_location;Surfaceome;TopDB;UniProt_keyword;UniProt_location;UniProt_topology;Zhong2015","47c971d2fbba4ecd0ba7485d1846a74054432a0d1a97ea3e6a79ae27d0da8094","5e4142df024fd4d5d64cc667299364982a51176076ae6a69e1069425530afafa","FROZEN_BEFORE_EXPRESSION_OUTCOMES","https://zenodo.org/records/7074291|https://omnipathdb.org/intercell"
"ANXA1","NicheNet lr_network_human_21122021.rds unique from","NicheNet human LR network 2021-12-21; Zenodo 7074291","NICHENET_AND_OMNIPATH_MAPPED",5,50,"YES","YES","YES","YES","OMNIPATH_SECRETED_ANNOTATION","Baccin2019;CellChatDB;Cellinker;CellPhoneDB;CellTalkDB;ComPPI;connectomeDB2020;ConnectomeDB2025;EMBRACE;GO_Intercell;Guide2Pharma;HPA_secretome;HPMR;ICELLNET;iTALK;LRdb;OmniPath;Ramilowski2015;scConnect;talklr;UniProt_keyword;UniProt_location","47c971d2fbba4ecd0ba7485d1846a74054432a0d1a97ea3e6a79ae27d0da8094","5e4142df024fd4d5d64cc667299364982a51176076ae6a69e1069425530afafa","FROZEN_BEFORE_EXPRESSION_OUTCOMES","https://zenodo.org/records/7074291|https://omnipathdb.org/intercell"
"ANXA2","NicheNet lr_network_human_21122021.rds unique from","NicheNet human LR network 2021-12-21; Zenodo 7074291","NICHENET_AND_OMNIPATH_MAPPED",5,38,"YES","YES","YES","YES","OMNIPATH_SECRETED_ANNOTATION","CellCellInteractions;Cellinker;ComPPI;connectomeDB2020;ConnectomeDB2025;GO_Intercell;HPA_secretome;ICELLNET;LOCATE;OmniPath;Ramilowski_location;UniProt_keyword;UniProt_location","47c971d2fbba4ecd0ba7485d1846a74054432a0d1a97ea3e6a79ae27d0da8094","5e4142df024fd4d5d64cc667299364982a51176076ae6a69e1069425530afafa","FROZEN_BEFORE_EXPRESSION_OUTCOMES","https://zenodo.org/records/7074291|https://omnipathdb.org/intercell"
"APELA","NicheNet lr_network_human_21122021.rds unique from","NicheNet human LR network 2021-12-21; Zenodo 7074291","NICHENET_AND_OMNIPATH_MAPPED",1,27,"YES","YES","YES","YES","OMNIPATH_SECRETED_ANNOTATION","CellChatDB;Cellinker;CellPhoneDB;CellTalkDB;connectomeDB2020;ConnectomeDB2025;DGIdb;GO_Intercell;Guide2Pharma;HPA_secretome;ICELLNET;MatrixDB;OmniPath;Phobius;scConnect;UniProt_keyword;UniProt_location","47c971d2fbba4ecd0ba7485d1846a74054432a0d1a97ea3e6a79ae27d0da8094","5e4142df024fd4d5d64cc667299364982a51176076ae6a69e1069425530afafa","FROZEN_BEFORE_EXPRESSION_OUTCOMES","https://zenodo.org/records/7074291|https://omnipathdb.org/intercell"
"APLN","NicheNet lr_network_human_21122021.rds unique from","NicheNet human LR network 2021-12-21; Zenodo 7074291","NICHENET_AND_OMNIPATH_MAPPED",2,31,"YES","YES","YES","YES","OMNIPATH_SECRETED_ANNOTATION","Baccin2019;CellChatDB;CellPhoneDB;CellTalkDB;connectomeDB2020;ConnectomeDB2025;DGIdb;EMBRACE;GO_Intercell;Guide2Pharma;HPA_secretome;HPMR;ICELLNET;iTALK;LRdb;OmniPath;Ramilowski2015;scConnect;talklr;UniProt_keyword;UniProt_location","47c971d2fbba4ecd0ba7485d1846a74054432a0d1a97ea3e6a79ae27d0da8094","5e4142df024fd4d5d64cc667299364982a51176076ae6a69e1069425530afafa","FROZEN_BEFORE_EXPRESSION_OUTCOMES","https://zenodo.org/records/7074291|https://omnipathdb.org/intercell"
"APOA1","NicheNet lr_network_human_21122021.rds unique from","NicheNet human LR network 2021-12-21; Zenodo 7074291","NICHENET_AND_OMNIPATH_MAPPED",4,23,"YES","YES","YES","YES","OMNIPATH_SECRETED_ANNOTATION","CellChatDB;Cellinker;CellPhoneDB;CellTalkDB;ComPPI;ConnectomeDB2025;GO_Intercell;HPA_secretome;LOCATE;OmniPath;UniProt_keyword;UniProt_location","47c971d2fbba4ecd0ba7485d1846a74054432a0d1a97ea3e6a79ae27d0da8094","5e4142df024fd4d5d64cc667299364982a51176076ae6a69e1069425530afafa","FROZEN_BEFORE_EXPRESSION_OUTCOMES","https://zenodo.org/records/7074291|https://omnipathdb.org/intercell"
"APOA2","NicheNet lr_network_human_21122021.rds unique from","NicheNet human LR network 2021-12-21; Zenodo 7074291","NICHENET_AND_OMNIPATH_MAPPED",3,16,"YES","YES","YES","YES","OMNIPATH_SECRETED_ANNOTATION","CellChatDB;CellPhoneDB;CellTalkDB;ComPPI;ConnectomeDB2025;GO_Intercell;HPA_secretome;OmniPath;UniProt_keyword;UniProt_location","47c971d2fbba4ecd0ba7485d1846a74054432a0d1a97ea3e6a79ae27d0da8094","5e4142df024fd4d5d64cc667299364982a51176076ae6a69e1069425530afafa","FROZEN_BEFORE_EXPRESSION_OUTCOMES","https://zenodo.org/records/7074291|https://omnipathdb.org/intercell"
"APOA4","NicheNet lr_network_human_21122021.rds unique from","NicheNet human LR network 2021-12-21; Zenodo 7074291","NICHENET_AND_OMNIPATH_MAPPED",3,11,"YES","YES","YES","YES","OMNIPATH_SECRETED_ANNOTATION","CellTalkDB;ComPPI;GO_Intercell;HPA_secretome;LOCATE;OmniPath;UniProt_keyword;UniProt_location","47c971d2fbba4ecd0ba7485d1846a74054432a0d1a97ea3e6a79ae27d0da8094","5e4142df024fd4d5d64cc667299364982a51176076ae6a69e1069425530afafa","FROZEN_BEFORE_EXPRESSION_OUTCOMES","https://zenodo.org/records/7074291|https://omnipathdb.org/intercell"
"APOA5","NicheNet lr_network_human_21122021.rds unique from","NicheNet human LR network 2021-12-21; Zenodo 7074291","NICHENET_AND_OMNIPATH_MAPPED",1,11,"NO","YES","YES","YES","OMNIPATH_SECRETED_ANNOTATION","GO_Intercell;HPA_secretome;LOCATE;MatrixDB;OmniPath;UniProt_keyword;UniProt_location","47c971d2fbba4ecd0ba7485d1846a74054432a0d1a97ea3e6a79ae27d0da8094","5e4142df024fd4d5d64cc667299364982a51176076ae6a69e1069425530afafa","FROZEN_BEFORE_EXPRESSION_OUTCOMES","https://zenodo.org/records/7074291|https://omnipathdb.org/intercell"
"APOB","NicheNet lr_network_human_21122021.rds unique from","NicheNet human LR network 2021-12-21; Zenodo 7074291","NICHENET_AND_OMNIPATH_MAPPED",14,34,"YES","YES","YES","YES","OMNIPATH_SECRETED_ANNOTATION","Baccin2019;CellChatDB;Cellinker;CellPhoneDB;CellTalkDB;ComPPI;connectomeDB2020;ConnectomeDB2025;EMBRACE;GO_Intercell;HPA_secretome;ICELLNET;iTALK;LRdb;MatrixDB;OmniPath;Ramilowski2015;talklr;UniProt_keyword;UniProt_location","47c971d2fbba4ecd0ba7485d1846a74054432a0d1a97ea3e6a79ae27d0da8094","5e4142df024fd4d5d64cc667299364982a51176076ae6a69e1069425530afafa","FROZEN_BEFORE_EXPRESSION_OUTCOMES","https://zenodo.org/records/7074291|https://omnipathdb.org/intercell"
"APOC1","NicheNet lr_network_human_21122021.rds unique from","NicheNet human LR network 2021-12-21; Zenodo 7074291","NICHENET_AND_OMNIPATH_MAPPED",1,10,"NO","NO","YES","YES","OMNIPATH_SECRETED_ANNOTATION","ConnectomeDB2025;GO_Intercell;HPA_secretome;LOCATE;OmniPath;UniProt_keyword;UniProt_location","47c971d2fbba4ecd0ba7485d1846a74054432a0d1a97ea3e6a79ae27d0da8094","5e4142df024fd4d5d64cc667299364982a51176076ae6a69e1069425530afafa","FROZEN_BEFORE_EXPRESSION_OUTCOMES","https://zenodo.org/records/7074291|https://omnipathdb.org/intercell"
"APOC2","NicheNet lr_network_human_21122021.rds unique from","NicheNet human LR network 2021-12-21; Zenodo 7074291","NICHENET_AND_OMNIPATH_MAPPED",4,10,"YES","YES","YES","YES","OMNIPATH_SECRETED_ANNOTATION","CellTalkDB;GO_Intercell;HPA_secretome;LOCATE;OmniPath;UniProt_keyword;UniProt_location","47c971d2fbba4ecd0ba7485d1846a74054432a0d1a97ea3e6a79ae27d0da8094","5e4142df024fd4d5d64cc667299364982a51176076ae6a69e1069425530afafa","FROZEN_BEFORE_EXPRESSION_OUTCOMES","https://zenodo.org/records/7074291|https://omnipathdb.org/intercell"
"APOC3","NicheNet lr_network_human_21122021.rds unique from","NicheNet human LR network 2021-12-21; Zenodo 7074291","NICHENET_AND_OMNIPATH_MAPPED",5,16,"YES","YES","YES","YES","OMNIPATH_SECRETED_ANNOTATION","CellTalkDB;ComPPI;ConnectomeDB2025;GO_Intercell;HPA_secretome;iTALK;LOCATE;MatrixDB;OmniPath;UniProt_keyword;UniProt_location","47c971d2fbba4ecd0ba7485d1846a74054432a0d1a97ea3e6a79ae27d0da8094","5e4142df024fd4d5d64cc667299364982a51176076ae6a69e1069425530afafa","FROZEN_BEFORE_EXPRESSION_OUTCOMES","https://zenodo.org/records/7074291|https://omnipathdb.org/intercell"
"APOC4","NicheNet lr_network_human_21122021.rds unique from","NicheNet human LR network 2021-12-21; Zenodo 7074291","NICHENET_AND_OMNIPATH_MAPPED",1,12,"YES","YES","YES","YES","OMNIPATH_SECRETED_ANNOTATION","CellTalkDB;ComPPI;HPA_secretome;LOCATE;MatrixDB;OmniPath;UniProt_keyword;UniProt_location","47c971d2fbba4ecd0ba7485d1846a74054432a0d1a97ea3e6a79ae27d0da8094","5e4142df024fd4d5d64cc667299364982a51176076ae6a69e1069425530afafa","FROZEN_BEFORE_EXPRESSION_OUTCOMES","https://zenodo.org/records/7074291|https://omnipathdb.org/intercell"
"APOD","NicheNet lr_network_human_21122021.rds unique from","NicheNet human LR network 2021-12-21; Zenodo 7074291","NICHENET_AND_OMNIPATH_MAPPED",1,30,"YES","YES","YES","YES","OMNIPATH_SECRETED_ANNOTATION","Baccin2019;Cellinker;CellTalkDB;ComPPI;connectomeDB2020;ConnectomeDB2025;EMBRACE;GO_Intercell;HPA_secretome;iTALK;LOCATE;LRdb;MatrixDB;OmniPath;Ramilowski2015;talklr;UniProt_keyword;UniProt_location","47c971d2fbba4ecd0ba7485d1846a74054432a0d1a97ea3e6a79ae27d0da8094","5e4142df024fd4d5d64cc667299364982a51176076ae6a69e1069425530afafa","FROZEN_BEFORE_EXPRESSION_OUTCOMES","https://zenodo.org/records/7074291|https://omnipathdb.org/intercell"
"APOE","NicheNet lr_network_human_21122021.rds unique from","NicheNet human LR network 2021-12-21; Zenodo 7074291","NICHENET_AND_OMNIPATH_MAPPED",10,35,"YES","YES","YES","YES","OMNIPATH_SECRETED_ANNOTATION","Baccin2019;CellChatDB;Cellinker;CellPhoneDB;CellTalkDB;ComPPI;connectomeDB2020;ConnectomeDB2025;EMBRACE;GO_Intercell;HPA_secretome;HPMR;ICELLNET;iTALK;LOCATE;LRdb;OmniPath;Ramilowski2015;talklr;UniProt_keyword;UniProt_location","47c971d2fbba4ecd0ba7485d1846a74054432a0d1a97ea3e6a79ae27d0da8094","5e4142df024fd4d5d64cc667299364982a51176076ae6a69e1069425530afafa","FROZEN_BEFORE_EXPRESSION_OUTCOMES","https://zenodo.org/records/7074291|https://omnipathdb.org/intercell"
"APOO","NicheNet lr_network_human_21122021.rds unique from","NicheNet human LR network 2021-12-21; Zenodo 7074291","NICHENET_AND_OMNIPATH_MAPPED",2,22,"YES","YES","YES","YES","OMNIPATH_SECRETED_ANNOTATION","Almen2009;Cellinker;ComPPI;GO_Intercell;HPA_secretome;MatrixDB;OmniPath;Phobius;Ramilowski_location;UniProt_keyword;UniProt_location;UniProt_topology","47c971d2fbba4ecd0ba7485d1846a74054432a0d1a97ea3e6a79ae27d0da8094","5e4142df024fd4d5d64cc667299364982a51176076ae6a69e1069425530afafa","FROZEN_BEFORE_EXPRESSION_OUTCOMES","https://zenodo.org/records/7074291|https://omnipathdb.org/intercell"
"APP","NicheNet lr_network_human_21122021.rds unique from","NicheNet human LR network 2021-12-21; Zenodo 7074291","NICHENET_AND_OMNIPATH_MAPPED",10,47,"YES","YES","YES","YES","OMNIPATH_SECRETED_ANNOTATION","Almen2009;CellCellInteractions;CellChatDB;Cellinker;CellPhoneDB;ComPPI;connectomeDB2020;ConnectomeDB2025;GO_Intercell;LOCATE;Membranome;OmniPath;Phobius;Ramilowski_location;Surfaceome;TopDB;UniProt_keyword;UniProt_location;UniProt_topology","47c971d2fbba4ecd0ba7485d1846a74054432a0d1a97ea3e6a79ae27d0da8094","5e4142df024fd4d5d64cc667299364982a51176076ae6a69e1069425530afafa","FROZEN_BEFORE_EXPRESSION_OUTCOMES","https://zenodo.org/records/7074291|https://omnipathdb.org/intercell"
"AREG","NicheNet lr_network_human_21122021.rds unique from","NicheNet human LR network 2021-12-21; Zenodo 7074291","NICHENET_AND_OMNIPATH_MAPPED",4,62,"YES","YES","YES","YES","OMNIPATH_SECRETED_ANNOTATION","Almen2009;Baccin2019;CellCall;CellChatDB;Cellinker;CellPhoneDB;CellTalkDB;ComPPI;connectomeDB2020;ConnectomeDB2025;CSPA;DGIdb;EMBRACE;GO_Intercell;Guide2Pharma;ICELLNET;iTALK;Kirouac2010;LOCATE;LRdb;Matrisome;MatrixDB;Membranome;OmniPath;Phobius;Ramilowski_location;Ramilowski2015;scConnect;SignaLink_function;Surfaceome;talklr;TopDB;UniProt_keyword;UniProt_location;UniProt_topology","47c971d2fbba4ecd0ba7485d1846a74054432a0d1a97ea3e6a79ae27d0da8094","5e4142df024fd4d5d64cc667299364982a51176076ae6a69e1069425530afafa","FROZEN_BEFORE_EXPRESSION_OUTCOMES","https://zenodo.org/records/7074291|https://omnipathdb.org/intercell"
"ARF1","NicheNet lr_network_human_21122021.rds unique from","NicheNet human LR network 2021-12-21; Zenodo 7074291","NICHENET_AND_OMNIPATH_MAPPED",1,12,"YES","YES","NO","YES","NO_OMNIPATH_SECRETED_ANNOTATION","Baccin2019;ComPPI;connectomeDB2020;GO_Intercell;LOCATE;OmniPath;UniProt_location","47c971d2fbba4ecd0ba7485d1846a74054432a0d1a97ea3e6a79ae27d0da8094","5e4142df024fd4d5d64cc667299364982a51176076ae6a69e1069425530afafa","FROZEN_BEFORE_EXPRESSION_OUTCOMES","https://zenodo.org/records/7074291|https://omnipathdb.org/intercell"
"ARMH4","NicheNet lr_network_human_21122021.rds unique from","NicheNet human LR network 2021-12-21; Zenodo 7074291","NICHENET_AND_OMNIPATH_MAPPED",1,18,"NO","YES","NO","YES","NO_OMNIPATH_SECRETED_ANNOTATION","Cellinker;GO_Intercell;Membranome;OmniPath;Phobius;Ramilowski_location;Surfaceome;UniProt_keyword;UniProt_location;UniProt_topology","47c971d2fbba4ecd0ba7485d1846a74054432a0d1a97ea3e6a79ae27d0da8094","5e4142df024fd4d5d64cc667299364982a51176076ae6a69e1069425530afafa","FROZEN_BEFORE_EXPRESSION_OUTCOMES","https://zenodo.org/records/7074291|https://omnipathdb.org/intercell"
"ARTN","NicheNet lr_network_human_21122021.rds unique from","NicheNet human LR network 2021-12-21; Zenodo 7074291","NICHENET_AND_OMNIPATH_MAPPED",5,39,"YES","YES","YES","YES","OMNIPATH_SECRETED_ANNOTATION","Baccin2019;CellChatDB;Cellinker;CellPhoneDB;CellTalkDB;connectomeDB2020;ConnectomeDB2025;DGIdb;EMBRACE;GO_Intercell;HGNC;HPA_secretome;HPMR;ICELLNET;iTALK;LOCATE;LRdb;Matrisome;OmniPath;Ramilowski_location;Ramilowski2015;talklr;UniProt_keyword;UniProt_location","47c971d2fbba4ecd0ba7485d1846a74054432a0d1a97ea3e6a79ae27d0da8094","5e4142df024fd4d5d64cc667299364982a51176076ae6a69e1069425530afafa","FROZEN_BEFORE_EXPRESSION_OUTCOMES","https://zenodo.org/records/7074291|https://omnipathdb.org/intercell"
"ASIP","NicheNet lr_network_human_21122021.rds unique from","NicheNet human LR network 2021-12-21; Zenodo 7074291","NICHENET_AND_OMNIPATH_MAPPED",8,13,"NO","YES","YES","YES","OMNIPATH_SECRETED_ANNOTATION","Cellinker;ComPPI;connectomeDB2020;ConnectomeDB2025;HPA_secretome;HPMR;MatrixDB;OmniPath;UniProt_keyword;UniProt_location","47c971d2fbba4ecd0ba7485d1846a74054432a0d1a97ea3e6a79ae27d0da8094","5e4142df024fd4d5d64cc667299364982a51176076ae6a69e1069425530afafa","FROZEN_BEFORE_EXPRESSION_OUTCOMES","https://zenodo.org/records/7074291|https://omnipathdb.org/intercell"
"ATP1B1","NicheNet lr_network_human_21122021.rds unique from","NicheNet human LR network 2021-12-21; Zenodo 7074291","NICHENET_AND_OMNIPATH_MAPPED",1,34,"NO","YES","NO","YES","NO_OMNIPATH_SECRETED_ANNOTATION","Almen2009;Cellinker;CSPA;GO_Intercell;HGNC;LOCATE;OmniPath;Phobius;Ramilowski_location;Surfaceome;TopDB;UniProt_keyword;UniProt_location;UniProt_topology","47c971d2fbba4ecd0ba7485d1846a74054432a0d1a97ea3e6a79ae27d0da8094","5e4142df024fd4d5d64cc667299364982a51176076ae6a69e1069425530afafa","FROZEN_BEFORE_EXPRESSION_OUTCOMES","https://zenodo.org/records/7074291|https://omnipathdb.org/intercell"
"AVP","NicheNet lr_network_human_21122021.rds unique from","NicheNet human LR network 2021-12-21; Zenodo 7074291","NICHENET_AND_OMNIPATH_MAPPED",5,34,"YES","YES","YES","YES","OMNIPATH_SECRETED_ANNOTATION","Baccin2019;CellCall;CellChatDB;Cellinker;CellPhoneDB;CellTalkDB;connectomeDB2020;ConnectomeDB2025;EMBRACE;GO_Intercell;Guide2Pharma;HPA_secretome;HPMR;ICELLNET;iTALK;LOCATE;LRdb;OmniPath;Ramilowski2015;scConnect;talklr;UniProt_keyword;UniProt_location","47c971d2fbba4ecd0ba7485d1846a74054432a0d1a97ea3e6a79ae27d0da8094","5e4142df024fd4d5d64cc667299364982a51176076ae6a69e1069425530afafa","FROZEN_BEFORE_EXPRESSION_OUTCOMES","https://zenodo.org/records/7074291|https://omnipathdb.org/intercell"
"AZGP1","NicheNet lr_network_human_21122021.rds unique from","NicheNet human LR network 2021-12-21; Zenodo 7074291","NICHENET_AND_OMNIPATH_MAPPED",1,19,"YES","YES","YES","YES","OMNIPATH_SECRETED_ANNOTATION","CellTalkDB;connectomeDB2020;ConnectomeDB2025;DGIdb;GO_Intercell;HPA_secretome;iTALK;LOCATE;LRdb;OmniPath;Ramilowski2015;talklr;UniProt_keyword;UniProt_location","47c971d2fbba4ecd0ba7485d1846a74054432a0d1a97ea3e6a79ae27d0da8094","5e4142df024fd4d5d64cc667299364982a51176076ae6a69e1069425530afafa","FROZEN_BEFORE_EXPRESSION_OUTCOMES","https://zenodo.org/records/7074291|https://omnipathdb.org/intercell"
"B2M","NicheNet lr_network_human_21122021.rds unique from","NicheNet human LR network 2021-12-21; Zenodo 7074291","NICHENET_AND_OMNIPATH_MAPPED",7,21,"YES","YES","YES","YES","OMNIPATH_SECRETED_ANNOTATION","Cellinker;CellPhoneDB;ComPPI;connectomeDB2020;ConnectomeDB2025;DGIdb;GO_Intercell;LOCATE;OmniPath;UniProt_keyword;UniProt_location","47c971d2fbba4ecd0ba7485d1846a74054432a0d1a97ea3e6a79ae27d0da8094","5e4142df024fd4d5d64cc667299364982a51176076ae6a69e1069425530afafa","FROZEN_BEFORE_EXPRESSION_OUTCOMES","https://zenodo.org/records/7074291|https://omnipathdb.org/intercell"
"BACE1","NicheNet lr_network_human_21122021.rds unique from","NicheNet human LR network 2021-12-21; Zenodo 7074291","NICHENET_AND_OMNIPATH_MAPPED",2,25,"NO","YES","NO","YES","NO_OMNIPATH_SECRETED_ANNOTATION","ComPPI;CSPA;GO_Intercell;LOCATE;Membranome;OmniPath;Phobius;Ramilowski_location;scConnect;Surfaceome;TopDB;UniProt_keyword;UniProt_location;UniProt_topology","47c971d2fbba4ecd0ba7485d1846a74054432a0d1a97ea3e6a79ae27d0da8094","5e4142df024fd4d5d64cc667299364982a51176076ae6a69e1069425530afafa","FROZEN_BEFORE_EXPRESSION_OUTCOMES","https://zenodo.org/records/7074291|https://omnipathdb.org/intercell"
"BACE2","NicheNet lr_network_human_21122021.rds unique from","NicheNet human LR network 2021-12-21; Zenodo 7074291","NICHENET_AND_OMNIPATH_MAPPED",1,27,"NO","YES","NO","YES","NO_OMNIPATH_SECRETED_ANNOTATION","Almen2009;ComPPI;GO_Intercell;LOCATE;Membranome;OmniPath;Phobius;Ramilowski_location;scConnect;Surfaceome;TopDB;UniProt_keyword;UniProt_location;UniProt_topology","47c971d2fbba4ecd0ba7485d1846a74054432a0d1a97ea3e6a79ae27d0da8094","5e4142df024fd4d5d64cc667299364982a51176076ae6a69e1069425530afafa","FROZEN_BEFORE_EXPRESSION_OUTCOMES","https://zenodo.org/records/7074291|https://omnipathdb.org/intercell"
"BCAN","NicheNet lr_network_human_21122021.rds unique from","NicheNet human LR network 2021-12-21; Zenodo 7074291","NICHENET_AND_OMNIPATH_MAPPED",2,21,"YES","YES","YES","YES","OMNIPATH_SECRETED_ANNOTATION","CellTalkDB;CSPA;EMBRACE;GO_Intercell;HGNC;HPA_secretome;iTALK;LOCATE;Matrisome;OmniPath;Ramilowski_location;Surfaceome;UniProt_keyword;UniProt_location","47c971d2fbba4ecd0ba7485d1846a74054432a0d1a97ea3e6a79ae27d0da8094","5e4142df024fd4d5d64cc667299364982a51176076ae6a69e1069425530afafa","FROZEN_BEFORE_EXPRESSION_OUTCOMES","https://zenodo.org/records/7074291|https://omnipathdb.org/intercell"
"BDNF","NicheNet lr_network_human_21122021.rds unique from","NicheNet human LR network 2021-12-21; Zenodo 7074291","NICHENET_AND_OMNIPATH_MAPPED",5,47,"YES","YES","YES","YES","OMNIPATH_SECRETED_ANNOTATION","Almen2009;Baccin2019;CellCall;CellChatDB;Cellinker;CellPhoneDB;CellTalkDB;ComPPI;connectomeDB2020;ConnectomeDB2025;DGIdb;EMBRACE;GO_Intercell;Guide2Pharma;HGNC;HPA_secretome;HPMR;iTALK;Kirouac2010;LOCATE;LRdb;Matrisome;OmniPath;Ramilowski2015;scConnect;SignaLink_function;talklr;UniProt_keyword;UniProt_location","47c971d2fbba4ecd0ba7485d1846a74054432a0d1a97ea3e6a79ae27d0da8094","5e4142df024fd4d5d64cc667299364982a51176076ae6a69e1069425530afafa","FROZEN_BEFORE_EXPRESSION_OUTCOMES","https://zenodo.org/records/7074291|https://omnipathdb.org/intercell"
"BGN","NicheNet lr_network_human_21122021.rds unique from","NicheNet human LR network 2021-12-21; Zenodo 7074291","NICHENET_AND_OMNIPATH_MAPPED",4,17,"NO","YES","YES","YES","OMNIPATH_SECRETED_ANNOTATION","Baccin2019;Cellinker;ComPPI;connectomeDB2020;ConnectomeDB2025;GO_Intercell;HGNC;HPA_secretome;Matrisome;OmniPath;UniProt_keyword;UniProt_location","47c971d2fbba4ecd0ba7485d1846a74054432a0d1a97ea3e6a79ae27d0da8094","5e4142df024fd4d5d64cc667299364982a51176076ae6a69e1069425530afafa","FROZEN_BEFORE_EXPRESSION_OUTCOMES","https://zenodo.org/records/7074291|https://omnipathdb.org/intercell"
"BMP1","NicheNet lr_network_human_21122021.rds unique from","NicheNet human LR network 2021-12-21; Zenodo 7074291","NICHENET_AND_OMNIPATH_MAPPED",3,26,"YES","YES","YES","YES","OMNIPATH_SECRETED_ANNOTATION","CellTalkDB;DGIdb;GO_Intercell;HGNC;HPA_secretome;Kirouac2010;LOCATE;Matrisome;OmniPath;scConnect;UniProt_keyword;UniProt_location","47c971d2fbba4ecd0ba7485d1846a74054432a0d1a97ea3e6a79ae27d0da8094","5e4142df024fd4d5d64cc667299364982a51176076ae6a69e1069425530afafa","FROZEN_BEFORE_EXPRESSION_OUTCOMES","https://zenodo.org/records/7074291|https://omnipathdb.org/intercell"
"BMP10","NicheNet lr_network_human_21122021.rds unique from","NicheNet human LR network 2021-12-21; Zenodo 7074291","NICHENET_AND_OMNIPATH_MAPPED",8,45,"YES","YES","YES","YES","OMNIPATH_SECRETED_ANNOTATION","Baccin2019;CellChatDB;Cellinker;CellPhoneDB;CellTalkDB;ComPPI;connectomeDB2020;ConnectomeDB2025;DGIdb;EMBRACE;GO_Intercell;Guide2Pharma;HGNC;HPA_secretome;ICELLNET;iTALK;Kirouac2010;LRdb;Matrisome;OmniPath;Ramilowski2015;scConnect;talklr;UniProt_keyword;UniProt_location","47c971d2fbba4ecd0ba7485d1846a74054432a0d1a97ea3e6a79ae27d0da8094","5e4142df024fd4d5d64cc667299364982a51176076ae6a69e1069425530afafa","FROZEN_BEFORE_EXPRESSION_OUTCOMES","https://zenodo.org/records/7074291|https://omnipathdb.org/intercell"
"BMP15","NicheNet lr_network_human_21122021.rds unique from","NicheNet human LR network 2021-12-21; Zenodo 7074291","NICHENET_AND_OMNIPATH_MAPPED",7,40,"YES","YES","YES","YES","OMNIPATH_SECRETED_ANNOTATION","Baccin2019;CellChatDB;Cellinker;CellPhoneDB;CellTalkDB;connectomeDB2020;ConnectomeDB2025;DGIdb;GO_Intercell;HGNC;HPA_secretome;HPMR;ICELLNET;iTALK;Kirouac2010;LRdb;Matrisome;OmniPath;Ramilowski2015;SignaLink_function;talklr;UniProt_keyword;UniProt_location","47c971d2fbba4ecd0ba7485d1846a74054432a0d1a97ea3e6a79ae27d0da8094","5e4142df024fd4d5d64cc667299364982a51176076ae6a69e1069425530afafa","FROZEN_BEFORE_EXPRESSION_OUTCOMES","https://zenodo.org/records/7074291|https://omnipathdb.org/intercell"
"BMP2","NicheNet lr_network_human_21122021.rds unique from","NicheNet human LR network 2021-12-21; Zenodo 7074291","NICHENET_AND_OMNIPATH_MAPPED",8,50,"YES","YES","YES","YES","OMNIPATH_SECRETED_ANNOTATION","Baccin2019;CellCall;CellChatDB;Cellinker;CellPhoneDB;CellTalkDB;ComPPI;connectomeDB2020;ConnectomeDB2025;DGIdb;EMBRACE;GO_Intercell;Guide2Pharma;HGNC;HPA_secretome;HPMR;ICELLNET;iTALK;Kirouac2010;LOCATE;LRdb;Matrisome;OmniPath;Ramilowski2015;scConnect;SignaLink_function;talklr;UniProt_keyword;UniProt_location","47c971d2fbba4ecd0ba7485d1846a74054432a0d1a97ea3e6a79ae27d0da8094","5e4142df024fd4d5d64cc667299364982a51176076ae6a69e1069425530afafa","FROZEN_BEFORE_EXPRESSION_OUTCOMES","https://zenodo.org/records/7074291|https://omnipathdb.org/intercell"
"BMP3","NicheNet lr_network_human_21122021.rds unique from","NicheNet human LR network 2021-12-21; Zenodo 7074291","NICHENET_AND_OMNIPATH_MAPPED",7,28,"YES","YES","YES","YES","OMNIPATH_SECRETED_ANNOTATION","CellChatDB;Cellinker;CellTalkDB;connectomeDB2020;ConnectomeDB2025;DGIdb;GO_Intercell;HGNC;HPA_secretome;iTALK;Kirouac2010;LOCATE;Matrisome;OmniPath;Ramilowski2015;talklr;UniProt_keyword;UniProt_location","47c971d2fbba4ecd0ba7485d1846a74054432a0d1a97ea3e6a79ae27d0da8094","5e4142df024fd4d5d64cc667299364982a51176076ae6a69e1069425530afafa","FROZEN_BEFORE_EXPRESSION_OUTCOMES","https://zenodo.org/records/7074291|https://omnipathdb.org/intercell"
"BMP4","NicheNet lr_network_human_21122021.rds unique from","NicheNet human LR network 2021-12-21; Zenodo 7074291","NICHENET_AND_OMNIPATH_MAPPED",7,47,"YES","YES","YES","YES","OMNIPATH_SECRETED_ANNOTATION","Baccin2019;CellCall;CellChatDB;Cellinker;CellPhoneDB;CellTalkDB;connectomeDB2020;ConnectomeDB2025;DGIdb;EMBRACE;GO_Intercell;Guide2Pharma;HGNC;HPA_secretome;ICELLNET;iTALK;Kirouac2010;LOCATE;LRdb;Matrisome;OmniPath;Ramilowski2015;scConnect;SignaLink_function;talklr;UniProt_keyword;UniProt_location","47c971d2fbba4ecd0ba7485d1846a74054432a0d1a97ea3e6a79ae27d0da8094","5e4142df024fd4d5d64cc667299364982a51176076ae6a69e1069425530afafa","FROZEN_BEFORE_EXPRESSION_OUTCOMES","https://zenodo.org/records/7074291|https://omnipathdb.org/intercell"
"BMP5","NicheNet lr_network_human_21122021.rds unique from","NicheNet human LR network 2021-12-21; Zenodo 7074291","NICHENET_AND_OMNIPATH_MAPPED",8,46,"YES","YES","YES","YES","OMNIPATH_SECRETED_ANNOTATION","Baccin2019;CellCall;CellChatDB;Cellinker;CellPhoneDB;CellTalkDB;ComPPI;connectomeDB2020;ConnectomeDB2025;DGIdb;EMBRACE;GO_Intercell;Guide2Pharma;HGNC;HPA_secretome;ICELLNET;iTALK;Kirouac2010;LOCATE;LRdb;Matrisome;MatrixDB;OmniPath;Ramilowski2015;scConnect;talklr;UniProt_keyword;UniProt_location","47c971d2fbba4ecd0ba7485d1846a74054432a0d1a97ea3e6a79ae27d0da8094","5e4142df024fd4d5d64cc667299364982a51176076ae6a69e1069425530afafa","FROZEN_BEFORE_EXPRESSION_OUTCOMES","https://zenodo.org/records/7074291|https://omnipathdb.org/intercell"
"BMP6","NicheNet lr_network_human_21122021.rds unique from","NicheNet human LR network 2021-12-21; Zenodo 7074291","NICHENET_AND_OMNIPATH_MAPPED",8,45,"YES","YES","YES","YES","OMNIPATH_SECRETED_ANNOTATION","Baccin2019;CellCall;CellChatDB;Cellinker;CellPhoneDB;CellTalkDB;ComPPI;connectomeDB2020;ConnectomeDB2025;DGIdb;EMBRACE;GO_Intercell;Guide2Pharma;HGNC;HPA_secretome;ICELLNET;iTALK;Kirouac2010;LOCATE;LRdb;Matrisome;OmniPath;Ramilowski2015;scConnect;SignaLink_function;talklr;UniProt_keyword;UniProt_location","47c971d2fbba4ecd0ba7485d1846a74054432a0d1a97ea3e6a79ae27d0da8094","5e4142df024fd4d5d64cc667299364982a51176076ae6a69e1069425530afafa","FROZEN_BEFORE_EXPRESSION_OUTCOMES","https://zenodo.org/records/7074291|https://omnipathdb.org/intercell"
"BMP7","NicheNet lr_network_human_21122021.rds unique from","NicheNet human LR network 2021-12-21; Zenodo 7074291","NICHENET_AND_OMNIPATH_MAPPED",7,48,"YES","YES","YES","YES","OMNIPATH_SECRETED_ANNOTATION","Baccin2019;CellCall;CellCellInteractions;CellChatDB;Cellinker;CellPhoneDB;CellTalkDB;ComPPI;connectomeDB2020;ConnectomeDB2025;DGIdb;EMBRACE;GO_Intercell;Guide2Pharma;HGNC;HPA_secretome;ICELLNET;iTALK;Kirouac2010;LOCATE;LRdb;Matrisome;MatrixDB;OmniPath;Ramilowski2015;scConnect;SignaLink_function;talklr;UniProt_keyword;UniProt_location","47c971d2fbba4ecd0ba7485d1846a74054432a0d1a97ea3e6a79ae27d0da8094","5e4142df024fd4d5d64cc667299364982a51176076ae6a69e1069425530afafa","FROZEN_BEFORE_EXPRESSION_OUTCOMES","https://zenodo.org/records/7074291|https://omnipathdb.org/intercell"
"BMP8A","NicheNet lr_network_human_21122021.rds unique from","NicheNet human LR network 2021-12-21; Zenodo 7074291","NICHENET_AND_OMNIPATH_MAPPED",8,35,"YES","YES","YES","YES","OMNIPATH_SECRETED_ANNOTATION","CellCall;CellChatDB;Cellinker;CellPhoneDB;CellTalkDB;connectomeDB2020;ConnectomeDB2025;DGIdb;GO_Intercell;Guide2Pharma;HGNC;HPA_secretome;ICELLNET;Kirouac2010;LOCATE;Matrisome;MatrixDB;OmniPath;scConnect;UniProt_keyword;UniProt_location","47c971d2fbba4ecd0ba7485d1846a74054432a0d1a97ea3e6a79ae27d0da8094","5e4142df024fd4d5d64cc667299364982a51176076ae6a69e1069425530afafa","FROZEN_BEFORE_EXPRESSION_OUTCOMES","https://zenodo.org/records/7074291|https://omnipathdb.org/intercell"
"BMP8B","NicheNet lr_network_human_21122021.rds unique from","NicheNet human LR network 2021-12-21; Zenodo 7074291","NICHENET_AND_OMNIPATH_MAPPED",7,28,"YES","YES","YES","YES","OMNIPATH_SECRETED_ANNOTATION","CellCall;CellChatDB;Cellinker;CellTalkDB;DGIdb;GO_Intercell;Guide2Pharma;HGNC;HPA_secretome;ICELLNET;iTALK;Kirouac2010;LOCATE;Matrisome;OmniPath;scConnect;SignaLink_function;UniProt_keyword;UniProt_location","47c971d2fbba4ecd0ba7485d1846a74054432a0d1a97ea3e6a79ae27d0da8094","5e4142df024fd4d5d64cc667299364982a51176076ae6a69e1069425530afafa","FROZEN_BEFORE_EXPRESSION_OUTCOMES","https://zenodo.org/records/7074291|https://omnipathdb.org/intercell"
"BOC","NicheNet lr_network_human_21122021.rds unique from","NicheNet human LR network 2021-12-21; Zenodo 7074291","NICHENET_AND_OMNIPATH_MAPPED",4,56,"YES","YES","NO","YES","NO_OMNIPATH_SECRETED_ANNOTATION","Almen2009;CellChatDB;Cellinker;CellPhoneDB;CellTalkDB;ComPPI;connectomeDB2020;ConnectomeDB2025;HGNC;HPMR;iTALK;LRdb;Membranome;OmniPath;Phobius;Ramilowski_location;Ramilowski2015;Surfaceome;talklr;TopDB;UniProt_keyword;UniProt_location;UniProt_topology;Zhong2015","47c971d2fbba4ecd0ba7485d1846a74054432a0d1a97ea3e6a79ae27d0da8094","5e4142df024fd4d5d64cc667299364982a51176076ae6a69e1069425530afafa","FROZEN_BEFORE_EXPRESSION_OUTCOMES","https://zenodo.org/records/7074291|https://omnipathdb.org/intercell"
"BPI","NicheNet lr_network_human_21122021.rds unique from","NicheNet human LR network 2021-12-21; Zenodo 7074291","NICHENET_AND_OMNIPATH_MAPPED",1,20,"YES","YES","YES","YES","OMNIPATH_SECRETED_ANNOTATION","Cellinker;ComPPI;ConnectomeDB2025;GO_Intercell;HGNC;HPA_secretome;MatrixDB;OmniPath;UniProt_keyword;UniProt_location","47c971d2fbba4ecd0ba7485d1846a74054432a0d1a97ea3e6a79ae27d0da8094","5e4142df024fd4d5d64cc667299364982a51176076ae6a69e1069425530afafa","FROZEN_BEFORE_EXPRESSION_OUTCOMES","https://zenodo.org/records/7074291|https://omnipathdb.org/intercell"
"BST2","NicheNet lr_network_human_21122021.rds unique from","NicheNet human LR network 2021-12-21; Zenodo 7074291","NICHENET_AND_OMNIPATH_MAPPED",1,42,"YES","YES","NO","YES","NO_OMNIPATH_SECRETED_ANNOTATION","Almen2009;Cellinker;CellPhoneDB;CellTalkDB;ComPPI;connectomeDB2020;ConnectomeDB2025;CSPA;GO_Intercell;ICELLNET;LOCATE;LRdb;OmniPath;Phobius;Ramilowski_location;Surfaceome;UniProt_keyword;UniProt_location;UniProt_topology","47c971d2fbba4ecd0ba7485d1846a74054432a0d1a97ea3e6a79ae27d0da8094","5e4142df024fd4d5d64cc667299364982a51176076ae6a69e1069425530afafa","FROZEN_BEFORE_EXPRESSION_OUTCOMES","https://zenodo.org/records/7074291|https://omnipathdb.org/intercell"
"BTC","NicheNet lr_network_human_21122021.rds unique from","NicheNet human LR network 2021-12-21; Zenodo 7074291","NICHENET_AND_OMNIPATH_MAPPED",4,71,"YES","YES","YES","YES","OMNIPATH_SECRETED_ANNOTATION","Almen2009;Baccin2019;CellCall;CellChatDB;Cellinker;CellPhoneDB;CellTalkDB;connectomeDB2020;ConnectomeDB2025;DGIdb;GO_Intercell;Guide2Pharma;HPA_secretome;ICELLNET;iTALK;Kirouac2010;LOCATE;LRdb;Matrisome;MatrixDB;Membranome;OmniPath;Phobius;Ramilowski_location;Ramilowski2015;scConnect;SignaLink_function;Surfaceome;talklr;TopDB;UniProt_keyword;UniProt_location;UniProt_topology","47c971d2fbba4ecd0ba7485d1846a74054432a0d1a97ea3e6a79ae27d0da8094","5e4142df024fd4d5d64cc667299364982a51176076ae6a69e1069425530afafa","FROZEN_BEFORE_EXPRESSION_OUTCOMES","https://zenodo.org/records/7074291|https://omnipathdb.org/intercell"
"BTLA","NicheNet lr_network_human_21122021.rds unique from","NicheNet human LR network 2021-12-21; Zenodo 7074291","NICHENET_AND_OMNIPATH_MAPPED",5,38,"YES","YES","NO","YES","NO_OMNIPATH_SECRETED_ANNOTATION","Almen2009;CellCellInteractions;Cellinker;CellPhoneDB;connectomeDB2020;ConnectomeDB2025;CSPA;iTALK;LOCATE;Membranome;OmniPath;Phobius;Ramilowski_location;Surfaceome;TopDB;UniProt_keyword;UniProt_location;UniProt_topology","47c971d2fbba4ecd0ba7485d1846a74054432a0d1a97ea3e6a79ae27d0da8094","5e4142df024fd4d5d64cc667299364982a51176076ae6a69e1069425530afafa","FROZEN_BEFORE_EXPRESSION_OUTCOMES","https://zenodo.org/records/7074291|https://omnipathdb.org/intercell"
"BTN1A1","NicheNet lr_network_human_21122021.rds unique from","NicheNet human LR network 2021-12-21; Zenodo 7074291","NICHENET_AND_OMNIPATH_MAPPED",3,32,"YES","YES","YES","YES","OMNIPATH_SECRETED_ANNOTATION","Almen2009;CellCellInteractions;Cellinker;DGIdb;GO_Intercell;HGNC;HPA_secretome;Membranome;OmniPath;Phobius;Ramilowski_location;Surfaceome;TopDB;UniProt_keyword;UniProt_location;UniProt_topology","47c971d2fbba4ecd0ba7485d1846a74054432a0d1a97ea3e6a79ae27d0da8094","5e4142df024fd4d5d64cc667299364982a51176076ae6a69e1069425530afafa","FROZEN_BEFORE_EXPRESSION_OUTCOMES","https://zenodo.org/records/7074291|https://omnipathdb.org/intercell"
"BTN2A1","NicheNet lr_network_human_21122021.rds unique from","NicheNet human LR network 2021-12-21; Zenodo 7074291","NICHENET_AND_OMNIPATH_MAPPED",1,30,"YES","YES","NO","YES","NO_OMNIPATH_SECRETED_ANNOTATION","Almen2009;Cellinker;CSPA;DGIdb;GO_Intercell;HGNC;Membranome;OmniPath;Phobius;Ramilowski_location;Surfaceome;TopDB;UniProt_keyword;UniProt_location;UniProt_topology","47c971d2fbba4ecd0ba7485d1846a74054432a0d1a97ea3e6a79ae27d0da8094","5e4142df024fd4d5d64cc667299364982a51176076ae6a69e1069425530afafa","FROZEN_BEFORE_EXPRESSION_OUTCOMES","https://zenodo.org/records/7074291|https://omnipathdb.org/intercell"
"BTNL8","NicheNet lr_network_human_21122021.rds unique from","NicheNet human LR network 2021-12-21; Zenodo 7074291","NICHENET_AND_OMNIPATH_MAPPED",7,26,"YES","YES","NO","YES","NO_OMNIPATH_SECRETED_ANNOTATION","Almen2009;Cellinker;DGIdb;GO_Intercell;HGNC;Membranome;OmniPath;Phobius;Ramilowski_location;scConnect;UniProt_keyword;UniProt_location;UniProt_topology","47c971d2fbba4ecd0ba7485d1846a74054432a0d1a97ea3e6a79ae27d0da8094","5e4142df024fd4d5d64cc667299364982a51176076ae6a69e1069425530afafa","FROZEN_BEFORE_EXPRESSION_OUTCOMES","https://zenodo.org/records/7074291|https://omnipathdb.org/intercell"
"BTNL9","NicheNet lr_network_human_21122021.rds unique from","NicheNet human LR network 2021-12-21; Zenodo 7074291","NICHENET_AND_OMNIPATH_MAPPED",2,23,"YES","YES","NO","YES","NO_OMNIPATH_SECRETED_ANNOTATION","Cellinker;DGIdb;GO_Intercell;HGNC;Membranome;OmniPath;Phobius;Ramilowski_location;Surfaceome;UniProt_keyword;UniProt_location;UniProt_topology","47c971d2fbba4ecd0ba7485d1846a74054432a0d1a97ea3e6a79ae27d0da8094","5e4142df024fd4d5d64cc667299364982a51176076ae6a69e1069425530afafa","FROZEN_BEFORE_EXPRESSION_OUTCOMES","https://zenodo.org/records/7074291|https://omnipathdb.org/intercell"
"C10orf99","NicheNet lr_network_human_21122021.rds unique from","NicheNet human LR network 2021-12-21; Zenodo 7074291","NICHENET_ONLY_NOT_OMNIPATH_MAPPED",1,0,"NOT_MAPPED","NOT_MAPPED","NOT_MAPPED","NOT_MAPPED",,"","47c971d2fbba4ecd0ba7485d1846a74054432a0d1a97ea3e6a79ae27d0da8094","5e4142df024fd4d5d64cc667299364982a51176076ae6a69e1069425530afafa","FROZEN_BEFORE_EXPRESSION_OUTCOMES","https://zenodo.org/records/7074291|https://omnipathdb.org/intercell"
"C1QA","NicheNet lr_network_human_21122021.rds unique from","NicheNet human LR network 2021-12-21; Zenodo 7074291","NICHENET_AND_OMNIPATH_MAPPED",4,10,"NO","NO","YES","YES","OMNIPATH_SECRETED_ANNOTATION","Baccin2019;Cellinker;connectomeDB2020;ConnectomeDB2025;HPA_secretome;LOCATE;OmniPath;UniProt_keyword;UniProt_location","47c971d2fbba4ecd0ba7485d1846a74054432a0d1a97ea3e6a79ae27d0da8094","5e4142df024fd4d5d64cc667299364982a51176076ae6a69e1069425530afafa","FROZEN_BEFORE_EXPRESSION_OUTCOMES","https://zenodo.org/records/7074291|https://omnipathdb.org/intercell"
"C1QB","NicheNet lr_network_human_21122021.rds unique from","NicheNet human LR network 2021-12-21; Zenodo 7074291","NICHENET_AND_OMNIPATH_MAPPED",2,12,"NO","NO","YES","YES","OMNIPATH_SECRETED_ANNOTATION","Cellinker;connectomeDB2020;ConnectomeDB2025;HPA_secretome;LOCATE;OmniPath;UniProt_keyword;UniProt_location","47c971d2fbba4ecd0ba7485d1846a74054432a0d1a97ea3e6a79ae27d0da8094","5e4142df024fd4d5d64cc667299364982a51176076ae6a69e1069425530afafa","FROZEN_BEFORE_EXPRESSION_OUTCOMES","https://zenodo.org/records/7074291|https://omnipathdb.org/intercell"
"C1QTNF1","NicheNet lr_network_human_21122021.rds unique from","NicheNet human LR network 2021-12-21; Zenodo 7074291","NICHENET_AND_OMNIPATH_MAPPED",1,30,"YES","YES","YES","YES","OMNIPATH_SECRETED_ANNOTATION","Baccin2019;Cellinker;CellTalkDB;ComPPI;connectomeDB2020;EMBRACE;GO_Intercell;HGNC;HPA_secretome;iTALK;LOCATE;LRdb;MatrixDB;OmniPath;Ramilowski2015;talklr;UniProt_keyword;UniProt_location","47c971d2fbba4ecd0ba7485d1846a74054432a0d1a97ea3e6a79ae27d0da8094","5e4142df024fd4d5d64cc667299364982a51176076ae6a69e1069425530afafa","FROZEN_BEFORE_EXPRESSION_OUTCOMES","https://zenodo.org/records/7074291|https://omnipathdb.org/intercell"
"C1QTNF5","NicheNet lr_network_human_21122021.rds unique from","NicheNet human LR network 2021-12-21; Zenodo 7074291","NICHENET_AND_OMNIPATH_MAPPED",1,30,"YES","YES","YES","YES","OMNIPATH_SECRETED_ANNOTATION","Baccin2019;Cellinker;CellTalkDB;ConnectomeDB2025;GO_Intercell;HGNC;HPA_secretome;iTALK;LRdb;OmniPath;Ramilowski2015;talklr;UniProt_keyword;UniProt_location","47c971d2fbba4ecd0ba7485d1846a74054432a0d1a97ea3e6a79ae27d0da8094","5e4142df024fd4d5d64cc667299364982a51176076ae6a69e1069425530afafa","FROZEN_BEFORE_EXPRESSION_OUTCOMES","https://zenodo.org/records/7074291|https://omnipathdb.org/intercell"
"C3","NicheNet lr_network_human_21122021.rds unique from","NicheNet human LR network 2021-12-21; Zenodo 7074291","NICHENET_AND_OMNIPATH_MAPPED",11,17,"NO","NO","YES","YES","OMNIPATH_SECRETED_ANNOTATION","Baccin2019;Cellinker;ComPPI;connectomeDB2020;ConnectomeDB2025;GO_Intercell;HPA_secretome;HPMR;LOCATE;OmniPath;UniProt_keyword;UniProt_location","47c971d2fbba4ecd0ba7485d1846a74054432a0d1a97ea3e6a79ae27d0da8094","5e4142df024fd4d5d64cc667299364982a51176076ae6a69e1069425530afafa","FROZEN_BEFORE_EXPRESSION_OUTCOMES","https://zenodo.org/records/7074291|https://omnipathdb.org/intercell"
"C4A","NicheNet lr_network_human_21122021.rds unique from","NicheNet human LR network 2021-12-21; Zenodo 7074291","NICHENET_AND_OMNIPATH_MAPPED",6,13,"NO","NO","YES","YES","OMNIPATH_SECRETED_ANNOTATION","Baccin2019;Cellinker;ComPPI;connectomeDB2020;ConnectomeDB2025;GO_Intercell;HPA_secretome;LOCATE;OmniPath;UniProt_keyword;UniProt_location","47c971d2fbba4ecd0ba7485d1846a74054432a0d1a97ea3e6a79ae27d0da8094","5e4142df024fd4d5d64cc667299364982a51176076ae6a69e1069425530afafa","FROZEN_BEFORE_EXPRESSION_OUTCOMES","https://zenodo.org/records/7074291|https://omnipathdb.org/intercell"
"C4BPA","NicheNet lr_network_human_21122021.rds unique from","NicheNet human LR network 2021-12-21; Zenodo 7074291","NICHENET_AND_OMNIPATH_MAPPED",3,11,"NO","NO","YES","YES","OMNIPATH_SECRETED_ANNOTATION","Baccin2019;Cellinker;ComPPI;connectomeDB2020;ConnectomeDB2025;HPA_secretome;OmniPath;UniProt_keyword;UniProt_location","47c971d2fbba4ecd0ba7485d1846a74054432a0d1a97ea3e6a79ae27d0da8094","5e4142df024fd4d5d64cc667299364982a51176076ae6a69e1069425530afafa","FROZEN_BEFORE_EXPRESSION_OUTCOMES","https://zenodo.org/records/7074291|https://omnipathdb.org/intercell"
"C4B_2","NicheNet lr_network_human_21122021.rds unique from","NicheNet human LR network 2021-12-21; Zenodo 7074291","NICHENET_ONLY_NOT_OMNIPATH_MAPPED",2,0,"NOT_MAPPED","NOT_MAPPED","NOT_MAPPED","NOT_MAPPED",,"","47c971d2fbba4ecd0ba7485d1846a74054432a0d1a97ea3e6a79ae27d0da8094","5e4142df024fd4d5d64cc667299364982a51176076ae6a69e1069425530afafa","FROZEN_BEFORE_EXPRESSION_OUTCOMES","https://zenodo.org/records/7074291|https://omnipathdb.org/intercell"
"C5","NicheNet lr_network_human_21122021.rds unique from","NicheNet human LR network 2021-12-21; Zenodo 7074291","NICHENET_AND_OMNIPATH_MAPPED",2,11,"NO","NO","YES","YES","OMNIPATH_SECRETED_ANNOTATION","Baccin2019;Cellinker;connectomeDB2020;ConnectomeDB2025;HPA_secretome;HPMR;LOCATE;OmniPath;UniProt_keyword;UniProt_location","47c971d2fbba4ecd0ba7485d1846a74054432a0d1a97ea3e6a79ae27d0da8094","5e4142df024fd4d5d64cc667299364982a51176076ae6a69e1069425530afafa","FROZEN_BEFORE_EXPRESSION_OUTCOMES","https://zenodo.org/records/7074291|https://omnipathdb.org/intercell"
"C6orf15","NicheNet lr_network_human_21122021.rds unique from","NicheNet human LR network 2021-12-21; Zenodo 7074291","NICHENET_AND_OMNIPATH_MAPPED",1,12,"YES","YES","YES","YES","OMNIPATH_SECRETED_ANNOTATION","CellCellInteractions;ComPPI;HPA_secretome;iTALK;MatrixDB;OmniPath;UniProt_keyword;UniProt_location","47c971d2fbba4ecd0ba7485d1846a74054432a0d1a97ea3e6a79ae27d0da8094","5e4142df024fd4d5d64cc667299364982a51176076ae6a69e1069425530afafa","FROZEN_BEFORE_EXPRESSION_OUTCOMES","https://zenodo.org/records/7074291|https://omnipathdb.org/intercell"
"CA12","NicheNet lr_network_human_21122021.rds unique from","NicheNet human LR network 2021-12-21; Zenodo 7074291","NICHENET_AND_OMNIPATH_MAPPED",1,31,"NO","YES","NO","YES","NO_OMNIPATH_SECRETED_ANNOTATION","Almen2009;Cellinker;ComPPI;CSPA;LOCATE;Membranome;OmniPath;Phobius;Ramilowski_location;scConnect;Surfaceome;TopDB;UniProt_keyword;UniProt_location;UniProt_topology","47c971d2fbba4ecd0ba7485d1846a74054432a0d1a97ea3e6a79ae27d0da8094","5e4142df024fd4d5d64cc667299364982a51176076ae6a69e1069425530afafa","FROZEN_BEFORE_EXPRESSION_OUTCOMES","https://zenodo.org/records/7074291|https://omnipathdb.org/intercell"
"CADM1","NicheNet lr_network_human_21122021.rds unique from","NicheNet human LR network 2021-12-21; Zenodo 7074291","NICHENET_AND_OMNIPATH_MAPPED",4,42,"YES","YES","NO","YES","NO_OMNIPATH_SECRETED_ANNOTATION","Almen2009;Baccin2019;CellChatDB;Cellinker;CellPhoneDB;connectomeDB2020;ConnectomeDB2025;CSPA;HGNC;ICELLNET;MCAM;Membranome;OmniPath;Phobius;Ramilowski_location;Surfaceome;TopDB;UniProt_keyword;UniProt_location;UniProt_topology;Zhong2015","47c971d2fbba4ecd0ba7485d1846a74054432a0d1a97ea3e6a79ae27d0da8094","5e4142df024fd4d5d64cc667299364982a51176076ae6a69e1069425530afafa","FROZEN_BEFORE_EXPRESSION_OUTCOMES","https://zenodo.org/records/7074291|https://omnipathdb.org/intercell"
"CADM2","NicheNet lr_network_human_21122021.rds unique from","NicheNet human LR network 2021-12-21; Zenodo 7074291","NICHENET_AND_OMNIPATH_MAPPED",3,32,"YES","YES","NO","NO","NO_OMNIPATH_SECRETED_ANNOTATION","Almen2009;Cellinker;ConnectomeDB2025;CSPA;HGNC;LOCATE;Membranome;OmniPath;Phobius;Ramilowski_location;Surfaceome;UniProt_keyword;UniProt_location;UniProt_topology;Zhong2015","47c971d2fbba4ecd0ba7485d1846a74054432a0d1a97ea3e6a79ae27d0da8094","5e4142df024fd4d5d64cc667299364982a51176076ae6a69e1069425530afafa","FROZEN_BEFORE_EXPRESSION_OUTCOMES","https://zenodo.org/records/7074291|https://omnipathdb.org/intercell"
"CADM3","NicheNet lr_network_human_21122021.rds unique from","NicheNet human LR network 2021-12-21; Zenodo 7074291","NICHENET_AND_OMNIPATH_MAPPED",11,46,"YES","YES","NO","YES","NO_OMNIPATH_SECRETED_ANNOTATION","Almen2009;Baccin2019;CellChatDB;Cellinker;CellPhoneDB;ComPPI;connectomeDB2020;ConnectomeDB2025;CSPA;HGNC;ICELLNET;LOCATE;Membranome;OmniPath;Phobius;Ramilowski_location;Surfaceome;TopDB;UniProt_keyword;UniProt_location;UniProt_topology;Zhong2015","47c971d2fbba4ecd0ba7485d1846a74054432a0d1a97ea3e6a79ae27d0da8094","5e4142df024fd4d5d64cc667299364982a51176076ae6a69e1069425530afafa","FROZEN_BEFORE_EXPRESSION_OUTCOMES","https://zenodo.org/records/7074291|https://omnipathdb.org/intercell"
"CADM4","NicheNet lr_network_human_21122021.rds unique from","NicheNet human LR network 2021-12-21; Zenodo 7074291","NICHENET_AND_OMNIPATH_MAPPED",5,41,"YES","YES","NO","YES","NO_OMNIPATH_SECRETED_ANNOTATION","Almen2009;CellChatDB;Cellinker;CellPhoneDB;ComPPI;ConnectomeDB2025;CSPA;GO_Intercell;HGNC;ICELLNET;Membranome;OmniPath;Phobius;Ramilowski_location;Surfaceome;UniProt_keyword;UniProt_location;UniProt_topology;Zhong2015","47c971d2fbba4ecd0ba7485d1846a74054432a0d1a97ea3e6a79ae27d0da8094","5e4142df024fd4d5d64cc667299364982a51176076ae6a69e1069425530afafa","FROZEN_BEFORE_EXPRESSION_OUTCOMES","https://zenodo.org/records/7074291|https://omnipathdb.org/intercell"
"CALCA","NicheNet lr_network_human_21122021.rds unique from","NicheNet human LR network 2021-12-21; Zenodo 7074291","NICHENET_AND_OMNIPATH_MAPPED",5,65,"YES","YES","YES","YES","OMNIPATH_SECRETED_ANNOTATION","Baccin2019;CellChatDB;Cellinker;CellPhoneDB;CellTalkDB;connectomeDB2020;ConnectomeDB2025;DGIdb;EMBRACE;GO_Intercell;Guide2Pharma;HPA_secretome;ICELLNET;iTALK;LOCATE;LRdb;MatrixDB;OmniPath;Ramilowski2015;scConnect;talklr;UniProt_keyword;UniProt_location","47c971d2fbba4ecd0ba7485d1846a74054432a0d1a97ea3e6a79ae27d0da8094","5e4142df024fd4d5d64cc667299364982a51176076ae6a69e1069425530afafa","FROZEN_BEFORE_EXPRESSION_OUTCOMES","https://zenodo.org/records/7074291|https://omnipathdb.org/intercell"
"CALCB","NicheNet lr_network_human_21122021.rds unique from","NicheNet human LR network 2021-12-21; Zenodo 7074291","NICHENET_AND_OMNIPATH_MAPPED",5,30,"YES","YES","YES","YES","OMNIPATH_SECRETED_ANNOTATION","Baccin2019;CellChatDB;Cellinker;CellPhoneDB;CellTalkDB;connectomeDB2020;ConnectomeDB2025;EMBRACE;GO_Intercell;Guide2Pharma;HPA_secretome;HPMR;ICELLNET;iTALK;LRdb;MatrixDB;OmniPath;Ramilowski2015;scConnect;talklr;UniProt_keyword;UniProt_location","47c971d2fbba4ecd0ba7485d1846a74054432a0d1a97ea3e6a79ae27d0da8094","5e4142df024fd4d5d64cc667299364982a51176076ae6a69e1069425530afafa","FROZEN_BEFORE_EXPRESSION_OUTCOMES","https://zenodo.org/records/7074291|https://omnipathdb.org/intercell"
"CALM1","NicheNet lr_network_human_21122021.rds unique from","NicheNet human LR network 2021-12-21; Zenodo 7074291","NICHENET_AND_OMNIPATH_MAPPED",7,11,"NO","YES","NO","YES","NO_OMNIPATH_SECRETED_ANNOTATION","Cellinker;ComPPI;GO_Intercell;LOCATE;OmniPath;UniProt_location","47c971d2fbba4ecd0ba7485d1846a74054432a0d1a97ea3e6a79ae27d0da8094","5e4142df024fd4d5d64cc667299364982a51176076ae6a69e1069425530afafa","FROZEN_BEFORE_EXPRESSION_OUTCOMES","https://zenodo.org/records/7074291|https://omnipathdb.org/intercell"
"CALM2","NicheNet lr_network_human_21122021.rds unique from","NicheNet human LR network 2021-12-21; Zenodo 7074291","NICHENET_AND_OMNIPATH_MAPPED",7,10,"NO","YES","NO","NO","NO_OMNIPATH_SECRETED_ANNOTATION","Cellinker;ComPPI;GO_Intercell;LOCATE;OmniPath;UniProt_location","47c971d2fbba4ecd0ba7485d1846a74054432a0d1a97ea3e6a79ae27d0da8094","5e4142df024fd4d5d64cc667299364982a51176076ae6a69e1069425530afafa","FROZEN_BEFORE_EXPRESSION_OUTCOMES","https://zenodo.org/records/7074291|https://omnipathdb.org/intercell"
"CALM3","NicheNet lr_network_human_21122021.rds unique from","NicheNet human LR network 2021-12-21; Zenodo 7074291","NICHENET_AND_OMNIPATH_MAPPED",7,10,"NO","YES","NO","NO","NO_OMNIPATH_SECRETED_ANNOTATION","Cellinker;ComPPI;GO_Intercell;LOCATE;OmniPath;UniProt_location","47c971d2fbba4ecd0ba7485d1846a74054432a0d1a97ea3e6a79ae27d0da8094","5e4142df024fd4d5d64cc667299364982a51176076ae6a69e1069425530afafa","FROZEN_BEFORE_EXPRESSION_OUTCOMES","https://zenodo.org/records/7074291|https://omnipathdb.org/intercell"
"CALR","NicheNet lr_network_human_21122021.rds unique from","NicheNet human LR network 2021-12-21; Zenodo 7074291","NICHENET_AND_OMNIPATH_MAPPED",10,34,"YES","YES","YES","YES","OMNIPATH_SECRETED_ANNOTATION","Baccin2019;Cellinker;CellTalkDB;ComPPI;connectomeDB2020;ConnectomeDB2025;DGIdb;EMBRACE;GO_Intercell;HPMR;ICELLNET;iTALK;LOCATE;LRdb;OmniPath;Ramilowski_location;Ramilowski2015;talklr;UniProt_keyword;UniProt_location","47c971d2fbba4ecd0ba7485d1846a74054432a0d1a97ea3e6a79ae27d0da8094","5e4142df024fd4d5d64cc667299364982a51176076ae6a69e1069425530afafa","FROZEN_BEFORE_EXPRESSION_OUTCOMES","https://zenodo.org/records/7074291|https://omnipathdb.org/intercell"
"CAMP","NicheNet lr_network_human_21122021.rds unique from","NicheNet human LR network 2021-12-21; Zenodo 7074291","NICHENET_AND_OMNIPATH_MAPPED",4,13,"NO","NO","YES","YES","OMNIPATH_SECRETED_ANNOTATION","Cellinker;connectomeDB2020;ConnectomeDB2025;GO_Intercell;HPMR;LOCATE;OmniPath;TopDB;UniProt_keyword;UniProt_location","47c971d2fbba4ecd0ba7485d1846a74054432a0d1a97ea3e6a79ae27d0da8094","5e4142df024fd4d5d64cc667299364982a51176076ae6a69e1069425530afafa","FROZEN_BEFORE_EXPRESSION_OUTCOMES","https://zenodo.org/records/7074291|https://omnipathdb.org/intercell"
"CCK","NicheNet lr_network_human_21122021.rds unique from","NicheNet human LR network 2021-12-21; Zenodo 7074291","NICHENET_AND_OMNIPATH_MAPPED",2,30,"YES","YES","YES","YES","OMNIPATH_SECRETED_ANNOTATION","Baccin2019;CellChatDB;Cellinker;CellPhoneDB;CellTalkDB;connectomeDB2020;ConnectomeDB2025;DGIdb;EMBRACE;GO_Intercell;Guide2Pharma;HPA_secretome;HPMR;iTALK;LOCATE;LRdb;OmniPath;Ramilowski2015;scConnect;talklr;UniProt_keyword;UniProt_location","47c971d2fbba4ecd0ba7485d1846a74054432a0d1a97ea3e6a79ae27d0da8094","5e4142df024fd4d5d64cc667299364982a51176076ae6a69e1069425530afafa","FROZEN_BEFORE_EXPRESSION_OUTCOMES","https://zenodo.org/records/7074291|https://omnipathdb.org/intercell"
"CCL1","NicheNet lr_network_human_21122021.rds unique from","NicheNet human LR network 2021-12-21; Zenodo 7074291","NICHENET_AND_OMNIPATH_MAPPED",7,40,"YES","YES","YES","YES","OMNIPATH_SECRETED_ANNOTATION","Baccin2019;CellCall;CellChatDB;Cellinker;CellPhoneDB;CellTalkDB;connectomeDB2020;ConnectomeDB2025;GO_Intercell;Guide2Pharma;HGNC;HPA_secretome;HPMR;ICELLNET;iTALK;Kirouac2010;LOCATE;LRdb;Matrisome;OmniPath;Ramilowski2015;scConnect;talklr;UniProt_keyword;UniProt_location","47c971d2fbba4ecd0ba7485d1846a74054432a0d1a97ea3e6a79ae27d0da8094","5e4142df024fd4d5d64cc667299364982a51176076ae6a69e1069425530afafa","FROZEN_BEFORE_EXPRESSION_OUTCOMES","https://zenodo.org/records/7074291|https://omnipathdb.org/intercell"
"CCL11","NicheNet lr_network_human_21122021.rds unique from","NicheNet human LR network 2021-12-21; Zenodo 7074291","NICHENET_AND_OMNIPATH_MAPPED",8,42,"YES","YES","YES","YES","OMNIPATH_SECRETED_ANNOTATION","Baccin2019;CellCall;CellChatDB;Cellinker;CellPhoneDB;CellTalkDB;connectomeDB2020;ConnectomeDB2025;EMBRACE;GO_Intercell;Guide2Pharma;HGNC;HPA_secretome;ICELLNET;iTALK;Kirouac2010;LOCATE;LRdb;Matrisome;MatrixDB;OmniPath;Ramilowski2015;scConnect;talklr;UniProt_keyword;UniProt_location","47c971d2fbba4ecd0ba7485d1846a74054432a0d1a97ea3e6a79ae27d0da8094","5e4142df024fd4d5d64cc667299364982a51176076ae6a69e1069425530afafa","FROZEN_BEFORE_EXPRESSION_OUTCOMES","https://zenodo.org/records/7074291|https://omnipathdb.org/intercell"
"CCL13","NicheNet lr_network_human_21122021.rds unique from","NicheNet human LR network 2021-12-21; Zenodo 7074291","NICHENET_AND_OMNIPATH_MAPPED",8,38,"YES","YES","YES","YES","OMNIPATH_SECRETED_ANNOTATION","Baccin2019;CellCall;CellChatDB;Cellinker;CellPhoneDB;CellTalkDB;connectomeDB2020;ConnectomeDB2025;EMBRACE;GO_Intercell;Guide2Pharma;HGNC;HPA_secretome;ICELLNET;iTALK;Kirouac2010;LOCATE;LRdb;Matrisome;OmniPath;Ramilowski2015;scConnect;talklr;UniProt_keyword;UniProt_location","47c971d2fbba4ecd0ba7485d1846a74054432a0d1a97ea3e6a79ae27d0da8094","5e4142df024fd4d5d64cc667299364982a51176076ae6a69e1069425530afafa","FROZEN_BEFORE_EXPRESSION_OUTCOMES","https://zenodo.org/records/7074291|https://omnipathdb.org/intercell"
"CCL14","NicheNet lr_network_human_21122021.rds unique from","NicheNet human LR network 2021-12-21; Zenodo 7074291","NICHENET_AND_OMNIPATH_MAPPED",5,33,"YES","YES","YES","YES","OMNIPATH_SECRETED_ANNOTATION","CellCall;CellChatDB;Cellinker;CellPhoneDB;CellTalkDB;connectomeDB2020;ConnectomeDB2025;GO_Intercell;Guide2Pharma;HGNC;HPA_secretome;ICELLNET;iTALK;Kirouac2010;LRdb;Matrisome;OmniPath;Ramilowski2015;scConnect;talklr;UniProt_keyword;UniProt_location","47c971d2fbba4ecd0ba7485d1846a74054432a0d1a97ea3e6a79ae27d0da8094","5e4142df024fd4d5d64cc667299364982a51176076ae6a69e1069425530afafa","FROZEN_BEFORE_EXPRESSION_OUTCOMES","https://zenodo.org/records/7074291|https://omnipathdb.org/intercell"
"CCL15","NicheNet lr_network_human_21122021.rds unique from","NicheNet human LR network 2021-12-21; Zenodo 7074291","NICHENET_AND_OMNIPATH_MAPPED",2,36,"YES","YES","YES","YES","OMNIPATH_SECRETED_ANNOTATION","CellCall;CellChatDB;Cellinker;CellPhoneDB;CellTalkDB;ComPPI;connectomeDB2020;ConnectomeDB2025;GO_Intercell;Guide2Pharma;HGNC;HPA_secretome;ICELLNET;iTALK;Kirouac2010;LRdb;Matrisome;MatrixDB;OmniPath;Ramilowski2015;scConnect;talklr;UniProt_keyword;UniProt_location","47c971d2fbba4ecd0ba7485d1846a74054432a0d1a97ea3e6a79ae27d0da8094","5e4142df024fd4d5d64cc667299364982a51176076ae6a69e1069425530afafa","FROZEN_BEFORE_EXPRESSION_OUTCOMES","https://zenodo.org/records/7074291|https://omnipathdb.org/intercell"
"CCL16","NicheNet lr_network_human_21122021.rds unique from","NicheNet human LR network 2021-12-21; Zenodo 7074291","NICHENET_AND_OMNIPATH_MAPPED",6,33,"YES","YES","YES","YES","OMNIPATH_SECRETED_ANNOTATION","CellCall;CellChatDB;Cellinker;CellPhoneDB;CellTalkDB;connectomeDB2020;ConnectomeDB2025;GO_Intercell;Guide2Pharma;HGNC;HPA_secretome;ICELLNET;iTALK;Kirouac2010;LRdb;Matrisome;OmniPath;Ramilowski2015;scConnect;talklr;UniProt_keyword;UniProt_location","47c971d2fbba4ecd0ba7485d1846a74054432a0d1a97ea3e6a79ae27d0da8094","5e4142df024fd4d5d64cc667299364982a51176076ae6a69e1069425530afafa","FROZEN_BEFORE_EXPRESSION_OUTCOMES","https://zenodo.org/records/7074291|https://omnipathdb.org/intercell"
"CCL17","NicheNet lr_network_human_21122021.rds unique from","NicheNet human LR network 2021-12-21; Zenodo 7074291","NICHENET_AND_OMNIPATH_MAPPED",4,34,"YES","YES","YES","YES","OMNIPATH_SECRETED_ANNOTATION","CellCall;CellChatDB;Cellinker;CellPhoneDB;CellTalkDB;connectomeDB2020;ConnectomeDB2025;GO_Intercell;Guide2Pharma;HGNC;HPA_secretome;HPMR;ICELLNET;iTALK;Kirouac2010;LRdb;Matrisome;OmniPath;Ramilowski2015;scConnect;talklr;UniProt_keyword;UniProt_location","47c971d2fbba4ecd0ba7485d1846a74054432a0d1a97ea3e6a79ae27d0da8094","5e4142df024fd4d5d64cc667299364982a51176076ae6a69e1069425530afafa","FROZEN_BEFORE_EXPRESSION_OUTCOMES","https://zenodo.org/records/7074291|https://omnipathdb.org/intercell"
"CCL18","NicheNet lr_network_human_21122021.rds unique from","NicheNet human LR network 2021-12-21; Zenodo 7074291","NICHENET_AND_OMNIPATH_MAPPED",5,31,"YES","YES","YES","YES","OMNIPATH_SECRETED_ANNOTATION","CellCall;CellChatDB;Cellinker;CellPhoneDB;CellTalkDB;connectomeDB2020;ConnectomeDB2025;GO_Intercell;HGNC;HPA_secretome;ICELLNET;iTALK;LRdb;Matrisome;OmniPath;Ramilowski2015;scConnect;talklr;UniProt_keyword;UniProt_location","47c971d2fbba4ecd0ba7485d1846a74054432a0d1a97ea3e6a79ae27d0da8094","5e4142df024fd4d5d64cc667299364982a51176076ae6a69e1069425530afafa","FROZEN_BEFORE_EXPRESSION_OUTCOMES","https://zenodo.org/records/7074291|https://omnipathdb.org/intercell"
"CCL19","NicheNet lr_network_human_21122021.rds unique from","NicheNet human LR network 2021-12-21; Zenodo 7074291","NICHENET_AND_OMNIPATH_MAPPED",6,38,"YES","YES","YES","YES","OMNIPATH_SECRETED_ANNOTATION","Baccin2019;CellCall;CellChatDB;Cellinker;CellPhoneDB;CellTalkDB;connectomeDB2020;ConnectomeDB2025;GO_Intercell;Guide2Pharma;HGNC;HPA_secretome;HPMR;ICELLNET;iTALK;Kirouac2010;LRdb;Matrisome;OmniPath;Ramilowski2015;talklr;UniProt_keyword;UniProt_location","47c971d2fbba4ecd0ba7485d1846a74054432a0d1a97ea3e6a79ae27d0da8094","5e4142df024fd4d5d64cc667299364982a51176076ae6a69e1069425530afafa","FROZEN_BEFORE_EXPRESSION_OUTCOMES","https://zenodo.org/records/7074291|https://omnipathdb.org/intercell"
"CCL2","NicheNet lr_network_human_21122021.rds unique from","NicheNet human LR network 2021-12-21; Zenodo 7074291","NICHENET_AND_OMNIPATH_MAPPED",9,40,"YES","YES","YES","YES","OMNIPATH_SECRETED_ANNOTATION","Baccin2019;CellCall;CellChatDB;Cellinker;CellPhoneDB;CellTalkDB;ComPPI;connectomeDB2020;ConnectomeDB2025;GO_Intercell;Guide2Pharma;HGNC;HPA_secretome;HPMR;ICELLNET;iTALK;Kirouac2010;LOCATE;LRdb;Matrisome;OmniPath;Ramilowski2015;scConnect;talklr;UniProt_keyword;UniProt_location","47c971d2fbba4ecd0ba7485d1846a74054432a0d1a97ea3e6a79ae27d0da8094","5e4142df024fd4d5d64cc667299364982a51176076ae6a69e1069425530afafa","FROZEN_BEFORE_EXPRESSION_OUTCOMES","https://zenodo.org/records/7074291|https://omnipathdb.org/intercell"
"CCL20","NicheNet lr_network_human_21122021.rds unique from","NicheNet human LR network 2021-12-21; Zenodo 7074291","NICHENET_AND_OMNIPATH_MAPPED",3,41,"YES","YES","YES","YES","OMNIPATH_SECRETED_ANNOTATION","Baccin2019;CellCall;CellChatDB;Cellinker;CellPhoneDB;CellTalkDB;connectomeDB2020;ConnectomeDB2025;GO_Intercell;Guide2Pharma;HGNC;HPA_secretome;HPMR;ICELLNET;iTALK;Kirouac2010;LOCATE;LRdb;Matrisome;OmniPath;Ramilowski2015;scConnect;talklr;UniProt_keyword;UniProt_location","47c971d2fbba4ecd0ba7485d1846a74054432a0d1a97ea3e6a79ae27d0da8094","5e4142df024fd4d5d64cc667299364982a51176076ae6a69e1069425530afafa","FROZEN_BEFORE_EXPRESSION_OUTCOMES","https://zenodo.org/records/7074291|https://omnipathdb.org/intercell"
"CCL21","NicheNet lr_network_human_21122021.rds unique from","NicheNet human LR network 2021-12-21; Zenodo 7074291","NICHENET_AND_OMNIPATH_MAPPED",4,39,"YES","YES","YES","YES","OMNIPATH_SECRETED_ANNOTATION","Baccin2019;CellCall;CellChatDB;Cellinker;CellPhoneDB;CellTalkDB;connectomeDB2020;ConnectomeDB2025;GO_Intercell;Guide2Pharma;HGNC;HPA_secretome;ICELLNET;iTALK;Kirouac2010;LOCATE;LRdb;Matrisome;OmniPath;Ramilowski2015;scConnect;talklr;UniProt_keyword;UniProt_location","47c971d2fbba4ecd0ba7485d1846a74054432a0d1a97ea3e6a79ae27d0da8094","5e4142df024fd4d5d64cc667299364982a51176076ae6a69e1069425530afafa","FROZEN_BEFORE_EXPRESSION_OUTCOMES","https://zenodo.org/records/7074291|https://omnipathdb.org/intercell"
"CCL22","NicheNet lr_network_human_21122021.rds unique from","NicheNet human LR network 2021-12-21; Zenodo 7074291","NICHENET_AND_OMNIPATH_MAPPED",5,38,"YES","YES","YES","YES","OMNIPATH_SECRETED_ANNOTATION","Baccin2019;CellCall;CellChatDB;Cellinker;CellPhoneDB;CellTalkDB;connectomeDB2020;ConnectomeDB2025;EMBRACE;GO_Intercell;Guide2Pharma;HGNC;HPA_secretome;ICELLNET;iTALK;Kirouac2010;LRdb;Matrisome;MatrixDB;OmniPath;Ramilowski2015;scConnect;talklr;UniProt_keyword;UniProt_location","47c971d2fbba4ecd0ba7485d1846a74054432a0d1a97ea3e6a79ae27d0da8094","5e4142df024fd4d5d64cc667299364982a51176076ae6a69e1069425530afafa","FROZEN_BEFORE_EXPRESSION_OUTCOMES","https://zenodo.org/records/7074291|https://omnipathdb.org/intercell"
"CCL23","NicheNet lr_network_human_21122021.rds unique from","NicheNet human LR network 2021-12-21; Zenodo 7074291","NICHENET_AND_OMNIPATH_MAPPED",3,39,"YES","YES","YES","YES","OMNIPATH_SECRETED_ANNOTATION","Baccin2019;CellCall;CellChatDB;Cellinker;CellPhoneDB;CellTalkDB;connectomeDB2020;ConnectomeDB2025;GO_Intercell;Guide2Pharma;HGNC;HPA_secretome;ICELLNET;iTALK;Kirouac2010;LOCATE;LRdb;Matrisome;MatrixDB;OmniPath;Ramilowski2015;scConnect;talklr;UniProt_keyword;UniProt_location","47c971d2fbba4ecd0ba7485d1846a74054432a0d1a97ea3e6a79ae27d0da8094","5e4142df024fd4d5d64cc667299364982a51176076ae6a69e1069425530afafa","FROZEN_BEFORE_EXPRESSION_OUTCOMES","https://zenodo.org/records/7074291|https://omnipathdb.org/intercell"
"CCL24","NicheNet lr_network_human_21122021.rds unique from","NicheNet human LR network 2021-12-21; Zenodo 7074291","NICHENET_AND_OMNIPATH_MAPPED",3,39,"YES","YES","YES","YES","OMNIPATH_SECRETED_ANNOTATION","Baccin2019;CellCall;CellChatDB;Cellinker;CellPhoneDB;CellTalkDB;connectomeDB2020;ConnectomeDB2025;GO_Intercell;Guide2Pharma;HGNC;HPA_secretome;ICELLNET;iTALK;Kirouac2010;LOCATE;LRdb;Matrisome;MatrixDB;OmniPath;Ramilowski2015;scConnect;talklr;UniProt_keyword;UniProt_location","47c971d2fbba4ecd0ba7485d1846a74054432a0d1a97ea3e6a79ae27d0da8094","5e4142df024fd4d5d64cc667299364982a51176076ae6a69e1069425530afafa","FROZEN_BEFORE_EXPRESSION_OUTCOMES","https://zenodo.org/records/7074291|https://omnipathdb.org/intercell"
"CCL25","NicheNet lr_network_human_21122021.rds unique from","NicheNet human LR network 2021-12-21; Zenodo 7074291","NICHENET_AND_OMNIPATH_MAPPED",4,43,"YES","YES","YES","YES","OMNIPATH_SECRETED_ANNOTATION","Baccin2019;CellCall;CellChatDB;Cellinker;CellPhoneDB;CellTalkDB;connectomeDB2020;ConnectomeDB2025;DGIdb;EMBRACE;GO_Intercell;Guide2Pharma;HGNC;HPA_secretome;HPMR;ICELLNET;iTALK;Kirouac2010;LOCATE;LRdb;Matrisome;MatrixDB;OmniPath;Ramilowski2015;scConnect;talklr;UniProt_keyword;UniProt_location","47c971d2fbba4ecd0ba7485d1846a74054432a0d1a97ea3e6a79ae27d0da8094","5e4142df024fd4d5d64cc667299364982a51176076ae6a69e1069425530afafa","FROZEN_BEFORE_EXPRESSION_OUTCOMES","https://zenodo.org/records/7074291|https://omnipathdb.org/intercell"
"CCL26","NicheNet lr_network_human_21122021.rds unique from","NicheNet human LR network 2021-12-21; Zenodo 7074291","NICHENET_AND_OMNIPATH_MAPPED",6,36,"YES","YES","YES","YES","OMNIPATH_SECRETED_ANNOTATION","CellCall;CellChatDB;Cellinker;CellPhoneDB;CellTalkDB;connectomeDB2020;ConnectomeDB2025;GO_Intercell;Guide2Pharma;HGNC;HPA_secretome;ICELLNET;iTALK;Kirouac2010;LOCATE;LRdb;Matrisome;MatrixDB;OmniPath;Ramilowski2015;scConnect;talklr;UniProt_keyword;UniProt_location","47c971d2fbba4ecd0ba7485d1846a74054432a0d1a97ea3e6a79ae27d0da8094","5e4142df024fd4d5d64cc667299364982a51176076ae6a69e1069425530afafa","FROZEN_BEFORE_EXPRESSION_OUTCOMES","https://zenodo.org/records/7074291|https://omnipathdb.org/intercell"
"CCL27","NicheNet lr_network_human_21122021.rds unique from","NicheNet human LR network 2021-12-21; Zenodo 7074291","NICHENET_AND_OMNIPATH_MAPPED",5,37,"YES","YES","YES","YES","OMNIPATH_SECRETED_ANNOTATION","CellCall;CellChatDB;Cellinker;CellPhoneDB;CellTalkDB;connectomeDB2020;ConnectomeDB2025;GO_Intercell;Guide2Pharma;HGNC;HPA_secretome;HPMR;ICELLNET;iTALK;Kirouac2010;LOCATE;LRdb;Matrisome;MatrixDB;OmniPath;Ramilowski2015;scConnect;talklr;UniProt_keyword;UniProt_location","47c971d2fbba4ecd0ba7485d1846a74054432a0d1a97ea3e6a79ae27d0da8094","5e4142df024fd4d5d64cc667299364982a51176076ae6a69e1069425530afafa","FROZEN_BEFORE_EXPRESSION_OUTCOMES","https://zenodo.org/records/7074291|https://omnipathdb.org/intercell"
"CCL28","NicheNet lr_network_human_21122021.rds unique from","NicheNet human LR network 2021-12-21; Zenodo 7074291","NICHENET_AND_OMNIPATH_MAPPED",7,38,"YES","YES","YES","YES","OMNIPATH_SECRETED_ANNOTATION","Baccin2019;CellCall;CellChatDB;Cellinker;CellPhoneDB;CellTalkDB;connectomeDB2020;ConnectomeDB2025;EMBRACE;GO_Intercell;Guide2Pharma;HGNC;HPA_secretome;ICELLNET;iTALK;Kirouac2010;LRdb;Matrisome;MatrixDB;OmniPath;Ramilowski2015;scConnect;talklr;UniProt_keyword;UniProt_location","47c971d2fbba4ecd0ba7485d1846a74054432a0d1a97ea3e6a79ae27d0da8094","5e4142df024fd4d5d64cc667299364982a51176076ae6a69e1069425530afafa","FROZEN_BEFORE_EXPRESSION_OUTCOMES","https://zenodo.org/records/7074291|https://omnipathdb.org/intercell"
"CCL3","NicheNet lr_network_human_21122021.rds unique from","NicheNet human LR network 2021-12-21; Zenodo 7074291","NICHENET_AND_OMNIPATH_MAPPED",5,40,"YES","YES","YES","YES","OMNIPATH_SECRETED_ANNOTATION","Baccin2019;CellCall;CellChatDB;Cellinker;CellPhoneDB;CellTalkDB;ComPPI;connectomeDB2020;ConnectomeDB2025;GO_Intercell;Guide2Pharma;HGNC;HPA_secretome;HPMR;ICELLNET;iTALK;Kirouac2010;LRdb;Matrisome;OmniPath;Ramilowski2015;scConnect;talklr;UniProt_keyword;UniProt_location","47c971d2fbba4ecd0ba7485d1846a74054432a0d1a97ea3e6a79ae27d0da8094","5e4142df024fd4d5d64cc667299364982a51176076ae6a69e1069425530afafa","FROZEN_BEFORE_EXPRESSION_OUTCOMES","https://zenodo.org/records/7074291|https://omnipathdb.org/intercell"
"CCL3L1","NicheNet lr_network_human_21122021.rds unique from","NicheNet human LR network 2021-12-21; Zenodo 7074291","NICHENET_ONLY_NOT_OMNIPATH_MAPPED",2,0,"NOT_MAPPED","NOT_MAPPED","NOT_MAPPED","NOT_MAPPED",,"","47c971d2fbba4ecd0ba7485d1846a74054432a0d1a97ea3e6a79ae27d0da8094","5e4142df024fd4d5d64cc667299364982a51176076ae6a69e1069425530afafa","FROZEN_BEFORE_EXPRESSION_OUTCOMES","https://zenodo.org/records/7074291|https://omnipathdb.org/intercell"
"CCL3L3","NicheNet lr_network_human_21122021.rds unique from","NicheNet human LR network 2021-12-21; Zenodo 7074291","NICHENET_AND_OMNIPATH_MAPPED",4,33,"YES","YES","YES","YES","OMNIPATH_SECRETED_ANNOTATION","Baccin2019;CellCall;CellChatDB;Cellinker;CellPhoneDB;CellTalkDB;connectomeDB2020;ConnectomeDB2025;GO_Intercell;HGNC;HPA_secretome;ICELLNET;iTALK;LRdb;Matrisome;OmniPath;Ramilowski2015;talklr;UniProt_keyword;UniProt_location","47c971d2fbba4ecd0ba7485d1846a74054432a0d1a97ea3e6a79ae27d0da8094","5e4142df024fd4d5d64cc667299364982a51176076ae6a69e1069425530afafa","FROZEN_BEFORE_EXPRESSION_OUTCOMES","https://zenodo.org/records/7074291|https://omnipathdb.org/intercell"
"CCL4","NicheNet lr_network_human_21122021.rds unique from","NicheNet human LR network 2021-12-21; Zenodo 7074291","NICHENET_AND_OMNIPATH_MAPPED",5,39,"YES","YES","YES","YES","OMNIPATH_SECRETED_ANNOTATION","Baccin2019;CellCall;CellChatDB;Cellinker;CellPhoneDB;CellTalkDB;connectomeDB2020;ConnectomeDB2025;EMBRACE;GO_Intercell;Guide2Pharma;HGNC;HPA_secretome;ICELLNET;iTALK;Kirouac2010;LRdb;Matrisome;OmniPath;Ramilowski2015;scConnect;talklr;UniProt_keyword;UniProt_location","47c971d2fbba4ecd0ba7485d1846a74054432a0d1a97ea3e6a79ae27d0da8094","5e4142df024fd4d5d64cc667299364982a51176076ae6a69e1069425530afafa","FROZEN_BEFORE_EXPRESSION_OUTCOMES","https://zenodo.org/records/7074291|https://omnipathdb.org/intercell"
"CCL4L1","NicheNet lr_network_human_21122021.rds unique from","NicheNet human LR network 2021-12-21; Zenodo 7074291","NICHENET_AND_OMNIPATH_MAPPED",4,26,"YES","YES","YES","YES","OMNIPATH_SECRETED_ANNOTATION","Baccin2019;CellCall;Cellinker;connectomeDB2020;ConnectomeDB2025;EMBRACE;GO_Intercell;HGNC;HPA_secretome;ICELLNET;Matrisome;MatrixDB;OmniPath;UniProt_keyword;UniProt_location","47c971d2fbba4ecd0ba7485d1846a74054432a0d1a97ea3e6a79ae27d0da8094","5e4142df024fd4d5d64cc667299364982a51176076ae6a69e1069425530afafa","FROZEN_BEFORE_EXPRESSION_OUTCOMES","https://zenodo.org/records/7074291|https://omnipathdb.org/intercell"
"CCL4L2","NicheNet lr_network_human_21122021.rds unique from","NicheNet human LR network 2021-12-21; Zenodo 7074291","NICHENET_ONLY_NOT_OMNIPATH_MAPPED",4,0,"NOT_MAPPED","NOT_MAPPED","NOT_MAPPED","NOT_MAPPED",,"","47c971d2fbba4ecd0ba7485d1846a74054432a0d1a97ea3e6a79ae27d0da8094","5e4142df024fd4d5d64cc667299364982a51176076ae6a69e1069425530afafa","FROZEN_BEFORE_EXPRESSION_OUTCOMES","https://zenodo.org/records/7074291|https://omnipathdb.org/intercell"
"CCL5","NicheNet lr_network_human_21122021.rds unique from","NicheNet human LR network 2021-12-21; Zenodo 7074291","NICHENET_AND_OMNIPATH_MAPPED",10,39,"YES","YES","YES","YES","OMNIPATH_SECRETED_ANNOTATION","CellCall;CellChatDB;Cellinker;CellPhoneDB;CellTalkDB;ComPPI;connectomeDB2020;ConnectomeDB2025;GO_Intercell;Guide2Pharma;HGNC;HPA_secretome;HPMR;ICELLNET;iTALK;Kirouac2010;LOCATE;LRdb;Matrisome;OmniPath;Ramilowski2015;scConnect;talklr;UniProt_keyword;UniProt_location","47c971d2fbba4ecd0ba7485d1846a74054432a0d1a97ea3e6a79ae27d0da8094","5e4142df024fd4d5d64cc667299364982a51176076ae6a69e1069425530afafa","FROZEN_BEFORE_EXPRESSION_OUTCOMES","https://zenodo.org/records/7074291|https://omnipathdb.org/intercell"
"CCL7","NicheNet lr_network_human_21122021.rds unique from","NicheNet human LR network 2021-12-21; Zenodo 7074291","NICHENET_AND_OMNIPATH_MAPPED",9,39,"YES","YES","YES","YES","OMNIPATH_SECRETED_ANNOTATION","Baccin2019;CellCall;CellChatDB;Cellinker;CellPhoneDB;CellTalkDB;connectomeDB2020;ConnectomeDB2025;EMBRACE;GO_Intercell;Guide2Pharma;HGNC;HPA_secretome;ICELLNET;iTALK;Kirouac2010;LRdb;Matrisome;OmniPath;Ramilowski2015;scConnect;talklr;UniProt_keyword;UniProt_location","47c971d2fbba4ecd0ba7485d1846a74054432a0d1a97ea3e6a79ae27d0da8094","5e4142df024fd4d5d64cc667299364982a51176076ae6a69e1069425530afafa","FROZEN_BEFORE_EXPRESSION_OUTCOMES","https://zenodo.org/records/7074291|https://omnipathdb.org/intercell"
"CCL8","NicheNet lr_network_human_21122021.rds unique from","NicheNet human LR network 2021-12-21; Zenodo 7074291","NICHENET_AND_OMNIPATH_MAPPED",9,37,"YES","YES","YES","YES","OMNIPATH_SECRETED_ANNOTATION","Baccin2019;CellCall;CellChatDB;Cellinker;CellPhoneDB;CellTalkDB;connectomeDB2020;ConnectomeDB2025;EMBRACE;GO_Intercell;Guide2Pharma;HGNC;HPA_secretome;ICELLNET;iTALK;Kirouac2010;LRdb;Matrisome;OmniPath;Ramilowski2015;scConnect;talklr;UniProt_keyword;UniProt_location","47c971d2fbba4ecd0ba7485d1846a74054432a0d1a97ea3e6a79ae27d0da8094","5e4142df024fd4d5d64cc667299364982a51176076ae6a69e1069425530afafa","FROZEN_BEFORE_EXPRESSION_OUTCOMES","https://zenodo.org/records/7074291|https://omnipathdb.org/intercell"
"CCN1","NicheNet lr_network_human_21122021.rds unique from","NicheNet human LR network 2021-12-21; Zenodo 7074291","NICHENET_AND_OMNIPATH_MAPPED",13,35,"YES","YES","YES","YES","OMNIPATH_SECRETED_ANNOTATION","Baccin2019;Cellinker;CellTalkDB;connectomeDB2020;ConnectomeDB2025;EMBRACE;GO_Intercell;HGNC;HPA_secretome;ICELLNET;iTALK;LOCATE;LRdb;Matrisome;OmniPath;Ramilowski2015;talklr;UniProt_keyword;UniProt_location","47c971d2fbba4ecd0ba7485d1846a74054432a0d1a97ea3e6a79ae27d0da8094","5e4142df024fd4d5d64cc667299364982a51176076ae6a69e1069425530afafa","FROZEN_BEFORE_EXPRESSION_OUTCOMES","https://zenodo.org/records/7074291|https://omnipathdb.org/intercell"
"CCN2","NicheNet lr_network_human_21122021.rds unique from","NicheNet human LR network 2021-12-21; Zenodo 7074291","NICHENET_AND_OMNIPATH_MAPPED",9,34,"YES","YES","YES","YES","OMNIPATH_SECRETED_ANNOTATION","Baccin2019;CellCellInteractions;Cellinker;CellTalkDB;connectomeDB2020;ConnectomeDB2025;EMBRACE;GO_Intercell;HGNC;HPA_secretome;iTALK;LRdb;Matrisome;MatrixDB;OmniPath;Ramilowski2015;talklr;UniProt_keyword;UniProt_location","47c971d2fbba4ecd0ba7485d1846a74054432a0d1a97ea3e6a79ae27d0da8094","5e4142df024fd4d5d64cc667299364982a51176076ae6a69e1069425530afafa","FROZEN_BEFORE_EXPRESSION_OUTCOMES","https://zenodo.org/records/7074291|https://omnipathdb.org/intercell"
"CCN3","NicheNet lr_network_human_21122021.rds unique from","NicheNet human LR network 2021-12-21; Zenodo 7074291","NICHENET_AND_OMNIPATH_MAPPED",2,37,"YES","YES","YES","YES","OMNIPATH_SECRETED_ANNOTATION","Baccin2019;Cellinker;CellTalkDB;ComPPI;connectomeDB2020;ConnectomeDB2025;DGIdb;EMBRACE;GO_Intercell;Guide2Pharma;HGNC;HPA_secretome;iTALK;LRdb;Matrisome;OmniPath;Ramilowski2015;SignaLink_function;talklr;UniProt_keyword;UniProt_location","47c971d2fbba4ecd0ba7485d1846a74054432a0d1a97ea3e6a79ae27d0da8094","5e4142df024fd4d5d64cc667299364982a51176076ae6a69e1069425530afafa","FROZEN_BEFORE_EXPRESSION_OUTCOMES","https://zenodo.org/records/7074291|https://omnipathdb.org/intercell"
"CCN4","NicheNet lr_network_human_21122021.rds unique from","NicheNet human LR network 2021-12-21; Zenodo 7074291","NICHENET_AND_OMNIPATH_MAPPED",2,21,"YES","YES","YES","YES","OMNIPATH_SECRETED_ANNOTATION","CellCellInteractions;ComPPI;connectomeDB2020;ConnectomeDB2025;GO_Intercell;HGNC;HPA_secretome;LOCATE;Matrisome;MatrixDB;OmniPath;UniProt_keyword;UniProt_location","47c971d2fbba4ecd0ba7485d1846a74054432a0d1a97ea3e6a79ae27d0da8094","5e4142df024fd4d5d64cc667299364982a51176076ae6a69e1069425530afafa","FROZEN_BEFORE_EXPRESSION_OUTCOMES","https://zenodo.org/records/7074291|https://omnipathdb.org/intercell"
"CCN6","NicheNet lr_network_human_21122021.rds unique from","NicheNet human LR network 2021-12-21; Zenodo 7074291","NICHENET_AND_OMNIPATH_MAPPED",1,16,"YES","YES","YES","YES","OMNIPATH_SECRETED_ANNOTATION","CellTalkDB;DGIdb;GO_Intercell;HGNC;HPA_secretome;Matrisome;OmniPath;UniProt_keyword;UniProt_location","47c971d2fbba4ecd0ba7485d1846a74054432a0d1a97ea3e6a79ae27d0da8094","5e4142df024fd4d5d64cc667299364982a51176076ae6a69e1069425530afafa","FROZEN_BEFORE_EXPRESSION_OUTCOMES","https://zenodo.org/records/7074291|https://omnipathdb.org/intercell"
"CD14","NicheNet lr_network_human_21122021.rds unique from","NicheNet human LR network 2021-12-21; Zenodo 7074291","NICHENET_AND_OMNIPATH_MAPPED",1,36,"YES","YES","YES","YES","OMNIPATH_SECRETED_ANNOTATION","CellCellInteractions;Cellinker;ComPPI;connectomeDB2020;ConnectomeDB2025;CSPA;DGIdb;GO_Intercell;HGNC;HPA_secretome;LOCATE;OmniPath;scConnect;Surfaceome;UniProt_keyword;UniProt_location","47c971d2fbba4ecd0ba7485d1846a74054432a0d1a97ea3e6a79ae27d0da8094","5e4142df024fd4d5d64cc667299364982a51176076ae6a69e1069425530afafa","FROZEN_BEFORE_EXPRESSION_OUTCOMES","https://zenodo.org/records/7074291|https://omnipathdb.org/intercell"
"CD160","NicheNet lr_network_human_21122021.rds unique from","NicheNet human LR network 2021-12-21; Zenodo 7074291","NICHENET_AND_OMNIPATH_MAPPED",1,43,"YES","YES","YES","YES","OMNIPATH_SECRETED_ANNOTATION","CellCellInteractions;CellChatDB;Cellinker;CellPhoneDB;CellTalkDB;connectomeDB2020;ConnectomeDB2025;CSPA;GO_Intercell;ICELLNET;LOCATE;LRdb;OmniPath;Surfaceome;UniProt_keyword;UniProt_location","47c971d2fbba4ecd0ba7485d1846a74054432a0d1a97ea3e6a79ae27d0da8094","5e4142df024fd4d5d64cc667299364982a51176076ae6a69e1069425530afafa","FROZEN_BEFORE_EXPRESSION_OUTCOMES","https://zenodo.org/records/7074291|https://omnipathdb.org/intercell"
"CD1B","NicheNet lr_network_human_21122021.rds unique from","NicheNet human LR network 2021-12-21; Zenodo 7074291","NICHENET_AND_OMNIPATH_MAPPED",1,38,"YES","YES","NO","YES","NO_OMNIPATH_SECRETED_ANNOTATION","Almen2009;Cellinker;CellPhoneDB;connectomeDB2020;CSPA;DGIdb;GO_Intercell;ICELLNET;LOCATE;MatrixDB;Membranome;OmniPath;Phobius;Ramilowski_location;Surfaceome;TopDB;UniProt_keyword;UniProt_location;UniProt_topology","47c971d2fbba4ecd0ba7485d1846a74054432a0d1a97ea3e6a79ae27d0da8094","5e4142df024fd4d5d64cc667299364982a51176076ae6a69e1069425530afafa","FROZEN_BEFORE_EXPRESSION_OUTCOMES","https://zenodo.org/records/7074291|https://omnipathdb.org/intercell"
"CD1D","NicheNet lr_network_human_21122021.rds unique from","NicheNet human LR network 2021-12-21; Zenodo 7074291","NICHENET_AND_OMNIPATH_MAPPED",2,43,"YES","YES","NO","YES","NO_OMNIPATH_SECRETED_ANNOTATION","Almen2009;CellChatDB;Cellinker;CellPhoneDB;ComPPI;connectomeDB2020;ConnectomeDB2025;CSPA;DGIdb;GO_Intercell;ICELLNET;LRdb;MatrixDB;Membranome;OmniPath;Phobius;Ramilowski_location;Surfaceome;TopDB;UniProt_keyword;UniProt_location;UniProt_topology","47c971d2fbba4ecd0ba7485d1846a74054432a0d1a97ea3e6a79ae27d0da8094","5e4142df024fd4d5d64cc667299364982a51176076ae6a69e1069425530afafa","FROZEN_BEFORE_EXPRESSION_OUTCOMES","https://zenodo.org/records/7074291|https://omnipathdb.org/intercell"
"CD2","NicheNet lr_network_human_21122021.rds unique from","NicheNet human LR network 2021-12-21; Zenodo 7074291","NICHENET_AND_OMNIPATH_MAPPED",2,53,"YES","YES","NO","YES","NO_OMNIPATH_SECRETED_ANNOTATION","Almen2009;Baccin2019;CellCellInteractions;Cellinker;CellPhoneDB;CellTalkDB;connectomeDB2020;ConnectomeDB2025;CSPA;DGIdb;GO_Intercell;HGNC;ICELLNET;LOCATE;LRdb;Membranome;OmniPath;Phobius;Ramilowski_location;scConnect;Surfaceome;TopDB;UniProt_keyword;UniProt_location;UniProt_topology;Zhong2015","47c971d2fbba4ecd0ba7485d1846a74054432a0d1a97ea3e6a79ae27d0da8094","5e4142df024fd4d5d64cc667299364982a51176076ae6a69e1069425530afafa","FROZEN_BEFORE_EXPRESSION_OUTCOMES","https://zenodo.org/records/7074291|https://omnipathdb.org/intercell"
"CD200","NicheNet lr_network_human_21122021.rds unique from","NicheNet human LR network 2021-12-21; Zenodo 7074291","NICHENET_AND_OMNIPATH_MAPPED",2,43,"YES","YES","YES","YES","OMNIPATH_SECRETED_ANNOTATION","CellChatDB;Cellinker;CellPhoneDB;CellTalkDB;ComPPI;connectomeDB2020;ConnectomeDB2025;CSPA;GO_Intercell;ICELLNET;LOCATE;LRdb;Membranome;OmniPath;Phobius;Ramilowski_location;Surfaceome;UniProt_keyword;UniProt_location;UniProt_topology;Zhong2015","47c971d2fbba4ecd0ba7485d1846a74054432a0d1a97ea3e6a79ae27d0da8094","5e4142df024fd4d5d64cc667299364982a51176076ae6a69e1069425530afafa","FROZEN_BEFORE_EXPRESSION_OUTCOMES","https://zenodo.org/records/7074291|https://omnipathdb.org/intercell"
"CD209","NicheNet lr_network_human_21122021.rds unique from","NicheNet human LR network 2021-12-21; Zenodo 7074291","NICHENET_AND_OMNIPATH_MAPPED",2,55,"YES","YES","YES","YES","OMNIPATH_SECRETED_ANNOTATION","Almen2009;Baccin2019;CellChatDB;Cellinker;CellPhoneDB;CellTalkDB;ComPPI;connectomeDB2020;ConnectomeDB2025;DGIdb;GO_Intercell;HGNC;ICELLNET;LOCATE;LRdb;OmniPath;Phobius;Ramilowski_location;scConnect;TopDB;UniProt_keyword;UniProt_location;UniProt_topology","47c971d2fbba4ecd0ba7485d1846a74054432a0d1a97ea3e6a79ae27d0da8094","5e4142df024fd4d5d64cc667299364982a51176076ae6a69e1069425530afafa","FROZEN_BEFORE_EXPRESSION_OUTCOMES","https://zenodo.org/records/7074291|https://omnipathdb.org/intercell"
"CD22","NicheNet lr_network_human_21122021.rds unique from","NicheNet human LR network 2021-12-21; Zenodo 7074291","NICHENET_AND_OMNIPATH_MAPPED",2,47,"YES","YES","NO","YES","NO_OMNIPATH_SECRETED_ANNOTATION","Almen2009;Baccin2019;CellChatDB;Cellinker;CellPhoneDB;CellTalkDB;connectomeDB2020;ConnectomeDB2025;CSPA;DGIdb;GO_Intercell;HGNC;ICELLNET;LOCATE;LRdb;Membranome;OmniPath;Phobius;scConnect;Surfaceome;TopDB;UniProt_keyword;UniProt_location;UniProt_topology","47c971d2fbba4ecd0ba7485d1846a74054432a0d1a97ea3e6a79ae27d0da8094","5e4142df024fd4d5d64cc667299364982a51176076ae6a69e1069425530afafa","FROZEN_BEFORE_EXPRESSION_OUTCOMES","https://zenodo.org/records/7074291|https://omnipathdb.org/intercell"
"CD226","NicheNet lr_network_human_21122021.rds unique from","NicheNet human LR network 2021-12-21; Zenodo 7074291","NICHENET_AND_OMNIPATH_MAPPED",3,51,"YES","YES","NO","YES","NO_OMNIPATH_SECRETED_ANNOTATION","Almen2009;Baccin2019;CellCellInteractions;CellChatDB;Cellinker;CellPhoneDB;connectomeDB2020;ConnectomeDB2025;CSPA;DGIdb;GO_Intercell;ICELLNET;LOCATE;Membranome;OmniPath;Phobius;Ramilowski_location;Surfaceome;TopDB;UniProt_keyword;UniProt_location;UniProt_topology;Zhong2015","47c971d2fbba4ecd0ba7485d1846a74054432a0d1a97ea3e6a79ae27d0da8094","5e4142df024fd4d5d64cc667299364982a51176076ae6a69e1069425530afafa","FROZEN_BEFORE_EXPRESSION_OUTCOMES","https://zenodo.org/records/7074291|https://omnipathdb.org/intercell"
"CD24","NicheNet lr_network_human_21122021.rds unique from","NicheNet human LR network 2021-12-21; Zenodo 7074291","NICHENET_AND_OMNIPATH_MAPPED",1,27,"YES","YES","NO","YES","NO_OMNIPATH_SECRETED_ANNOTATION","Cellinker;CellPhoneDB;ComPPI;connectomeDB2020;ConnectomeDB2025;DGIdb;GO_Intercell;LOCATE;OmniPath;Ramilowski_location;Surfaceome;TopDB;UniProt_location;Zhong2015","47c971d2fbba4ecd0ba7485d1846a74054432a0d1a97ea3e6a79ae27d0da8094","5e4142df024fd4d5d64cc667299364982a51176076ae6a69e1069425530afafa","FROZEN_BEFORE_EXPRESSION_OUTCOMES","https://zenodo.org/records/7074291|https://omnipathdb.org/intercell"
"CD244","NicheNet lr_network_human_21122021.rds unique from","NicheNet human LR network 2021-12-21; Zenodo 7074291","NICHENET_AND_OMNIPATH_MAPPED",5,47,"YES","YES","NO","YES","NO_OMNIPATH_SECRETED_ANNOTATION","Almen2009;Baccin2019;CellCall;CellCellInteractions;CellChatDB;Cellinker;CellPhoneDB;connectomeDB2020;ConnectomeDB2025;CSPA;DGIdb;GO_Intercell;HGNC;ICELLNET;LRdb;Membranome;OmniPath;Phobius;Ramilowski_location;Surfaceome;TopDB;UniProt_keyword;UniProt_location;UniProt_topology","47c971d2fbba4ecd0ba7485d1846a74054432a0d1a97ea3e6a79ae27d0da8094","5e4142df024fd4d5d64cc667299364982a51176076ae6a69e1069425530afafa","FROZEN_BEFORE_EXPRESSION_OUTCOMES","https://zenodo.org/records/7074291|https://omnipathdb.org/intercell"
"CD274","NicheNet lr_network_human_21122021.rds unique from","NicheNet human LR network 2021-12-21; Zenodo 7074291","NICHENET_AND_OMNIPATH_MAPPED",4,50,"YES","YES","YES","YES","OMNIPATH_SECRETED_ANNOTATION","Baccin2019;CellChatDB;Cellinker;CellPhoneDB;CellTalkDB;ComPPI;connectomeDB2020;ConnectomeDB2025;CSPA;DGIdb;GO_Intercell;Guide2Pharma;HGNC;ICELLNET;iTALK;LOCATE;LRdb;Membranome;OmniPath;Phobius;Ramilowski_location;scConnect;Surfaceome;TopDB;UniProt_keyword;UniProt_location;UniProt_topology","47c971d2fbba4ecd0ba7485d1846a74054432a0d1a97ea3e6a79ae27d0da8094","5e4142df024fd4d5d64cc667299364982a51176076ae6a69e1069425530afafa","FROZEN_BEFORE_EXPRESSION_OUTCOMES","https://zenodo.org/records/7074291|https://omnipathdb.org/intercell"
"CD28","NicheNet lr_network_human_21122021.rds unique from","NicheNet human LR network 2021-12-21; Zenodo 7074291","NICHENET_AND_OMNIPATH_MAPPED",5,54,"YES","YES","NO","YES","NO_OMNIPATH_SECRETED_ANNOTATION","Baccin2019;CellCellInteractions;CellChatDB;Cellinker;CellPhoneDB;CellTalkDB;connectomeDB2020;ConnectomeDB2025;CSPA;DGIdb;GO_Intercell;HGNC;ICELLNET;iTALK;LOCATE;LRdb;Membranome;OmniPath;Phobius;Ramilowski_location;Ramilowski2015;scConnect;Surfaceome;talklr;TopDB;UniProt_keyword;UniProt_location;UniProt_topology","47c971d2fbba4ecd0ba7485d1846a74054432a0d1a97ea3e6a79ae27d0da8094","5e4142df024fd4d5d64cc667299364982a51176076ae6a69e1069425530afafa","FROZEN_BEFORE_EXPRESSION_OUTCOMES","https://zenodo.org/records/7074291|https://omnipathdb.org/intercell"
"CD300A","NicheNet lr_network_human_21122021.rds unique from","NicheNet human LR network 2021-12-21; Zenodo 7074291","NICHENET_AND_OMNIPATH_MAPPED",1,34,"NO","YES","NO","YES","NO_OMNIPATH_SECRETED_ANNOTATION","Almen2009;CellCellInteractions;Cellinker;GO_Intercell;LOCATE;Membranome;OmniPath;Phobius;Ramilowski_location;scConnect;Surfaceome;TopDB;UniProt_keyword;UniProt_location;UniProt_topology","47c971d2fbba4ecd0ba7485d1846a74054432a0d1a97ea3e6a79ae27d0da8094","5e4142df024fd4d5d64cc667299364982a51176076ae6a69e1069425530afafa","FROZEN_BEFORE_EXPRESSION_OUTCOMES","https://zenodo.org/records/7074291|https://omnipathdb.org/intercell"
"CD300C","NicheNet lr_network_human_21122021.rds unique from","NicheNet human LR network 2021-12-21; Zenodo 7074291","NICHENET_AND_OMNIPATH_MAPPED",3,28,"NO","YES","NO","NO","NO_OMNIPATH_SECRETED_ANNOTATION","Almen2009;CellCellInteractions;Cellinker;GO_Intercell;Membranome;OmniPath;Phobius;Ramilowski_location;Surfaceome;UniProt_keyword;UniProt_location;UniProt_topology","47c971d2fbba4ecd0ba7485d1846a74054432a0d1a97ea3e6a79ae27d0da8094","5e4142df024fd4d5d64cc667299364982a51176076ae6a69e1069425530afafa","FROZEN_BEFORE_EXPRESSION_OUTCOMES","https://zenodo.org/records/7074291|https://omnipathdb.org/intercell"
"CD300LF","NicheNet lr_network_human_21122021.rds unique from","NicheNet human LR network 2021-12-21; Zenodo 7074291","NICHENET_AND_OMNIPATH_MAPPED",2,31,"NO","YES","NO","NO","NO_OMNIPATH_SECRETED_ANNOTATION","Almen2009;Cellinker;CellTalkDB;GO_Intercell;LRdb;Membranome;OmniPath;Phobius;Ramilowski_location;Surfaceome;TopDB;UniProt_keyword;UniProt_location;UniProt_topology","47c971d2fbba4ecd0ba7485d1846a74054432a0d1a97ea3e6a79ae27d0da8094","5e4142df024fd4d5d64cc667299364982a51176076ae6a69e1069425530afafa","FROZEN_BEFORE_EXPRESSION_OUTCOMES","https://zenodo.org/records/7074291|https://omnipathdb.org/intercell"
"CD320","NicheNet lr_network_human_21122021.rds unique from","NicheNet human LR network 2021-12-21; Zenodo 7074291","NICHENET_AND_OMNIPATH_MAPPED",6,40,"YES","YES","NO","NO","NO_OMNIPATH_SECRETED_ANNOTATION","Almen2009;CellCellInteractions;Cellinker;CellPhoneDB;ComPPI;connectomeDB2020;ConnectomeDB2025;DGIdb;GO_Intercell;ICELLNET;LOCATE;Membranome;OmniPath;Phobius;Ramilowski_location;Surfaceome;TopDB;UniProt_keyword;UniProt_location;UniProt_topology","47c971d2fbba4ecd0ba7485d1846a74054432a0d1a97ea3e6a79ae27d0da8094","5e4142df024fd4d5d64cc667299364982a51176076ae6a69e1069425530afafa","FROZEN_BEFORE_EXPRESSION_OUTCOMES","https://zenodo.org/records/7074291|https://omnipathdb.org/intercell"
"CD34","NicheNet lr_network_human_21122021.rds unique from","NicheNet human LR network 2021-12-21; Zenodo 7074291","NICHENET_AND_OMNIPATH_MAPPED",5,49,"YES","YES","NO","YES","NO_OMNIPATH_SECRETED_ANNOTATION","Almen2009;Baccin2019;CellChatDB;Cellinker;CellPhoneDB;CellTalkDB;ComPPI;connectomeDB2020;ConnectomeDB2025;CSPA;DGIdb;EMBRACE;GO_Intercell;ICELLNET;iTALK;LOCATE;LRdb;MatrixDB;MCAM;Membranome;OmniPath;Phobius;Ramilowski_location;Ramilowski2015;Surfaceome;talklr;UniProt_keyword;UniProt_location;UniProt_topology","47c971d2fbba4ecd0ba7485d1846a74054432a0d1a97ea3e6a79ae27d0da8094","5e4142df024fd4d5d64cc667299364982a51176076ae6a69e1069425530afafa","FROZEN_BEFORE_EXPRESSION_OUTCOMES","https://zenodo.org/records/7074291|https://omnipathdb.org/intercell"
"CD38","NicheNet lr_network_human_21122021.rds unique from","NicheNet human LR network 2021-12-21; Zenodo 7074291","NICHENET_AND_OMNIPATH_MAPPED",1,47,"YES","YES","YES","YES","OMNIPATH_SECRETED_ANNOTATION","Almen2009;Baccin2019;CellChatDB;Cellinker;CellPhoneDB;connectomeDB2020;ConnectomeDB2025;GO_Intercell;ICELLNET;LOCATE;LRdb;OmniPath;Phobius;Ramilowski_location;scConnect;Surfaceome;TopDB;UniProt_keyword;UniProt_location;UniProt_topology","47c971d2fbba4ecd0ba7485d1846a74054432a0d1a97ea3e6a79ae27d0da8094","5e4142df024fd4d5d64cc667299364982a51176076ae6a69e1069425530afafa","FROZEN_BEFORE_EXPRESSION_OUTCOMES","https://zenodo.org/records/7074291|https://omnipathdb.org/intercell"
"CD40","NicheNet lr_network_human_21122021.rds unique from","NicheNet human LR network 2021-12-21; Zenodo 7074291","NICHENET_AND_OMNIPATH_MAPPED",1,65,"NO","YES","YES","YES","OMNIPATH_SECRETED_ANNOTATION","Almen2009;Baccin2019;CellCall;CellCellInteractions;CellChatDB;Cellinker;CellPhoneDB;CellTalkDB;ComPPI;connectomeDB2020;ConnectomeDB2025;CSPA;DGIdb;EMBRACE;GO_Intercell;Guide2Pharma;HGNC;HPA_secretome;ICELLNET;iTALK;LOCATE;LRdb;MCAM;Membranome;OmniPath;Phobius;Ramilowski_location;Ramilowski2015;scConnect;Surfaceome;talklr;TopDB;UniProt_keyword;UniProt_location;UniProt_topology","47c971d2fbba4ecd0ba7485d1846a74054432a0d1a97ea3e6a79ae27d0da8094","5e4142df024fd4d5d64cc667299364982a51176076ae6a69e1069425530afafa","FROZEN_BEFORE_EXPRESSION_OUTCOMES","https://zenodo.org/records/7074291|https://omnipathdb.org/intercell"
"CD40LG","NicheNet lr_network_human_21122021.rds unique from","NicheNet human LR network 2021-12-21; Zenodo 7074291","NICHENET_AND_OMNIPATH_MAPPED",7,64,"YES","YES","YES","YES","OMNIPATH_SECRETED_ANNOTATION","Almen2009;Baccin2019;CellCall;CellCellInteractions;CellChatDB;Cellinker;CellPhoneDB;CellTalkDB;connectomeDB2020;ConnectomeDB2025;CSPA;DGIdb;GO_Intercell;Guide2Pharma;HGNC;HPA_secretome;ICELLNET;iTALK;LRdb;OmniPath;Phobius;Ramilowski_location;Ramilowski2015;scConnect;Surfaceome;talklr;TopDB;UniProt_keyword;UniProt_location;UniProt_topology","47c971d2fbba4ecd0ba7485d1846a74054432a0d1a97ea3e6a79ae27d0da8094","5e4142df024fd4d5d64cc667299364982a51176076ae6a69e1069425530afafa","FROZEN_BEFORE_EXPRESSION_OUTCOMES","https://zenodo.org/records/7074291|https://omnipathdb.org/intercell"
"CD44","NicheNet lr_network_human_21122021.rds unique from","NicheNet human LR network 2021-12-21; Zenodo 7074291","NICHENET_AND_OMNIPATH_MAPPED",5,69,"YES","YES","YES","YES","OMNIPATH_SECRETED_ANNOTATION","Almen2009;CellCellInteractions;CellChatDB;Cellinker;CellPhoneDB;CellTalkDB;ComPPI;connectomeDB2020;ConnectomeDB2025;CSPA;GO_Intercell;HPA_secretome;HPMR;ICELLNET;iTALK;LOCATE;LRdb;Membranome;OmniPath;Phobius;Ramilowski_location;Ramilowski2015;Surfaceome;talklr;TopDB;UniProt_keyword;UniProt_location;UniProt_topology;Zhong2015","47c971d2fbba4ecd0ba7485d1846a74054432a0d1a97ea3e6a79ae27d0da8094","5e4142df024fd4d5d64cc667299364982a51176076ae6a69e1069425530afafa","FROZEN_BEFORE_EXPRESSION_OUTCOMES","https://zenodo.org/records/7074291|https://omnipathdb.org/intercell"
"CD47","NicheNet lr_network_human_21122021.rds unique from","NicheNet human LR network 2021-12-21; Zenodo 7074291","NICHENET_AND_OMNIPATH_MAPPED",5,57,"YES","YES","NO","YES","NO_OMNIPATH_SECRETED_ANNOTATION","Adhesome;CellCellInteractions;CellChatDB;Cellinker;CellPhoneDB;CellTalkDB;ComPPI;connectomeDB2020;ConnectomeDB2025;CSPA;DGIdb;GO_Intercell;Guide2Pharma;HGNC;HPMR;ICELLNET;iTALK;LOCATE;LRdb;OmniPath;Phobius;Ramilowski_location;Ramilowski2015;scConnect;Surfaceome;talklr;UniProt_keyword;UniProt_location;UniProt_topology;Zhong2015","47c971d2fbba4ecd0ba7485d1846a74054432a0d1a97ea3e6a79ae27d0da8094","5e4142df024fd4d5d64cc667299364982a51176076ae6a69e1069425530afafa","FROZEN_BEFORE_EXPRESSION_OUTCOMES","https://zenodo.org/records/7074291|https://omnipathdb.org/intercell"
"CD48","NicheNet lr_network_human_21122021.rds unique from","NicheNet human LR network 2021-12-21; Zenodo 7074291","NICHENET_AND_OMNIPATH_MAPPED",3,47,"YES","YES","YES","YES","OMNIPATH_SECRETED_ANNOTATION","Almen2009;Baccin2019;CellCall;CellChatDB;Cellinker;CellPhoneDB;ComPPI;connectomeDB2020;ConnectomeDB2025;CSPA;GO_Intercell;ICELLNET;LOCATE;LRdb;OmniPath;Phobius;Ramilowski_location;Surfaceome;TopDB;UniProt_keyword;UniProt_location;Zhong2015","47c971d2fbba4ecd0ba7485d1846a74054432a0d1a97ea3e6a79ae27d0da8094","5e4142df024fd4d5d64cc667299364982a51176076ae6a69e1069425530afafa","FROZEN_BEFORE_EXPRESSION_OUTCOMES","https://zenodo.org/records/7074291|https://omnipathdb.org/intercell"
"CD52","NicheNet lr_network_human_21122021.rds unique from","NicheNet human LR network 2021-12-21; Zenodo 7074291","NICHENET_AND_OMNIPATH_MAPPED",1,36,"YES","YES","YES","YES","OMNIPATH_SECRETED_ANNOTATION","Almen2009;Cellinker;CellPhoneDB;connectomeDB2020;ConnectomeDB2025;ICELLNET;LOCATE;LRdb;OmniPath;Phobius;Ramilowski_location;scConnect;Surfaceome;UniProt_location","47c971d2fbba4ecd0ba7485d1846a74054432a0d1a97ea3e6a79ae27d0da8094","5e4142df024fd4d5d64cc667299364982a51176076ae6a69e1069425530afafa","FROZEN_BEFORE_EXPRESSION_OUTCOMES","https://zenodo.org/records/7074291|https://omnipathdb.org/intercell"
"CD55","NicheNet lr_network_human_21122021.rds unique from","NicheNet human LR network 2021-12-21; Zenodo 7074291","NICHENET_AND_OMNIPATH_MAPPED",3,41,"YES","YES","YES","YES","OMNIPATH_SECRETED_ANNOTATION","CellCellInteractions;CellChatDB;Cellinker;CellPhoneDB;connectomeDB2020;ConnectomeDB2025;CSPA;GO_Intercell;HPA_secretome;HPMR;ICELLNET;Membranome;OmniPath;Surfaceome;TopDB;UniProt_keyword;UniProt_location","47c971d2fbba4ecd0ba7485d1846a74054432a0d1a97ea3e6a79ae27d0da8094","5e4142df024fd4d5d64cc667299364982a51176076ae6a69e1069425530afafa","FROZEN_BEFORE_EXPRESSION_OUTCOMES","https://zenodo.org/records/7074291|https://omnipathdb.org/intercell"
"CD58","NicheNet lr_network_human_21122021.rds unique from","NicheNet human LR network 2021-12-21; Zenodo 7074291","NICHENET_AND_OMNIPATH_MAPPED",2,44,"YES","YES","NO","YES","NO_OMNIPATH_SECRETED_ANNOTATION","Almen2009;Cellinker;CellPhoneDB;CellTalkDB;connectomeDB2020;ConnectomeDB2025;CSPA;GO_Intercell;HGNC;ICELLNET;LOCATE;Membranome;OmniPath;Phobius;Ramilowski_location;Surfaceome;TopDB;UniProt_keyword;UniProt_location;UniProt_topology;Zhong2015","47c971d2fbba4ecd0ba7485d1846a74054432a0d1a97ea3e6a79ae27d0da8094","5e4142df024fd4d5d64cc667299364982a51176076ae6a69e1069425530afafa","FROZEN_BEFORE_EXPRESSION_OUTCOMES","https://zenodo.org/records/7074291|https://omnipathdb.org/intercell"
"CD59","NicheNet lr_network_human_21122021.rds unique from","NicheNet human LR network 2021-12-21; Zenodo 7074291","NICHENET_AND_OMNIPATH_MAPPED",3,40,"YES","YES","YES","YES","OMNIPATH_SECRETED_ANNOTATION","Cellinker;CellTalkDB;ComPPI;connectomeDB2020;ConnectomeDB2025;CSPA;DGIdb;GO_Intercell;ICELLNET;LOCATE;LRdb;OmniPath;Surfaceome;TopDB;UniProt_keyword;UniProt_location","47c971d2fbba4ecd0ba7485d1846a74054432a0d1a97ea3e6a79ae27d0da8094","5e4142df024fd4d5d64cc667299364982a51176076ae6a69e1069425530afafa","FROZEN_BEFORE_EXPRESSION_OUTCOMES","https://zenodo.org/records/7074291|https://omnipathdb.org/intercell"
"CD5L","NicheNet lr_network_human_21122021.rds unique from","NicheNet human LR network 2021-12-21; Zenodo 7074291","NICHENET_AND_OMNIPATH_MAPPED",1,27,"YES","YES","YES","YES","OMNIPATH_SECRETED_ANNOTATION","Baccin2019;Cellinker;CellTalkDB;connectomeDB2020;ConnectomeDB2025;EMBRACE;GO_Intercell;HPA_secretome;iTALK;LOCATE;LRdb;MatrixDB;OmniPath;Ramilowski2015;talklr;UniProt_keyword;UniProt_location","47c971d2fbba4ecd0ba7485d1846a74054432a0d1a97ea3e6a79ae27d0da8094","5e4142df024fd4d5d64cc667299364982a51176076ae6a69e1069425530afafa","FROZEN_BEFORE_EXPRESSION_OUTCOMES","https://zenodo.org/records/7074291|https://omnipathdb.org/intercell"
"CD6","NicheNet lr_network_human_21122021.rds unique from","NicheNet human LR network 2021-12-21; Zenodo 7074291","NICHENET_AND_OMNIPATH_MAPPED",3,54,"YES","YES","YES","YES","OMNIPATH_SECRETED_ANNOTATION","Almen2009;Baccin2019;CellCellInteractions;CellChatDB;Cellinker;CellPhoneDB;CellTalkDB;connectomeDB2020;ConnectomeDB2025;CSPA;GO_Intercell;HPA_secretome;ICELLNET;LOCATE;LRdb;MatrixDB;Membranome;OmniPath;Phobius;Ramilowski_location;scConnect;Surfaceome;TopDB;UniProt_keyword;UniProt_location;UniProt_topology;Zhong2015","47c971d2fbba4ecd0ba7485d1846a74054432a0d1a97ea3e6a79ae27d0da8094","5e4142df024fd4d5d64cc667299364982a51176076ae6a69e1069425530afafa","FROZEN_BEFORE_EXPRESSION_OUTCOMES","https://zenodo.org/records/7074291|https://omnipathdb.org/intercell"
"CD7","NicheNet lr_network_human_21122021.rds unique from","NicheNet human LR network 2021-12-21; Zenodo 7074291","NICHENET_AND_OMNIPATH_MAPPED",1,32,"NO","YES","NO","YES","NO_OMNIPATH_SECRETED_ANNOTATION","Almen2009;CellCellInteractions;Cellinker;connectomeDB2020;ConnectomeDB2025;CSPA;GO_Intercell;LOCATE;Membranome;OmniPath;Phobius;Ramilowski_location;Surfaceome;TopDB;UniProt_keyword;UniProt_location;UniProt_topology","47c971d2fbba4ecd0ba7485d1846a74054432a0d1a97ea3e6a79ae27d0da8094","5e4142df024fd4d5d64cc667299364982a51176076ae6a69e1069425530afafa","FROZEN_BEFORE_EXPRESSION_OUTCOMES","https://zenodo.org/records/7074291|https://omnipathdb.org/intercell"
"CD70","NicheNet lr_network_human_21122021.rds unique from","NicheNet human LR network 2021-12-21; Zenodo 7074291","NICHENET_AND_OMNIPATH_MAPPED",1,52,"YES","YES","YES","YES","OMNIPATH_SECRETED_ANNOTATION","Almen2009;Baccin2019;CellChatDB;Cellinker;CellPhoneDB;CellTalkDB;connectomeDB2020;ConnectomeDB2025;GO_Intercell;Guide2Pharma;HGNC;HPMR;ICELLNET;iTALK;Kirouac2010;LOCATE;LRdb;OmniPath;Phobius;Ramilowski_location;Ramilowski2015;scConnect;Surfaceome;talklr;TopDB;UniProt_keyword;UniProt_location;UniProt_topology","47c971d2fbba4ecd0ba7485d1846a74054432a0d1a97ea3e6a79ae27d0da8094","5e4142df024fd4d5d64cc667299364982a51176076ae6a69e1069425530afafa","FROZEN_BEFORE_EXPRESSION_OUTCOMES","https://zenodo.org/records/7074291|https://omnipathdb.org/intercell"
"CD72","NicheNet lr_network_human_21122021.rds unique from","NicheNet human LR network 2021-12-21; Zenodo 7074291","NICHENET_AND_OMNIPATH_MAPPED",3,47,"YES","YES","NO","NO","NO_OMNIPATH_SECRETED_ANNOTATION","Almen2009;Baccin2019;CellCellInteractions;CellChatDB;Cellinker;CellPhoneDB;CellTalkDB;ComPPI;connectomeDB2020;ConnectomeDB2025;EMBRACE;GO_Intercell;ICELLNET;iTALK;LOCATE;LRdb;OmniPath;Phobius;Ramilowski_location;Ramilowski2015;talklr;UniProt_keyword;UniProt_location;UniProt_topology;Zhong2015","47c971d2fbba4ecd0ba7485d1846a74054432a0d1a97ea3e6a79ae27d0da8094","5e4142df024fd4d5d64cc667299364982a51176076ae6a69e1069425530afafa","FROZEN_BEFORE_EXPRESSION_OUTCOMES","https://zenodo.org/records/7074291|https://omnipathdb.org/intercell"
"CD79B","NicheNet lr_network_human_21122021.rds unique from","NicheNet human LR network 2021-12-21; Zenodo 7074291","NICHENET_AND_OMNIPATH_MAPPED",4,29,"NO","YES","NO","YES","NO_OMNIPATH_SECRETED_ANNOTATION","CellCellInteractions;Cellinker;ComPPI;CSPA;DGIdb;GO_Intercell;LOCATE;Membranome;OmniPath;Phobius;Ramilowski_location;scConnect;Surfaceome;TopDB;UniProt_keyword;UniProt_location;UniProt_topology","47c971d2fbba4ecd0ba7485d1846a74054432a0d1a97ea3e6a79ae27d0da8094","5e4142df024fd4d5d64cc667299364982a51176076ae6a69e1069425530afafa","FROZEN_BEFORE_EXPRESSION_OUTCOMES","https://zenodo.org/records/7074291|https://omnipathdb.org/intercell"
"CD80","NicheNet lr_network_human_21122021.rds unique from","NicheNet human LR network 2021-12-21; Zenodo 7074291","NICHENET_AND_OMNIPATH_MAPPED",4,62,"YES","YES","YES","YES","OMNIPATH_SECRETED_ANNOTATION","Almen2009;Baccin2019;CellCellInteractions;CellChatDB;Cellinker;CellPhoneDB;CellTalkDB;ComPPI;connectomeDB2020;ConnectomeDB2025;CSPA;DGIdb;GO_Intercell;HGNC;ICELLNET;iTALK;LOCATE;LRdb;Membranome;OmniPath;Phobius;Ramilowski_location;scConnect;Surfaceome;TopDB;UniProt_keyword;UniProt_location;UniProt_topology","47c971d2fbba4ecd0ba7485d1846a74054432a0d1a97ea3e6a79ae27d0da8094","5e4142df024fd4d5d64cc667299364982a51176076ae6a69e1069425530afafa","FROZEN_BEFORE_EXPRESSION_OUTCOMES","https://zenodo.org/records/7074291|https://omnipathdb.org/intercell"
"CD82","NicheNet lr_network_human_21122021.rds unique from","NicheNet human LR network 2021-12-21; Zenodo 7074291","NICHENET_AND_OMNIPATH_MAPPED",2,25,"NO","YES","NO","YES","NO_OMNIPATH_SECRETED_ANNOTATION","Cellinker;ComPPI;connectomeDB2020;GO_Intercell;HPMR;LOCATE;OmniPath;Phobius;Ramilowski_location;Surfaceome;TopDB;UniProt_keyword;UniProt_location;UniProt_topology","47c971d2fbba4ecd0ba7485d1846a74054432a0d1a97ea3e6a79ae27d0da8094","5e4142df024fd4d5d64cc667299364982a51176076ae6a69e1069425530afafa","FROZEN_BEFORE_EXPRESSION_OUTCOMES","https://zenodo.org/records/7074291|https://omnipathdb.org/intercell"
"CD86","NicheNet lr_network_human_21122021.rds unique from","NicheNet human LR network 2021-12-21; Zenodo 7074291","NICHENET_AND_OMNIPATH_MAPPED",2,48,"YES","YES","YES","YES","OMNIPATH_SECRETED_ANNOTATION","Baccin2019;CellCellInteractions;CellChatDB;Cellinker;CellPhoneDB;ComPPI;connectomeDB2020;ConnectomeDB2025;CSPA;DGIdb;GO_Intercell;HGNC;LOCATE;MCAM;Membranome;OmniPath;Phobius;Ramilowski_location;scConnect;Surfaceome;TopDB;UniProt_keyword;UniProt_location;UniProt_topology","47c971d2fbba4ecd0ba7485d1846a74054432a0d1a97ea3e6a79ae27d0da8094","5e4142df024fd4d5d64cc667299364982a51176076ae6a69e1069425530afafa","FROZEN_BEFORE_EXPRESSION_OUTCOMES","https://zenodo.org/records/7074291|https://omnipathdb.org/intercell"
"CD9","NicheNet lr_network_human_21122021.rds unique from","NicheNet human LR network 2021-12-21; Zenodo 7074291","NICHENET_AND_OMNIPATH_MAPPED",5,33,"YES","YES","YES","YES","OMNIPATH_SECRETED_ANNOTATION","Baccin2019;Cellinker;ComPPI;connectomeDB2020;ConnectomeDB2025;DGIdb;GO_Intercell;HPMR;LOCATE;OmniPath;Phobius;Ramilowski_location;Surfaceome;TopDB;UniProt_keyword;UniProt_location;UniProt_topology;Zhong2015","47c971d2fbba4ecd0ba7485d1846a74054432a0d1a97ea3e6a79ae27d0da8094","5e4142df024fd4d5d64cc667299364982a51176076ae6a69e1069425530afafa","FROZEN_BEFORE_EXPRESSION_OUTCOMES","https://zenodo.org/records/7074291|https://omnipathdb.org/intercell"
"CD96","NicheNet lr_network_human_21122021.rds unique from","NicheNet human LR network 2021-12-21; Zenodo 7074291","NICHENET_AND_OMNIPATH_MAPPED",3,48,"YES","YES","NO","YES","NO_OMNIPATH_SECRETED_ANNOTATION","Almen2009;Baccin2019;CellChatDB;Cellinker;CellPhoneDB;ComPPI;connectomeDB2020;ConnectomeDB2025;CSPA;GO_Intercell;HGNC;ICELLNET;LOCATE;LRdb;Membranome;OmniPath;Phobius;Ramilowski_location;Surfaceome;TopDB;UniProt_keyword;UniProt_location;UniProt_topology;Zhong2015","47c971d2fbba4ecd0ba7485d1846a74054432a0d1a97ea3e6a79ae27d0da8094","5e4142df024fd4d5d64cc667299364982a51176076ae6a69e1069425530afafa","FROZEN_BEFORE_EXPRESSION_OUTCOMES","https://zenodo.org/records/7074291|https://omnipathdb.org/intercell"
"CD99","NicheNet lr_network_human_21122021.rds unique from","NicheNet human LR network 2021-12-21; Zenodo 7074291","NICHENET_AND_OMNIPATH_MAPPED",4,35,"YES","YES","YES","YES","OMNIPATH_SECRETED_ANNOTATION","CellChatDB;Cellinker;CellPhoneDB;CellTalkDB;connectomeDB2020;ConnectomeDB2025;GO_Intercell;ICELLNET;LRdb;Membranome;OmniPath;Phobius;Ramilowski_location;TopDB;UniProt_keyword;UniProt_location;UniProt_topology","47c971d2fbba4ecd0ba7485d1846a74054432a0d1a97ea3e6a79ae27d0da8094","5e4142df024fd4d5d64cc667299364982a51176076ae6a69e1069425530afafa","FROZEN_BEFORE_EXPRESSION_OUTCOMES","https://zenodo.org/records/7074291|https://omnipathdb.org/intercell"
"CDCP1","NicheNet lr_network_human_21122021.rds unique from","NicheNet human LR network 2021-12-21; Zenodo 7074291","NICHENET_AND_OMNIPATH_MAPPED",1,35,"YES","YES","YES","YES","OMNIPATH_SECRETED_ANNOTATION","Almen2009;Cellinker;ConnectomeDB2025;CSPA;LOCATE;Membranome;OmniPath;Phobius;Ramilowski_location;Surfaceome;TopDB;UniProt_keyword;UniProt_location;UniProt_topology","47c971d2fbba4ecd0ba7485d1846a74054432a0d1a97ea3e6a79ae27d0da8094","5e4142df024fd4d5d64cc667299364982a51176076ae6a69e1069425530afafa","FROZEN_BEFORE_EXPRESSION_OUTCOMES","https://zenodo.org/records/7074291|https://omnipathdb.org/intercell"
"CDH1","NicheNet lr_network_human_21122021.rds unique from","NicheNet human LR network 2021-12-21; Zenodo 7074291","NICHENET_AND_OMNIPATH_MAPPED",8,43,"YES","YES","YES","YES","OMNIPATH_SECRETED_ANNOTATION","CellChatDB;Cellinker;CellPhoneDB;ComPPI;connectomeDB2020;ConnectomeDB2025;CSPA;GO_Intercell;HGNC;HPMR;LOCATE;Membranome;OmniPath;Phobius;Ramilowski_location;Surfaceome;TopDB;UniProt_keyword;UniProt_location;UniProt_topology;Zhong2015","47c971d2fbba4ecd0ba7485d1846a74054432a0d1a97ea3e6a79ae27d0da8094","5e4142df024fd4d5d64cc667299364982a51176076ae6a69e1069425530afafa","FROZEN_BEFORE_EXPRESSION_OUTCOMES","https://zenodo.org/records/7074291|https://omnipathdb.org/intercell"
"CDH13","NicheNet lr_network_human_21122021.rds unique from","NicheNet human LR network 2021-12-21; Zenodo 7074291","NICHENET_AND_OMNIPATH_MAPPED",1,35,"YES","YES","NO","YES","NO_OMNIPATH_SECRETED_ANNOTATION","Baccin2019;CellCellInteractions;Cellinker;ComPPI;ConnectomeDB2025;CSPA;DGIdb;GO_Intercell;HGNC;LOCATE;MatrixDB;OmniPath;Ramilowski_location;Surfaceome;UniProt_location;Zhong2015","47c971d2fbba4ecd0ba7485d1846a74054432a0d1a97ea3e6a79ae27d0da8094","5e4142df024fd4d5d64cc667299364982a51176076ae6a69e1069425530afafa","FROZEN_BEFORE_EXPRESSION_OUTCOMES","https://zenodo.org/records/7074291|https://omnipathdb.org/intercell"
"CDH15","NicheNet lr_network_human_21122021.rds unique from","NicheNet human LR network 2021-12-21; Zenodo 7074291","NICHENET_AND_OMNIPATH_MAPPED",2,37,"YES","YES","NO","NO","NO_OMNIPATH_SECRETED_ANNOTATION","Almen2009;Baccin2019;CellChatDB;ComPPI;CSPA;GO_Intercell;HGNC;LOCATE;Membranome;OmniPath;Phobius;Ramilowski_location;Surfaceome;UniProt_keyword;UniProt_location;UniProt_topology;Zhong2015","47c971d2fbba4ecd0ba7485d1846a74054432a0d1a97ea3e6a79ae27d0da8094","5e4142df024fd4d5d64cc667299364982a51176076ae6a69e1069425530afafa","FROZEN_BEFORE_EXPRESSION_OUTCOMES","https://zenodo.org/records/7074291|https://omnipathdb.org/intercell"
"CDH2","NicheNet lr_network_human_21122021.rds unique from","NicheNet human LR network 2021-12-21; Zenodo 7074291","NICHENET_AND_OMNIPATH_MAPPED",2,54,"YES","YES","NO","NO","NO_OMNIPATH_SECRETED_ANNOTATION","Almen2009;Baccin2019;CellCellInteractions;CellChatDB;Cellinker;CellPhoneDB;CellTalkDB;ComPPI;ConnectomeDB2025;CSPA;EMBRACE;GO_Intercell;HGNC;ICELLNET;iTALK;LOCATE;Membranome;OmniPath;Phobius;Ramilowski_location;Surfaceome;TopDB;UniProt_keyword;UniProt_location;UniProt_topology;Zhong2015","47c971d2fbba4ecd0ba7485d1846a74054432a0d1a97ea3e6a79ae27d0da8094","5e4142df024fd4d5d64cc667299364982a51176076ae6a69e1069425530afafa","FROZEN_BEFORE_EXPRESSION_OUTCOMES","https://zenodo.org/records/7074291|https://omnipathdb.org/intercell"
"CDH3","NicheNet lr_network_human_21122021.rds unique from","NicheNet human LR network 2021-12-21; Zenodo 7074291","NICHENET_AND_OMNIPATH_MAPPED",1,41,"YES","YES","NO","YES","NO_OMNIPATH_SECRETED_ANNOTATION","Almen2009;CellChatDB;CellPhoneDB;ConnectomeDB2025;CSPA;GO_Intercell;HGNC;LOCATE;Membranome;OmniPath;Phobius;Ramilowski_location;Surfaceome;TopDB;UniProt_keyword;UniProt_location;UniProt_topology;Zhong2015","47c971d2fbba4ecd0ba7485d1846a74054432a0d1a97ea3e6a79ae27d0da8094","5e4142df024fd4d5d64cc667299364982a51176076ae6a69e1069425530afafa","FROZEN_BEFORE_EXPRESSION_OUTCOMES","https://zenodo.org/records/7074291|https://omnipathdb.org/intercell"
"CDH4","NicheNet lr_network_human_21122021.rds unique from","NicheNet human LR network 2021-12-21; Zenodo 7074291","NICHENET_AND_OMNIPATH_MAPPED",1,37,"YES","YES","NO","NO","NO_OMNIPATH_SECRETED_ANNOTATION","Almen2009;CellChatDB;ComPPI;ConnectomeDB2025;CSPA;HGNC;LOCATE;Membranome;OmniPath;Phobius;Ramilowski_location;Surfaceome;UniProt_keyword;UniProt_location;UniProt_topology;Zhong2015","47c971d2fbba4ecd0ba7485d1846a74054432a0d1a97ea3e6a79ae27d0da8094","5e4142df024fd4d5d64cc667299364982a51176076ae6a69e1069425530afafa","FROZEN_BEFORE_EXPRESSION_OUTCOMES","https://zenodo.org/records/7074291|https://omnipathdb.org/intercell"
"CDH5","NicheNet lr_network_human_21122021.rds unique from","NicheNet human LR network 2021-12-21; Zenodo 7074291","NICHENET_AND_OMNIPATH_MAPPED",1,58,"YES","YES","NO","YES","NO_OMNIPATH_SECRETED_ANNOTATION","Almen2009;Baccin2019;CellCellInteractions;CellChatDB;Cellinker;CellPhoneDB;CellTalkDB;ConnectomeDB2025;CSPA;DGIdb;GO_Intercell;HGNC;iTALK;LOCATE;LRdb;Membranome;OmniPath;Phobius;Ramilowski_location;Ramilowski2015;Surfaceome;talklr;TopDB;UniProt_keyword;UniProt_location;UniProt_topology;Zhong2015","47c971d2fbba4ecd0ba7485d1846a74054432a0d1a97ea3e6a79ae27d0da8094","5e4142df024fd4d5d64cc667299364982a51176076ae6a69e1069425530afafa","FROZEN_BEFORE_EXPRESSION_OUTCOMES","https://zenodo.org/records/7074291|https://omnipathdb.org/intercell"
"CDH6","NicheNet lr_network_human_21122021.rds unique from","NicheNet human LR network 2021-12-21; Zenodo 7074291","NICHENET_AND_OMNIPATH_MAPPED",2,40,"YES","YES","NO","NO","NO_OMNIPATH_SECRETED_ANNOTATION","Almen2009;Cellinker;CellPhoneDB;ConnectomeDB2025;CSPA;GO_Intercell;HGNC;iTALK;LOCATE;Membranome;OmniPath;Phobius;Ramilowski_location;Surfaceome;TopDB;UniProt_keyword;UniProt_location;UniProt_topology;Zhong2015","47c971d2fbba4ecd0ba7485d1846a74054432a0d1a97ea3e6a79ae27d0da8094","5e4142df024fd4d5d64cc667299364982a51176076ae6a69e1069425530afafa","FROZEN_BEFORE_EXPRESSION_OUTCOMES","https://zenodo.org/records/7074291|https://omnipathdb.org/intercell"
"CDH9","NicheNet lr_network_human_21122021.rds unique from","NicheNet human LR network 2021-12-21; Zenodo 7074291","NICHENET_AND_OMNIPATH_MAPPED",1,32,"YES","YES","NO","NO","NO_OMNIPATH_SECRETED_ANNOTATION","Almen2009;Cellinker;ConnectomeDB2025;CSPA;HGNC;Membranome;OmniPath;Phobius;Ramilowski_location;Surfaceome;UniProt_keyword;UniProt_location;UniProt_topology;Zhong2015","47c971d2fbba4ecd0ba7485d1846a74054432a0d1a97ea3e6a79ae27d0da8094","5e4142df024fd4d5d64cc667299364982a51176076ae6a69e1069425530afafa","FROZEN_BEFORE_EXPRESSION_OUTCOMES","https://zenodo.org/records/7074291|https://omnipathdb.org/intercell"
"CDHR2","NicheNet lr_network_human_21122021.rds unique from","NicheNet human LR network 2021-12-21; Zenodo 7074291","NICHENET_AND_OMNIPATH_MAPPED",3,34,"NO","YES","NO","YES","NO_OMNIPATH_SECRETED_ANNOTATION","Almen2009;Cellinker;HGNC;LOCATE;Membranome;OmniPath;Phobius;Ramilowski_location;Surfaceome;TopDB;UniProt_keyword;UniProt_location;UniProt_topology;Zhong2015","47c971d2fbba4ecd0ba7485d1846a74054432a0d1a97ea3e6a79ae27d0da8094","5e4142df024fd4d5d64cc667299364982a51176076ae6a69e1069425530afafa","FROZEN_BEFORE_EXPRESSION_OUTCOMES","https://zenodo.org/records/7074291|https://omnipathdb.org/intercell"
"CEACAM1","NicheNet lr_network_human_21122021.rds unique from","NicheNet human LR network 2021-12-21; Zenodo 7074291","NICHENET_AND_OMNIPATH_MAPPED",5,47,"YES","YES","YES","YES","OMNIPATH_SECRETED_ANNOTATION","Adhesome;CellChatDB;Cellinker;CellPhoneDB;connectomeDB2020;ConnectomeDB2025;CSPA;GO_Intercell;ICELLNET;LOCATE;LRdb;Membranome;OmniPath;Phobius;Surfaceome;TopDB;UniProt_keyword;UniProt_location;UniProt_topology;Zhong2015","47c971d2fbba4ecd0ba7485d1846a74054432a0d1a97ea3e6a79ae27d0da8094","5e4142df024fd4d5d64cc667299364982a51176076ae6a69e1069425530afafa","FROZEN_BEFORE_EXPRESSION_OUTCOMES","https://zenodo.org/records/7074291|https://omnipathdb.org/intercell"
"CEACAM20","NicheNet lr_network_human_21122021.rds unique from","NicheNet human LR network 2021-12-21; Zenodo 7074291","NICHENET_AND_OMNIPATH_MAPPED",1,17,"NO","YES","NO","NO","NO_OMNIPATH_SECRETED_ANNOTATION","Cellinker;Membranome;OmniPath;Phobius;Ramilowski_location;Surfaceome;UniProt_keyword;UniProt_location;UniProt_topology","47c971d2fbba4ecd0ba7485d1846a74054432a0d1a97ea3e6a79ae27d0da8094","5e4142df024fd4d5d64cc667299364982a51176076ae6a69e1069425530afafa","FROZEN_BEFORE_EXPRESSION_OUTCOMES","https://zenodo.org/records/7074291|https://omnipathdb.org/intercell"
"CEACAM21","NicheNet lr_network_human_21122021.rds unique from","NicheNet human LR network 2021-12-21; Zenodo 7074291","NICHENET_AND_OMNIPATH_MAPPED",1,21,"NO","YES","NO","YES","NO_OMNIPATH_SECRETED_ANNOTATION","Almen2009;Cellinker;DGIdb;Membranome;OmniPath;Phobius;Ramilowski_location;Surfaceome;UniProt_keyword;UniProt_location;UniProt_topology","47c971d2fbba4ecd0ba7485d1846a74054432a0d1a97ea3e6a79ae27d0da8094","5e4142df024fd4d5d64cc667299364982a51176076ae6a69e1069425530afafa","FROZEN_BEFORE_EXPRESSION_OUTCOMES","https://zenodo.org/records/7074291|https://omnipathdb.org/intercell"
"CEACAM3","NicheNet lr_network_human_21122021.rds unique from","NicheNet human LR network 2021-12-21; Zenodo 7074291","NICHENET_AND_OMNIPATH_MAPPED",3,23,"NO","YES","NO","YES","NO_OMNIPATH_SECRETED_ANNOTATION","Almen2009;Cellinker;GO_Intercell;Membranome;OmniPath;Phobius;Ramilowski_location;Surfaceome;TopDB;UniProt_keyword;UniProt_location;UniProt_topology","47c971d2fbba4ecd0ba7485d1846a74054432a0d1a97ea3e6a79ae27d0da8094","5e4142df024fd4d5d64cc667299364982a51176076ae6a69e1069425530afafa","FROZEN_BEFORE_EXPRESSION_OUTCOMES","https://zenodo.org/records/7074291|https://omnipathdb.org/intercell"
"CEACAM4","NicheNet lr_network_human_21122021.rds unique from","NicheNet human LR network 2021-12-21; Zenodo 7074291","NICHENET_AND_OMNIPATH_MAPPED",1,21,"NO","YES","NO","NO","NO_OMNIPATH_SECRETED_ANNOTATION","Almen2009;Cellinker;LOCATE;Membranome;OmniPath;Phobius;Ramilowski_location;Surfaceome;UniProt_keyword;UniProt_location;UniProt_topology","47c971d2fbba4ecd0ba7485d1846a74054432a0d1a97ea3e6a79ae27d0da8094","5e4142df024fd4d5d64cc667299364982a51176076ae6a69e1069425530afafa","FROZEN_BEFORE_EXPRESSION_OUTCOMES","https://zenodo.org/records/7074291|https://omnipathdb.org/intercell"
"CEACAM5","NicheNet lr_network_human_21122021.rds unique from","NicheNet human LR network 2021-12-21; Zenodo 7074291","NICHENET_AND_OMNIPATH_MAPPED",8,42,"YES","YES","YES","YES","OMNIPATH_SECRETED_ANNOTATION","Almen2009;CellChatDB;Cellinker;CellPhoneDB;CellTalkDB;connectomeDB2020;ConnectomeDB2025;ICELLNET;LRdb;OmniPath;Phobius;Ramilowski_location;scConnect;Surfaceome;TopDB;UniProt_location","47c971d2fbba4ecd0ba7485d1846a74054432a0d1a97ea3e6a79ae27d0da8094","5e4142df024fd4d5d64cc667299364982a51176076ae6a69e1069425530afafa","FROZEN_BEFORE_EXPRESSION_OUTCOMES","https://zenodo.org/records/7074291|https://omnipathdb.org/intercell"
"CEACAM6","NicheNet lr_network_human_21122021.rds unique from","NicheNet human LR network 2021-12-21; Zenodo 7074291","NICHENET_AND_OMNIPATH_MAPPED",8,48,"YES","YES","YES","YES","OMNIPATH_SECRETED_ANNOTATION","Almen2009;CellChatDB;Cellinker;CellPhoneDB;CellTalkDB;connectomeDB2020;ConnectomeDB2025;CSPA;GO_Intercell;ICELLNET;LOCATE;LRdb;OmniPath;Phobius;Surfaceome;TopDB;UniProt_location","47c971d2fbba4ecd0ba7485d1846a74054432a0d1a97ea3e6a79ae27d0da8094","5e4142df024fd4d5d64cc667299364982a51176076ae6a69e1069425530afafa","FROZEN_BEFORE_EXPRESSION_OUTCOMES","https://zenodo.org/records/7074291|https://omnipathdb.org/intercell"
"CEACAM7","NicheNet lr_network_human_21122021.rds unique from","NicheNet human LR network 2021-12-21; Zenodo 7074291","NICHENET_AND_OMNIPATH_MAPPED",3,21,"NO","YES","NO","YES","NO_OMNIPATH_SECRETED_ANNOTATION","Almen2009;Cellinker;GO_Intercell;MatrixDB;OmniPath;Phobius;Surfaceome;UniProt_location","47c971d2fbba4ecd0ba7485d1846a74054432a0d1a97ea3e6a79ae27d0da8094","5e4142df024fd4d5d64cc667299364982a51176076ae6a69e1069425530afafa","FROZEN_BEFORE_EXPRESSION_OUTCOMES","https://zenodo.org/records/7074291|https://omnipathdb.org/intercell"
"CEACAM8","NicheNet lr_network_human_21122021.rds unique from","NicheNet human LR network 2021-12-21; Zenodo 7074291","NICHENET_AND_OMNIPATH_MAPPED",6,29,"YES","YES","YES","YES","OMNIPATH_SECRETED_ANNOTATION","CellChatDB;Cellinker;CellPhoneDB;connectomeDB2020;ConnectomeDB2025;CSPA;GO_Intercell;LRdb;OmniPath;Surfaceome;UniProt_location","47c971d2fbba4ecd0ba7485d1846a74054432a0d1a97ea3e6a79ae27d0da8094","5e4142df024fd4d5d64cc667299364982a51176076ae6a69e1069425530afafa","FROZEN_BEFORE_EXPRESSION_OUTCOMES","https://zenodo.org/records/7074291|https://omnipathdb.org/intercell"
"CEL","NicheNet lr_network_human_21122021.rds unique from","NicheNet human LR network 2021-12-21; Zenodo 7074291","NICHENET_AND_OMNIPATH_MAPPED",1,16,"NO","NO","YES","YES","OMNIPATH_SECRETED_ANNOTATION","Cellinker;ComPPI;connectomeDB2020;ConnectomeDB2025;GO_Intercell;LOCATE;OmniPath;Ramilowski_location;scConnect;UniProt_keyword;UniProt_location","47c971d2fbba4ecd0ba7485d1846a74054432a0d1a97ea3e6a79ae27d0da8094","5e4142df024fd4d5d64cc667299364982a51176076ae6a69e1069425530afafa","FROZEN_BEFORE_EXPRESSION_OUTCOMES","https://zenodo.org/records/7074291|https://omnipathdb.org/intercell"
"CER1","NicheNet lr_network_human_21122021.rds unique from","NicheNet human LR network 2021-12-21; Zenodo 7074291","NICHENET_AND_OMNIPATH_MAPPED",1,15,"YES","YES","YES","YES","OMNIPATH_SECRETED_ANNOTATION","CellChatDB;CellPhoneDB;CellTalkDB;GO_Intercell;HGNC;HPA_secretome;LOCATE;OmniPath;UniProt_keyword;UniProt_location","47c971d2fbba4ecd0ba7485d1846a74054432a0d1a97ea3e6a79ae27d0da8094","5e4142df024fd4d5d64cc667299364982a51176076ae6a69e1069425530afafa","FROZEN_BEFORE_EXPRESSION_OUTCOMES","https://zenodo.org/records/7074291|https://omnipathdb.org/intercell"
"CFAP54","NicheNet lr_network_human_21122021.rds unique from","NicheNet human LR network 2021-12-21; Zenodo 7074291","NICHENET_AND_OMNIPATH_MAPPED",1,8,"NO","YES","NO","NO","NO_OMNIPATH_SECRETED_ANNOTATION","GO_Intercell;MatrixDB;OmniPath;Phobius;Ramilowski_location;UniProt_location","47c971d2fbba4ecd0ba7485d1846a74054432a0d1a97ea3e6a79ae27d0da8094","5e4142df024fd4d5d64cc667299364982a51176076ae6a69e1069425530afafa","FROZEN_BEFORE_EXPRESSION_OUTCOMES","https://zenodo.org/records/7074291|https://omnipathdb.org/intercell"
"CFC1","NicheNet lr_network_human_21122021.rds unique from","NicheNet human LR network 2021-12-21; Zenodo 7074291","NICHENET_AND_OMNIPATH_MAPPED",2,20,"YES","YES","YES","YES","OMNIPATH_SECRETED_ANNOTATION","CellPhoneDB;connectomeDB2020;GO_Intercell;HPA_secretome;LOCATE;Matrisome;OmniPath;Surfaceome;UniProt_keyword;UniProt_location","47c971d2fbba4ecd0ba7485d1846a74054432a0d1a97ea3e6a79ae27d0da8094","5e4142df024fd4d5d64cc667299364982a51176076ae6a69e1069425530afafa","FROZEN_BEFORE_EXPRESSION_OUTCOMES","https://zenodo.org/records/7074291|https://omnipathdb.org/intercell"
"CFD","NicheNet lr_network_human_21122021.rds unique from","NicheNet human LR network 2021-12-21; Zenodo 7074291","NICHENET_AND_OMNIPATH_MAPPED",1,15,"NO","YES","YES","YES","OMNIPATH_SECRETED_ANNOTATION","GO_Intercell;HGNC;HPA_secretome;LOCATE;OmniPath;scConnect;UniProt_keyword;UniProt_location","47c971d2fbba4ecd0ba7485d1846a74054432a0d1a97ea3e6a79ae27d0da8094","5e4142df024fd4d5d64cc667299364982a51176076ae6a69e1069425530afafa","FROZEN_BEFORE_EXPRESSION_OUTCOMES","https://zenodo.org/records/7074291|https://omnipathdb.org/intercell"
"CFH","NicheNet lr_network_human_21122021.rds unique from","NicheNet human LR network 2021-12-21; Zenodo 7074291","NICHENET_AND_OMNIPATH_MAPPED",3,12,"NO","NO","YES","YES","OMNIPATH_SECRETED_ANNOTATION","Cellinker;ComPPI;connectomeDB2020;ConnectomeDB2025;HPA_secretome;LOCATE;OmniPath;UniProt_keyword;UniProt_location","47c971d2fbba4ecd0ba7485d1846a74054432a0d1a97ea3e6a79ae27d0da8094","5e4142df024fd4d5d64cc667299364982a51176076ae6a69e1069425530afafa","FROZEN_BEFORE_EXPRESSION_OUTCOMES","https://zenodo.org/records/7074291|https://omnipathdb.org/intercell"
"CFP","NicheNet lr_network_human_21122021.rds unique from","NicheNet human LR network 2021-12-21; Zenodo 7074291","NICHENET_AND_OMNIPATH_MAPPED",1,13,"YES","YES","YES","YES","OMNIPATH_SECRETED_ANNOTATION","connectomeDB2020;ConnectomeDB2025;GO_Intercell;HPA_secretome;LOCATE;OmniPath;UniProt_keyword;UniProt_location","47c971d2fbba4ecd0ba7485d1846a74054432a0d1a97ea3e6a79ae27d0da8094","5e4142df024fd4d5d64cc667299364982a51176076ae6a69e1069425530afafa","FROZEN_BEFORE_EXPRESSION_OUTCOMES","https://zenodo.org/records/7074291|https://omnipathdb.org/intercell"
"CGA","NicheNet lr_network_human_21122021.rds unique from","NicheNet human LR network 2021-12-21; Zenodo 7074291","NICHENET_AND_OMNIPATH_MAPPED",12,30,"YES","YES","YES","YES","OMNIPATH_SECRETED_ANNOTATION","Baccin2019;CellCall;CellChatDB;Cellinker;CellPhoneDB;CellTalkDB;connectomeDB2020;ConnectomeDB2025;DGIdb;GO_Intercell;Guide2Pharma;HPA_secretome;HPMR;iTALK;LRdb;OmniPath;Ramilowski2015;talklr;UniProt_keyword;UniProt_location","47c971d2fbba4ecd0ba7485d1846a74054432a0d1a97ea3e6a79ae27d0da8094","5e4142df024fd4d5d64cc667299364982a51176076ae6a69e1069425530afafa","FROZEN_BEFORE_EXPRESSION_OUTCOMES","https://zenodo.org/records/7074291|https://omnipathdb.org/intercell"
"CGB3","NicheNet lr_network_human_21122021.rds unique from","NicheNet human LR network 2021-12-21; Zenodo 7074291","NICHENET_ONLY_NOT_OMNIPATH_MAPPED",1,0,"NOT_MAPPED","NOT_MAPPED","NOT_MAPPED","NOT_MAPPED",,"","47c971d2fbba4ecd0ba7485d1846a74054432a0d1a97ea3e6a79ae27d0da8094","5e4142df024fd4d5d64cc667299364982a51176076ae6a69e1069425530afafa","FROZEN_BEFORE_EXPRESSION_OUTCOMES","https://zenodo.org/records/7074291|https://omnipathdb.org/intercell"
"CGB7","NicheNet lr_network_human_21122021.rds unique from","NicheNet human LR network 2021-12-21; Zenodo 7074291","NICHENET_AND_OMNIPATH_MAPPED",1,16,"YES","YES","YES","YES","OMNIPATH_SECRETED_ANNOTATION","CellPhoneDB;ComPPI;ConnectomeDB2025;DGIdb;GO_Intercell;HPA_secretome;LOCATE;OmniPath;UniProt_keyword;UniProt_location","47c971d2fbba4ecd0ba7485d1846a74054432a0d1a97ea3e6a79ae27d0da8094","5e4142df024fd4d5d64cc667299364982a51176076ae6a69e1069425530afafa","FROZEN_BEFORE_EXPRESSION_OUTCOMES","https://zenodo.org/records/7074291|https://omnipathdb.org/intercell"
"CHAD","NicheNet lr_network_human_21122021.rds unique from","NicheNet human LR network 2021-12-21; Zenodo 7074291","NICHENET_AND_OMNIPATH_MAPPED",2,29,"YES","YES","YES","YES","OMNIPATH_SECRETED_ANNOTATION","CellChatDB;Cellinker;CellTalkDB;ComPPI;connectomeDB2020;ConnectomeDB2025;EMBRACE;HGNC;HPA_secretome;iTALK;LOCATE;LRdb;Matrisome;OmniPath;Ramilowski2015;talklr;UniProt_keyword;UniProt_location","47c971d2fbba4ecd0ba7485d1846a74054432a0d1a97ea3e6a79ae27d0da8094","5e4142df024fd4d5d64cc667299364982a51176076ae6a69e1069425530afafa","FROZEN_BEFORE_EXPRESSION_OUTCOMES","https://zenodo.org/records/7074291|https://omnipathdb.org/intercell"
"CHL1","NicheNet lr_network_human_21122021.rds unique from","NicheNet human LR network 2021-12-21; Zenodo 7074291","NICHENET_AND_OMNIPATH_MAPPED",4,50,"YES","YES","YES","YES","OMNIPATH_SECRETED_ANNOTATION","Almen2009;CellCellInteractions;Cellinker;CellPhoneDB;connectomeDB2020;ConnectomeDB2025;CSPA;HGNC;ICELLNET;LOCATE;MatrixDB;Membranome;OmniPath;Phobius;Ramilowski_location;Surfaceome;TopDB;UniProt_keyword;UniProt_location;UniProt_topology;Zhong2015","47c971d2fbba4ecd0ba7485d1846a74054432a0d1a97ea3e6a79ae27d0da8094","5e4142df024fd4d5d64cc667299364982a51176076ae6a69e1069425530afafa","FROZEN_BEFORE_EXPRESSION_OUTCOMES","https://zenodo.org/records/7074291|https://omnipathdb.org/intercell"
"CIB1","NicheNet lr_network_human_21122021.rds unique from","NicheNet human LR network 2021-12-21; Zenodo 7074291","NICHENET_AND_OMNIPATH_MAPPED",2,11,"NO","YES","NO","NO","NO_OMNIPATH_SECRETED_ANNOTATION","Adhesome;ComPPI;GO_Intercell;OmniPath;Ramilowski_location;UniProt_location","47c971d2fbba4ecd0ba7485d1846a74054432a0d1a97ea3e6a79ae27d0da8094","5e4142df024fd4d5d64cc667299364982a51176076ae6a69e1069425530afafa","FROZEN_BEFORE_EXPRESSION_OUTCOMES","https://zenodo.org/records/7074291|https://omnipathdb.org/intercell"
"CKLF","NicheNet lr_network_human_21122021.rds unique from","NicheNet human LR network 2021-12-21; Zenodo 7074291","NICHENET_AND_OMNIPATH_MAPPED",2,25,"YES","YES","YES","YES","OMNIPATH_SECRETED_ANNOTATION","CellTalkDB;ComPPI;ConnectomeDB2025;GO_Intercell;HPA_secretome;LRdb;MatrixDB;OmniPath;Phobius;Ramilowski_location;UniProt_keyword;UniProt_location;UniProt_topology","47c971d2fbba4ecd0ba7485d1846a74054432a0d1a97ea3e6a79ae27d0da8094","5e4142df024fd4d5d64cc667299364982a51176076ae6a69e1069425530afafa","FROZEN_BEFORE_EXPRESSION_OUTCOMES","https://zenodo.org/records/7074291|https://omnipathdb.org/intercell"
"CLCF1","NicheNet lr_network_human_21122021.rds unique from","NicheNet human LR network 2021-12-21; Zenodo 7074291","NICHENET_AND_OMNIPATH_MAPPED",5,39,"YES","YES","YES","YES","OMNIPATH_SECRETED_ANNOTATION","Baccin2019;CellChatDB;Cellinker;CellPhoneDB;CellTalkDB;ComPPI;connectomeDB2020;ConnectomeDB2025;DGIdb;EMBRACE;GO_Intercell;Guide2Pharma;HGNC;HPA_secretome;HPMR;ICELLNET;iTALK;LOCATE;LRdb;Matrisome;OmniPath;Ramilowski2015;talklr;UniProt_keyword;UniProt_location","47c971d2fbba4ecd0ba7485d1846a74054432a0d1a97ea3e6a79ae27d0da8094","5e4142df024fd4d5d64cc667299364982a51176076ae6a69e1069425530afafa","FROZEN_BEFORE_EXPRESSION_OUTCOMES","https://zenodo.org/records/7074291|https://omnipathdb.org/intercell"
"CLDN1","NicheNet lr_network_human_21122021.rds unique from","NicheNet human LR network 2021-12-21; Zenodo 7074291","NICHENET_AND_OMNIPATH_MAPPED",2,31,"YES","YES","NO","NO","NO_OMNIPATH_SECRETED_ANNOTATION","Almen2009;CellCall;CellChatDB;Cellinker;ComPPI;GO_Intercell;HGNC;LOCATE;OmniPath;Phobius;Ramilowski_location;Surfaceome;UniProt_keyword;UniProt_location;UniProt_topology;Zhong2015","47c971d2fbba4ecd0ba7485d1846a74054432a0d1a97ea3e6a79ae27d0da8094","5e4142df024fd4d5d64cc667299364982a51176076ae6a69e1069425530afafa","FROZEN_BEFORE_EXPRESSION_OUTCOMES","https://zenodo.org/records/7074291|https://omnipathdb.org/intercell"
"CLDN11","NicheNet lr_network_human_21122021.rds unique from","NicheNet human LR network 2021-12-21; Zenodo 7074291","NICHENET_AND_OMNIPATH_MAPPED",1,28,"YES","YES","NO","NO","NO_OMNIPATH_SECRETED_ANNOTATION","Almen2009;Baccin2019;CellChatDB;Cellinker;ComPPI;GO_Intercell;HGNC;LOCATE;OmniPath;Phobius;Ramilowski_location;Surfaceome;UniProt_keyword;UniProt_location;UniProt_topology;Zhong2015","47c971d2fbba4ecd0ba7485d1846a74054432a0d1a97ea3e6a79ae27d0da8094","5e4142df024fd4d5d64cc667299364982a51176076ae6a69e1069425530afafa","FROZEN_BEFORE_EXPRESSION_OUTCOMES","https://zenodo.org/records/7074291|https://omnipathdb.org/intercell"
"CLDN14","NicheNet lr_network_human_21122021.rds unique from","NicheNet human LR network 2021-12-21; Zenodo 7074291","NICHENET_AND_OMNIPATH_MAPPED",1,25,"YES","YES","NO","NO","NO_OMNIPATH_SECRETED_ANNOTATION","Almen2009;CellCall;Cellinker;ComPPI;GO_Intercell;HGNC;LOCATE;MCAM;OmniPath;Phobius;Ramilowski_location;UniProt_keyword;UniProt_location;UniProt_topology;Zhong2015","47c971d2fbba4ecd0ba7485d1846a74054432a0d1a97ea3e6a79ae27d0da8094","5e4142df024fd4d5d64cc667299364982a51176076ae6a69e1069425530afafa","FROZEN_BEFORE_EXPRESSION_OUTCOMES","https://zenodo.org/records/7074291|https://omnipathdb.org/intercell"
"CLDN16","NicheNet lr_network_human_21122021.rds unique from","NicheNet human LR network 2021-12-21; Zenodo 7074291","NICHENET_AND_OMNIPATH_MAPPED",1,27,"YES","YES","NO","NO","NO_OMNIPATH_SECRETED_ANNOTATION","Almen2009;CellCall;Cellinker;ComPPI;GO_Intercell;HGNC;LOCATE;OmniPath;Phobius;Ramilowski_location;Surfaceome;UniProt_keyword;UniProt_location;UniProt_topology;Zhong2015","47c971d2fbba4ecd0ba7485d1846a74054432a0d1a97ea3e6a79ae27d0da8094","5e4142df024fd4d5d64cc667299364982a51176076ae6a69e1069425530afafa","FROZEN_BEFORE_EXPRESSION_OUTCOMES","https://zenodo.org/records/7074291|https://omnipathdb.org/intercell"
"CLDN19","NicheNet lr_network_human_21122021.rds unique from","NicheNet human LR network 2021-12-21; Zenodo 7074291","NICHENET_AND_OMNIPATH_MAPPED",4,27,"YES","YES","NO","NO","NO_OMNIPATH_SECRETED_ANNOTATION","Almen2009;CellCall;Cellinker;ComPPI;GO_Intercell;HGNC;OmniPath;Phobius;Ramilowski_location;Surfaceome;UniProt_keyword;UniProt_location;UniProt_topology;Zhong2015","47c971d2fbba4ecd0ba7485d1846a74054432a0d1a97ea3e6a79ae27d0da8094","5e4142df024fd4d5d64cc667299364982a51176076ae6a69e1069425530afafa","FROZEN_BEFORE_EXPRESSION_OUTCOMES","https://zenodo.org/records/7074291|https://omnipathdb.org/intercell"
"CLDN2","NicheNet lr_network_human_21122021.rds unique from","NicheNet human LR network 2021-12-21; Zenodo 7074291","NICHENET_AND_OMNIPATH_MAPPED",1,31,"YES","YES","NO","YES","NO_OMNIPATH_SECRETED_ANNOTATION","Almen2009;CellCall;CellChatDB;Cellinker;ComPPI;GO_Intercell;HGNC;LOCATE;OmniPath;Phobius;Ramilowski_location;Surfaceome;UniProt_keyword;UniProt_location;UniProt_topology;Zhong2015","47c971d2fbba4ecd0ba7485d1846a74054432a0d1a97ea3e6a79ae27d0da8094","5e4142df024fd4d5d64cc667299364982a51176076ae6a69e1069425530afafa","FROZEN_BEFORE_EXPRESSION_OUTCOMES","https://zenodo.org/records/7074291|https://omnipathdb.org/intercell"
"CLDN24","NicheNet lr_network_human_21122021.rds unique from","NicheNet human LR network 2021-12-21; Zenodo 7074291","NICHENET_AND_OMNIPATH_MAPPED",1,13,"NO","YES","NO","NO","NO_OMNIPATH_SECRETED_ANNOTATION","GO_Intercell;HGNC;OmniPath;Phobius;Ramilowski_location;Surfaceome;UniProt_keyword;UniProt_location;UniProt_topology","47c971d2fbba4ecd0ba7485d1846a74054432a0d1a97ea3e6a79ae27d0da8094","5e4142df024fd4d5d64cc667299364982a51176076ae6a69e1069425530afafa","FROZEN_BEFORE_EXPRESSION_OUTCOMES","https://zenodo.org/records/7074291|https://omnipathdb.org/intercell"
"CLDN3","NicheNet lr_network_human_21122021.rds unique from","NicheNet human LR network 2021-12-21; Zenodo 7074291","NICHENET_AND_OMNIPATH_MAPPED",1,27,"YES","YES","NO","NO","NO_OMNIPATH_SECRETED_ANNOTATION","Almen2009;CellCall;CellChatDB;Cellinker;ComPPI;GO_Intercell;HGNC;LOCATE;OmniPath;Phobius;Ramilowski_location;Surfaceome;UniProt_keyword;UniProt_location;UniProt_topology;Zhong2015","47c971d2fbba4ecd0ba7485d1846a74054432a0d1a97ea3e6a79ae27d0da8094","5e4142df024fd4d5d64cc667299364982a51176076ae6a69e1069425530afafa","FROZEN_BEFORE_EXPRESSION_OUTCOMES","https://zenodo.org/records/7074291|https://omnipathdb.org/intercell"
"CLEC11A","NicheNet lr_network_human_21122021.rds unique from","NicheNet human LR network 2021-12-21; Zenodo 7074291","NICHENET_AND_OMNIPATH_MAPPED",4,24,"YES","YES","YES","YES","OMNIPATH_SECRETED_ANNOTATION","ComPPI;connectomeDB2020;ConnectomeDB2025;DGIdb;EMBRACE;GO_Intercell;HPA_secretome;iTALK;LOCATE;MatrixDB;OmniPath;UniProt_keyword;UniProt_location","47c971d2fbba4ecd0ba7485d1846a74054432a0d1a97ea3e6a79ae27d0da8094","5e4142df024fd4d5d64cc667299364982a51176076ae6a69e1069425530afafa","FROZEN_BEFORE_EXPRESSION_OUTCOMES","https://zenodo.org/records/7074291|https://omnipathdb.org/intercell"
"CLEC2A","NicheNet lr_network_human_21122021.rds unique from","NicheNet human LR network 2021-12-21; Zenodo 7074291","NICHENET_AND_OMNIPATH_MAPPED",2,29,"YES","YES","NO","YES","NO_OMNIPATH_SECRETED_ANNOTATION","CellChatDB;Cellinker;CellPhoneDB;CellTalkDB;connectomeDB2020;ConnectomeDB2025;ICELLNET;LRdb;OmniPath;Phobius;Ramilowski_location;TopDB;UniProt_keyword;UniProt_location;UniProt_topology","47c971d2fbba4ecd0ba7485d1846a74054432a0d1a97ea3e6a79ae27d0da8094","5e4142df024fd4d5d64cc667299364982a51176076ae6a69e1069425530afafa","FROZEN_BEFORE_EXPRESSION_OUTCOMES","https://zenodo.org/records/7074291|https://omnipathdb.org/intercell"
"CLEC2B","NicheNet lr_network_human_21122021.rds unique from","NicheNet human LR network 2021-12-21; Zenodo 7074291","NICHENET_AND_OMNIPATH_MAPPED",2,34,"YES","YES","NO","YES","NO_OMNIPATH_SECRETED_ANNOTATION","CellCellInteractions;CellChatDB;Cellinker;CellPhoneDB;CellTalkDB;connectomeDB2020;ConnectomeDB2025;DGIdb;GO_Intercell;ICELLNET;iTALK;LOCATE;LRdb;OmniPath;Ramilowski_location;UniProt_keyword;UniProt_location;UniProt_topology","47c971d2fbba4ecd0ba7485d1846a74054432a0d1a97ea3e6a79ae27d0da8094","5e4142df024fd4d5d64cc667299364982a51176076ae6a69e1069425530afafa","FROZEN_BEFORE_EXPRESSION_OUTCOMES","https://zenodo.org/records/7074291|https://omnipathdb.org/intercell"
"CLEC2D","NicheNet lr_network_human_21122021.rds unique from","NicheNet human LR network 2021-12-21; Zenodo 7074291","NICHENET_AND_OMNIPATH_MAPPED",1,55,"YES","YES","NO","YES","NO_OMNIPATH_SECRETED_ANNOTATION","Almen2009;CellCellInteractions;CellChatDB;Cellinker;CellPhoneDB;CellTalkDB;connectomeDB2020;ConnectomeDB2025;CSPA;DGIdb;GO_Intercell;HPMR;ICELLNET;LRdb;OmniPath;Phobius;Ramilowski_location;Surfaceome;TopDB;UniProt_keyword;UniProt_location;UniProt_topology","47c971d2fbba4ecd0ba7485d1846a74054432a0d1a97ea3e6a79ae27d0da8094","5e4142df024fd4d5d64cc667299364982a51176076ae6a69e1069425530afafa","FROZEN_BEFORE_EXPRESSION_OUTCOMES","https://zenodo.org/records/7074291|https://omnipathdb.org/intercell"
"CLEC2L","NicheNet lr_network_human_21122021.rds unique from","NicheNet human LR network 2021-12-21; Zenodo 7074291","NICHENET_AND_OMNIPATH_MAPPED",3,20,"YES","YES","NO","NO","NO_OMNIPATH_SECRETED_ANNOTATION","Almen2009;CellChatDB;Cellinker;OmniPath;Phobius;Ramilowski_location;UniProt_keyword;UniProt_location;UniProt_topology","47c971d2fbba4ecd0ba7485d1846a74054432a0d1a97ea3e6a79ae27d0da8094","5e4142df024fd4d5d64cc667299364982a51176076ae6a69e1069425530afafa","FROZEN_BEFORE_EXPRESSION_OUTCOMES","https://zenodo.org/records/7074291|https://omnipathdb.org/intercell"
"CLEC3A","NicheNet lr_network_human_21122021.rds unique from","NicheNet human LR network 2021-12-21; Zenodo 7074291","NICHENET_AND_OMNIPATH_MAPPED",2,5,"NO","YES","YES","YES","OMNIPATH_SECRETED_ANNOTATION","MatrixDB;OmniPath;UniProt_keyword;UniProt_location","47c971d2fbba4ecd0ba7485d1846a74054432a0d1a97ea3e6a79ae27d0da8094","5e4142df024fd4d5d64cc667299364982a51176076ae6a69e1069425530afafa","FROZEN_BEFORE_EXPRESSION_OUTCOMES","https://zenodo.org/records/7074291|https://omnipathdb.org/intercell"
"CLEC4G","NicheNet lr_network_human_21122021.rds unique from","NicheNet human LR network 2021-12-21; Zenodo 7074291","NICHENET_AND_OMNIPATH_MAPPED",1,33,"YES","YES","NO","YES","NO_OMNIPATH_SECRETED_ANNOTATION","Almen2009;connectomeDB2020;ConnectomeDB2025;DGIdb;GO_Intercell;ICELLNET;LOCATE;OmniPath;Phobius;Ramilowski_location;Surfaceome;UniProt_keyword;UniProt_location;UniProt_topology","47c971d2fbba4ecd0ba7485d1846a74054432a0d1a97ea3e6a79ae27d0da8094","5e4142df024fd4d5d64cc667299364982a51176076ae6a69e1069425530afafa","FROZEN_BEFORE_EXPRESSION_OUTCOMES","https://zenodo.org/records/7074291|https://omnipathdb.org/intercell"
"CLMP","NicheNet lr_network_human_21122021.rds unique from","NicheNet human LR network 2021-12-21; Zenodo 7074291","NICHENET_AND_OMNIPATH_MAPPED",1,32,"NO","YES","NO","NO","NO_OMNIPATH_SECRETED_ANNOTATION","Almen2009;Cellinker;ComPPI;CSPA;GO_Intercell;HGNC;LOCATE;Membranome;OmniPath;Phobius;Ramilowski_location;Surfaceome;UniProt_keyword;UniProt_location;UniProt_topology","47c971d2fbba4ecd0ba7485d1846a74054432a0d1a97ea3e6a79ae27d0da8094","5e4142df024fd4d5d64cc667299364982a51176076ae6a69e1069425530afafa","FROZEN_BEFORE_EXPRESSION_OUTCOMES","https://zenodo.org/records/7074291|https://omnipathdb.org/intercell"
"CLU","NicheNet lr_network_human_21122021.rds unique from","NicheNet human LR network 2021-12-21; Zenodo 7074291","NICHENET_AND_OMNIPATH_MAPPED",2,24,"YES","YES","YES","YES","OMNIPATH_SECRETED_ANNOTATION","Cellinker;CellPhoneDB;ComPPI;ConnectomeDB2025;GO_Intercell;HPA_secretome;LOCATE;OmniPath;UniProt_keyword;UniProt_location","47c971d2fbba4ecd0ba7485d1846a74054432a0d1a97ea3e6a79ae27d0da8094","5e4142df024fd4d5d64cc667299364982a51176076ae6a69e1069425530afafa","FROZEN_BEFORE_EXPRESSION_OUTCOMES","https://zenodo.org/records/7074291|https://omnipathdb.org/intercell"
"CLUL1","NicheNet lr_network_human_21122021.rds unique from","NicheNet human LR network 2021-12-21; Zenodo 7074291","NICHENET_AND_OMNIPATH_MAPPED",1,12,"YES","YES","YES","YES","OMNIPATH_SECRETED_ANNOTATION","GO_Intercell;HPA_secretome;LOCATE;MatrixDB;OmniPath;scConnect;UniProt_keyword;UniProt_location","47c971d2fbba4ecd0ba7485d1846a74054432a0d1a97ea3e6a79ae27d0da8094","5e4142df024fd4d5d64cc667299364982a51176076ae6a69e1069425530afafa","FROZEN_BEFORE_EXPRESSION_OUTCOMES","https://zenodo.org/records/7074291|https://omnipathdb.org/intercell"
"CMTM8","NicheNet lr_network_human_21122021.rds unique from","NicheNet human LR network 2021-12-21; Zenodo 7074291","NICHENET_AND_OMNIPATH_MAPPED",1,16,"YES","YES","NO","NO","NO_OMNIPATH_SECRETED_ANNOTATION","ComPPI;GO_Intercell;LOCATE;MatrixDB;OmniPath;Phobius;Ramilowski_location;UniProt_keyword;UniProt_location;UniProt_topology","47c971d2fbba4ecd0ba7485d1846a74054432a0d1a97ea3e6a79ae27d0da8094","5e4142df024fd4d5d64cc667299364982a51176076ae6a69e1069425530afafa","FROZEN_BEFORE_EXPRESSION_OUTCOMES","https://zenodo.org/records/7074291|https://omnipathdb.org/intercell"
"CNMD","NicheNet lr_network_human_21122021.rds unique from","NicheNet human LR network 2021-12-21; Zenodo 7074291","NICHENET_AND_OMNIPATH_MAPPED",1,21,"YES","YES","YES","YES","OMNIPATH_SECRETED_ANNOTATION","CellCellInteractions;Cellinker;ComPPI;HPA_secretome;LOCATE;MatrixDB;OmniPath;Phobius;Ramilowski_location;UniProt_keyword;UniProt_location;UniProt_topology","47c971d2fbba4ecd0ba7485d1846a74054432a0d1a97ea3e6a79ae27d0da8094","5e4142df024fd4d5d64cc667299364982a51176076ae6a69e1069425530afafa","FROZEN_BEFORE_EXPRESSION_OUTCOMES","https://zenodo.org/records/7074291|https://omnipathdb.org/intercell"
"CNTF","NicheNet lr_network_human_21122021.rds unique from","NicheNet human LR network 2021-12-21; Zenodo 7074291","NICHENET_AND_OMNIPATH_MAPPED",5,14,"NO","NO","YES","YES","OMNIPATH_SECRETED_ANNOTATION","Baccin2019;Cellinker;ComPPI;connectomeDB2020;ConnectomeDB2025;GO_Intercell;HPMR;Matrisome;OmniPath;UniProt_keyword;UniProt_location","47c971d2fbba4ecd0ba7485d1846a74054432a0d1a97ea3e6a79ae27d0da8094","5e4142df024fd4d5d64cc667299364982a51176076ae6a69e1069425530afafa","FROZEN_BEFORE_EXPRESSION_OUTCOMES","https://zenodo.org/records/7074291|https://omnipathdb.org/intercell"
"CNTN1","NicheNet lr_network_human_21122021.rds unique from","NicheNet human LR network 2021-12-21; Zenodo 7074291","NICHENET_AND_OMNIPATH_MAPPED",11,58,"YES","YES","NO","YES","NO_OMNIPATH_SECRETED_ANNOTATION","Almen2009;Baccin2019;CellCellInteractions;CellChatDB;Cellinker;CellPhoneDB;CellTalkDB;connectomeDB2020;ConnectomeDB2025;CSPA;EMBRACE;HPMR;ICELLNET;iTALK;LOCATE;LRdb;MCAM;OmniPath;Phobius;Ramilowski2015;SignaLink_function;Surfaceome;talklr;TopDB;UniProt_location;Zhong2015","47c971d2fbba4ecd0ba7485d1846a74054432a0d1a97ea3e6a79ae27d0da8094","5e4142df024fd4d5d64cc667299364982a51176076ae6a69e1069425530afafa","FROZEN_BEFORE_EXPRESSION_OUTCOMES","https://zenodo.org/records/7074291|https://omnipathdb.org/intercell"
"CNTN2","NicheNet lr_network_human_21122021.rds unique from","NicheNet human LR network 2021-12-21; Zenodo 7074291","NICHENET_AND_OMNIPATH_MAPPED",7,35,"YES","YES","YES","YES","OMNIPATH_SECRETED_ANNOTATION","Baccin2019;CellChatDB;Cellinker;CellTalkDB;connectomeDB2020;ConnectomeDB2025;EMBRACE;HPA_secretome;iTALK;LOCATE;LRdb;OmniPath;Ramilowski2015;Surfaceome;talklr;UniProt_location;Zhong2015","47c971d2fbba4ecd0ba7485d1846a74054432a0d1a97ea3e6a79ae27d0da8094","5e4142df024fd4d5d64cc667299364982a51176076ae6a69e1069425530afafa","FROZEN_BEFORE_EXPRESSION_OUTCOMES","https://zenodo.org/records/7074291|https://omnipathdb.org/intercell"
"CNTN3","NicheNet lr_network_human_21122021.rds unique from","NicheNet human LR network 2021-12-21; Zenodo 7074291","NICHENET_AND_OMNIPATH_MAPPED",3,24,"YES","YES","NO","NO","NO_OMNIPATH_SECRETED_ANNOTATION","Cellinker;CellTalkDB;ConnectomeDB2025;CSPA;MatrixDB;OmniPath;Phobius;Surfaceome;TopDB;UniProt_location;Zhong2015","47c971d2fbba4ecd0ba7485d1846a74054432a0d1a97ea3e6a79ae27d0da8094","5e4142df024fd4d5d64cc667299364982a51176076ae6a69e1069425530afafa","FROZEN_BEFORE_EXPRESSION_OUTCOMES","https://zenodo.org/records/7074291|https://omnipathdb.org/intercell"
"CNTN4","NicheNet lr_network_human_21122021.rds unique from","NicheNet human LR network 2021-12-21; Zenodo 7074291","NICHENET_AND_OMNIPATH_MAPPED",4,29,"YES","YES","YES","YES","OMNIPATH_SECRETED_ANNOTATION","Cellinker;CellTalkDB;connectomeDB2020;ConnectomeDB2025;EMBRACE;iTALK;LRdb;MatrixDB;OmniPath;Ramilowski2015;Surfaceome;talklr;UniProt_keyword;UniProt_location;Zhong2015","47c971d2fbba4ecd0ba7485d1846a74054432a0d1a97ea3e6a79ae27d0da8094","5e4142df024fd4d5d64cc667299364982a51176076ae6a69e1069425530afafa","FROZEN_BEFORE_EXPRESSION_OUTCOMES","https://zenodo.org/records/7074291|https://omnipathdb.org/intercell"
"CNTN5","NicheNet lr_network_human_21122021.rds unique from","NicheNet human LR network 2021-12-21; Zenodo 7074291","NICHENET_AND_OMNIPATH_MAPPED",8,21,"YES","YES","YES","YES","OMNIPATH_SECRETED_ANNOTATION","Cellinker;ComPPI;ConnectomeDB2025;MatrixDB;OmniPath;Surfaceome;UniProt_location;Zhong2015","47c971d2fbba4ecd0ba7485d1846a74054432a0d1a97ea3e6a79ae27d0da8094","5e4142df024fd4d5d64cc667299364982a51176076ae6a69e1069425530afafa","FROZEN_BEFORE_EXPRESSION_OUTCOMES","https://zenodo.org/records/7074291|https://omnipathdb.org/intercell"
"CNTN6","NicheNet lr_network_human_21122021.rds unique from","NicheNet human LR network 2021-12-21; Zenodo 7074291","NICHENET_AND_OMNIPATH_MAPPED",2,20,"YES","YES","YES","YES","OMNIPATH_SECRETED_ANNOTATION","Cellinker;connectomeDB2020;ConnectomeDB2025;OmniPath;SignaLink_function;Surfaceome;UniProt_location;Zhong2015","47c971d2fbba4ecd0ba7485d1846a74054432a0d1a97ea3e6a79ae27d0da8094","5e4142df024fd4d5d64cc667299364982a51176076ae6a69e1069425530afafa","FROZEN_BEFORE_EXPRESSION_OUTCOMES","https://zenodo.org/records/7074291|https://omnipathdb.org/intercell"
"COL10A1","NicheNet lr_network_human_21122021.rds unique from","NicheNet human LR network 2021-12-21; Zenodo 7074291","NICHENET_AND_OMNIPATH_MAPPED",6,20,"YES","YES","YES","YES","OMNIPATH_SECRETED_ANNOTATION","Cellinker;CellPhoneDB;ConnectomeDB2025;GO_Intercell;HPA_secretome;ICELLNET;LOCATE;Matrisome;OmniPath;UniProt_keyword;UniProt_location","47c971d2fbba4ecd0ba7485d1846a74054432a0d1a97ea3e6a79ae27d0da8094","5e4142df024fd4d5d64cc667299364982a51176076ae6a69e1069425530afafa","FROZEN_BEFORE_EXPRESSION_OUTCOMES","https://zenodo.org/records/7074291|https://omnipathdb.org/intercell"
"COL11A1","NicheNet lr_network_human_21122021.rds unique from","NicheNet human LR network 2021-12-21; Zenodo 7074291","NICHENET_AND_OMNIPATH_MAPPED",6,15,"NO","YES","YES","YES","OMNIPATH_SECRETED_ANNOTATION","Baccin2019;connectomeDB2020;ConnectomeDB2025;GO_Intercell;HPA_secretome;LOCATE;Matrisome;OmniPath;UniProt_keyword;UniProt_location","47c971d2fbba4ecd0ba7485d1846a74054432a0d1a97ea3e6a79ae27d0da8094","5e4142df024fd4d5d64cc667299364982a51176076ae6a69e1069425530afafa","FROZEN_BEFORE_EXPRESSION_OUTCOMES","https://zenodo.org/records/7074291|https://omnipathdb.org/intercell"
"COL11A2","NicheNet lr_network_human_21122021.rds unique from","NicheNet human LR network 2021-12-21; Zenodo 7074291","NICHENET_AND_OMNIPATH_MAPPED",5,19,"YES","YES","YES","YES","OMNIPATH_SECRETED_ANNOTATION","CellPhoneDB;ConnectomeDB2025;GO_Intercell;HPA_secretome;ICELLNET;LOCATE;Matrisome;OmniPath;UniProt_keyword;UniProt_location","47c971d2fbba4ecd0ba7485d1846a74054432a0d1a97ea3e6a79ae27d0da8094","5e4142df024fd4d5d64cc667299364982a51176076ae6a69e1069425530afafa","FROZEN_BEFORE_EXPRESSION_OUTCOMES","https://zenodo.org/records/7074291|https://omnipathdb.org/intercell"
"COL12A1","NicheNet lr_network_human_21122021.rds unique from","NicheNet human LR network 2021-12-21; Zenodo 7074291","NICHENET_AND_OMNIPATH_MAPPED",5,19,"YES","YES","YES","YES","OMNIPATH_SECRETED_ANNOTATION","CellPhoneDB;ComPPI;GO_Intercell;HGNC;HPA_secretome;ICELLNET;Matrisome;OmniPath;UniProt_keyword;UniProt_location","47c971d2fbba4ecd0ba7485d1846a74054432a0d1a97ea3e6a79ae27d0da8094","5e4142df024fd4d5d64cc667299364982a51176076ae6a69e1069425530afafa","FROZEN_BEFORE_EXPRESSION_OUTCOMES","https://zenodo.org/records/7074291|https://omnipathdb.org/intercell"
"COL13A1","NicheNet lr_network_human_21122021.rds unique from","NicheNet human LR network 2021-12-21; Zenodo 7074291","NICHENET_AND_OMNIPATH_MAPPED",5,31,"YES","YES","NO","YES","NO_OMNIPATH_SECRETED_ANNOTATION","Cellinker;CellPhoneDB;ComPPI;connectomeDB2020;ConnectomeDB2025;GO_Intercell;ICELLNET;LOCATE;Matrisome;OmniPath;Phobius;Ramilowski_location;UniProt_keyword;UniProt_location;UniProt_topology","47c971d2fbba4ecd0ba7485d1846a74054432a0d1a97ea3e6a79ae27d0da8094","5e4142df024fd4d5d64cc667299364982a51176076ae6a69e1069425530afafa","FROZEN_BEFORE_EXPRESSION_OUTCOMES","https://zenodo.org/records/7074291|https://omnipathdb.org/intercell"
"COL14A1","NicheNet lr_network_human_21122021.rds unique from","NicheNet human LR network 2021-12-21; Zenodo 7074291","NICHENET_AND_OMNIPATH_MAPPED",6,19,"NO","YES","YES","YES","OMNIPATH_SECRETED_ANNOTATION","Cellinker;ComPPI;connectomeDB2020;ConnectomeDB2025;GO_Intercell;HPA_secretome;LOCATE;Matrisome;OmniPath;TopDB;UniProt_keyword;UniProt_location","47c971d2fbba4ecd0ba7485d1846a74054432a0d1a97ea3e6a79ae27d0da8094","5e4142df024fd4d5d64cc667299364982a51176076ae6a69e1069425530afafa","FROZEN_BEFORE_EXPRESSION_OUTCOMES","https://zenodo.org/records/7074291|https://omnipathdb.org/intercell"
"COL15A1","NicheNet lr_network_human_21122021.rds unique from","NicheNet human LR network 2021-12-21; Zenodo 7074291","NICHENET_AND_OMNIPATH_MAPPED",5,19,"YES","YES","YES","YES","OMNIPATH_SECRETED_ANNOTATION","CellPhoneDB;GO_Intercell;HGNC;HPA_secretome;ICELLNET;LOCATE;Matrisome;OmniPath;UniProt_keyword;UniProt_location","47c971d2fbba4ecd0ba7485d1846a74054432a0d1a97ea3e6a79ae27d0da8094","5e4142df024fd4d5d64cc667299364982a51176076ae6a69e1069425530afafa","FROZEN_BEFORE_EXPRESSION_OUTCOMES","https://zenodo.org/records/7074291|https://omnipathdb.org/intercell"
"COL16A1","NicheNet lr_network_human_21122021.rds unique from","NicheNet human LR network 2021-12-21; Zenodo 7074291","NICHENET_AND_OMNIPATH_MAPPED",5,21,"YES","YES","YES","YES","OMNIPATH_SECRETED_ANNOTATION","CellPhoneDB;CellTalkDB;ComPPI;GO_Intercell;HPA_secretome;ICELLNET;LOCATE;Matrisome;OmniPath;Ramilowski_location;UniProt_keyword;UniProt_location","47c971d2fbba4ecd0ba7485d1846a74054432a0d1a97ea3e6a79ae27d0da8094","5e4142df024fd4d5d64cc667299364982a51176076ae6a69e1069425530afafa","FROZEN_BEFORE_EXPRESSION_OUTCOMES","https://zenodo.org/records/7074291|https://omnipathdb.org/intercell"
"COL17A1","NicheNet lr_network_human_21122021.rds unique from","NicheNet human LR network 2021-12-21; Zenodo 7074291","NICHENET_AND_OMNIPATH_MAPPED",5,35,"YES","YES","YES","YES","OMNIPATH_SECRETED_ANNOTATION","Almen2009;CellPhoneDB;ConnectomeDB2025;GO_Intercell;HPA_secretome;ICELLNET;LOCATE;Matrisome;OmniPath;Phobius;Ramilowski_location;TopDB;UniProt_keyword;UniProt_location;UniProt_topology","47c971d2fbba4ecd0ba7485d1846a74054432a0d1a97ea3e6a79ae27d0da8094","5e4142df024fd4d5d64cc667299364982a51176076ae6a69e1069425530afafa","FROZEN_BEFORE_EXPRESSION_OUTCOMES","https://zenodo.org/records/7074291|https://omnipathdb.org/intercell"
"COL18A1","NicheNet lr_network_human_21122021.rds unique from","NicheNet human LR network 2021-12-21; Zenodo 7074291","NICHENET_AND_OMNIPATH_MAPPED",10,21,"NO","YES","YES","YES","OMNIPATH_SECRETED_ANNOTATION","Cellinker;connectomeDB2020;ConnectomeDB2025;GO_Intercell;HPA_secretome;HPMR;LOCATE;Matrisome;OmniPath;UniProt_keyword;UniProt_location","47c971d2fbba4ecd0ba7485d1846a74054432a0d1a97ea3e6a79ae27d0da8094","5e4142df024fd4d5d64cc667299364982a51176076ae6a69e1069425530afafa","FROZEN_BEFORE_EXPRESSION_OUTCOMES","https://zenodo.org/records/7074291|https://omnipathdb.org/intercell"
"COL19A1","NicheNet lr_network_human_21122021.rds unique from","NicheNet human LR network 2021-12-21; Zenodo 7074291","NICHENET_AND_OMNIPATH_MAPPED",5,18,"YES","YES","YES","YES","OMNIPATH_SECRETED_ANNOTATION","CellPhoneDB;GO_Intercell;HPA_secretome;ICELLNET;LOCATE;Matrisome;OmniPath;UniProt_keyword;UniProt_location","47c971d2fbba4ecd0ba7485d1846a74054432a0d1a97ea3e6a79ae27d0da8094","5e4142df024fd4d5d64cc667299364982a51176076ae6a69e1069425530afafa","FROZEN_BEFORE_EXPRESSION_OUTCOMES","https://zenodo.org/records/7074291|https://omnipathdb.org/intercell"
"COL1A1","NicheNet lr_network_human_21122021.rds unique from","NicheNet human LR network 2021-12-21; Zenodo 7074291","NICHENET_AND_OMNIPATH_MAPPED",18,23,"YES","YES","YES","YES","OMNIPATH_SECRETED_ANNOTATION","Baccin2019;CellChatDB;Cellinker;ComPPI;connectomeDB2020;ConnectomeDB2025;GO_Intercell;HPA_secretome;HPMR;Matrisome;OmniPath;UniProt_keyword;UniProt_location","47c971d2fbba4ecd0ba7485d1846a74054432a0d1a97ea3e6a79ae27d0da8094","5e4142df024fd4d5d64cc667299364982a51176076ae6a69e1069425530afafa","FROZEN_BEFORE_EXPRESSION_OUTCOMES","https://zenodo.org/records/7074291|https://omnipathdb.org/intercell"
"COL1A2","NicheNet lr_network_human_21122021.rds unique from","NicheNet human LR network 2021-12-21; Zenodo 7074291","NICHENET_AND_OMNIPATH_MAPPED",11,22,"YES","YES","YES","YES","OMNIPATH_SECRETED_ANNOTATION","Baccin2019;CellChatDB;Cellinker;connectomeDB2020;ConnectomeDB2025;GO_Intercell;HPA_secretome;LOCATE;Matrisome;OmniPath;UniProt_keyword;UniProt_location","47c971d2fbba4ecd0ba7485d1846a74054432a0d1a97ea3e6a79ae27d0da8094","5e4142df024fd4d5d64cc667299364982a51176076ae6a69e1069425530afafa","FROZEN_BEFORE_EXPRESSION_OUTCOMES","https://zenodo.org/records/7074291|https://omnipathdb.org/intercell"
"COL20A1","NicheNet lr_network_human_21122021.rds unique from","NicheNet human LR network 2021-12-21; Zenodo 7074291","NICHENET_AND_OMNIPATH_MAPPED",5,15,"YES","YES","YES","YES","OMNIPATH_SECRETED_ANNOTATION","CellPhoneDB;GO_Intercell;HPA_secretome;ICELLNET;Matrisome;OmniPath;UniProt_keyword;UniProt_location","47c971d2fbba4ecd0ba7485d1846a74054432a0d1a97ea3e6a79ae27d0da8094","5e4142df024fd4d5d64cc667299364982a51176076ae6a69e1069425530afafa","FROZEN_BEFORE_EXPRESSION_OUTCOMES","https://zenodo.org/records/7074291|https://omnipathdb.org/intercell"
"COL21A1","NicheNet lr_network_human_21122021.rds unique from","NicheNet human LR network 2021-12-21; Zenodo 7074291","NICHENET_AND_OMNIPATH_MAPPED",5,20,"YES","YES","YES","YES","OMNIPATH_SECRETED_ANNOTATION","CellPhoneDB;GO_Intercell;HPA_secretome;ICELLNET;LOCATE;Matrisome;OmniPath;Ramilowski_location;UniProt_keyword;UniProt_location","47c971d2fbba4ecd0ba7485d1846a74054432a0d1a97ea3e6a79ae27d0da8094","5e4142df024fd4d5d64cc667299364982a51176076ae6a69e1069425530afafa","FROZEN_BEFORE_EXPRESSION_OUTCOMES","https://zenodo.org/records/7074291|https://omnipathdb.org/intercell"
"COL22A1","NicheNet lr_network_human_21122021.rds unique from","NicheNet human LR network 2021-12-21; Zenodo 7074291","NICHENET_AND_OMNIPATH_MAPPED",5,19,"YES","YES","YES","YES","OMNIPATH_SECRETED_ANNOTATION","CellPhoneDB;GO_Intercell;HPA_secretome;ICELLNET;Matrisome;OmniPath;Ramilowski_location;UniProt_keyword;UniProt_location","47c971d2fbba4ecd0ba7485d1846a74054432a0d1a97ea3e6a79ae27d0da8094","5e4142df024fd4d5d64cc667299364982a51176076ae6a69e1069425530afafa","FROZEN_BEFORE_EXPRESSION_OUTCOMES","https://zenodo.org/records/7074291|https://omnipathdb.org/intercell"
"COL24A1","NicheNet lr_network_human_21122021.rds unique from","NicheNet human LR network 2021-12-21; Zenodo 7074291","NICHENET_AND_OMNIPATH_MAPPED",5,18,"YES","YES","YES","YES","OMNIPATH_SECRETED_ANNOTATION","CellPhoneDB;ComPPI;GO_Intercell;HPA_secretome;ICELLNET;LOCATE;Matrisome;OmniPath;UniProt_keyword;UniProt_location","47c971d2fbba4ecd0ba7485d1846a74054432a0d1a97ea3e6a79ae27d0da8094","5e4142df024fd4d5d64cc667299364982a51176076ae6a69e1069425530afafa","FROZEN_BEFORE_EXPRESSION_OUTCOMES","https://zenodo.org/records/7074291|https://omnipathdb.org/intercell"
"COL26A1","NicheNet lr_network_human_21122021.rds unique from","NicheNet human LR network 2021-12-21; Zenodo 7074291","NICHENET_AND_OMNIPATH_MAPPED",5,20,"YES","YES","YES","YES","OMNIPATH_SECRETED_ANNOTATION","CellPhoneDB;ComPPI;GO_Intercell;HGNC;HPA_secretome;ICELLNET;LOCATE;Matrisome;OmniPath;Ramilowski_location;UniProt_keyword;UniProt_location","47c971d2fbba4ecd0ba7485d1846a74054432a0d1a97ea3e6a79ae27d0da8094","5e4142df024fd4d5d64cc667299364982a51176076ae6a69e1069425530afafa","FROZEN_BEFORE_EXPRESSION_OUTCOMES","https://zenodo.org/records/7074291|https://omnipathdb.org/intercell"
"COL27A1","NicheNet lr_network_human_21122021.rds unique from","NicheNet human LR network 2021-12-21; Zenodo 7074291","NICHENET_AND_OMNIPATH_MAPPED",5,18,"YES","YES","YES","YES","OMNIPATH_SECRETED_ANNOTATION","CellPhoneDB;GO_Intercell;HPA_secretome;ICELLNET;LOCATE;Matrisome;OmniPath;Ramilowski_location;UniProt_keyword;UniProt_location","47c971d2fbba4ecd0ba7485d1846a74054432a0d1a97ea3e6a79ae27d0da8094","5e4142df024fd4d5d64cc667299364982a51176076ae6a69e1069425530afafa","FROZEN_BEFORE_EXPRESSION_OUTCOMES","https://zenodo.org/records/7074291|https://omnipathdb.org/intercell"
"COL28A1","NicheNet lr_network_human_21122021.rds unique from","NicheNet human LR network 2021-12-21; Zenodo 7074291","NICHENET_AND_OMNIPATH_MAPPED",5,18,"YES","YES","YES","YES","OMNIPATH_SECRETED_ANNOTATION","CellPhoneDB;GO_Intercell;HGNC;HPA_secretome;ICELLNET;Matrisome;OmniPath;Ramilowski_location;UniProt_keyword;UniProt_location","47c971d2fbba4ecd0ba7485d1846a74054432a0d1a97ea3e6a79ae27d0da8094","5e4142df024fd4d5d64cc667299364982a51176076ae6a69e1069425530afafa","FROZEN_BEFORE_EXPRESSION_OUTCOMES","https://zenodo.org/records/7074291|https://omnipathdb.org/intercell"
"COL2A1","NicheNet lr_network_human_21122021.rds unique from","NicheNet human LR network 2021-12-21; Zenodo 7074291","NICHENET_AND_OMNIPATH_MAPPED",16,24,"YES","YES","YES","YES","OMNIPATH_SECRETED_ANNOTATION","Baccin2019;CellChatDB;Cellinker;ComPPI;connectomeDB2020;ConnectomeDB2025;GO_Intercell;HPA_secretome;HPMR;LOCATE;Matrisome;OmniPath;UniProt_keyword;UniProt_location","47c971d2fbba4ecd0ba7485d1846a74054432a0d1a97ea3e6a79ae27d0da8094","5e4142df024fd4d5d64cc667299364982a51176076ae6a69e1069425530afafa","FROZEN_BEFORE_EXPRESSION_OUTCOMES","https://zenodo.org/records/7074291|https://omnipathdb.org/intercell"
"COL3A1","NicheNet lr_network_human_21122021.rds unique from","NicheNet human LR network 2021-12-21; Zenodo 7074291","NICHENET_AND_OMNIPATH_MAPPED",8,19,"YES","YES","YES","YES","OMNIPATH_SECRETED_ANNOTATION","Baccin2019;CellChatDB;Cellinker;connectomeDB2020;ConnectomeDB2025;GO_Intercell;HPA_secretome;Matrisome;OmniPath;UniProt_keyword;UniProt_location","47c971d2fbba4ecd0ba7485d1846a74054432a0d1a97ea3e6a79ae27d0da8094","5e4142df024fd4d5d64cc667299364982a51176076ae6a69e1069425530afafa","FROZEN_BEFORE_EXPRESSION_OUTCOMES","https://zenodo.org/records/7074291|https://omnipathdb.org/intercell"
"COL4A1","NicheNet lr_network_human_21122021.rds unique from","NicheNet human LR network 2021-12-21; Zenodo 7074291","NICHENET_AND_OMNIPATH_MAPPED",8,22,"YES","YES","YES","YES","OMNIPATH_SECRETED_ANNOTATION","Baccin2019;CellChatDB;Cellinker;connectomeDB2020;ConnectomeDB2025;GO_Intercell;HPA_secretome;LOCATE;Matrisome;OmniPath;Ramilowski_location;UniProt_keyword;UniProt_location","47c971d2fbba4ecd0ba7485d1846a74054432a0d1a97ea3e6a79ae27d0da8094","5e4142df024fd4d5d64cc667299364982a51176076ae6a69e1069425530afafa","FROZEN_BEFORE_EXPRESSION_OUTCOMES","https://zenodo.org/records/7074291|https://omnipathdb.org/intercell"
"COL4A2","NicheNet lr_network_human_21122021.rds unique from","NicheNet human LR network 2021-12-21; Zenodo 7074291","NICHENET_AND_OMNIPATH_MAPPED",10,23,"YES","YES","YES","YES","OMNIPATH_SECRETED_ANNOTATION","Baccin2019;CellChatDB;Cellinker;ComPPI;connectomeDB2020;ConnectomeDB2025;GO_Intercell;HPA_secretome;LOCATE;Matrisome;OmniPath;Ramilowski_location;UniProt_keyword;UniProt_location","47c971d2fbba4ecd0ba7485d1846a74054432a0d1a97ea3e6a79ae27d0da8094","5e4142df024fd4d5d64cc667299364982a51176076ae6a69e1069425530afafa","FROZEN_BEFORE_EXPRESSION_OUTCOMES","https://zenodo.org/records/7074291|https://omnipathdb.org/intercell"
"COL4A3","NicheNet lr_network_human_21122021.rds unique from","NicheNet human LR network 2021-12-21; Zenodo 7074291","NICHENET_AND_OMNIPATH_MAPPED",10,23,"YES","YES","YES","YES","OMNIPATH_SECRETED_ANNOTATION","Baccin2019;CellChatDB;Cellinker;ComPPI;connectomeDB2020;ConnectomeDB2025;GO_Intercell;HPA_secretome;LOCATE;Matrisome;OmniPath;Ramilowski_location;UniProt_keyword;UniProt_location","47c971d2fbba4ecd0ba7485d1846a74054432a0d1a97ea3e6a79ae27d0da8094","5e4142df024fd4d5d64cc667299364982a51176076ae6a69e1069425530afafa","FROZEN_BEFORE_EXPRESSION_OUTCOMES","https://zenodo.org/records/7074291|https://omnipathdb.org/intercell"
"COL4A4","NicheNet lr_network_human_21122021.rds unique from","NicheNet human LR network 2021-12-21; Zenodo 7074291","NICHENET_AND_OMNIPATH_MAPPED",11,22,"YES","YES","YES","YES","OMNIPATH_SECRETED_ANNOTATION","Baccin2019;CellChatDB;Cellinker;ConnectomeDB2025;GO_Intercell;HPA_secretome;LOCATE;Matrisome;OmniPath;Ramilowski_location;UniProt_keyword;UniProt_location","47c971d2fbba4ecd0ba7485d1846a74054432a0d1a97ea3e6a79ae27d0da8094","5e4142df024fd4d5d64cc667299364982a51176076ae6a69e1069425530afafa","FROZEN_BEFORE_EXPRESSION_OUTCOMES","https://zenodo.org/records/7074291|https://omnipathdb.org/intercell"
"COL4A5","NicheNet lr_network_human_21122021.rds unique from","NicheNet human LR network 2021-12-21; Zenodo 7074291","NICHENET_AND_OMNIPATH_MAPPED",10,24,"YES","YES","YES","YES","OMNIPATH_SECRETED_ANNOTATION","CellChatDB;Cellinker;connectomeDB2020;ConnectomeDB2025;GO_Intercell;HPA_secretome;LOCATE;Matrisome;OmniPath;Ramilowski_location;UniProt_keyword;UniProt_location","47c971d2fbba4ecd0ba7485d1846a74054432a0d1a97ea3e6a79ae27d0da8094","5e4142df024fd4d5d64cc667299364982a51176076ae6a69e1069425530afafa","FROZEN_BEFORE_EXPRESSION_OUTCOMES","https://zenodo.org/records/7074291|https://omnipathdb.org/intercell"
"COL4A6","NicheNet lr_network_human_21122021.rds unique from","NicheNet human LR network 2021-12-21; Zenodo 7074291","NICHENET_AND_OMNIPATH_MAPPED",10,21,"YES","YES","YES","YES","OMNIPATH_SECRETED_ANNOTATION","CellChatDB;Cellinker;connectomeDB2020;ConnectomeDB2025;GO_Intercell;HPA_secretome;LOCATE;Matrisome;OmniPath;Ramilowski_location;UniProt_keyword;UniProt_location","47c971d2fbba4ecd0ba7485d1846a74054432a0d1a97ea3e6a79ae27d0da8094","5e4142df024fd4d5d64cc667299364982a51176076ae6a69e1069425530afafa","FROZEN_BEFORE_EXPRESSION_OUTCOMES","https://zenodo.org/records/7074291|https://omnipathdb.org/intercell"
"COL5A1","NicheNet lr_network_human_21122021.rds unique from","NicheNet human LR network 2021-12-21; Zenodo 7074291","NICHENET_AND_OMNIPATH_MAPPED",11,17,"NO","YES","YES","YES","OMNIPATH_SECRETED_ANNOTATION","Baccin2019;Cellinker;ComPPI;connectomeDB2020;ConnectomeDB2025;GO_Intercell;HPA_secretome;LOCATE;Matrisome;OmniPath;UniProt_keyword;UniProt_location","47c971d2fbba4ecd0ba7485d1846a74054432a0d1a97ea3e6a79ae27d0da8094","5e4142df024fd4d5d64cc667299364982a51176076ae6a69e1069425530afafa","FROZEN_BEFORE_EXPRESSION_OUTCOMES","https://zenodo.org/records/7074291|https://omnipathdb.org/intercell"
"COL5A2","NicheNet lr_network_human_21122021.rds unique from","NicheNet human LR network 2021-12-21; Zenodo 7074291","NICHENET_AND_OMNIPATH_MAPPED",10,15,"NO","YES","YES","YES","OMNIPATH_SECRETED_ANNOTATION","Baccin2019;Cellinker;connectomeDB2020;ConnectomeDB2025;GO_Intercell;HPA_secretome;Matrisome;OmniPath;UniProt_keyword;UniProt_location","47c971d2fbba4ecd0ba7485d1846a74054432a0d1a97ea3e6a79ae27d0da8094","5e4142df024fd4d5d64cc667299364982a51176076ae6a69e1069425530afafa","FROZEN_BEFORE_EXPRESSION_OUTCOMES","https://zenodo.org/records/7074291|https://omnipathdb.org/intercell"
"COL5A3","NicheNet lr_network_human_21122021.rds unique from","NicheNet human LR network 2021-12-21; Zenodo 7074291","NICHENET_AND_OMNIPATH_MAPPED",10,23,"YES","YES","YES","YES","OMNIPATH_SECRETED_ANNOTATION","Cellinker;ComPPI;connectomeDB2020;ConnectomeDB2025;GO_Intercell;HPA_secretome;HPMR;LOCATE;Matrisome;MCAM;OmniPath;UniProt_keyword;UniProt_location","47c971d2fbba4ecd0ba7485d1846a74054432a0d1a97ea3e6a79ae27d0da8094","5e4142df024fd4d5d64cc667299364982a51176076ae6a69e1069425530afafa","FROZEN_BEFORE_EXPRESSION_OUTCOMES","https://zenodo.org/records/7074291|https://omnipathdb.org/intercell"
"COL6A1","NicheNet lr_network_human_21122021.rds unique from","NicheNet human LR network 2021-12-21; Zenodo 7074291","NICHENET_AND_OMNIPATH_MAPPED",6,17,"YES","YES","YES","YES","OMNIPATH_SECRETED_ANNOTATION","CellChatDB;ComPPI;GO_Intercell;HGNC;HPA_secretome;LOCATE;Matrisome;OmniPath;UniProt_keyword;UniProt_location","47c971d2fbba4ecd0ba7485d1846a74054432a0d1a97ea3e6a79ae27d0da8094","5e4142df024fd4d5d64cc667299364982a51176076ae6a69e1069425530afafa","FROZEN_BEFORE_EXPRESSION_OUTCOMES","https://zenodo.org/records/7074291|https://omnipathdb.org/intercell"
"COL6A2","NicheNet lr_network_human_21122021.rds unique from","NicheNet human LR network 2021-12-21; Zenodo 7074291","NICHENET_AND_OMNIPATH_MAPPED",5,16,"NO","YES","YES","YES","OMNIPATH_SECRETED_ANNOTATION","CellChatDB;ComPPI;GO_Intercell;HGNC;HPA_secretome;LOCATE;Matrisome;OmniPath;Ramilowski_location;UniProt_keyword;UniProt_location","47c971d2fbba4ecd0ba7485d1846a74054432a0d1a97ea3e6a79ae27d0da8094","5e4142df024fd4d5d64cc667299364982a51176076ae6a69e1069425530afafa","FROZEN_BEFORE_EXPRESSION_OUTCOMES","https://zenodo.org/records/7074291|https://omnipathdb.org/intercell"
"COL6A3","NicheNet lr_network_human_21122021.rds unique from","NicheNet human LR network 2021-12-21; Zenodo 7074291","NICHENET_AND_OMNIPATH_MAPPED",5,21,"YES","YES","YES","YES","OMNIPATH_SECRETED_ANNOTATION","CellChatDB;CellPhoneDB;CellTalkDB;GO_Intercell;HGNC;HPA_secretome;ICELLNET;iTALK;LOCATE;Matrisome;OmniPath;UniProt_keyword;UniProt_location","47c971d2fbba4ecd0ba7485d1846a74054432a0d1a97ea3e6a79ae27d0da8094","5e4142df024fd4d5d64cc667299364982a51176076ae6a69e1069425530afafa","FROZEN_BEFORE_EXPRESSION_OUTCOMES","https://zenodo.org/records/7074291|https://omnipathdb.org/intercell"
"COL6A5","NicheNet lr_network_human_21122021.rds unique from","NicheNet human LR network 2021-12-21; Zenodo 7074291","NICHENET_AND_OMNIPATH_MAPPED",5,18,"YES","YES","YES","YES","OMNIPATH_SECRETED_ANNOTATION","CellCellInteractions;CellChatDB;CellPhoneDB;ComPPI;GO_Intercell;HGNC;ICELLNET;Matrisome;MatrixDB;OmniPath;UniProt_keyword;UniProt_location","47c971d2fbba4ecd0ba7485d1846a74054432a0d1a97ea3e6a79ae27d0da8094","5e4142df024fd4d5d64cc667299364982a51176076ae6a69e1069425530afafa","FROZEN_BEFORE_EXPRESSION_OUTCOMES","https://zenodo.org/records/7074291|https://omnipathdb.org/intercell"
"COL6A6","NicheNet lr_network_human_21122021.rds unique from","NicheNet human LR network 2021-12-21; Zenodo 7074291","NICHENET_AND_OMNIPATH_MAPPED",5,19,"YES","YES","YES","YES","OMNIPATH_SECRETED_ANNOTATION","CellCellInteractions;CellChatDB;CellPhoneDB;GO_Intercell;HGNC;HPA_secretome;ICELLNET;LOCATE;Matrisome;MatrixDB;OmniPath;UniProt_keyword;UniProt_location","47c971d2fbba4ecd0ba7485d1846a74054432a0d1a97ea3e6a79ae27d0da8094","5e4142df024fd4d5d64cc667299364982a51176076ae6a69e1069425530afafa","FROZEN_BEFORE_EXPRESSION_OUTCOMES","https://zenodo.org/records/7074291|https://omnipathdb.org/intercell"
"COL7A1","NicheNet lr_network_human_21122021.rds unique from","NicheNet human LR network 2021-12-21; Zenodo 7074291","NICHENET_AND_OMNIPATH_MAPPED",5,14,"NO","YES","YES","YES","OMNIPATH_SECRETED_ANNOTATION","GO_Intercell;HGNC;HPA_secretome;Matrisome;OmniPath;Ramilowski_location;UniProt_keyword;UniProt_location","47c971d2fbba4ecd0ba7485d1846a74054432a0d1a97ea3e6a79ae27d0da8094","5e4142df024fd4d5d64cc667299364982a51176076ae6a69e1069425530afafa","FROZEN_BEFORE_EXPRESSION_OUTCOMES","https://zenodo.org/records/7074291|https://omnipathdb.org/intercell"
"COL8A1","NicheNet lr_network_human_21122021.rds unique from","NicheNet human LR network 2021-12-21; Zenodo 7074291","NICHENET_AND_OMNIPATH_MAPPED",6,18,"NO","YES","YES","YES","OMNIPATH_SECRETED_ANNOTATION","Cellinker;ComPPI;connectomeDB2020;ConnectomeDB2025;GO_Intercell;HPA_secretome;LOCATE;Matrisome;OmniPath;Ramilowski_location;UniProt_keyword;UniProt_location","47c971d2fbba4ecd0ba7485d1846a74054432a0d1a97ea3e6a79ae27d0da8094","5e4142df024fd4d5d64cc667299364982a51176076ae6a69e1069425530afafa","FROZEN_BEFORE_EXPRESSION_OUTCOMES","https://zenodo.org/records/7074291|https://omnipathdb.org/intercell"
"COL8A2","NicheNet lr_network_human_21122021.rds unique from","NicheNet human LR network 2021-12-21; Zenodo 7074291","NICHENET_AND_OMNIPATH_MAPPED",7,25,"YES","YES","YES","YES","OMNIPATH_SECRETED_ANNOTATION","Cellinker;CellPhoneDB;CellTalkDB;ConnectomeDB2025;GO_Intercell;HPA_secretome;ICELLNET;LOCATE;Matrisome;OmniPath;Ramilowski_location;UniProt_keyword;UniProt_location","47c971d2fbba4ecd0ba7485d1846a74054432a0d1a97ea3e6a79ae27d0da8094","5e4142df024fd4d5d64cc667299364982a51176076ae6a69e1069425530afafa","FROZEN_BEFORE_EXPRESSION_OUTCOMES","https://zenodo.org/records/7074291|https://omnipathdb.org/intercell"
"COL9A1","NicheNet lr_network_human_21122021.rds unique from","NicheNet human LR network 2021-12-21; Zenodo 7074291","NICHENET_AND_OMNIPATH_MAPPED",6,18,"NO","YES","YES","YES","OMNIPATH_SECRETED_ANNOTATION","CellChatDB;Cellinker;ComPPI;connectomeDB2020;GO_Intercell;HGNC;HPA_secretome;LOCATE;Matrisome;OmniPath;UniProt_keyword;UniProt_location","47c971d2fbba4ecd0ba7485d1846a74054432a0d1a97ea3e6a79ae27d0da8094","5e4142df024fd4d5d64cc667299364982a51176076ae6a69e1069425530afafa","FROZEN_BEFORE_EXPRESSION_OUTCOMES","https://zenodo.org/records/7074291|https://omnipathdb.org/intercell"
"COL9A2","NicheNet lr_network_human_21122021.rds unique from","NicheNet human LR network 2021-12-21; Zenodo 7074291","NICHENET_AND_OMNIPATH_MAPPED",6,18,"NO","YES","YES","YES","OMNIPATH_SECRETED_ANNOTATION","CellChatDB;Cellinker;ComPPI;connectomeDB2020;GO_Intercell;HGNC;HPA_secretome;LOCATE;Matrisome;OmniPath;UniProt_keyword;UniProt_location","47c971d2fbba4ecd0ba7485d1846a74054432a0d1a97ea3e6a79ae27d0da8094","5e4142df024fd4d5d64cc667299364982a51176076ae6a69e1069425530afafa","FROZEN_BEFORE_EXPRESSION_OUTCOMES","https://zenodo.org/records/7074291|https://omnipathdb.org/intercell"
"COL9A3","NicheNet lr_network_human_21122021.rds unique from","NicheNet human LR network 2021-12-21; Zenodo 7074291","NICHENET_AND_OMNIPATH_MAPPED",6,18,"NO","YES","YES","YES","OMNIPATH_SECRETED_ANNOTATION","CellChatDB;Cellinker;ComPPI;connectomeDB2020;GO_Intercell;HGNC;HPA_secretome;LOCATE;Matrisome;OmniPath;UniProt_keyword;UniProt_location","47c971d2fbba4ecd0ba7485d1846a74054432a0d1a97ea3e6a79ae27d0da8094","5e4142df024fd4d5d64cc667299364982a51176076ae6a69e1069425530afafa","FROZEN_BEFORE_EXPRESSION_OUTCOMES","https://zenodo.org/records/7074291|https://omnipathdb.org/intercell"
"COLQ","NicheNet lr_network_human_21122021.rds unique from","NicheNet human LR network 2021-12-21; Zenodo 7074291","NICHENET_AND_OMNIPATH_MAPPED",1,16,"YES","YES","YES","YES","OMNIPATH_SECRETED_ANNOTATION","Cellinker;connectomeDB2020;ConnectomeDB2025;GO_Intercell;HPA_secretome;LOCATE;Matrisome;OmniPath","47c971d2fbba4ecd0ba7485d1846a74054432a0d1a97ea3e6a79ae27d0da8094","5e4142df024fd4d5d64cc667299364982a51176076ae6a69e1069425530afafa","FROZEN_BEFORE_EXPRESSION_OUTCOMES","https://zenodo.org/records/7074291|https://omnipathdb.org/intercell"
"COMP","NicheNet lr_network_human_21122021.rds unique from","NicheNet human LR network 2021-12-21; Zenodo 7074291","NICHENET_AND_OMNIPATH_MAPPED",10,19,"YES","YES","YES","YES","OMNIPATH_SECRETED_ANNOTATION","CellChatDB;Cellinker;CellTalkDB;connectomeDB2020;ConnectomeDB2025;GO_Intercell;HPA_secretome;LOCATE;Matrisome;OmniPath;Ramilowski_location;UniProt_keyword;UniProt_location","47c971d2fbba4ecd0ba7485d1846a74054432a0d1a97ea3e6a79ae27d0da8094","5e4142df024fd4d5d64cc667299364982a51176076ae6a69e1069425530afafa","FROZEN_BEFORE_EXPRESSION_OUTCOMES","https://zenodo.org/records/7074291|https://omnipathdb.org/intercell"
"COPA","NicheNet lr_network_human_21122021.rds unique from","NicheNet human LR network 2021-12-21; Zenodo 7074291","NICHENET_AND_OMNIPATH_MAPPED",6,16,"YES","YES","YES","YES","OMNIPATH_SECRETED_ANNOTATION","ComPPI;DGIdb;GO_Intercell;HPA_secretome;LOCATE;MatrixDB;OmniPath;scConnect;UniProt_keyword;UniProt_location","47c971d2fbba4ecd0ba7485d1846a74054432a0d1a97ea3e6a79ae27d0da8094","5e4142df024fd4d5d64cc667299364982a51176076ae6a69e1069425530afafa","FROZEN_BEFORE_EXPRESSION_OUTCOMES","https://zenodo.org/records/7074291|https://omnipathdb.org/intercell"
"CORIN","NicheNet lr_network_human_21122021.rds unique from","NicheNet human LR network 2021-12-21; Zenodo 7074291","NICHENET_AND_OMNIPATH_MAPPED",2,31,"NO","YES","YES","YES","OMNIPATH_SECRETED_ANNOTATION","Almen2009;Cellinker;ComPPI;GO_Intercell;LOCATE;MatrixDB;OmniPath;Phobius;Ramilowski_location;Surfaceome;UniProt_keyword;UniProt_location;UniProt_topology","47c971d2fbba4ecd0ba7485d1846a74054432a0d1a97ea3e6a79ae27d0da8094","5e4142df024fd4d5d64cc667299364982a51176076ae6a69e1069425530afafa","FROZEN_BEFORE_EXPRESSION_OUTCOMES","https://zenodo.org/records/7074291|https://omnipathdb.org/intercell"
"CORT","NicheNet lr_network_human_21122021.rds unique from","NicheNet human LR network 2021-12-21; Zenodo 7074291","NICHENET_AND_OMNIPATH_MAPPED",9,30,"YES","YES","YES","YES","OMNIPATH_SECRETED_ANNOTATION","Baccin2019;CellChatDB;Cellinker;CellPhoneDB;CellTalkDB;ComPPI;connectomeDB2020;ConnectomeDB2025;EMBRACE;GO_Intercell;Guide2Pharma;HPA_secretome;HPMR;iTALK;LOCATE;LRdb;OmniPath;Ramilowski2015;scConnect;talklr;UniProt_keyword;UniProt_location","47c971d2fbba4ecd0ba7485d1846a74054432a0d1a97ea3e6a79ae27d0da8094","5e4142df024fd4d5d64cc667299364982a51176076ae6a69e1069425530afafa","FROZEN_BEFORE_EXPRESSION_OUTCOMES","https://zenodo.org/records/7074291|https://omnipathdb.org/intercell"
"CP","NicheNet lr_network_human_21122021.rds unique from","NicheNet human LR network 2021-12-21; Zenodo 7074291","NICHENET_AND_OMNIPATH_MAPPED",2,16,"YES","YES","YES","YES","OMNIPATH_SECRETED_ANNOTATION","CellTalkDB;connectomeDB2020;EMBRACE;GO_Intercell;HPA_secretome;iTALK;LRdb;OmniPath;Ramilowski2015;talklr;UniProt_keyword;UniProt_location","47c971d2fbba4ecd0ba7485d1846a74054432a0d1a97ea3e6a79ae27d0da8094","5e4142df024fd4d5d64cc667299364982a51176076ae6a69e1069425530afafa","FROZEN_BEFORE_EXPRESSION_OUTCOMES","https://zenodo.org/records/7074291|https://omnipathdb.org/intercell"
"CPAMD8","NicheNet lr_network_human_21122021.rds unique from","NicheNet human LR network 2021-12-21; Zenodo 7074291","NICHENET_AND_OMNIPATH_MAPPED",1,15,"NO","YES","YES","YES","OMNIPATH_SECRETED_ANNOTATION","Cellinker;connectomeDB2020;HPA_secretome;Matrisome;MatrixDB;OmniPath;UniProt_keyword;UniProt_location","47c971d2fbba4ecd0ba7485d1846a74054432a0d1a97ea3e6a79ae27d0da8094","5e4142df024fd4d5d64cc667299364982a51176076ae6a69e1069425530afafa","FROZEN_BEFORE_EXPRESSION_OUTCOMES","https://zenodo.org/records/7074291|https://omnipathdb.org/intercell"
"CRB3","NicheNet lr_network_human_21122021.rds unique from","NicheNet human LR network 2021-12-21; Zenodo 7074291","NICHENET_AND_OMNIPATH_MAPPED",2,25,"NO","YES","NO","NO","NO_OMNIPATH_SECRETED_ANNOTATION","Almen2009;ComPPI;GO_Intercell;Membranome;OmniPath;Phobius;Ramilowski_location;Surfaceome;TopDB;UniProt_keyword;UniProt_location;UniProt_topology","47c971d2fbba4ecd0ba7485d1846a74054432a0d1a97ea3e6a79ae27d0da8094","5e4142df024fd4d5d64cc667299364982a51176076ae6a69e1069425530afafa","FROZEN_BEFORE_EXPRESSION_OUTCOMES","https://zenodo.org/records/7074291|https://omnipathdb.org/intercell"
"CRH","NicheNet lr_network_human_21122021.rds unique from","NicheNet human LR network 2021-12-21; Zenodo 7074291","NICHENET_AND_OMNIPATH_MAPPED",4,36,"YES","YES","YES","YES","OMNIPATH_SECRETED_ANNOTATION","Baccin2019;CellCall;CellChatDB;Cellinker;CellPhoneDB;CellTalkDB;connectomeDB2020;ConnectomeDB2025;DGIdb;EMBRACE;GO_Intercell;Guide2Pharma;HPA_secretome;HPMR;iTALK;LOCATE;LRdb;OmniPath;Ramilowski2015;scConnect;talklr;UniProt_keyword;UniProt_location","47c971d2fbba4ecd0ba7485d1846a74054432a0d1a97ea3e6a79ae27d0da8094","5e4142df024fd4d5d64cc667299364982a51176076ae6a69e1069425530afafa","FROZEN_BEFORE_EXPRESSION_OUTCOMES","https://zenodo.org/records/7074291|https://omnipathdb.org/intercell"
"CRHR2","NicheNet lr_network_human_21122021.rds unique from","NicheNet human LR network 2021-12-21; Zenodo 7074291","NICHENET_AND_OMNIPATH_MAPPED",1,57,"NO","NO","YES","YES","OMNIPATH_SECRETED_ANNOTATION","Almen2009;Baccin2019;CellCall;CellCellInteractions;CellChatDB;Cellinker;CellPhoneDB;CellTalkDB;connectomeDB2020;ConnectomeDB2025;DGIdb;EMBRACE;GO_Intercell;GPCRdb;Guide2Pharma;HGNC;HPA_secretome;HPMR;iTALK;LOCATE;LRdb;OmniPath;Phobius;Ramilowski_location;Ramilowski2015;scConnect;Surfaceome;talklr;TopDB;UniProt_keyword;UniProt_location;UniProt_topology","47c971d2fbba4ecd0ba7485d1846a74054432a0d1a97ea3e6a79ae27d0da8094","5e4142df024fd4d5d64cc667299364982a51176076ae6a69e1069425530afafa","FROZEN_BEFORE_EXPRESSION_OUTCOMES","https://zenodo.org/records/7074291|https://omnipathdb.org/intercell"
"CRISP2","NicheNet lr_network_human_21122021.rds unique from","NicheNet human LR network 2021-12-21; Zenodo 7074291","NICHENET_AND_OMNIPATH_MAPPED",1,11,"YES","YES","YES","YES","OMNIPATH_SECRETED_ANNOTATION","CellTalkDB;DGIdb;HPA_secretome;MatrixDB;OmniPath;UniProt_keyword;UniProt_location","47c971d2fbba4ecd0ba7485d1846a74054432a0d1a97ea3e6a79ae27d0da8094","5e4142df024fd4d5d64cc667299364982a51176076ae6a69e1069425530afafa","FROZEN_BEFORE_EXPRESSION_OUTCOMES","https://zenodo.org/records/7074291|https://omnipathdb.org/intercell"
"CRISP3","NicheNet lr_network_human_21122021.rds unique from","NicheNet human LR network 2021-12-21; Zenodo 7074291","NICHENET_AND_OMNIPATH_MAPPED",1,15,"YES","YES","YES","YES","OMNIPATH_SECRETED_ANNOTATION","CellCellInteractions;CellTalkDB;ComPPI;DGIdb;GO_Intercell;HPA_secretome;MatrixDB;OmniPath;UniProt_keyword;UniProt_location","47c971d2fbba4ecd0ba7485d1846a74054432a0d1a97ea3e6a79ae27d0da8094","5e4142df024fd4d5d64cc667299364982a51176076ae6a69e1069425530afafa","FROZEN_BEFORE_EXPRESSION_OUTCOMES","https://zenodo.org/records/7074291|https://omnipathdb.org/intercell"
"CRLF1","NicheNet lr_network_human_21122021.rds unique from","NicheNet human LR network 2021-12-21; Zenodo 7074291","NICHENET_AND_OMNIPATH_MAPPED",4,47,"YES","YES","YES","YES","OMNIPATH_SECRETED_ANNOTATION","Almen2009;CellCellInteractions;Cellinker;CellTalkDB;connectomeDB2020;ConnectomeDB2025;DGIdb;EMBRACE;GO_Intercell;Guide2Pharma;HPA_secretome;HPMR;ICELLNET;iTALK;LRdb;Matrisome;OmniPath;Ramilowski2015;SignaLink_function;talklr;UniProt_keyword;UniProt_location","47c971d2fbba4ecd0ba7485d1846a74054432a0d1a97ea3e6a79ae27d0da8094","5e4142df024fd4d5d64cc667299364982a51176076ae6a69e1069425530afafa","FROZEN_BEFORE_EXPRESSION_OUTCOMES","https://zenodo.org/records/7074291|https://omnipathdb.org/intercell"
"CRP","NicheNet lr_network_human_21122021.rds unique from","NicheNet human LR network 2021-12-21; Zenodo 7074291","NICHENET_AND_OMNIPATH_MAPPED",2,14,"NO","YES","YES","YES","OMNIPATH_SECRETED_ANNOTATION","Baccin2019;Cellinker;connectomeDB2020;ConnectomeDB2025;HGNC;HPA_secretome;LOCATE;OmniPath;UniProt_keyword;UniProt_location","47c971d2fbba4ecd0ba7485d1846a74054432a0d1a97ea3e6a79ae27d0da8094","5e4142df024fd4d5d64cc667299364982a51176076ae6a69e1069425530afafa","FROZEN_BEFORE_EXPRESSION_OUTCOMES","https://zenodo.org/records/7074291|https://omnipathdb.org/intercell"
"CRTAM","NicheNet lr_network_human_21122021.rds unique from","NicheNet human LR network 2021-12-21; Zenodo 7074291","NICHENET_AND_OMNIPATH_MAPPED",5,36,"YES","YES","NO","YES","NO_OMNIPATH_SECRETED_ANNOTATION","Almen2009;Baccin2019;CellChatDB;Cellinker;CellPhoneDB;connectomeDB2020;ConnectomeDB2025;Membranome;OmniPath;Phobius;Ramilowski_location;Surfaceome;TopDB;UniProt_keyword;UniProt_location;UniProt_topology","47c971d2fbba4ecd0ba7485d1846a74054432a0d1a97ea3e6a79ae27d0da8094","5e4142df024fd4d5d64cc667299364982a51176076ae6a69e1069425530afafa","FROZEN_BEFORE_EXPRESSION_OUTCOMES","https://zenodo.org/records/7074291|https://omnipathdb.org/intercell"
"CSF1","NicheNet lr_network_human_21122021.rds unique from","NicheNet human LR network 2021-12-21; Zenodo 7074291","NICHENET_AND_OMNIPATH_MAPPED",4,70,"YES","YES","YES","YES","OMNIPATH_SECRETED_ANNOTATION","Almen2009;Baccin2019;CellCall;CellCellInteractions;CellChatDB;Cellinker;CellPhoneDB;CellTalkDB;ComPPI;connectomeDB2020;ConnectomeDB2025;CSPA;DGIdb;EMBRACE;GO_Intercell;Guide2Pharma;HPA_secretome;HPMR;ICELLNET;iTALK;LOCATE;LRdb;Matrisome;Membranome;OmniPath;Phobius;Ramilowski_location;Ramilowski2015;scConnect;SignaLink_function;Surfaceome;talklr;TopDB;UniProt_keyword;UniProt_location;UniProt_topology","47c971d2fbba4ecd0ba7485d1846a74054432a0d1a97ea3e6a79ae27d0da8094","5e4142df024fd4d5d64cc667299364982a51176076ae6a69e1069425530afafa","FROZEN_BEFORE_EXPRESSION_OUTCOMES","https://zenodo.org/records/7074291|https://omnipathdb.org/intercell"
"CSF2","NicheNet lr_network_human_21122021.rds unique from","NicheNet human LR network 2021-12-21; Zenodo 7074291","NICHENET_AND_OMNIPATH_MAPPED",6,41,"YES","YES","YES","YES","OMNIPATH_SECRETED_ANNOTATION","Baccin2019;CellCall;CellChatDB;Cellinker;CellPhoneDB;CellTalkDB;ComPPI;connectomeDB2020;ConnectomeDB2025;DGIdb;GO_Intercell;Guide2Pharma;HPA_secretome;HPMR;ICELLNET;iTALK;Kirouac2010;LRdb;Matrisome;OmniPath;Ramilowski2015;scConnect;SignaLink_function;talklr;UniProt_keyword;UniProt_location","47c971d2fbba4ecd0ba7485d1846a74054432a0d1a97ea3e6a79ae27d0da8094","5e4142df024fd4d5d64cc667299364982a51176076ae6a69e1069425530afafa","FROZEN_BEFORE_EXPRESSION_OUTCOMES","https://zenodo.org/records/7074291|https://omnipathdb.org/intercell"
"CSF3","NicheNet lr_network_human_21122021.rds unique from","NicheNet human LR network 2021-12-21; Zenodo 7074291","NICHENET_AND_OMNIPATH_MAPPED",3,42,"YES","YES","YES","YES","OMNIPATH_SECRETED_ANNOTATION","Baccin2019;CellCall;CellChatDB;Cellinker;CellPhoneDB;CellTalkDB;connectomeDB2020;ConnectomeDB2025;DGIdb;EMBRACE;GO_Intercell;Guide2Pharma;HPA_secretome;ICELLNET;iTALK;Kirouac2010;LOCATE;LRdb;Matrisome;OmniPath;Ramilowski2015;scConnect;SignaLink_function;talklr;UniProt_keyword;UniProt_location","47c971d2fbba4ecd0ba7485d1846a74054432a0d1a97ea3e6a79ae27d0da8094","5e4142df024fd4d5d64cc667299364982a51176076ae6a69e1069425530afafa","FROZEN_BEFORE_EXPRESSION_OUTCOMES","https://zenodo.org/records/7074291|https://omnipathdb.org/intercell"
"CSH1","NicheNet lr_network_human_21122021.rds unique from","NicheNet human LR network 2021-12-21; Zenodo 7074291","NICHENET_AND_OMNIPATH_MAPPED",2,29,"YES","YES","YES","YES","OMNIPATH_SECRETED_ANNOTATION","CellCall;Cellinker;CellTalkDB;ComPPI;connectomeDB2020;DGIdb;GO_Intercell;Guide2Pharma;HGNC;HPA_secretome;iTALK;LOCATE;LRdb;Matrisome;OmniPath;Ramilowski2015;talklr;UniProt_keyword;UniProt_location","47c971d2fbba4ecd0ba7485d1846a74054432a0d1a97ea3e6a79ae27d0da8094","5e4142df024fd4d5d64cc667299364982a51176076ae6a69e1069425530afafa","FROZEN_BEFORE_EXPRESSION_OUTCOMES","https://zenodo.org/records/7074291|https://omnipathdb.org/intercell"
"CSH2","NicheNet lr_network_human_21122021.rds unique from","NicheNet human LR network 2021-12-21; Zenodo 7074291","NICHENET_AND_OMNIPATH_MAPPED",2,24,"YES","YES","YES","YES","OMNIPATH_SECRETED_ANNOTATION","CellCall;CellTalkDB;ComPPI;DGIdb;GO_Intercell;Guide2Pharma;HGNC;HPA_secretome;iTALK;LOCATE;Matrisome;OmniPath;Ramilowski2015;talklr;UniProt_keyword;UniProt_location","47c971d2fbba4ecd0ba7485d1846a74054432a0d1a97ea3e6a79ae27d0da8094","5e4142df024fd4d5d64cc667299364982a51176076ae6a69e1069425530afafa","FROZEN_BEFORE_EXPRESSION_OUTCOMES","https://zenodo.org/records/7074291|https://omnipathdb.org/intercell"
"CSHL1","NicheNet lr_network_human_21122021.rds unique from","NicheNet human LR network 2021-12-21; Zenodo 7074291","NICHENET_AND_OMNIPATH_MAPPED",2,23,"YES","YES","YES","YES","OMNIPATH_SECRETED_ANNOTATION","CellTalkDB;DGIdb;GO_Intercell;Guide2Pharma;HGNC;HPA_secretome;iTALK;LOCATE;Matrisome;OmniPath;Ramilowski2015;scConnect;talklr;UniProt_keyword;UniProt_location","47c971d2fbba4ecd0ba7485d1846a74054432a0d1a97ea3e6a79ae27d0da8094","5e4142df024fd4d5d64cc667299364982a51176076ae6a69e1069425530afafa","FROZEN_BEFORE_EXPRESSION_OUTCOMES","https://zenodo.org/records/7074291|https://omnipathdb.org/intercell"
"CTF1","NicheNet lr_network_human_21122021.rds unique from","NicheNet human LR network 2021-12-21; Zenodo 7074291","NICHENET_AND_OMNIPATH_MAPPED",2,40,"YES","YES","YES","YES","OMNIPATH_SECRETED_ANNOTATION","Baccin2019;CellCall;CellChatDB;Cellinker;CellTalkDB;ComPPI;connectomeDB2020;ConnectomeDB2025;EMBRACE;GO_Intercell;Guide2Pharma;HGNC;HPA_secretome;ICELLNET;iTALK;Kirouac2010;LOCATE;LRdb;Matrisome;MatrixDB;OmniPath;Ramilowski2015;scConnect;SignaLink_function;talklr;UniProt_keyword;UniProt_location","47c971d2fbba4ecd0ba7485d1846a74054432a0d1a97ea3e6a79ae27d0da8094","5e4142df024fd4d5d64cc667299364982a51176076ae6a69e1069425530afafa","FROZEN_BEFORE_EXPRESSION_OUTCOMES","https://zenodo.org/records/7074291|https://omnipathdb.org/intercell"
"CTHRC1","NicheNet lr_network_human_21122021.rds unique from","NicheNet human LR network 2021-12-21; Zenodo 7074291","NICHENET_AND_OMNIPATH_MAPPED",4,17,"NO","YES","YES","YES","OMNIPATH_SECRETED_ANNOTATION","Baccin2019;CellCellInteractions;Cellinker;ComPPI;connectomeDB2020;ConnectomeDB2025;GO_Intercell;HPA_secretome;Matrisome;MatrixDB;OmniPath;UniProt_keyword;UniProt_location","47c971d2fbba4ecd0ba7485d1846a74054432a0d1a97ea3e6a79ae27d0da8094","5e4142df024fd4d5d64cc667299364982a51176076ae6a69e1069425530afafa","FROZEN_BEFORE_EXPRESSION_OUTCOMES","https://zenodo.org/records/7074291|https://omnipathdb.org/intercell"
"CTSD","NicheNet lr_network_human_21122021.rds unique from","NicheNet human LR network 2021-12-21; Zenodo 7074291","NICHENET_AND_OMNIPATH_MAPPED",1,16,"NO","YES","YES","YES","OMNIPATH_SECRETED_ANNOTATION","ComPPI;GO_Intercell;HPA_secretome;LOCATE;OmniPath;scConnect;UniProt_keyword;UniProt_location","47c971d2fbba4ecd0ba7485d1846a74054432a0d1a97ea3e6a79ae27d0da8094","5e4142df024fd4d5d64cc667299364982a51176076ae6a69e1069425530afafa","FROZEN_BEFORE_EXPRESSION_OUTCOMES","https://zenodo.org/records/7074291|https://omnipathdb.org/intercell"
"CTSG","NicheNet lr_network_human_21122021.rds unique from","NicheNet human LR network 2021-12-21; Zenodo 7074291","NICHENET_AND_OMNIPATH_MAPPED",3,32,"YES","YES","YES","YES","OMNIPATH_SECRETED_ANNOTATION","CellChatDB;CellPhoneDB;ComPPI;ConnectomeDB2025;GO_Intercell;HGNC;LOCATE;Matrisome;OmniPath;scConnect;UniProt_keyword;UniProt_location","47c971d2fbba4ecd0ba7485d1846a74054432a0d1a97ea3e6a79ae27d0da8094","5e4142df024fd4d5d64cc667299364982a51176076ae6a69e1069425530afafa","FROZEN_BEFORE_EXPRESSION_OUTCOMES","https://zenodo.org/records/7074291|https://omnipathdb.org/intercell"
"CX3CL1","NicheNet lr_network_human_21122021.rds unique from","NicheNet human LR network 2021-12-21; Zenodo 7074291","NICHENET_AND_OMNIPATH_MAPPED",5,63,"YES","YES","YES","YES","OMNIPATH_SECRETED_ANNOTATION","Almen2009;CellCall;CellChatDB;Cellinker;CellPhoneDB;CellTalkDB;ComPPI;connectomeDB2020;ConnectomeDB2025;GO_Intercell;Guide2Pharma;HGNC;HPA_secretome;HPMR;ICELLNET;iTALK;Kirouac2010;LOCATE;LRdb;Matrisome;Membranome;OmniPath;Phobius;Ramilowski_location;Ramilowski2015;scConnect;Surfaceome;talklr;UniProt_keyword;UniProt_location;UniProt_topology","47c971d2fbba4ecd0ba7485d1846a74054432a0d1a97ea3e6a79ae27d0da8094","5e4142df024fd4d5d64cc667299364982a51176076ae6a69e1069425530afafa","FROZEN_BEFORE_EXPRESSION_OUTCOMES","https://zenodo.org/records/7074291|https://omnipathdb.org/intercell"
"CXADR","NicheNet lr_network_human_21122021.rds unique from","NicheNet human LR network 2021-12-21; Zenodo 7074291","NICHENET_AND_OMNIPATH_MAPPED",2,61,"YES","YES","YES","YES","OMNIPATH_SECRETED_ANNOTATION","Almen2009;Baccin2019;CellCellInteractions;Cellinker;ComPPI;connectomeDB2020;ConnectomeDB2025;CSPA;GO_Intercell;HGNC;ICELLNET;LOCATE;Membranome;OmniPath;Phobius;Ramilowski_location;Surfaceome;TopDB;UniProt_keyword;UniProt_location;UniProt_topology","47c971d2fbba4ecd0ba7485d1846a74054432a0d1a97ea3e6a79ae27d0da8094","5e4142df024fd4d5d64cc667299364982a51176076ae6a69e1069425530afafa","FROZEN_BEFORE_EXPRESSION_OUTCOMES","https://zenodo.org/records/7074291|https://omnipathdb.org/intercell"
"CXCL1","NicheNet lr_network_human_21122021.rds unique from","NicheNet human LR network 2021-12-21; Zenodo 7074291","NICHENET_AND_OMNIPATH_MAPPED",3,44,"YES","YES","YES","YES","OMNIPATH_SECRETED_ANNOTATION","Baccin2019;CellCall;CellChatDB;Cellinker;CellPhoneDB;CellTalkDB;connectomeDB2020;ConnectomeDB2025;DGIdb;GO_Intercell;Guide2Pharma;HGNC;HPA_secretome;HPMR;ICELLNET;iTALK;Kirouac2010;LOCATE;LRdb;Matrisome;OmniPath;Ramilowski2015;scConnect;talklr;UniProt_keyword;UniProt_location","47c971d2fbba4ecd0ba7485d1846a74054432a0d1a97ea3e6a79ae27d0da8094","5e4142df024fd4d5d64cc667299364982a51176076ae6a69e1069425530afafa","FROZEN_BEFORE_EXPRESSION_OUTCOMES","https://zenodo.org/records/7074291|https://omnipathdb.org/intercell"
"CXCL10","NicheNet lr_network_human_21122021.rds unique from","NicheNet human LR network 2021-12-21; Zenodo 7074291","NICHENET_AND_OMNIPATH_MAPPED",5,42,"YES","YES","YES","YES","OMNIPATH_SECRETED_ANNOTATION","Baccin2019;CellCall;CellChatDB;Cellinker;CellPhoneDB;CellTalkDB;connectomeDB2020;ConnectomeDB2025;DGIdb;EMBRACE;GO_Intercell;Guide2Pharma;HGNC;HPA_secretome;HPMR;ICELLNET;iTALK;Kirouac2010;LOCATE;LRdb;Matrisome;OmniPath;Ramilowski2015;scConnect;talklr;UniProt_keyword;UniProt_location","47c971d2fbba4ecd0ba7485d1846a74054432a0d1a97ea3e6a79ae27d0da8094","5e4142df024fd4d5d64cc667299364982a51176076ae6a69e1069425530afafa","FROZEN_BEFORE_EXPRESSION_OUTCOMES","https://zenodo.org/records/7074291|https://omnipathdb.org/intercell"
"CXCL11","NicheNet lr_network_human_21122021.rds unique from","NicheNet human LR network 2021-12-21; Zenodo 7074291","NICHENET_AND_OMNIPATH_MAPPED",6,36,"YES","YES","YES","YES","OMNIPATH_SECRETED_ANNOTATION","CellCall;CellChatDB;Cellinker;CellPhoneDB;CellTalkDB;connectomeDB2020;ConnectomeDB2025;GO_Intercell;Guide2Pharma;HGNC;HPA_secretome;ICELLNET;iTALK;Kirouac2010;LOCATE;LRdb;Matrisome;MatrixDB;OmniPath;Ramilowski2015;scConnect;talklr;UniProt_keyword;UniProt_location","47c971d2fbba4ecd0ba7485d1846a74054432a0d1a97ea3e6a79ae27d0da8094","5e4142df024fd4d5d64cc667299364982a51176076ae6a69e1069425530afafa","FROZEN_BEFORE_EXPRESSION_OUTCOMES","https://zenodo.org/records/7074291|https://omnipathdb.org/intercell"
"CXCL12","NicheNet lr_network_human_21122021.rds unique from","NicheNet human LR network 2021-12-21; Zenodo 7074291","NICHENET_AND_OMNIPATH_MAPPED",6,48,"YES","YES","YES","YES","OMNIPATH_SECRETED_ANNOTATION","Baccin2019;CellCall;CellChatDB;Cellinker;CellPhoneDB;CellTalkDB;connectomeDB2020;ConnectomeDB2025;DGIdb;EMBRACE;GO_Intercell;Guide2Pharma;HGNC;HPA_secretome;HPMR;ICELLNET;iTALK;Kirouac2010;LOCATE;LRdb;Matrisome;OmniPath;Ramilowski2015;scConnect;talklr;UniProt_keyword;UniProt_location","47c971d2fbba4ecd0ba7485d1846a74054432a0d1a97ea3e6a79ae27d0da8094","5e4142df024fd4d5d64cc667299364982a51176076ae6a69e1069425530afafa","FROZEN_BEFORE_EXPRESSION_OUTCOMES","https://zenodo.org/records/7074291|https://omnipathdb.org/intercell"
"CXCL13","NicheNet lr_network_human_21122021.rds unique from","NicheNet human LR network 2021-12-21; Zenodo 7074291","NICHENET_AND_OMNIPATH_MAPPED",5,42,"YES","YES","YES","YES","OMNIPATH_SECRETED_ANNOTATION","Baccin2019;CellCall;CellChatDB;Cellinker;CellPhoneDB;CellTalkDB;connectomeDB2020;ConnectomeDB2025;GO_Intercell;Guide2Pharma;HGNC;HPA_secretome;HPMR;ICELLNET;iTALK;Kirouac2010;LOCATE;LRdb;Matrisome;OmniPath;Ramilowski2015;scConnect;talklr;UniProt_keyword;UniProt_location","47c971d2fbba4ecd0ba7485d1846a74054432a0d1a97ea3e6a79ae27d0da8094","5e4142df024fd4d5d64cc667299364982a51176076ae6a69e1069425530afafa","FROZEN_BEFORE_EXPRESSION_OUTCOMES","https://zenodo.org/records/7074291|https://omnipathdb.org/intercell"
"CXCL14","NicheNet lr_network_human_21122021.rds unique from","NicheNet human LR network 2021-12-21; Zenodo 7074291","NICHENET_AND_OMNIPATH_MAPPED",1,25,"YES","YES","YES","YES","OMNIPATH_SECRETED_ANNOTATION","CellCall;CellPhoneDB;CellTalkDB;connectomeDB2020;ConnectomeDB2025;GO_Intercell;HGNC;HPA_secretome;ICELLNET;Matrisome;MatrixDB;OmniPath;UniProt_keyword;UniProt_location","47c971d2fbba4ecd0ba7485d1846a74054432a0d1a97ea3e6a79ae27d0da8094","5e4142df024fd4d5d64cc667299364982a51176076ae6a69e1069425530afafa","FROZEN_BEFORE_EXPRESSION_OUTCOMES","https://zenodo.org/records/7074291|https://omnipathdb.org/intercell"
"CXCL16","NicheNet lr_network_human_21122021.rds unique from","NicheNet human LR network 2021-12-21; Zenodo 7074291","NICHENET_AND_OMNIPATH_MAPPED",4,44,"YES","YES","YES","YES","OMNIPATH_SECRETED_ANNOTATION","Baccin2019;CellCellInteractions;Cellinker;CellPhoneDB;ComPPI;connectomeDB2020;ConnectomeDB2025;CSPA;HGNC;HPA_secretome;HPMR;LOCATE;MatrixDB;Membranome;OmniPath;Phobius;Ramilowski_location;Surfaceome;UniProt_keyword;UniProt_location;UniProt_topology","47c971d2fbba4ecd0ba7485d1846a74054432a0d1a97ea3e6a79ae27d0da8094","5e4142df024fd4d5d64cc667299364982a51176076ae6a69e1069425530afafa","FROZEN_BEFORE_EXPRESSION_OUTCOMES","https://zenodo.org/records/7074291|https://omnipathdb.org/intercell"
"CXCL17","NicheNet lr_network_human_21122021.rds unique from","NicheNet human LR network 2021-12-21; Zenodo 7074291","NICHENET_AND_OMNIPATH_MAPPED",1,17,"YES","YES","YES","YES","OMNIPATH_SECRETED_ANNOTATION","CellTalkDB;connectomeDB2020;ConnectomeDB2025;GO_Intercell;HGNC;HPA_secretome;MatrixDB;OmniPath;scConnect;UniProt_keyword;UniProt_location","47c971d2fbba4ecd0ba7485d1846a74054432a0d1a97ea3e6a79ae27d0da8094","5e4142df024fd4d5d64cc667299364982a51176076ae6a69e1069425530afafa","FROZEN_BEFORE_EXPRESSION_OUTCOMES","https://zenodo.org/records/7074291|https://omnipathdb.org/intercell"
"CXCL2","NicheNet lr_network_human_21122021.rds unique from","NicheNet human LR network 2021-12-21; Zenodo 7074291","NICHENET_AND_OMNIPATH_MAPPED",5,38,"YES","YES","YES","YES","OMNIPATH_SECRETED_ANNOTATION","Baccin2019;CellCall;CellChatDB;Cellinker;CellPhoneDB;CellTalkDB;connectomeDB2020;ConnectomeDB2025;GO_Intercell;Guide2Pharma;HGNC;HPA_secretome;HPMR;ICELLNET;iTALK;Kirouac2010;LOCATE;LRdb;Matrisome;OmniPath;Ramilowski2015;scConnect;talklr;UniProt_keyword;UniProt_location","47c971d2fbba4ecd0ba7485d1846a74054432a0d1a97ea3e6a79ae27d0da8094","5e4142df024fd4d5d64cc667299364982a51176076ae6a69e1069425530afafa","FROZEN_BEFORE_EXPRESSION_OUTCOMES","https://zenodo.org/records/7074291|https://omnipathdb.org/intercell"
"CXCL3","NicheNet lr_network_human_21122021.rds unique from","NicheNet human LR network 2021-12-21; Zenodo 7074291","NICHENET_AND_OMNIPATH_MAPPED",6,37,"YES","YES","YES","YES","OMNIPATH_SECRETED_ANNOTATION","Baccin2019;CellCall;CellChatDB;Cellinker;CellPhoneDB;CellTalkDB;connectomeDB2020;ConnectomeDB2025;GO_Intercell;Guide2Pharma;HGNC;HPA_secretome;ICELLNET;iTALK;Kirouac2010;LOCATE;LRdb;Matrisome;OmniPath;Ramilowski2015;scConnect;talklr;UniProt_keyword;UniProt_location","47c971d2fbba4ecd0ba7485d1846a74054432a0d1a97ea3e6a79ae27d0da8094","5e4142df024fd4d5d64cc667299364982a51176076ae6a69e1069425530afafa","FROZEN_BEFORE_EXPRESSION_OUTCOMES","https://zenodo.org/records/7074291|https://omnipathdb.org/intercell"
"CXCL5","NicheNet lr_network_human_21122021.rds unique from","NicheNet human LR network 2021-12-21; Zenodo 7074291","NICHENET_AND_OMNIPATH_MAPPED",6,39,"YES","YES","YES","YES","OMNIPATH_SECRETED_ANNOTATION","Baccin2019;CellCall;CellChatDB;Cellinker;CellPhoneDB;CellTalkDB;connectomeDB2020;ConnectomeDB2025;GO_Intercell;Guide2Pharma;HGNC;HPA_secretome;ICELLNET;iTALK;Kirouac2010;LOCATE;LRdb;Matrisome;OmniPath;Ramilowski2015;scConnect;talklr;UniProt_keyword;UniProt_location","47c971d2fbba4ecd0ba7485d1846a74054432a0d1a97ea3e6a79ae27d0da8094","5e4142df024fd4d5d64cc667299364982a51176076ae6a69e1069425530afafa","FROZEN_BEFORE_EXPRESSION_OUTCOMES","https://zenodo.org/records/7074291|https://omnipathdb.org/intercell"
"CXCL6","NicheNet lr_network_human_21122021.rds unique from","NicheNet human LR network 2021-12-21; Zenodo 7074291","NICHENET_AND_OMNIPATH_MAPPED",3,40,"YES","YES","YES","YES","OMNIPATH_SECRETED_ANNOTATION","Baccin2019;CellCall;CellChatDB;Cellinker;CellPhoneDB;CellTalkDB;connectomeDB2020;ConnectomeDB2025;GO_Intercell;Guide2Pharma;HGNC;HPA_secretome;HPMR;ICELLNET;iTALK;Kirouac2010;LOCATE;LRdb;Matrisome;MatrixDB;OmniPath;Ramilowski2015;scConnect;talklr;UniProt_keyword;UniProt_location","47c971d2fbba4ecd0ba7485d1846a74054432a0d1a97ea3e6a79ae27d0da8094","5e4142df024fd4d5d64cc667299364982a51176076ae6a69e1069425530afafa","FROZEN_BEFORE_EXPRESSION_OUTCOMES","https://zenodo.org/records/7074291|https://omnipathdb.org/intercell"
"CXCL8","NicheNet lr_network_human_21122021.rds unique from","NicheNet human LR network 2021-12-21; Zenodo 7074291","NICHENET_AND_OMNIPATH_MAPPED",5,38,"YES","YES","YES","YES","OMNIPATH_SECRETED_ANNOTATION","CellCall;CellChatDB;Cellinker;CellPhoneDB;CellTalkDB;connectomeDB2020;ConnectomeDB2025;GO_Intercell;Guide2Pharma;HGNC;HPA_secretome;ICELLNET;iTALK;Kirouac2010;LOCATE;LRdb;Matrisome;OmniPath;Ramilowski2015;scConnect;talklr;UniProt_keyword;UniProt_location","47c971d2fbba4ecd0ba7485d1846a74054432a0d1a97ea3e6a79ae27d0da8094","5e4142df024fd4d5d64cc667299364982a51176076ae6a69e1069425530afafa","FROZEN_BEFORE_EXPRESSION_OUTCOMES","https://zenodo.org/records/7074291|https://omnipathdb.org/intercell"
"CXCL9","NicheNet lr_network_human_21122021.rds unique from","NicheNet human LR network 2021-12-21; Zenodo 7074291","NICHENET_AND_OMNIPATH_MAPPED",4,42,"YES","YES","YES","YES","OMNIPATH_SECRETED_ANNOTATION","Baccin2019;CellCall;CellChatDB;Cellinker;CellPhoneDB;CellTalkDB;connectomeDB2020;ConnectomeDB2025;DGIdb;GO_Intercell;Guide2Pharma;HGNC;HPA_secretome;ICELLNET;iTALK;Kirouac2010;LOCATE;LRdb;Matrisome;MatrixDB;OmniPath;Ramilowski2015;scConnect;talklr;UniProt_keyword;UniProt_location","47c971d2fbba4ecd0ba7485d1846a74054432a0d1a97ea3e6a79ae27d0da8094","5e4142df024fd4d5d64cc667299364982a51176076ae6a69e1069425530afafa","FROZEN_BEFORE_EXPRESSION_OUTCOMES","https://zenodo.org/records/7074291|https://omnipathdb.org/intercell"
"CYTL1","NicheNet lr_network_human_21122021.rds unique from","NicheNet human LR network 2021-12-21; Zenodo 7074291","NICHENET_AND_OMNIPATH_MAPPED",1,13,"YES","YES","YES","YES","OMNIPATH_SECRETED_ANNOTATION","connectomeDB2020;ConnectomeDB2025;HPA_secretome;LOCATE;MatrixDB;OmniPath;UniProt_keyword;UniProt_location","47c971d2fbba4ecd0ba7485d1846a74054432a0d1a97ea3e6a79ae27d0da8094","5e4142df024fd4d5d64cc667299364982a51176076ae6a69e1069425530afafa","FROZEN_BEFORE_EXPRESSION_OUTCOMES","https://zenodo.org/records/7074291|https://omnipathdb.org/intercell"
"DBH","NicheNet lr_network_human_21122021.rds unique from","NicheNet human LR network 2021-12-21; Zenodo 7074291","NICHENET_AND_OMNIPATH_MAPPED",10,26,"YES","YES","YES","YES","OMNIPATH_SECRETED_ANNOTATION","Almen2009;CellPhoneDB;ComPPI;GO_Intercell;HPMR;OmniPath;Phobius;Ramilowski_location;scConnect;TopDB;UniProt_keyword;UniProt_location;UniProt_topology","47c971d2fbba4ecd0ba7485d1846a74054432a0d1a97ea3e6a79ae27d0da8094","5e4142df024fd4d5d64cc667299364982a51176076ae6a69e1069425530afafa","FROZEN_BEFORE_EXPRESSION_OUTCOMES","https://zenodo.org/records/7074291|https://omnipathdb.org/intercell"
"DCHS1","NicheNet lr_network_human_21122021.rds unique from","NicheNet human LR network 2021-12-21; Zenodo 7074291","NICHENET_AND_OMNIPATH_MAPPED",1,37,"YES","YES","NO","YES","NO_OMNIPATH_SECRETED_ANNOTATION","Almen2009;Baccin2019;Cellinker;connectomeDB2020;ConnectomeDB2025;CSPA;GO_Intercell;HGNC;Membranome;OmniPath;Phobius;Ramilowski_location;Surfaceome;UniProt_keyword;UniProt_location;UniProt_topology;Zhong2015","47c971d2fbba4ecd0ba7485d1846a74054432a0d1a97ea3e6a79ae27d0da8094","5e4142df024fd4d5d64cc667299364982a51176076ae6a69e1069425530afafa","FROZEN_BEFORE_EXPRESSION_OUTCOMES","https://zenodo.org/records/7074291|https://omnipathdb.org/intercell"
"DCN","NicheNet lr_network_human_21122021.rds unique from","NicheNet human LR network 2021-12-21; Zenodo 7074291","NICHENET_AND_OMNIPATH_MAPPED",8,44,"YES","YES","YES","YES","OMNIPATH_SECRETED_ANNOTATION","Baccin2019;CellCall;CellChatDB;Cellinker;CellTalkDB;ComPPI;connectomeDB2020;ConnectomeDB2025;EMBRACE;GO_Intercell;HGNC;HPA_secretome;ICELLNET;iTALK;LOCATE;LRdb;Matrisome;OmniPath;Ramilowski_location;Ramilowski2015;talklr;UniProt_keyword;UniProt_location","47c971d2fbba4ecd0ba7485d1846a74054432a0d1a97ea3e6a79ae27d0da8094","5e4142df024fd4d5d64cc667299364982a51176076ae6a69e1069425530afafa","FROZEN_BEFORE_EXPRESSION_OUTCOMES","https://zenodo.org/records/7074291|https://omnipathdb.org/intercell"
"DEFB1","NicheNet lr_network_human_21122021.rds unique from","NicheNet human LR network 2021-12-21; Zenodo 7074291","NICHENET_AND_OMNIPATH_MAPPED",1,24,"YES","YES","YES","YES","OMNIPATH_SECRETED_ANNOTATION","Baccin2019;CellTalkDB;connectomeDB2020;ConnectomeDB2025;GO_Intercell;HGNC;HPA_secretome;ICELLNET;iTALK;LOCATE;LRdb;OmniPath;Ramilowski2015;talklr;UniProt_keyword;UniProt_location","47c971d2fbba4ecd0ba7485d1846a74054432a0d1a97ea3e6a79ae27d0da8094","5e4142df024fd4d5d64cc667299364982a51176076ae6a69e1069425530afafa","FROZEN_BEFORE_EXPRESSION_OUTCOMES","https://zenodo.org/records/7074291|https://omnipathdb.org/intercell"
"DEFB103B","NicheNet lr_network_human_21122021.rds unique from","NicheNet human LR network 2021-12-21; Zenodo 7074291","NICHENET_ONLY_NOT_OMNIPATH_MAPPED",2,0,"NOT_MAPPED","NOT_MAPPED","NOT_MAPPED","NOT_MAPPED",,"","47c971d2fbba4ecd0ba7485d1846a74054432a0d1a97ea3e6a79ae27d0da8094","5e4142df024fd4d5d64cc667299364982a51176076ae6a69e1069425530afafa","FROZEN_BEFORE_EXPRESSION_OUTCOMES","https://zenodo.org/records/7074291|https://omnipathdb.org/intercell"
"DEFB106B","NicheNet lr_network_human_21122021.rds unique from","NicheNet human LR network 2021-12-21; Zenodo 7074291","NICHENET_AND_OMNIPATH_MAPPED",1,20,"YES","YES","YES","YES","OMNIPATH_SECRETED_ANNOTATION","Cellinker;CellTalkDB;connectomeDB2020;ConnectomeDB2025;GO_Intercell;HGNC;HPA_secretome;ICELLNET;LOCATE;LRdb;OmniPath;UniProt_keyword;UniProt_location","47c971d2fbba4ecd0ba7485d1846a74054432a0d1a97ea3e6a79ae27d0da8094","5e4142df024fd4d5d64cc667299364982a51176076ae6a69e1069425530afafa","FROZEN_BEFORE_EXPRESSION_OUTCOMES","https://zenodo.org/records/7074291|https://omnipathdb.org/intercell"
"DEFB4A","NicheNet lr_network_human_21122021.rds unique from","NicheNet human LR network 2021-12-21; Zenodo 7074291","NICHENET_AND_OMNIPATH_MAPPED",2,29,"YES","YES","YES","YES","OMNIPATH_SECRETED_ANNOTATION","Baccin2019;CellTalkDB;ComPPI;connectomeDB2020;ConnectomeDB2025;GO_Intercell;Guide2Pharma;HGNC;HPA_secretome;ICELLNET;iTALK;LOCATE;LRdb;OmniPath;Ramilowski2015;talklr;UniProt_keyword;UniProt_location","47c971d2fbba4ecd0ba7485d1846a74054432a0d1a97ea3e6a79ae27d0da8094","5e4142df024fd4d5d64cc667299364982a51176076ae6a69e1069425530afafa","FROZEN_BEFORE_EXPRESSION_OUTCOMES","https://zenodo.org/records/7074291|https://omnipathdb.org/intercell"
"DEFB4B","NicheNet lr_network_human_21122021.rds unique from","NicheNet human LR network 2021-12-21; Zenodo 7074291","NICHENET_ONLY_NOT_OMNIPATH_MAPPED",1,0,"NOT_MAPPED","NOT_MAPPED","NOT_MAPPED","NOT_MAPPED",,"","47c971d2fbba4ecd0ba7485d1846a74054432a0d1a97ea3e6a79ae27d0da8094","5e4142df024fd4d5d64cc667299364982a51176076ae6a69e1069425530afafa","FROZEN_BEFORE_EXPRESSION_OUTCOMES","https://zenodo.org/records/7074291|https://omnipathdb.org/intercell"
"DHH","NicheNet lr_network_human_21122021.rds unique from","NicheNet human LR network 2021-12-21; Zenodo 7074291","NICHENET_AND_OMNIPATH_MAPPED",5,39,"YES","YES","YES","YES","OMNIPATH_SECRETED_ANNOTATION","Baccin2019;CellChatDB;Cellinker;CellPhoneDB;CellTalkDB;connectomeDB2020;ConnectomeDB2025;EMBRACE;GO_Intercell;HGNC;HPA_secretome;HPMR;iTALK;Kirouac2010;LRdb;Matrisome;OmniPath;Ramilowski2015;SignaLink_function;talklr;UniProt_keyword;UniProt_location","47c971d2fbba4ecd0ba7485d1846a74054432a0d1a97ea3e6a79ae27d0da8094","5e4142df024fd4d5d64cc667299364982a51176076ae6a69e1069425530afafa","FROZEN_BEFORE_EXPRESSION_OUTCOMES","https://zenodo.org/records/7074291|https://omnipathdb.org/intercell"
"DKK1","NicheNet lr_network_human_21122021.rds unique from","NicheNet human LR network 2021-12-21; Zenodo 7074291","NICHENET_AND_OMNIPATH_MAPPED",4,33,"YES","YES","YES","YES","OMNIPATH_SECRETED_ANNOTATION","Baccin2019;CellCall;CellChatDB;Cellinker;CellPhoneDB;CellTalkDB;connectomeDB2020;ConnectomeDB2025;DGIdb;EMBRACE;GO_Intercell;HPA_secretome;HPMR;iTALK;LOCATE;LRdb;MatrixDB;OmniPath;Ramilowski2015;talklr;UniProt_keyword;UniProt_location","47c971d2fbba4ecd0ba7485d1846a74054432a0d1a97ea3e6a79ae27d0da8094","5e4142df024fd4d5d64cc667299364982a51176076ae6a69e1069425530afafa","FROZEN_BEFORE_EXPRESSION_OUTCOMES","https://zenodo.org/records/7074291|https://omnipathdb.org/intercell"
"DKK2","NicheNet lr_network_human_21122021.rds unique from","NicheNet human LR network 2021-12-21; Zenodo 7074291","NICHENET_AND_OMNIPATH_MAPPED",4,26,"YES","YES","YES","YES","OMNIPATH_SECRETED_ANNOTATION","Baccin2019;CellCall;CellChatDB;Cellinker;CellPhoneDB;CellTalkDB;connectomeDB2020;ConnectomeDB2025;EMBRACE;HPA_secretome;iTALK;LRdb;MatrixDB;OmniPath;Ramilowski2015;talklr;UniProt_keyword;UniProt_location","47c971d2fbba4ecd0ba7485d1846a74054432a0d1a97ea3e6a79ae27d0da8094","5e4142df024fd4d5d64cc667299364982a51176076ae6a69e1069425530afafa","FROZEN_BEFORE_EXPRESSION_OUTCOMES","https://zenodo.org/records/7074291|https://omnipathdb.org/intercell"
"DKK3","NicheNet lr_network_human_21122021.rds unique from","NicheNet human LR network 2021-12-21; Zenodo 7074291","NICHENET_AND_OMNIPATH_MAPPED",1,14,"YES","YES","YES","YES","OMNIPATH_SECRETED_ANNOTATION","CellTalkDB;ComPPI;ConnectomeDB2025;HPA_secretome;LOCATE;MatrixDB;OmniPath;UniProt_keyword;UniProt_location","47c971d2fbba4ecd0ba7485d1846a74054432a0d1a97ea3e6a79ae27d0da8094","5e4142df024fd4d5d64cc667299364982a51176076ae6a69e1069425530afafa","FROZEN_BEFORE_EXPRESSION_OUTCOMES","https://zenodo.org/records/7074291|https://omnipathdb.org/intercell"
"DKK4","NicheNet lr_network_human_21122021.rds unique from","NicheNet human LR network 2021-12-21; Zenodo 7074291","NICHENET_AND_OMNIPATH_MAPPED",4,17,"YES","YES","YES","YES","OMNIPATH_SECRETED_ANNOTATION","CellCall;CellChatDB;Cellinker;CellTalkDB;connectomeDB2020;ConnectomeDB2025;HPA_secretome;LOCATE;OmniPath;UniProt_keyword;UniProt_location","47c971d2fbba4ecd0ba7485d1846a74054432a0d1a97ea3e6a79ae27d0da8094","5e4142df024fd4d5d64cc667299364982a51176076ae6a69e1069425530afafa","FROZEN_BEFORE_EXPRESSION_OUTCOMES","https://zenodo.org/records/7074291|https://omnipathdb.org/intercell"
"DLK1","NicheNet lr_network_human_21122021.rds unique from","NicheNet human LR network 2021-12-21; Zenodo 7074291","NICHENET_AND_OMNIPATH_MAPPED",6,52,"YES","YES","YES","YES","OMNIPATH_SECRETED_ANNOTATION","Almen2009;CellChatDB;Cellinker;CellPhoneDB;CellTalkDB;connectomeDB2020;ConnectomeDB2025;GO_Intercell;ICELLNET;iTALK;LOCATE;LRdb;Membranome;OmniPath;Phobius;Ramilowski_location;Ramilowski2015;Surfaceome;talklr;TopDB;UniProt_keyword;UniProt_location;UniProt_topology","47c971d2fbba4ecd0ba7485d1846a74054432a0d1a97ea3e6a79ae27d0da8094","5e4142df024fd4d5d64cc667299364982a51176076ae6a69e1069425530afafa","FROZEN_BEFORE_EXPRESSION_OUTCOMES","https://zenodo.org/records/7074291|https://omnipathdb.org/intercell"
"DLK2","NicheNet lr_network_human_21122021.rds unique from","NicheNet human LR network 2021-12-21; Zenodo 7074291","NICHENET_AND_OMNIPATH_MAPPED",1,40,"YES","YES","NO","NO","NO_OMNIPATH_SECRETED_ANNOTATION","Almen2009;Baccin2019;Cellinker;CellTalkDB;ComPPI;connectomeDB2020;ConnectomeDB2025;EMBRACE;iTALK;LRdb;Membranome;OmniPath;Phobius;Ramilowski_location;Ramilowski2015;Surfaceome;talklr;UniProt_keyword;UniProt_location;UniProt_topology","47c971d2fbba4ecd0ba7485d1846a74054432a0d1a97ea3e6a79ae27d0da8094","5e4142df024fd4d5d64cc667299364982a51176076ae6a69e1069425530afafa","FROZEN_BEFORE_EXPRESSION_OUTCOMES","https://zenodo.org/records/7074291|https://omnipathdb.org/intercell"
"DLL1","NicheNet lr_network_human_21122021.rds unique from","NicheNet human LR network 2021-12-21; Zenodo 7074291","NICHENET_AND_OMNIPATH_MAPPED",5,56,"YES","YES","YES","YES","OMNIPATH_SECRETED_ANNOTATION","Almen2009;Baccin2019;CellCall;CellChatDB;Cellinker;CellPhoneDB;CellTalkDB;connectomeDB2020;ConnectomeDB2025;EMBRACE;GO_Intercell;ICELLNET;iTALK;Kirouac2010;LOCATE;LRdb;MCAM;Membranome;OmniPath;Phobius;Ramilowski_location;Ramilowski2015;SignaLink_function;Surfaceome;talklr;TopDB;UniProt_keyword;UniProt_location;UniProt_topology","47c971d2fbba4ecd0ba7485d1846a74054432a0d1a97ea3e6a79ae27d0da8094","5e4142df024fd4d5d64cc667299364982a51176076ae6a69e1069425530afafa","FROZEN_BEFORE_EXPRESSION_OUTCOMES","https://zenodo.org/records/7074291|https://omnipathdb.org/intercell"
"DLL3","NicheNet lr_network_human_21122021.rds unique from","NicheNet human LR network 2021-12-21; Zenodo 7074291","NICHENET_AND_OMNIPATH_MAPPED",4,38,"YES","YES","NO","NO","NO_OMNIPATH_SECRETED_ANNOTATION","Almen2009;CellCall;CellChatDB;Cellinker;CellPhoneDB;CellTalkDB;connectomeDB2020;EMBRACE;ICELLNET;iTALK;LOCATE;LRdb;Membranome;OmniPath;Phobius;Ramilowski_location;SignaLink_function;Surfaceome;UniProt_keyword;UniProt_location;UniProt_topology","47c971d2fbba4ecd0ba7485d1846a74054432a0d1a97ea3e6a79ae27d0da8094","5e4142df024fd4d5d64cc667299364982a51176076ae6a69e1069425530afafa","FROZEN_BEFORE_EXPRESSION_OUTCOMES","https://zenodo.org/records/7074291|https://omnipathdb.org/intercell"
"DLL4","NicheNet lr_network_human_21122021.rds unique from","NicheNet human LR network 2021-12-21; Zenodo 7074291","NICHENET_AND_OMNIPATH_MAPPED",4,49,"YES","YES","NO","YES","NO_OMNIPATH_SECRETED_ANNOTATION","Almen2009;Baccin2019;CellCall;CellChatDB;Cellinker;CellPhoneDB;CellTalkDB;connectomeDB2020;ConnectomeDB2025;EMBRACE;HPMR;ICELLNET;iTALK;LOCATE;LRdb;Membranome;OmniPath;Phobius;Ramilowski_location;Ramilowski2015;SignaLink_function;Surfaceome;talklr;TopDB;UniProt_keyword;UniProt_location;UniProt_topology","47c971d2fbba4ecd0ba7485d1846a74054432a0d1a97ea3e6a79ae27d0da8094","5e4142df024fd4d5d64cc667299364982a51176076ae6a69e1069425530afafa","FROZEN_BEFORE_EXPRESSION_OUTCOMES","https://zenodo.org/records/7074291|https://omnipathdb.org/intercell"
"DMP1","NicheNet lr_network_human_21122021.rds unique from","NicheNet human LR network 2021-12-21; Zenodo 7074291","NICHENET_AND_OMNIPATH_MAPPED",2,21,"YES","YES","YES","YES","OMNIPATH_SECRETED_ANNOTATION","CellCellInteractions;CellChatDB;CellTalkDB;ConnectomeDB2025;GO_Intercell;HGNC;HPA_secretome;LOCATE;Matrisome;MatrixDB;OmniPath;Ramilowski_location;UniProt_keyword;UniProt_location","47c971d2fbba4ecd0ba7485d1846a74054432a0d1a97ea3e6a79ae27d0da8094","5e4142df024fd4d5d64cc667299364982a51176076ae6a69e1069425530afafa","FROZEN_BEFORE_EXPRESSION_OUTCOMES","https://zenodo.org/records/7074291|https://omnipathdb.org/intercell"
"DRAXIN","NicheNet lr_network_human_21122021.rds unique from","NicheNet human LR network 2021-12-21; Zenodo 7074291","NICHENET_AND_OMNIPATH_MAPPED",1,13,"YES","YES","YES","YES","OMNIPATH_SECRETED_ANNOTATION","CellChatDB;Cellinker;CellTalkDB;ConnectomeDB2025;HPA_secretome;OmniPath;UniProt_keyword;UniProt_location","47c971d2fbba4ecd0ba7485d1846a74054432a0d1a97ea3e6a79ae27d0da8094","5e4142df024fd4d5d64cc667299364982a51176076ae6a69e1069425530afafa","FROZEN_BEFORE_EXPRESSION_OUTCOMES","https://zenodo.org/records/7074291|https://omnipathdb.org/intercell"
"DSC1","NicheNet lr_network_human_21122021.rds unique from","NicheNet human LR network 2021-12-21; Zenodo 7074291","NICHENET_AND_OMNIPATH_MAPPED",4,52,"YES","YES","NO","YES","NO_OMNIPATH_SECRETED_ANNOTATION","Almen2009;CellChatDB;Cellinker;CellPhoneDB;CellTalkDB;connectomeDB2020;ConnectomeDB2025;GO_Intercell;HGNC;ICELLNET;LOCATE;LRdb;Membranome;OmniPath;Phobius;Ramilowski_location;Surfaceome;TopDB;UniProt_keyword;UniProt_location;UniProt_topology;Zhong2015","47c971d2fbba4ecd0ba7485d1846a74054432a0d1a97ea3e6a79ae27d0da8094","5e4142df024fd4d5d64cc667299364982a51176076ae6a69e1069425530afafa","FROZEN_BEFORE_EXPRESSION_OUTCOMES","https://zenodo.org/records/7074291|https://omnipathdb.org/intercell"
"DSC2","NicheNet lr_network_human_21122021.rds unique from","NicheNet human LR network 2021-12-21; Zenodo 7074291","NICHENET_AND_OMNIPATH_MAPPED",4,49,"YES","YES","NO","YES","NO_OMNIPATH_SECRETED_ANNOTATION","Almen2009;CellChatDB;Cellinker;CellPhoneDB;CellTalkDB;connectomeDB2020;ConnectomeDB2025;CSPA;GO_Intercell;HGNC;ICELLNET;LOCATE;LRdb;Membranome;OmniPath;Phobius;Ramilowski_location;Surfaceome;TopDB;UniProt_keyword;UniProt_location;UniProt_topology;Zhong2015","47c971d2fbba4ecd0ba7485d1846a74054432a0d1a97ea3e6a79ae27d0da8094","5e4142df024fd4d5d64cc667299364982a51176076ae6a69e1069425530afafa","FROZEN_BEFORE_EXPRESSION_OUTCOMES","https://zenodo.org/records/7074291|https://omnipathdb.org/intercell"
"DSC3","NicheNet lr_network_human_21122021.rds unique from","NicheNet human LR network 2021-12-21; Zenodo 7074291","NICHENET_AND_OMNIPATH_MAPPED",4,51,"YES","YES","NO","YES","NO_OMNIPATH_SECRETED_ANNOTATION","Almen2009;CellChatDB;Cellinker;CellPhoneDB;CellTalkDB;connectomeDB2020;ConnectomeDB2025;GO_Intercell;HGNC;ICELLNET;LOCATE;LRdb;MatrixDB;Membranome;OmniPath;Phobius;Ramilowski_location;Surfaceome;UniProt_keyword;UniProt_location;UniProt_topology;Zhong2015","47c971d2fbba4ecd0ba7485d1846a74054432a0d1a97ea3e6a79ae27d0da8094","5e4142df024fd4d5d64cc667299364982a51176076ae6a69e1069425530afafa","FROZEN_BEFORE_EXPRESSION_OUTCOMES","https://zenodo.org/records/7074291|https://omnipathdb.org/intercell"
"DSCAM","NicheNet lr_network_human_21122021.rds unique from","NicheNet human LR network 2021-12-21; Zenodo 7074291","NICHENET_AND_OMNIPATH_MAPPED",6,44,"YES","YES","YES","YES","OMNIPATH_SECRETED_ANNOTATION","Almen2009;CellChatDB;Cellinker;CellPhoneDB;ComPPI;ConnectomeDB2025;HGNC;ICELLNET;MatrixDB;Membranome;OmniPath;Phobius;Surfaceome;UniProt_keyword;UniProt_location;UniProt_topology;Zhong2015","47c971d2fbba4ecd0ba7485d1846a74054432a0d1a97ea3e6a79ae27d0da8094","5e4142df024fd4d5d64cc667299364982a51176076ae6a69e1069425530afafa","FROZEN_BEFORE_EXPRESSION_OUTCOMES","https://zenodo.org/records/7074291|https://omnipathdb.org/intercell"
"DSCAML1","NicheNet lr_network_human_21122021.rds unique from","NicheNet human LR network 2021-12-21; Zenodo 7074291","NICHENET_AND_OMNIPATH_MAPPED",4,29,"YES","YES","NO","NO","NO_OMNIPATH_SECRETED_ANNOTATION","Cellinker;ComPPI;HGNC;ICELLNET;MatrixDB;MCAM;Membranome;OmniPath;Phobius;Surfaceome;TopDB;UniProt_keyword;UniProt_location;UniProt_topology;Zhong2015","47c971d2fbba4ecd0ba7485d1846a74054432a0d1a97ea3e6a79ae27d0da8094","5e4142df024fd4d5d64cc667299364982a51176076ae6a69e1069425530afafa","FROZEN_BEFORE_EXPRESSION_OUTCOMES","https://zenodo.org/records/7074291|https://omnipathdb.org/intercell"
"DSG1","NicheNet lr_network_human_21122021.rds unique from","NicheNet human LR network 2021-12-21; Zenodo 7074291","NICHENET_AND_OMNIPATH_MAPPED",2,41,"YES","YES","NO","YES","NO_OMNIPATH_SECRETED_ANNOTATION","Almen2009;Cellinker;CellPhoneDB;connectomeDB2020;ConnectomeDB2025;GO_Intercell;HGNC;LOCATE;Membranome;OmniPath;Phobius;Ramilowski_location;Surfaceome;TopDB;UniProt_keyword;UniProt_location;UniProt_topology;Zhong2015","47c971d2fbba4ecd0ba7485d1846a74054432a0d1a97ea3e6a79ae27d0da8094","5e4142df024fd4d5d64cc667299364982a51176076ae6a69e1069425530afafa","FROZEN_BEFORE_EXPRESSION_OUTCOMES","https://zenodo.org/records/7074291|https://omnipathdb.org/intercell"
"DSG2","NicheNet lr_network_human_21122021.rds unique from","NicheNet human LR network 2021-12-21; Zenodo 7074291","NICHENET_AND_OMNIPATH_MAPPED",2,45,"YES","YES","YES","YES","OMNIPATH_SECRETED_ANNOTATION","Almen2009;Cellinker;CellPhoneDB;ComPPI;connectomeDB2020;ConnectomeDB2025;CSPA;GO_Intercell;HGNC;LOCATE;Membranome;OmniPath;Phobius;Ramilowski_location;Surfaceome;TopDB;UniProt_keyword;UniProt_location;UniProt_topology;Zhong2015","47c971d2fbba4ecd0ba7485d1846a74054432a0d1a97ea3e6a79ae27d0da8094","5e4142df024fd4d5d64cc667299364982a51176076ae6a69e1069425530afafa","FROZEN_BEFORE_EXPRESSION_OUTCOMES","https://zenodo.org/records/7074291|https://omnipathdb.org/intercell"
"DSPP","NicheNet lr_network_human_21122021.rds unique from","NicheNet human LR network 2021-12-21; Zenodo 7074291","NICHENET_AND_OMNIPATH_MAPPED",3,23,"YES","YES","YES","YES","OMNIPATH_SECRETED_ANNOTATION","CellCellInteractions;CellChatDB;CellTalkDB;connectomeDB2020;ConnectomeDB2025;GO_Intercell;HGNC;HPA_secretome;LOCATE;Matrisome;MatrixDB;OmniPath;Ramilowski_location;UniProt_keyword;UniProt_location","47c971d2fbba4ecd0ba7485d1846a74054432a0d1a97ea3e6a79ae27d0da8094","5e4142df024fd4d5d64cc667299364982a51176076ae6a69e1069425530afafa","FROZEN_BEFORE_EXPRESSION_OUTCOMES","https://zenodo.org/records/7074291|https://omnipathdb.org/intercell"
"DUSP18","NicheNet lr_network_human_21122021.rds unique from","NicheNet human LR network 2021-12-21; Zenodo 7074291","NICHENET_AND_OMNIPATH_MAPPED",10,8,"YES","YES","NO","YES","NO_OMNIPATH_SECRETED_ANNOTATION","ComPPI;GO_Intercell;HPMR;iTALK;OmniPath;UniProt_location","47c971d2fbba4ecd0ba7485d1846a74054432a0d1a97ea3e6a79ae27d0da8094","5e4142df024fd4d5d64cc667299364982a51176076ae6a69e1069425530afafa","FROZEN_BEFORE_EXPRESSION_OUTCOMES","https://zenodo.org/records/7074291|https://omnipathdb.org/intercell"
"EBI3","NicheNet lr_network_human_21122021.rds unique from","NicheNet human LR network 2021-12-21; Zenodo 7074291","NICHENET_AND_OMNIPATH_MAPPED",2,37,"YES","YES","YES","YES","OMNIPATH_SECRETED_ANNOTATION","Baccin2019;Cellinker;CellPhoneDB;CellTalkDB;connectomeDB2020;ConnectomeDB2025;DGIdb;EMBRACE;GO_Intercell;Guide2Pharma;HPA_secretome;ICELLNET;iTALK;LOCATE;LRdb;Matrisome;OmniPath;Ramilowski2015;talklr;UniProt_keyword;UniProt_location","47c971d2fbba4ecd0ba7485d1846a74054432a0d1a97ea3e6a79ae27d0da8094","5e4142df024fd4d5d64cc667299364982a51176076ae6a69e1069425530afafa","FROZEN_BEFORE_EXPRESSION_OUTCOMES","https://zenodo.org/records/7074291|https://omnipathdb.org/intercell"
"ECM1","NicheNet lr_network_human_21122021.rds unique from","NicheNet human LR network 2021-12-21; Zenodo 7074291","NICHENET_AND_OMNIPATH_MAPPED",2,25,"YES","YES","YES","YES","OMNIPATH_SECRETED_ANNOTATION","CellCellInteractions;ComPPI;connectomeDB2020;ConnectomeDB2025;EMBRACE;GO_Intercell;HPA_secretome;iTALK;LOCATE;Matrisome;MatrixDB;OmniPath;Ramilowski_location;TopDB;UniProt_keyword;UniProt_location","47c971d2fbba4ecd0ba7485d1846a74054432a0d1a97ea3e6a79ae27d0da8094","5e4142df024fd4d5d64cc667299364982a51176076ae6a69e1069425530afafa","FROZEN_BEFORE_EXPRESSION_OUTCOMES","https://zenodo.org/records/7074291|https://omnipathdb.org/intercell"
"EDA","NicheNet lr_network_human_21122021.rds unique from","NicheNet human LR network 2021-12-21; Zenodo 7074291","NICHENET_AND_OMNIPATH_MAPPED",3,56,"YES","YES","YES","YES","OMNIPATH_SECRETED_ANNOTATION","Almen2009;Baccin2019;CellCall;CellChatDB;Cellinker;CellTalkDB;ComPPI;connectomeDB2020;ConnectomeDB2025;EMBRACE;GO_Intercell;Guide2Pharma;HGNC;HPMR;ICELLNET;iTALK;LRdb;Matrisome;OmniPath;Phobius;Ramilowski_location;Ramilowski2015;scConnect;Surfaceome;talklr;TopDB;UniProt_keyword;UniProt_location;UniProt_topology","47c971d2fbba4ecd0ba7485d1846a74054432a0d1a97ea3e6a79ae27d0da8094","5e4142df024fd4d5d64cc667299364982a51176076ae6a69e1069425530afafa","FROZEN_BEFORE_EXPRESSION_OUTCOMES","https://zenodo.org/records/7074291|https://omnipathdb.org/intercell"
"EDIL3","NicheNet lr_network_human_21122021.rds unique from","NicheNet human LR network 2021-12-21; Zenodo 7074291","NICHENET_AND_OMNIPATH_MAPPED",5,31,"YES","YES","YES","YES","OMNIPATH_SECRETED_ANNOTATION","Baccin2019;Cellinker;CellTalkDB;connectomeDB2020;ConnectomeDB2025;EMBRACE;GO_Intercell;HPA_secretome;ICELLNET;iTALK;LOCATE;LRdb;Matrisome;MCAM;OmniPath;Ramilowski2015;talklr;UniProt_keyword;UniProt_location;Zhong2015","47c971d2fbba4ecd0ba7485d1846a74054432a0d1a97ea3e6a79ae27d0da8094","5e4142df024fd4d5d64cc667299364982a51176076ae6a69e1069425530afafa","FROZEN_BEFORE_EXPRESSION_OUTCOMES","https://zenodo.org/records/7074291|https://omnipathdb.org/intercell"
"EDN1","NicheNet lr_network_human_21122021.rds unique from","NicheNet human LR network 2021-12-21; Zenodo 7074291","NICHENET_AND_OMNIPATH_MAPPED",5,37,"YES","YES","YES","YES","OMNIPATH_SECRETED_ANNOTATION","Baccin2019;CellCall;CellChatDB;Cellinker;CellPhoneDB;CellTalkDB;ComPPI;connectomeDB2020;ConnectomeDB2025;DGIdb;EMBRACE;GO_Intercell;Guide2Pharma;HPA_secretome;HPMR;ICELLNET;iTALK;Kirouac2010;LOCATE;LRdb;OmniPath;Ramilowski2015;scConnect;talklr;UniProt_keyword;UniProt_location","47c971d2fbba4ecd0ba7485d1846a74054432a0d1a97ea3e6a79ae27d0da8094","5e4142df024fd4d5d64cc667299364982a51176076ae6a69e1069425530afafa","FROZEN_BEFORE_EXPRESSION_OUTCOMES","https://zenodo.org/records/7074291|https://omnipathdb.org/intercell"
"EDN2","NicheNet lr_network_human_21122021.rds unique from","NicheNet human LR network 2021-12-21; Zenodo 7074291","NICHENET_AND_OMNIPATH_MAPPED",2,35,"YES","YES","YES","YES","OMNIPATH_SECRETED_ANNOTATION","Baccin2019;CellCall;CellChatDB;Cellinker;CellPhoneDB;CellTalkDB;ComPPI;connectomeDB2020;ConnectomeDB2025;DGIdb;EMBRACE;GO_Intercell;Guide2Pharma;HPA_secretome;ICELLNET;iTALK;Kirouac2010;LRdb;MatrixDB;OmniPath;Ramilowski2015;scConnect;talklr;UniProt_keyword;UniProt_location","47c971d2fbba4ecd0ba7485d1846a74054432a0d1a97ea3e6a79ae27d0da8094","5e4142df024fd4d5d64cc667299364982a51176076ae6a69e1069425530afafa","FROZEN_BEFORE_EXPRESSION_OUTCOMES","https://zenodo.org/records/7074291|https://omnipathdb.org/intercell"
"EDN3","NicheNet lr_network_human_21122021.rds unique from","NicheNet human LR network 2021-12-21; Zenodo 7074291","NICHENET_AND_OMNIPATH_MAPPED",2,35,"YES","YES","YES","YES","OMNIPATH_SECRETED_ANNOTATION","Baccin2019;CellCall;CellChatDB;Cellinker;CellPhoneDB;CellTalkDB;connectomeDB2020;ConnectomeDB2025;DGIdb;EMBRACE;GO_Intercell;Guide2Pharma;HPA_secretome;HPMR;ICELLNET;iTALK;Kirouac2010;LOCATE;LRdb;OmniPath;Ramilowski2015;scConnect;talklr;UniProt_keyword;UniProt_location","47c971d2fbba4ecd0ba7485d1846a74054432a0d1a97ea3e6a79ae27d0da8094","5e4142df024fd4d5d64cc667299364982a51176076ae6a69e1069425530afafa","FROZEN_BEFORE_EXPRESSION_OUTCOMES","https://zenodo.org/records/7074291|https://omnipathdb.org/intercell"
"EFEMP1","NicheNet lr_network_human_21122021.rds unique from","NicheNet human LR network 2021-12-21; Zenodo 7074291","NICHENET_AND_OMNIPATH_MAPPED",1,39,"YES","YES","YES","YES","OMNIPATH_SECRETED_ANNOTATION","Baccin2019;CellCellInteractions;Cellinker;CellTalkDB;connectomeDB2020;ConnectomeDB2025;DGIdb;EMBRACE;GO_Intercell;HGNC;HPA_secretome;ICELLNET;iTALK;LOCATE;LRdb;Matrisome;MatrixDB;OmniPath;Ramilowski2015;talklr;UniProt_keyword;UniProt_location","47c971d2fbba4ecd0ba7485d1846a74054432a0d1a97ea3e6a79ae27d0da8094","5e4142df024fd4d5d64cc667299364982a51176076ae6a69e1069425530afafa","FROZEN_BEFORE_EXPRESSION_OUTCOMES","https://zenodo.org/records/7074291|https://omnipathdb.org/intercell"
"EFEMP2","NicheNet lr_network_human_21122021.rds unique from","NicheNet human LR network 2021-12-21; Zenodo 7074291","NICHENET_AND_OMNIPATH_MAPPED",4,24,"YES","YES","YES","YES","OMNIPATH_SECRETED_ANNOTATION","Baccin2019;CellCellInteractions;Cellinker;CellTalkDB;EMBRACE;GO_Intercell;HGNC;HPA_secretome;iTALK;LOCATE;LRdb;Matrisome;MatrixDB;OmniPath;Ramilowski2015;talklr;UniProt_keyword;UniProt_location","47c971d2fbba4ecd0ba7485d1846a74054432a0d1a97ea3e6a79ae27d0da8094","5e4142df024fd4d5d64cc667299364982a51176076ae6a69e1069425530afafa","FROZEN_BEFORE_EXPRESSION_OUTCOMES","https://zenodo.org/records/7074291|https://omnipathdb.org/intercell"
"EFNA1","NicheNet lr_network_human_21122021.rds unique from","NicheNet human LR network 2021-12-21; Zenodo 7074291","NICHENET_AND_OMNIPATH_MAPPED",9,50,"YES","YES","YES","YES","OMNIPATH_SECRETED_ANNOTATION","Baccin2019;CellCall;CellChatDB;Cellinker;CellPhoneDB;CellTalkDB;connectomeDB2020;ConnectomeDB2025;CSPA;EMBRACE;GO_Intercell;HGNC;HPA_secretome;HPMR;ICELLNET;iTALK;LOCATE;LRdb;OmniPath;Ramilowski_location;Ramilowski2015;SignaLink_function;Surfaceome;talklr;TopDB;UniProt_keyword;UniProt_location;Zhong2015","47c971d2fbba4ecd0ba7485d1846a74054432a0d1a97ea3e6a79ae27d0da8094","5e4142df024fd4d5d64cc667299364982a51176076ae6a69e1069425530afafa","FROZEN_BEFORE_EXPRESSION_OUTCOMES","https://zenodo.org/records/7074291|https://omnipathdb.org/intercell"
"EFNA2","NicheNet lr_network_human_21122021.rds unique from","NicheNet human LR network 2021-12-21; Zenodo 7074291","NICHENET_AND_OMNIPATH_MAPPED",9,37,"YES","YES","NO","YES","NO_OMNIPATH_SECRETED_ANNOTATION","Baccin2019;CellCall;CellChatDB;Cellinker;CellPhoneDB;CellTalkDB;ComPPI;connectomeDB2020;ConnectomeDB2025;EMBRACE;HGNC;HPMR;ICELLNET;iTALK;LOCATE;LRdb;OmniPath;Ramilowski2015;SignaLink_function;Surfaceome;talklr;UniProt_location","47c971d2fbba4ecd0ba7485d1846a74054432a0d1a97ea3e6a79ae27d0da8094","5e4142df024fd4d5d64cc667299364982a51176076ae6a69e1069425530afafa","FROZEN_BEFORE_EXPRESSION_OUTCOMES","https://zenodo.org/records/7074291|https://omnipathdb.org/intercell"
"EFNA3","NicheNet lr_network_human_21122021.rds unique from","NicheNet human LR network 2021-12-21; Zenodo 7074291","NICHENET_AND_OMNIPATH_MAPPED",10,38,"YES","YES","NO","NO","NO_OMNIPATH_SECRETED_ANNOTATION","Almen2009;Baccin2019;CellCall;CellChatDB;Cellinker;CellPhoneDB;CellTalkDB;connectomeDB2020;ConnectomeDB2025;EMBRACE;GO_Intercell;HGNC;ICELLNET;iTALK;LRdb;OmniPath;Phobius;Ramilowski_location;Ramilowski2015;SignaLink_function;Surfaceome;talklr;UniProt_location","47c971d2fbba4ecd0ba7485d1846a74054432a0d1a97ea3e6a79ae27d0da8094","5e4142df024fd4d5d64cc667299364982a51176076ae6a69e1069425530afafa","FROZEN_BEFORE_EXPRESSION_OUTCOMES","https://zenodo.org/records/7074291|https://omnipathdb.org/intercell"
"EFNA4","NicheNet lr_network_human_21122021.rds unique from","NicheNet human LR network 2021-12-21; Zenodo 7074291","NICHENET_AND_OMNIPATH_MAPPED",9,50,"YES","YES","YES","YES","OMNIPATH_SECRETED_ANNOTATION","Almen2009;Baccin2019;CellCall;CellChatDB;Cellinker;CellPhoneDB;CellTalkDB;connectomeDB2020;ConnectomeDB2025;CSPA;EMBRACE;GO_Intercell;HGNC;HPA_secretome;ICELLNET;iTALK;LOCATE;LRdb;OmniPath;Phobius;Ramilowski_location;Ramilowski2015;SignaLink_function;Surfaceome;talklr;UniProt_keyword;UniProt_location","47c971d2fbba4ecd0ba7485d1846a74054432a0d1a97ea3e6a79ae27d0da8094","5e4142df024fd4d5d64cc667299364982a51176076ae6a69e1069425530afafa","FROZEN_BEFORE_EXPRESSION_OUTCOMES","https://zenodo.org/records/7074291|https://omnipathdb.org/intercell"
"EFNA5","NicheNet lr_network_human_21122021.rds unique from","NicheNet human LR network 2021-12-21; Zenodo 7074291","NICHENET_AND_OMNIPATH_MAPPED",11,53,"YES","YES","NO","YES","NO_OMNIPATH_SECRETED_ANNOTATION","Almen2009;Baccin2019;CellCall;CellChatDB;Cellinker;CellPhoneDB;CellTalkDB;ComPPI;connectomeDB2020;ConnectomeDB2025;CSPA;DGIdb;EMBRACE;GO_Intercell;HGNC;HPMR;ICELLNET;iTALK;LOCATE;LRdb;OmniPath;Phobius;Ramilowski_location;Ramilowski2015;SignaLink_function;Surfaceome;talklr;TopDB;UniProt_location;Zhong2015","47c971d2fbba4ecd0ba7485d1846a74054432a0d1a97ea3e6a79ae27d0da8094","5e4142df024fd4d5d64cc667299364982a51176076ae6a69e1069425530afafa","FROZEN_BEFORE_EXPRESSION_OUTCOMES","https://zenodo.org/records/7074291|https://omnipathdb.org/intercell"
"EFNB1","NicheNet lr_network_human_21122021.rds unique from","NicheNet human LR network 2021-12-21; Zenodo 7074291","NICHENET_AND_OMNIPATH_MAPPED",17,56,"YES","YES","NO","YES","NO_OMNIPATH_SECRETED_ANNOTATION","Almen2009;Baccin2019;CellCall;CellChatDB;Cellinker;CellPhoneDB;CellTalkDB;connectomeDB2020;ConnectomeDB2025;CSPA;EMBRACE;GO_Intercell;HGNC;HPMR;ICELLNET;iTALK;LOCATE;LRdb;Membranome;OmniPath;Phobius;Ramilowski_location;Ramilowski2015;SignaLink_function;Surfaceome;talklr;TopDB;UniProt_keyword;UniProt_location;UniProt_topology;Zhong2015","47c971d2fbba4ecd0ba7485d1846a74054432a0d1a97ea3e6a79ae27d0da8094","5e4142df024fd4d5d64cc667299364982a51176076ae6a69e1069425530afafa","FROZEN_BEFORE_EXPRESSION_OUTCOMES","https://zenodo.org/records/7074291|https://omnipathdb.org/intercell"
"EFNB2","NicheNet lr_network_human_21122021.rds unique from","NicheNet human LR network 2021-12-21; Zenodo 7074291","NICHENET_AND_OMNIPATH_MAPPED",19,55,"YES","YES","NO","YES","NO_OMNIPATH_SECRETED_ANNOTATION","Almen2009;Baccin2019;CellCall;CellChatDB;Cellinker;CellPhoneDB;CellTalkDB;ComPPI;connectomeDB2020;ConnectomeDB2025;CSPA;EMBRACE;GO_Intercell;HGNC;HPMR;ICELLNET;iTALK;LOCATE;LRdb;Membranome;OmniPath;Phobius;Ramilowski_location;Ramilowski2015;SignaLink_function;Surfaceome;talklr;TopDB;UniProt_keyword;UniProt_location;UniProt_topology;Zhong2015","47c971d2fbba4ecd0ba7485d1846a74054432a0d1a97ea3e6a79ae27d0da8094","5e4142df024fd4d5d64cc667299364982a51176076ae6a69e1069425530afafa","FROZEN_BEFORE_EXPRESSION_OUTCOMES","https://zenodo.org/records/7074291|https://omnipathdb.org/intercell"
"EFNB3","NicheNet lr_network_human_21122021.rds unique from","NicheNet human LR network 2021-12-21; Zenodo 7074291","NICHENET_AND_OMNIPATH_MAPPED",10,51,"YES","YES","NO","YES","NO_OMNIPATH_SECRETED_ANNOTATION","Almen2009;Baccin2019;CellCall;CellChatDB;Cellinker;CellPhoneDB;CellTalkDB;ComPPI;connectomeDB2020;ConnectomeDB2025;CSPA;EMBRACE;GO_Intercell;HGNC;ICELLNET;iTALK;LOCATE;LRdb;Membranome;OmniPath;Phobius;Ramilowski_location;Ramilowski2015;SignaLink_function;Surfaceome;talklr;TopDB;UniProt_keyword;UniProt_location;UniProt_topology","47c971d2fbba4ecd0ba7485d1846a74054432a0d1a97ea3e6a79ae27d0da8094","5e4142df024fd4d5d64cc667299364982a51176076ae6a69e1069425530afafa","FROZEN_BEFORE_EXPRESSION_OUTCOMES","https://zenodo.org/records/7074291|https://omnipathdb.org/intercell"
"EGF","NicheNet lr_network_human_21122021.rds unique from","NicheNet human LR network 2021-12-21; Zenodo 7074291","NICHENET_AND_OMNIPATH_MAPPED",5,56,"YES","YES","YES","YES","OMNIPATH_SECRETED_ANNOTATION","Almen2009;Baccin2019;CellCall;CellChatDB;Cellinker;CellPhoneDB;CellTalkDB;ComPPI;connectomeDB2020;ConnectomeDB2025;DGIdb;EMBRACE;GO_Intercell;Guide2Pharma;HPMR;ICELLNET;iTALK;Kirouac2010;LRdb;Matrisome;Membranome;OmniPath;Phobius;Ramilowski_location;Ramilowski2015;scConnect;SignaLink_function;Surfaceome;talklr;TopDB;UniProt_keyword;UniProt_location;UniProt_topology","47c971d2fbba4ecd0ba7485d1846a74054432a0d1a97ea3e6a79ae27d0da8094","5e4142df024fd4d5d64cc667299364982a51176076ae6a69e1069425530afafa","FROZEN_BEFORE_EXPRESSION_OUTCOMES","https://zenodo.org/records/7074291|https://omnipathdb.org/intercell"
"EGFL8","NicheNet lr_network_human_21122021.rds unique from","NicheNet human LR network 2021-12-21; Zenodo 7074291","NICHENET_AND_OMNIPATH_MAPPED",1,12,"YES","YES","YES","YES","OMNIPATH_SECRETED_ANNOTATION","ComPPI;HPA_secretome;iTALK;Matrisome;OmniPath;UniProt_keyword;UniProt_location","47c971d2fbba4ecd0ba7485d1846a74054432a0d1a97ea3e6a79ae27d0da8094","5e4142df024fd4d5d64cc667299364982a51176076ae6a69e1069425530afafa","FROZEN_BEFORE_EXPRESSION_OUTCOMES","https://zenodo.org/records/7074291|https://omnipathdb.org/intercell"
"ELFN1","NicheNet lr_network_human_21122021.rds unique from","NicheNet human LR network 2021-12-21; Zenodo 7074291","NICHENET_AND_OMNIPATH_MAPPED",1,23,"NO","YES","NO","YES","NO_OMNIPATH_SECRETED_ANNOTATION","Cellinker;ComPPI;CSPA;MatrixDB;Membranome;OmniPath;Phobius;Ramilowski_location;Surfaceome;UniProt_keyword;UniProt_location;UniProt_topology;Zhong2015","47c971d2fbba4ecd0ba7485d1846a74054432a0d1a97ea3e6a79ae27d0da8094","5e4142df024fd4d5d64cc667299364982a51176076ae6a69e1069425530afafa","FROZEN_BEFORE_EXPRESSION_OUTCOMES","https://zenodo.org/records/7074291|https://omnipathdb.org/intercell"
"EMC1","NicheNet lr_network_human_21122021.rds unique from","NicheNet human LR network 2021-12-21; Zenodo 7074291","NICHENET_AND_OMNIPATH_MAPPED",1,21,"NO","YES","NO","NO","NO_OMNIPATH_SECRETED_ANNOTATION","Almen2009;Cellinker;ComPPI;CSPA;GO_Intercell;OmniPath;Phobius;Ramilowski_location;TopDB;UniProt_keyword;UniProt_location;UniProt_topology","47c971d2fbba4ecd0ba7485d1846a74054432a0d1a97ea3e6a79ae27d0da8094","5e4142df024fd4d5d64cc667299364982a51176076ae6a69e1069425530afafa","FROZEN_BEFORE_EXPRESSION_OUTCOMES","https://zenodo.org/records/7074291|https://omnipathdb.org/intercell"
"ENAM","NicheNet lr_network_human_21122021.rds unique from","NicheNet human LR network 2021-12-21; Zenodo 7074291","NICHENET_AND_OMNIPATH_MAPPED",1,21,"YES","YES","YES","YES","OMNIPATH_SECRETED_ANNOTATION","CellCellInteractions;connectomeDB2020;ConnectomeDB2025;GO_Intercell;HPA_secretome;LOCATE;MatrixDB;OmniPath;Ramilowski_location;UniProt_keyword;UniProt_location","47c971d2fbba4ecd0ba7485d1846a74054432a0d1a97ea3e6a79ae27d0da8094","5e4142df024fd4d5d64cc667299364982a51176076ae6a69e1069425530afafa","FROZEN_BEFORE_EXPRESSION_OUTCOMES","https://zenodo.org/records/7074291|https://omnipathdb.org/intercell"
"ENG","NicheNet lr_network_human_21122021.rds unique from","NicheNet human LR network 2021-12-21; Zenodo 7074291","NICHENET_AND_OMNIPATH_MAPPED",5,38,"YES","YES","NO","YES","NO_OMNIPATH_SECRETED_ANNOTATION","Adhesome;Almen2009;CellChatDB;Cellinker;connectomeDB2020;ConnectomeDB2025;CSPA;DGIdb;GO_Intercell;LOCATE;Membranome;OmniPath;Phobius;Ramilowski_location;Surfaceome;TopDB;UniProt_keyword;UniProt_location;UniProt_topology","47c971d2fbba4ecd0ba7485d1846a74054432a0d1a97ea3e6a79ae27d0da8094","5e4142df024fd4d5d64cc667299364982a51176076ae6a69e1069425530afafa","FROZEN_BEFORE_EXPRESSION_OUTCOMES","https://zenodo.org/records/7074291|https://omnipathdb.org/intercell"
"ENHO","NicheNet lr_network_human_21122021.rds unique from","NicheNet human LR network 2021-12-21; Zenodo 7074291","NICHENET_AND_OMNIPATH_MAPPED",1,27,"YES","YES","YES","YES","OMNIPATH_SECRETED_ANNOTATION","Almen2009;CellChatDB;Cellinker;connectomeDB2020;ConnectomeDB2025;DGIdb;GO_Intercell;HPA_secretome;MatrixDB;OmniPath;Phobius;Ramilowski_location;scConnect;UniProt_keyword;UniProt_location","47c971d2fbba4ecd0ba7485d1846a74054432a0d1a97ea3e6a79ae27d0da8094","5e4142df024fd4d5d64cc667299364982a51176076ae6a69e1069425530afafa","FROZEN_BEFORE_EXPRESSION_OUTCOMES","https://zenodo.org/records/7074291|https://omnipathdb.org/intercell"
"ENPP1","NicheNet lr_network_human_21122021.rds unique from","NicheNet human LR network 2021-12-21; Zenodo 7074291","NICHENET_AND_OMNIPATH_MAPPED",1,38,"NO","YES","YES","YES","OMNIPATH_SECRETED_ANNOTATION","Almen2009;CellCellInteractions;CellChatDB;ComPPI;CSPA;GO_Intercell;HGNC;HPA_secretome;LOCATE;OmniPath;Phobius;Ramilowski_location;Surfaceome;TopDB;UniProt_keyword;UniProt_location;UniProt_topology","47c971d2fbba4ecd0ba7485d1846a74054432a0d1a97ea3e6a79ae27d0da8094","5e4142df024fd4d5d64cc667299364982a51176076ae6a69e1069425530afafa","FROZEN_BEFORE_EXPRESSION_OUTCOMES","https://zenodo.org/records/7074291|https://omnipathdb.org/intercell"
"ENTPD1","NicheNet lr_network_human_21122021.rds unique from","NicheNet human LR network 2021-12-21; Zenodo 7074291","NICHENET_AND_OMNIPATH_MAPPED",4,28,"YES","YES","NO","YES","NO_OMNIPATH_SECRETED_ANNOTATION","CellCellInteractions;CellChatDB;Cellinker;CellPhoneDB;LOCATE;OmniPath;Phobius;Ramilowski_location;scConnect;Surfaceome;TopDB;UniProt_keyword;UniProt_location;UniProt_topology","47c971d2fbba4ecd0ba7485d1846a74054432a0d1a97ea3e6a79ae27d0da8094","5e4142df024fd4d5d64cc667299364982a51176076ae6a69e1069425530afafa","FROZEN_BEFORE_EXPRESSION_OUTCOMES","https://zenodo.org/records/7074291|https://omnipathdb.org/intercell"
"EPCAM","NicheNet lr_network_human_21122021.rds unique from","NicheNet human LR network 2021-12-21; Zenodo 7074291","NICHENET_AND_OMNIPATH_MAPPED",2,40,"YES","YES","NO","YES","NO_OMNIPATH_SECRETED_ANNOTATION","Almen2009;Baccin2019;Cellinker;connectomeDB2020;CSPA;GO_Intercell;LOCATE;Membranome;OmniPath;Phobius;Ramilowski_location;Surfaceome;TopDB;UniProt_keyword;UniProt_location;UniProt_topology;Zhong2015","47c971d2fbba4ecd0ba7485d1846a74054432a0d1a97ea3e6a79ae27d0da8094","5e4142df024fd4d5d64cc667299364982a51176076ae6a69e1069425530afafa","FROZEN_BEFORE_EXPRESSION_OUTCOMES","https://zenodo.org/records/7074291|https://omnipathdb.org/intercell"
"EPGN","NicheNet lr_network_human_21122021.rds unique from","NicheNet human LR network 2021-12-21; Zenodo 7074291","NICHENET_AND_OMNIPATH_MAPPED",3,57,"YES","YES","YES","YES","OMNIPATH_SECRETED_ANNOTATION","Almen2009;Baccin2019;CellChatDB;Cellinker;CellPhoneDB;CellTalkDB;connectomeDB2020;ConnectomeDB2025;DGIdb;EMBRACE;GO_Intercell;Guide2Pharma;HPA_secretome;ICELLNET;iTALK;LOCATE;Matrisome;Membranome;OmniPath;Phobius;Ramilowski_location;Ramilowski2015;scConnect;Surfaceome;talklr;TopDB;UniProt_keyword;UniProt_location;UniProt_topology","47c971d2fbba4ecd0ba7485d1846a74054432a0d1a97ea3e6a79ae27d0da8094","5e4142df024fd4d5d64cc667299364982a51176076ae6a69e1069425530afafa","FROZEN_BEFORE_EXPRESSION_OUTCOMES","https://zenodo.org/records/7074291|https://omnipathdb.org/intercell"
"EPHA4","NicheNet lr_network_human_21122021.rds unique from","NicheNet human LR network 2021-12-21; Zenodo 7074291","NICHENET_AND_OMNIPATH_MAPPED",4,73,"YES","YES","NO","YES","NO_OMNIPATH_SECRETED_ANNOTATION","Almen2009;Baccin2019;CellCall;CellCellInteractions;CellChatDB;Cellinker;CellPhoneDB;CellTalkDB;ComPPI;connectomeDB2020;ConnectomeDB2025;CSPA;EMBRACE;GO_Intercell;HGNC;HPMR;ICELLNET;iTALK;LOCATE;LRdb;Membranome;OmniPath;Phobius;Ramilowski_location;Ramilowski2015;scConnect;SignaLink_function;Surfaceome;talklr;TopDB;UniProt_keyword;UniProt_location;UniProt_topology;Zhong2015","47c971d2fbba4ecd0ba7485d1846a74054432a0d1a97ea3e6a79ae27d0da8094","5e4142df024fd4d5d64cc667299364982a51176076ae6a69e1069425530afafa","FROZEN_BEFORE_EXPRESSION_OUTCOMES","https://zenodo.org/records/7074291|https://omnipathdb.org/intercell"
"EPO","NicheNet lr_network_human_21122021.rds unique from","NicheNet human LR network 2021-12-21; Zenodo 7074291","NICHENET_AND_OMNIPATH_MAPPED",2,44,"YES","YES","YES","YES","OMNIPATH_SECRETED_ANNOTATION","Baccin2019;CellCall;CellChatDB;Cellinker;CellPhoneDB;CellTalkDB;connectomeDB2020;ConnectomeDB2025;DGIdb;GO_Intercell;Guide2Pharma;HPA_secretome;HPMR;ICELLNET;iTALK;Kirouac2010;LRdb;Matrisome;MatrixDB;OmniPath;Ramilowski2015;scConnect;SignaLink_function;talklr;UniProt_keyword;UniProt_location","47c971d2fbba4ecd0ba7485d1846a74054432a0d1a97ea3e6a79ae27d0da8094","5e4142df024fd4d5d64cc667299364982a51176076ae6a69e1069425530afafa","FROZEN_BEFORE_EXPRESSION_OUTCOMES","https://zenodo.org/records/7074291|https://omnipathdb.org/intercell"
"EREG","NicheNet lr_network_human_21122021.rds unique from","NicheNet human LR network 2021-12-21; Zenodo 7074291","NICHENET_AND_OMNIPATH_MAPPED",4,64,"YES","YES","YES","YES","OMNIPATH_SECRETED_ANNOTATION","Almen2009;Baccin2019;CellCall;CellChatDB;Cellinker;CellPhoneDB;CellTalkDB;ComPPI;connectomeDB2020;ConnectomeDB2025;DGIdb;GO_Intercell;Guide2Pharma;HPA_secretome;ICELLNET;iTALK;LOCATE;LRdb;Matrisome;Membranome;OmniPath;Phobius;Ramilowski_location;Ramilowski2015;scConnect;Surfaceome;talklr;TopDB;UniProt_keyword;UniProt_location;UniProt_topology","47c971d2fbba4ecd0ba7485d1846a74054432a0d1a97ea3e6a79ae27d0da8094","5e4142df024fd4d5d64cc667299364982a51176076ae6a69e1069425530afafa","FROZEN_BEFORE_EXPRESSION_OUTCOMES","https://zenodo.org/records/7074291|https://omnipathdb.org/intercell"
"ERFE","NicheNet lr_network_human_21122021.rds unique from","NicheNet human LR network 2021-12-21; Zenodo 7074291","NICHENET_AND_OMNIPATH_MAPPED",1,15,"YES","YES","YES","YES","OMNIPATH_SECRETED_ANNOTATION","ComPPI;DGIdb;GO_Intercell;HGNC;HPA_secretome;MatrixDB;OmniPath;UniProt_keyword;UniProt_location","47c971d2fbba4ecd0ba7485d1846a74054432a0d1a97ea3e6a79ae27d0da8094","5e4142df024fd4d5d64cc667299364982a51176076ae6a69e1069425530afafa","FROZEN_BEFORE_EXPRESSION_OUTCOMES","https://zenodo.org/records/7074291|https://omnipathdb.org/intercell"
"ESAM","NicheNet lr_network_human_21122021.rds unique from","NicheNet human LR network 2021-12-21; Zenodo 7074291","NICHENET_AND_OMNIPATH_MAPPED",2,40,"YES","YES","NO","NO","NO_OMNIPATH_SECRETED_ANNOTATION","Almen2009;Baccin2019;CellChatDB;Cellinker;CellPhoneDB;ComPPI;ConnectomeDB2025;CSPA;GO_Intercell;HGNC;ICELLNET;Membranome;OmniPath;Phobius;Ramilowski_location;Surfaceome;TopDB;UniProt_keyword;UniProt_location;UniProt_topology;Zhong2015","47c971d2fbba4ecd0ba7485d1846a74054432a0d1a97ea3e6a79ae27d0da8094","5e4142df024fd4d5d64cc667299364982a51176076ae6a69e1069425530afafa","FROZEN_BEFORE_EXPRESSION_OUTCOMES","https://zenodo.org/records/7074291|https://omnipathdb.org/intercell"
"ESM1","NicheNet lr_network_human_21122021.rds unique from","NicheNet human LR network 2021-12-21; Zenodo 7074291","NICHENET_AND_OMNIPATH_MAPPED",2,10,"NO","YES","YES","YES","OMNIPATH_SECRETED_ANNOTATION","GO_Intercell;HPA_secretome;LOCATE;Matrisome;MatrixDB;OmniPath;UniProt_keyword;UniProt_location","47c971d2fbba4ecd0ba7485d1846a74054432a0d1a97ea3e6a79ae27d0da8094","5e4142df024fd4d5d64cc667299364982a51176076ae6a69e1069425530afafa","FROZEN_BEFORE_EXPRESSION_OUTCOMES","https://zenodo.org/records/7074291|https://omnipathdb.org/intercell"
"EXOC3-AS1","NicheNet lr_network_human_21122021.rds unique from","NicheNet human LR network 2021-12-21; Zenodo 7074291","NICHENET_AND_OMNIPATH_MAPPED",1,7,"NO","YES","YES","YES","OMNIPATH_SECRETED_ANNOTATION","ComPPI;MatrixDB;OmniPath;UniProt_keyword;UniProt_location","47c971d2fbba4ecd0ba7485d1846a74054432a0d1a97ea3e6a79ae27d0da8094","5e4142df024fd4d5d64cc667299364982a51176076ae6a69e1069425530afafa","FROZEN_BEFORE_EXPRESSION_OUTCOMES","https://zenodo.org/records/7074291|https://omnipathdb.org/intercell"
"EZR","NicheNet lr_network_human_21122021.rds unique from","NicheNet human LR network 2021-12-21; Zenodo 7074291","NICHENET_AND_OMNIPATH_MAPPED",1,25,"YES","YES","NO","YES","NO_OMNIPATH_SECRETED_ANNOTATION","Adhesome;Cellinker;CellPhoneDB;CellTalkDB;ComPPI;GO_Intercell;HGNC;ICELLNET;LOCATE;LRdb;OmniPath;Ramilowski_location;UniProt_location","47c971d2fbba4ecd0ba7485d1846a74054432a0d1a97ea3e6a79ae27d0da8094","5e4142df024fd4d5d64cc667299364982a51176076ae6a69e1069425530afafa","FROZEN_BEFORE_EXPRESSION_OUTCOMES","https://zenodo.org/records/7074291|https://omnipathdb.org/intercell"
"F10","NicheNet lr_network_human_21122021.rds unique from","NicheNet human LR network 2021-12-21; Zenodo 7074291","NICHENET_AND_OMNIPATH_MAPPED",4,17,"NO","YES","YES","YES","OMNIPATH_SECRETED_ANNOTATION","connectomeDB2020;ConnectomeDB2025;DGIdb;GO_Intercell;HPA_secretome;LOCATE;Matrisome;OmniPath;scConnect;TopDB;UniProt_keyword;UniProt_location","47c971d2fbba4ecd0ba7485d1846a74054432a0d1a97ea3e6a79ae27d0da8094","5e4142df024fd4d5d64cc667299364982a51176076ae6a69e1069425530afafa","FROZEN_BEFORE_EXPRESSION_OUTCOMES","https://zenodo.org/records/7074291|https://omnipathdb.org/intercell"
"F11","NicheNet lr_network_human_21122021.rds unique from","NicheNet human LR network 2021-12-21; Zenodo 7074291","NICHENET_AND_OMNIPATH_MAPPED",5,14,"NO","NO","YES","YES","OMNIPATH_SECRETED_ANNOTATION","Baccin2019;Cellinker;ComPPI;connectomeDB2020;HPA_secretome;LOCATE;OmniPath;scConnect;UniProt_keyword;UniProt_location","47c971d2fbba4ecd0ba7485d1846a74054432a0d1a97ea3e6a79ae27d0da8094","5e4142df024fd4d5d64cc667299364982a51176076ae6a69e1069425530afafa","FROZEN_BEFORE_EXPRESSION_OUTCOMES","https://zenodo.org/records/7074291|https://omnipathdb.org/intercell"
"F11R","NicheNet lr_network_human_21122021.rds unique from","NicheNet human LR network 2021-12-21; Zenodo 7074291","NICHENET_AND_OMNIPATH_MAPPED",7,45,"YES","YES","NO","YES","NO_OMNIPATH_SECRETED_ANNOTATION","Almen2009;Baccin2019;CellChatDB;Cellinker;CellPhoneDB;ComPPI;connectomeDB2020;ConnectomeDB2025;CSPA;GO_Intercell;HGNC;LOCATE;MCAM;Membranome;OmniPath;Phobius;Ramilowski_location;Surfaceome;TopDB;UniProt_keyword;UniProt_location;UniProt_topology;Zhong2015","47c971d2fbba4ecd0ba7485d1846a74054432a0d1a97ea3e6a79ae27d0da8094","5e4142df024fd4d5d64cc667299364982a51176076ae6a69e1069425530afafa","FROZEN_BEFORE_EXPRESSION_OUTCOMES","https://zenodo.org/records/7074291|https://omnipathdb.org/intercell"
"F12","NicheNet lr_network_human_21122021.rds unique from","NicheNet human LR network 2021-12-21; Zenodo 7074291","NICHENET_AND_OMNIPATH_MAPPED",7,15,"NO","YES","YES","YES","OMNIPATH_SECRETED_ANNOTATION","Baccin2019;Cellinker;connectomeDB2020;GO_Intercell;HPA_secretome;LOCATE;Matrisome;OmniPath;scConnect;UniProt_keyword;UniProt_location","47c971d2fbba4ecd0ba7485d1846a74054432a0d1a97ea3e6a79ae27d0da8094","5e4142df024fd4d5d64cc667299364982a51176076ae6a69e1069425530afafa","FROZEN_BEFORE_EXPRESSION_OUTCOMES","https://zenodo.org/records/7074291|https://omnipathdb.org/intercell"
"F13A1","NicheNet lr_network_human_21122021.rds unique from","NicheNet human LR network 2021-12-21; Zenodo 7074291","NICHENET_AND_OMNIPATH_MAPPED",3,12,"NO","NO","YES","YES","OMNIPATH_SECRETED_ANNOTATION","Cellinker;ComPPI;connectomeDB2020;ConnectomeDB2025;GO_Intercell;HPA_secretome;OmniPath;UniProt_keyword;UniProt_location","47c971d2fbba4ecd0ba7485d1846a74054432a0d1a97ea3e6a79ae27d0da8094","5e4142df024fd4d5d64cc667299364982a51176076ae6a69e1069425530afafa","FROZEN_BEFORE_EXPRESSION_OUTCOMES","https://zenodo.org/records/7074291|https://omnipathdb.org/intercell"
"F2","NicheNet lr_network_human_21122021.rds unique from","NicheNet human LR network 2021-12-21; Zenodo 7074291","NICHENET_AND_OMNIPATH_MAPPED",10,16,"NO","YES","YES","YES","OMNIPATH_SECRETED_ANNOTATION","Baccin2019;Cellinker;connectomeDB2020;ConnectomeDB2025;DGIdb;GO_Intercell;HPA_secretome;HPMR;LOCATE;Matrisome;OmniPath;UniProt_keyword;UniProt_location","47c971d2fbba4ecd0ba7485d1846a74054432a0d1a97ea3e6a79ae27d0da8094","5e4142df024fd4d5d64cc667299364982a51176076ae6a69e1069425530afafa","FROZEN_BEFORE_EXPRESSION_OUTCOMES","https://zenodo.org/records/7074291|https://omnipathdb.org/intercell"
"F5","NicheNet lr_network_human_21122021.rds unique from","NicheNet human LR network 2021-12-21; Zenodo 7074291","NICHENET_AND_OMNIPATH_MAPPED",1,13,"NO","YES","YES","YES","OMNIPATH_SECRETED_ANNOTATION","GO_Intercell;HPA_secretome;LOCATE;MCAM;OmniPath;scConnect;UniProt_keyword;UniProt_location","47c971d2fbba4ecd0ba7485d1846a74054432a0d1a97ea3e6a79ae27d0da8094","5e4142df024fd4d5d64cc667299364982a51176076ae6a69e1069425530afafa","FROZEN_BEFORE_EXPRESSION_OUTCOMES","https://zenodo.org/records/7074291|https://omnipathdb.org/intercell"
"F7","NicheNet lr_network_human_21122021.rds unique from","NicheNet human LR network 2021-12-21; Zenodo 7074291","NICHENET_AND_OMNIPATH_MAPPED",3,15,"NO","YES","YES","YES","OMNIPATH_SECRETED_ANNOTATION","ComPPI;connectomeDB2020;ConnectomeDB2025;GO_Intercell;HPA_secretome;LOCATE;Matrisome;OmniPath;scConnect;UniProt_keyword;UniProt_location","47c971d2fbba4ecd0ba7485d1846a74054432a0d1a97ea3e6a79ae27d0da8094","5e4142df024fd4d5d64cc667299364982a51176076ae6a69e1069425530afafa","FROZEN_BEFORE_EXPRESSION_OUTCOMES","https://zenodo.org/records/7074291|https://omnipathdb.org/intercell"
"F8","NicheNet lr_network_human_21122021.rds unique from","NicheNet human LR network 2021-12-21; Zenodo 7074291","NICHENET_AND_OMNIPATH_MAPPED",6,13,"NO","NO","YES","YES","OMNIPATH_SECRETED_ANNOTATION","Baccin2019;Cellinker;connectomeDB2020;ConnectomeDB2025;GO_Intercell;HPA_secretome;OmniPath;scConnect;UniProt_keyword;UniProt_location","47c971d2fbba4ecd0ba7485d1846a74054432a0d1a97ea3e6a79ae27d0da8094","5e4142df024fd4d5d64cc667299364982a51176076ae6a69e1069425530afafa","FROZEN_BEFORE_EXPRESSION_OUTCOMES","https://zenodo.org/records/7074291|https://omnipathdb.org/intercell"
"F9","NicheNet lr_network_human_21122021.rds unique from","NicheNet human LR network 2021-12-21; Zenodo 7074291","NICHENET_AND_OMNIPATH_MAPPED",2,16,"NO","YES","YES","YES","OMNIPATH_SECRETED_ANNOTATION","Cellinker;connectomeDB2020;ConnectomeDB2025;GO_Intercell;HPA_secretome;LOCATE;Matrisome;OmniPath;scConnect;UniProt_keyword;UniProt_location","47c971d2fbba4ecd0ba7485d1846a74054432a0d1a97ea3e6a79ae27d0da8094","5e4142df024fd4d5d64cc667299364982a51176076ae6a69e1069425530afafa","FROZEN_BEFORE_EXPRESSION_OUTCOMES","https://zenodo.org/records/7074291|https://omnipathdb.org/intercell"
"FAM200A","NicheNet lr_network_human_21122021.rds unique from","NicheNet human LR network 2021-12-21; Zenodo 7074291","NICHENET_AND_OMNIPATH_MAPPED",1,16,"NO","YES","NO","NO","NO_OMNIPATH_SECRETED_ANNOTATION","Almen2009;Cellinker;ComPPI;OmniPath;Phobius;Ramilowski_location;UniProt_keyword;UniProt_location;UniProt_topology","47c971d2fbba4ecd0ba7485d1846a74054432a0d1a97ea3e6a79ae27d0da8094","5e4142df024fd4d5d64cc667299364982a51176076ae6a69e1069425530afafa","FROZEN_BEFORE_EXPRESSION_OUTCOMES","https://zenodo.org/records/7074291|https://omnipathdb.org/intercell"
"FAM3B","NicheNet lr_network_human_21122021.rds unique from","NicheNet human LR network 2021-12-21; Zenodo 7074291","NICHENET_AND_OMNIPATH_MAPPED",1,16,"YES","YES","YES","YES","OMNIPATH_SECRETED_ANNOTATION","ComPPI;ConnectomeDB2025;GO_Intercell;HPA_secretome;LOCATE;MatrixDB;OmniPath;UniProt_keyword;UniProt_location","47c971d2fbba4ecd0ba7485d1846a74054432a0d1a97ea3e6a79ae27d0da8094","5e4142df024fd4d5d64cc667299364982a51176076ae6a69e1069425530afafa","FROZEN_BEFORE_EXPRESSION_OUTCOMES","https://zenodo.org/records/7074291|https://omnipathdb.org/intercell"
"FAM3C","NicheNet lr_network_human_21122021.rds unique from","NicheNet human LR network 2021-12-21; Zenodo 7074291","NICHENET_AND_OMNIPATH_MAPPED",9,18,"YES","YES","YES","YES","OMNIPATH_SECRETED_ANNOTATION","CellTalkDB;connectomeDB2020;ConnectomeDB2025;GO_Intercell;HPA_secretome;ICELLNET;OmniPath;UniProt_keyword;UniProt_location","47c971d2fbba4ecd0ba7485d1846a74054432a0d1a97ea3e6a79ae27d0da8094","5e4142df024fd4d5d64cc667299364982a51176076ae6a69e1069425530afafa","FROZEN_BEFORE_EXPRESSION_OUTCOMES","https://zenodo.org/records/7074291|https://omnipathdb.org/intercell"
"FAM3D","NicheNet lr_network_human_21122021.rds unique from","NicheNet human LR network 2021-12-21; Zenodo 7074291","NICHENET_AND_OMNIPATH_MAPPED",2,20,"YES","YES","YES","YES","OMNIPATH_SECRETED_ANNOTATION","Almen2009;connectomeDB2020;ConnectomeDB2025;GO_Intercell;HPA_secretome;MatrixDB;OmniPath;Phobius;TopDB;UniProt_keyword;UniProt_location","47c971d2fbba4ecd0ba7485d1846a74054432a0d1a97ea3e6a79ae27d0da8094","5e4142df024fd4d5d64cc667299364982a51176076ae6a69e1069425530afafa","FROZEN_BEFORE_EXPRESSION_OUTCOMES","https://zenodo.org/records/7074291|https://omnipathdb.org/intercell"
"FAP","NicheNet lr_network_human_21122021.rds unique from","NicheNet human LR network 2021-12-21; Zenodo 7074291","NICHENET_AND_OMNIPATH_MAPPED",2,22,"NO","YES","YES","YES","OMNIPATH_SECRETED_ANNOTATION","Cellinker;ComPPI;connectomeDB2020;GO_Intercell;HPA_secretome;OmniPath;Ramilowski_location;Surfaceome;TopDB;UniProt_keyword;UniProt_location;UniProt_topology","47c971d2fbba4ecd0ba7485d1846a74054432a0d1a97ea3e6a79ae27d0da8094","5e4142df024fd4d5d64cc667299364982a51176076ae6a69e1069425530afafa","FROZEN_BEFORE_EXPRESSION_OUTCOMES","https://zenodo.org/records/7074291|https://omnipathdb.org/intercell"
"FASLG","NicheNet lr_network_human_21122021.rds unique from","NicheNet human LR network 2021-12-21; Zenodo 7074291","NICHENET_AND_OMNIPATH_MAPPED",2,67,"YES","YES","YES","YES","OMNIPATH_SECRETED_ANNOTATION","Almen2009;Baccin2019;CellCall;CellChatDB;Cellinker;CellPhoneDB;CellTalkDB;ComPPI;connectomeDB2020;ConnectomeDB2025;DGIdb;GO_Intercell;Guide2Pharma;HGNC;HPA_secretome;HPMR;ICELLNET;iTALK;Kirouac2010;LRdb;Matrisome;MatrixDB;OmniPath;Phobius;Ramilowski_location;Ramilowski2015;scConnect;Surfaceome;talklr;TopDB;UniProt_keyword;UniProt_location;UniProt_topology","47c971d2fbba4ecd0ba7485d1846a74054432a0d1a97ea3e6a79ae27d0da8094","5e4142df024fd4d5d64cc667299364982a51176076ae6a69e1069425530afafa","FROZEN_BEFORE_EXPRESSION_OUTCOMES","https://zenodo.org/records/7074291|https://omnipathdb.org/intercell"
"FAT4","NicheNet lr_network_human_21122021.rds unique from","NicheNet human LR network 2021-12-21; Zenodo 7074291","NICHENET_AND_OMNIPATH_MAPPED",1,40,"YES","YES","YES","YES","OMNIPATH_SECRETED_ANNOTATION","Almen2009;Baccin2019;Cellinker;ComPPI;connectomeDB2020;ConnectomeDB2025;CSPA;GO_Intercell;HGNC;Membranome;OmniPath;Phobius;Ramilowski_location;Surfaceome;UniProt_keyword;UniProt_location;UniProt_topology;Zhong2015","47c971d2fbba4ecd0ba7485d1846a74054432a0d1a97ea3e6a79ae27d0da8094","5e4142df024fd4d5d64cc667299364982a51176076ae6a69e1069425530afafa","FROZEN_BEFORE_EXPRESSION_OUTCOMES","https://zenodo.org/records/7074291|https://omnipathdb.org/intercell"
"FBLN1","NicheNet lr_network_human_21122021.rds unique from","NicheNet human LR network 2021-12-21; Zenodo 7074291","NICHENET_AND_OMNIPATH_MAPPED",1,30,"YES","YES","YES","YES","OMNIPATH_SECRETED_ANNOTATION","CellCellInteractions;Cellinker;CellTalkDB;connectomeDB2020;ConnectomeDB2025;EMBRACE;GO_Intercell;HGNC;HPA_secretome;iTALK;LOCATE;LRdb;Matrisome;MatrixDB;OmniPath;Ramilowski_location;Ramilowski2015;talklr;UniProt_keyword;UniProt_location","47c971d2fbba4ecd0ba7485d1846a74054432a0d1a97ea3e6a79ae27d0da8094","5e4142df024fd4d5d64cc667299364982a51176076ae6a69e1069425530afafa","FROZEN_BEFORE_EXPRESSION_OUTCOMES","https://zenodo.org/records/7074291|https://omnipathdb.org/intercell"
"FBLN2","NicheNet lr_network_human_21122021.rds unique from","NicheNet human LR network 2021-12-21; Zenodo 7074291","NICHENET_AND_OMNIPATH_MAPPED",1,28,"YES","YES","YES","YES","OMNIPATH_SECRETED_ANNOTATION","Cellinker;CellTalkDB;ConnectomeDB2025;EMBRACE;GO_Intercell;HGNC;HPA_secretome;iTALK;LOCATE;LRdb;Matrisome;OmniPath;Ramilowski_location;Ramilowski2015;talklr;UniProt_keyword;UniProt_location","47c971d2fbba4ecd0ba7485d1846a74054432a0d1a97ea3e6a79ae27d0da8094","5e4142df024fd4d5d64cc667299364982a51176076ae6a69e1069425530afafa","FROZEN_BEFORE_EXPRESSION_OUTCOMES","https://zenodo.org/records/7074291|https://omnipathdb.org/intercell"
"FBN1","NicheNet lr_network_human_21122021.rds unique from","NicheNet human LR network 2021-12-21; Zenodo 7074291","NICHENET_AND_OMNIPATH_MAPPED",5,18,"NO","YES","YES","YES","OMNIPATH_SECRETED_ANNOTATION","Baccin2019;Cellinker;ComPPI;connectomeDB2020;ConnectomeDB2025;GO_Intercell;HGNC;HPA_secretome;LOCATE;Matrisome;OmniPath;Ramilowski_location;UniProt_keyword;UniProt_location","47c971d2fbba4ecd0ba7485d1846a74054432a0d1a97ea3e6a79ae27d0da8094","5e4142df024fd4d5d64cc667299364982a51176076ae6a69e1069425530afafa","FROZEN_BEFORE_EXPRESSION_OUTCOMES","https://zenodo.org/records/7074291|https://omnipathdb.org/intercell"
"FCAR","NicheNet lr_network_human_21122021.rds unique from","NicheNet human LR network 2021-12-21; Zenodo 7074291","NICHENET_AND_OMNIPATH_MAPPED",6,34,"NO","YES","YES","YES","OMNIPATH_SECRETED_ANNOTATION","Almen2009;CellCellInteractions;Cellinker;ConnectomeDB2025;CSPA;GO_Intercell;LOCATE;Membranome;OmniPath;Phobius;Ramilowski_location;scConnect;Surfaceome;TopDB;UniProt_keyword;UniProt_location;UniProt_topology","47c971d2fbba4ecd0ba7485d1846a74054432a0d1a97ea3e6a79ae27d0da8094","5e4142df024fd4d5d64cc667299364982a51176076ae6a69e1069425530afafa","FROZEN_BEFORE_EXPRESSION_OUTCOMES","https://zenodo.org/records/7074291|https://omnipathdb.org/intercell"
"FCER2","NicheNet lr_network_human_21122021.rds unique from","NicheNet human LR network 2021-12-21; Zenodo 7074291","NICHENET_AND_OMNIPATH_MAPPED",6,50,"YES","YES","YES","YES","OMNIPATH_SECRETED_ANNOTATION","Almen2009;CellCellInteractions;CellChatDB;Cellinker;CellPhoneDB;connectomeDB2020;ConnectomeDB2025;CSPA;DGIdb;GO_Intercell;HPA_secretome;HPMR;LOCATE;OmniPath;Phobius;Ramilowski_location;scConnect;TopDB;UniProt_keyword;UniProt_location;UniProt_topology","47c971d2fbba4ecd0ba7485d1846a74054432a0d1a97ea3e6a79ae27d0da8094","5e4142df024fd4d5d64cc667299364982a51176076ae6a69e1069425530afafa","FROZEN_BEFORE_EXPRESSION_OUTCOMES","https://zenodo.org/records/7074291|https://omnipathdb.org/intercell"
"FCGR3B","NicheNet lr_network_human_21122021.rds unique from","NicheNet human LR network 2021-12-21; Zenodo 7074291","NICHENET_AND_OMNIPATH_MAPPED",1,41,"NO","YES","YES","YES","OMNIPATH_SECRETED_ANNOTATION","CellCellInteractions;Cellinker;ComPPI;ConnectomeDB2025;CSPA;DGIdb;GO_Intercell;HPA_secretome;HPMR;ICELLNET;OmniPath;Phobius;Ramilowski_location;Surfaceome;TopDB;UniProt_keyword;UniProt_location","47c971d2fbba4ecd0ba7485d1846a74054432a0d1a97ea3e6a79ae27d0da8094","5e4142df024fd4d5d64cc667299364982a51176076ae6a69e1069425530afafa","FROZEN_BEFORE_EXPRESSION_OUTCOMES","https://zenodo.org/records/7074291|https://omnipathdb.org/intercell"
"FCN1","NicheNet lr_network_human_21122021.rds unique from","NicheNet human LR network 2021-12-21; Zenodo 7074291","NICHENET_AND_OMNIPATH_MAPPED",1,13,"YES","YES","YES","YES","OMNIPATH_SECRETED_ANNOTATION","CellCellInteractions;DGIdb;EMBRACE;GO_Intercell;HPA_secretome;OmniPath;UniProt_keyword;UniProt_location","47c971d2fbba4ecd0ba7485d1846a74054432a0d1a97ea3e6a79ae27d0da8094","5e4142df024fd4d5d64cc667299364982a51176076ae6a69e1069425530afafa","FROZEN_BEFORE_EXPRESSION_OUTCOMES","https://zenodo.org/records/7074291|https://omnipathdb.org/intercell"
"FCN2","NicheNet lr_network_human_21122021.rds unique from","NicheNet human LR network 2021-12-21; Zenodo 7074291","NICHENET_AND_OMNIPATH_MAPPED",1,20,"YES","YES","YES","YES","OMNIPATH_SECRETED_ANNOTATION","CellTalkDB;connectomeDB2020;ConnectomeDB2025;DGIdb;EMBRACE;GO_Intercell;HPA_secretome;iTALK;LOCATE;LRdb;OmniPath;Ramilowski2015;talklr;UniProt_keyword;UniProt_location","47c971d2fbba4ecd0ba7485d1846a74054432a0d1a97ea3e6a79ae27d0da8094","5e4142df024fd4d5d64cc667299364982a51176076ae6a69e1069425530afafa","FROZEN_BEFORE_EXPRESSION_OUTCOMES","https://zenodo.org/records/7074291|https://omnipathdb.org/intercell"
"FCRL6","NicheNet lr_network_human_21122021.rds unique from","NicheNet human LR network 2021-12-21; Zenodo 7074291","NICHENET_AND_OMNIPATH_MAPPED",1,32,"NO","YES","NO","YES","NO_OMNIPATH_SECRETED_ANNOTATION","Almen2009;Cellinker;CSPA;DGIdb;GO_Intercell;Membranome;OmniPath;Phobius;Ramilowski_location;Surfaceome;UniProt_keyword;UniProt_location;UniProt_topology","47c971d2fbba4ecd0ba7485d1846a74054432a0d1a97ea3e6a79ae27d0da8094","5e4142df024fd4d5d64cc667299364982a51176076ae6a69e1069425530afafa","FROZEN_BEFORE_EXPRESSION_OUTCOMES","https://zenodo.org/records/7074291|https://omnipathdb.org/intercell"
"FGA","NicheNet lr_network_human_21122021.rds unique from","NicheNet human LR network 2021-12-21; Zenodo 7074291","NICHENET_AND_OMNIPATH_MAPPED",11,20,"NO","YES","YES","YES","OMNIPATH_SECRETED_ANNOTATION","Baccin2019;Cellinker;ComPPI;connectomeDB2020;ConnectomeDB2025;DGIdb;GO_Intercell;HPA_secretome;LOCATE;Matrisome;OmniPath;UniProt_keyword;UniProt_location","47c971d2fbba4ecd0ba7485d1846a74054432a0d1a97ea3e6a79ae27d0da8094","5e4142df024fd4d5d64cc667299364982a51176076ae6a69e1069425530afafa","FROZEN_BEFORE_EXPRESSION_OUTCOMES","https://zenodo.org/records/7074291|https://omnipathdb.org/intercell"
"FGB","NicheNet lr_network_human_21122021.rds unique from","NicheNet human LR network 2021-12-21; Zenodo 7074291","NICHENET_AND_OMNIPATH_MAPPED",9,19,"NO","YES","YES","YES","OMNIPATH_SECRETED_ANNOTATION","Cellinker;ComPPI;connectomeDB2020;ConnectomeDB2025;DGIdb;GO_Intercell;HPA_secretome;LOCATE;Matrisome;OmniPath;UniProt_keyword;UniProt_location","47c971d2fbba4ecd0ba7485d1846a74054432a0d1a97ea3e6a79ae27d0da8094","5e4142df024fd4d5d64cc667299364982a51176076ae6a69e1069425530afafa","FROZEN_BEFORE_EXPRESSION_OUTCOMES","https://zenodo.org/records/7074291|https://omnipathdb.org/intercell"
"FGF1","NicheNet lr_network_human_21122021.rds unique from","NicheNet human LR network 2021-12-21; Zenodo 7074291","NICHENET_AND_OMNIPATH_MAPPED",5,47,"YES","YES","YES","YES","OMNIPATH_SECRETED_ANNOTATION","Baccin2019;CellCall;CellChatDB;Cellinker;CellPhoneDB;CellTalkDB;ComPPI;connectomeDB2020;ConnectomeDB2025;DGIdb;EMBRACE;GO_Intercell;HGNC;HPA_secretome;HPMR;ICELLNET;iTALK;Kirouac2010;LOCATE;LRdb;Matrisome;OmniPath;Ramilowski2015;SignaLink_function;talklr;UniProt_keyword;UniProt_location","47c971d2fbba4ecd0ba7485d1846a74054432a0d1a97ea3e6a79ae27d0da8094","5e4142df024fd4d5d64cc667299364982a51176076ae6a69e1069425530afafa","FROZEN_BEFORE_EXPRESSION_OUTCOMES","https://zenodo.org/records/7074291|https://omnipathdb.org/intercell"
"FGF10","NicheNet lr_network_human_21122021.rds unique from","NicheNet human LR network 2021-12-21; Zenodo 7074291","NICHENET_AND_OMNIPATH_MAPPED",5,42,"YES","YES","YES","YES","OMNIPATH_SECRETED_ANNOTATION","CellCall;CellChatDB;Cellinker;CellPhoneDB;CellTalkDB;ComPPI;connectomeDB2020;ConnectomeDB2025;DGIdb;EMBRACE;GO_Intercell;HGNC;HPA_secretome;ICELLNET;iTALK;Kirouac2010;LOCATE;LRdb;Matrisome;OmniPath;Ramilowski2015;SignaLink_function;talklr;UniProt_keyword;UniProt_location","47c971d2fbba4ecd0ba7485d1846a74054432a0d1a97ea3e6a79ae27d0da8094","5e4142df024fd4d5d64cc667299364982a51176076ae6a69e1069425530afafa","FROZEN_BEFORE_EXPRESSION_OUTCOMES","https://zenodo.org/records/7074291|https://omnipathdb.org/intercell"
"FGF11","NicheNet lr_network_human_21122021.rds unique from","NicheNet human LR network 2021-12-21; Zenodo 7074291","NICHENET_AND_OMNIPATH_MAPPED",13,18,"YES","YES","YES","YES","OMNIPATH_SECRETED_ANNOTATION","CellTalkDB;ComPPI;DGIdb;EMBRACE;GO_Intercell;HGNC;iTALK;Kirouac2010;LRdb;Matrisome;OmniPath;UniProt_keyword","47c971d2fbba4ecd0ba7485d1846a74054432a0d1a97ea3e6a79ae27d0da8094","5e4142df024fd4d5d64cc667299364982a51176076ae6a69e1069425530afafa","FROZEN_BEFORE_EXPRESSION_OUTCOMES","https://zenodo.org/records/7074291|https://omnipathdb.org/intercell"
"FGF12","NicheNet lr_network_human_21122021.rds unique from","NicheNet human LR network 2021-12-21; Zenodo 7074291","NICHENET_AND_OMNIPATH_MAPPED",13,22,"YES","YES","YES","YES","OMNIPATH_SECRETED_ANNOTATION","CellTalkDB;ComPPI;DGIdb;EMBRACE;GO_Intercell;HGNC;iTALK;Kirouac2010;LRdb;Matrisome;MatrixDB;OmniPath;UniProt_keyword;UniProt_location","47c971d2fbba4ecd0ba7485d1846a74054432a0d1a97ea3e6a79ae27d0da8094","5e4142df024fd4d5d64cc667299364982a51176076ae6a69e1069425530afafa","FROZEN_BEFORE_EXPRESSION_OUTCOMES","https://zenodo.org/records/7074291|https://omnipathdb.org/intercell"
"FGF13","NicheNet lr_network_human_21122021.rds unique from","NicheNet human LR network 2021-12-21; Zenodo 7074291","NICHENET_AND_OMNIPATH_MAPPED",14,27,"YES","YES","YES","YES","OMNIPATH_SECRETED_ANNOTATION","Cellinker;CellTalkDB;ComPPI;connectomeDB2020;DGIdb;EMBRACE;GO_Intercell;HGNC;iTALK;Kirouac2010;LRdb;Matrisome;OmniPath;Ramilowski2015;talklr;UniProt_location","47c971d2fbba4ecd0ba7485d1846a74054432a0d1a97ea3e6a79ae27d0da8094","5e4142df024fd4d5d64cc667299364982a51176076ae6a69e1069425530afafa","FROZEN_BEFORE_EXPRESSION_OUTCOMES","https://zenodo.org/records/7074291|https://omnipathdb.org/intercell"
"FGF14","NicheNet lr_network_human_21122021.rds unique from","NicheNet human LR network 2021-12-21; Zenodo 7074291","NICHENET_AND_OMNIPATH_MAPPED",13,18,"YES","YES","YES","YES","OMNIPATH_SECRETED_ANNOTATION","CellTalkDB;ComPPI;DGIdb;GO_Intercell;HGNC;iTALK;Kirouac2010;LRdb;Matrisome;OmniPath;UniProt_keyword;UniProt_location","47c971d2fbba4ecd0ba7485d1846a74054432a0d1a97ea3e6a79ae27d0da8094","5e4142df024fd4d5d64cc667299364982a51176076ae6a69e1069425530afafa","FROZEN_BEFORE_EXPRESSION_OUTCOMES","https://zenodo.org/records/7074291|https://omnipathdb.org/intercell"
"FGF16","NicheNet lr_network_human_21122021.rds unique from","NicheNet human LR network 2021-12-21; Zenodo 7074291","NICHENET_AND_OMNIPATH_MAPPED",4,34,"YES","YES","YES","YES","OMNIPATH_SECRETED_ANNOTATION","CellCall;CellChatDB;Cellinker;CellTalkDB;connectomeDB2020;ConnectomeDB2025;DGIdb;EMBRACE;GO_Intercell;HGNC;HPA_secretome;ICELLNET;iTALK;LRdb;Matrisome;OmniPath;Ramilowski2015;talklr;UniProt_keyword;UniProt_location","47c971d2fbba4ecd0ba7485d1846a74054432a0d1a97ea3e6a79ae27d0da8094","5e4142df024fd4d5d64cc667299364982a51176076ae6a69e1069425530afafa","FROZEN_BEFORE_EXPRESSION_OUTCOMES","https://zenodo.org/records/7074291|https://omnipathdb.org/intercell"
"FGF17","NicheNet lr_network_human_21122021.rds unique from","NicheNet human LR network 2021-12-21; Zenodo 7074291","NICHENET_AND_OMNIPATH_MAPPED",4,42,"YES","YES","YES","YES","OMNIPATH_SECRETED_ANNOTATION","Baccin2019;CellCall;CellChatDB;Cellinker;CellPhoneDB;CellTalkDB;connectomeDB2020;ConnectomeDB2025;DGIdb;EMBRACE;GO_Intercell;HGNC;HPA_secretome;ICELLNET;iTALK;Kirouac2010;LOCATE;LRdb;Matrisome;OmniPath;Ramilowski2015;SignaLink_function;talklr;UniProt_keyword;UniProt_location","47c971d2fbba4ecd0ba7485d1846a74054432a0d1a97ea3e6a79ae27d0da8094","5e4142df024fd4d5d64cc667299364982a51176076ae6a69e1069425530afafa","FROZEN_BEFORE_EXPRESSION_OUTCOMES","https://zenodo.org/records/7074291|https://omnipathdb.org/intercell"
"FGF18","NicheNet lr_network_human_21122021.rds unique from","NicheNet human LR network 2021-12-21; Zenodo 7074291","NICHENET_AND_OMNIPATH_MAPPED",4,41,"YES","YES","YES","YES","OMNIPATH_SECRETED_ANNOTATION","Baccin2019;CellCall;CellChatDB;Cellinker;CellTalkDB;ComPPI;connectomeDB2020;ConnectomeDB2025;DGIdb;EMBRACE;GO_Intercell;HGNC;HPA_secretome;ICELLNET;iTALK;Kirouac2010;LOCATE;LRdb;Matrisome;OmniPath;Ramilowski2015;SignaLink_function;talklr;UniProt_keyword;UniProt_location","47c971d2fbba4ecd0ba7485d1846a74054432a0d1a97ea3e6a79ae27d0da8094","5e4142df024fd4d5d64cc667299364982a51176076ae6a69e1069425530afafa","FROZEN_BEFORE_EXPRESSION_OUTCOMES","https://zenodo.org/records/7074291|https://omnipathdb.org/intercell"
"FGF19","NicheNet lr_network_human_21122021.rds unique from","NicheNet human LR network 2021-12-21; Zenodo 7074291","NICHENET_AND_OMNIPATH_MAPPED",5,41,"YES","YES","YES","YES","OMNIPATH_SECRETED_ANNOTATION","Baccin2019;CellCall;CellChatDB;Cellinker;CellPhoneDB;CellTalkDB;connectomeDB2020;ConnectomeDB2025;DGIdb;EMBRACE;GO_Intercell;Guide2Pharma;HGNC;HPA_secretome;ICELLNET;iTALK;Kirouac2010;LRdb;Matrisome;OmniPath;Ramilowski2015;talklr;UniProt_keyword;UniProt_location","47c971d2fbba4ecd0ba7485d1846a74054432a0d1a97ea3e6a79ae27d0da8094","5e4142df024fd4d5d64cc667299364982a51176076ae6a69e1069425530afafa","FROZEN_BEFORE_EXPRESSION_OUTCOMES","https://zenodo.org/records/7074291|https://omnipathdb.org/intercell"
"FGF2","NicheNet lr_network_human_21122021.rds unique from","NicheNet human LR network 2021-12-21; Zenodo 7074291","NICHENET_AND_OMNIPATH_MAPPED",12,47,"YES","YES","YES","YES","OMNIPATH_SECRETED_ANNOTATION","Baccin2019;CellCall;CellChatDB;Cellinker;CellPhoneDB;CellTalkDB;ComPPI;connectomeDB2020;ConnectomeDB2025;DGIdb;EMBRACE;GO_Intercell;HGNC;HPA_secretome;HPMR;ICELLNET;iTALK;Kirouac2010;LOCATE;LRdb;Matrisome;OmniPath;Ramilowski2015;SignaLink_function;talklr;UniProt_keyword;UniProt_location","47c971d2fbba4ecd0ba7485d1846a74054432a0d1a97ea3e6a79ae27d0da8094","5e4142df024fd4d5d64cc667299364982a51176076ae6a69e1069425530afafa","FROZEN_BEFORE_EXPRESSION_OUTCOMES","https://zenodo.org/records/7074291|https://omnipathdb.org/intercell"
"FGF20","NicheNet lr_network_human_21122021.rds unique from","NicheNet human LR network 2021-12-21; Zenodo 7074291","NICHENET_AND_OMNIPATH_MAPPED",4,39,"YES","YES","YES","YES","OMNIPATH_SECRETED_ANNOTATION","CellCall;CellChatDB;Cellinker;CellPhoneDB;CellTalkDB;connectomeDB2020;ConnectomeDB2025;DGIdb;EMBRACE;GO_Intercell;HGNC;HPA_secretome;ICELLNET;iTALK;LOCATE;LRdb;Matrisome;OmniPath;Ramilowski2015;talklr;UniProt_keyword;UniProt_location","47c971d2fbba4ecd0ba7485d1846a74054432a0d1a97ea3e6a79ae27d0da8094","5e4142df024fd4d5d64cc667299364982a51176076ae6a69e1069425530afafa","FROZEN_BEFORE_EXPRESSION_OUTCOMES","https://zenodo.org/records/7074291|https://omnipathdb.org/intercell"
"FGF21","NicheNet lr_network_human_21122021.rds unique from","NicheNet human LR network 2021-12-21; Zenodo 7074291","NICHENET_AND_OMNIPATH_MAPPED",5,36,"YES","YES","YES","YES","OMNIPATH_SECRETED_ANNOTATION","CellCall;CellChatDB;Cellinker;CellPhoneDB;CellTalkDB;connectomeDB2020;ConnectomeDB2025;DGIdb;GO_Intercell;HGNC;HPA_secretome;ICELLNET;iTALK;LRdb;Matrisome;MatrixDB;OmniPath;Ramilowski2015;talklr;UniProt_keyword;UniProt_location","47c971d2fbba4ecd0ba7485d1846a74054432a0d1a97ea3e6a79ae27d0da8094","5e4142df024fd4d5d64cc667299364982a51176076ae6a69e1069425530afafa","FROZEN_BEFORE_EXPRESSION_OUTCOMES","https://zenodo.org/records/7074291|https://omnipathdb.org/intercell"
"FGF22","NicheNet lr_network_human_21122021.rds unique from","NicheNet human LR network 2021-12-21; Zenodo 7074291","NICHENET_AND_OMNIPATH_MAPPED",3,44,"YES","YES","YES","YES","OMNIPATH_SECRETED_ANNOTATION","CellCall;CellChatDB;Cellinker;CellPhoneDB;CellTalkDB;connectomeDB2020;ConnectomeDB2025;DGIdb;EMBRACE;GO_Intercell;HGNC;HPA_secretome;ICELLNET;iTALK;LOCATE;LRdb;Matrisome;MatrixDB;OmniPath;Ramilowski2015;SignaLink_function;talklr;UniProt_keyword;UniProt_location","47c971d2fbba4ecd0ba7485d1846a74054432a0d1a97ea3e6a79ae27d0da8094","5e4142df024fd4d5d64cc667299364982a51176076ae6a69e1069425530afafa","FROZEN_BEFORE_EXPRESSION_OUTCOMES","https://zenodo.org/records/7074291|https://omnipathdb.org/intercell"
"FGF23","NicheNet lr_network_human_21122021.rds unique from","NicheNet human LR network 2021-12-21; Zenodo 7074291","NICHENET_AND_OMNIPATH_MAPPED",4,42,"YES","YES","YES","YES","OMNIPATH_SECRETED_ANNOTATION","Baccin2019;CellCall;CellChatDB;Cellinker;CellPhoneDB;CellTalkDB;connectomeDB2020;ConnectomeDB2025;DGIdb;EMBRACE;GO_Intercell;HGNC;HPA_secretome;ICELLNET;iTALK;LOCATE;LRdb;Matrisome;MatrixDB;OmniPath;Ramilowski2015;talklr;UniProt_keyword;UniProt_location","47c971d2fbba4ecd0ba7485d1846a74054432a0d1a97ea3e6a79ae27d0da8094","5e4142df024fd4d5d64cc667299364982a51176076ae6a69e1069425530afafa","FROZEN_BEFORE_EXPRESSION_OUTCOMES","https://zenodo.org/records/7074291|https://omnipathdb.org/intercell"
"FGF3","NicheNet lr_network_human_21122021.rds unique from","NicheNet human LR network 2021-12-21; Zenodo 7074291","NICHENET_AND_OMNIPATH_MAPPED",5,42,"YES","YES","YES","YES","OMNIPATH_SECRETED_ANNOTATION","CellCall;CellChatDB;Cellinker;CellPhoneDB;CellTalkDB;connectomeDB2020;ConnectomeDB2025;DGIdb;GO_Intercell;HGNC;HPA_secretome;ICELLNET;iTALK;LOCATE;LRdb;Matrisome;MatrixDB;OmniPath;Phobius;Ramilowski_location;Ramilowski2015;SignaLink_function;talklr;UniProt_keyword;UniProt_location","47c971d2fbba4ecd0ba7485d1846a74054432a0d1a97ea3e6a79ae27d0da8094","5e4142df024fd4d5d64cc667299364982a51176076ae6a69e1069425530afafa","FROZEN_BEFORE_EXPRESSION_OUTCOMES","https://zenodo.org/records/7074291|https://omnipathdb.org/intercell"
"FGF4","NicheNet lr_network_human_21122021.rds unique from","NicheNet human LR network 2021-12-21; Zenodo 7074291","NICHENET_AND_OMNIPATH_MAPPED",5,42,"YES","YES","YES","YES","OMNIPATH_SECRETED_ANNOTATION","Baccin2019;CellCall;CellChatDB;Cellinker;CellPhoneDB;CellTalkDB;connectomeDB2020;ConnectomeDB2025;DGIdb;GO_Intercell;HGNC;HPA_secretome;HPMR;ICELLNET;iTALK;Kirouac2010;LOCATE;LRdb;Matrisome;OmniPath;Ramilowski2015;SignaLink_function;talklr;UniProt_keyword;UniProt_location","47c971d2fbba4ecd0ba7485d1846a74054432a0d1a97ea3e6a79ae27d0da8094","5e4142df024fd4d5d64cc667299364982a51176076ae6a69e1069425530afafa","FROZEN_BEFORE_EXPRESSION_OUTCOMES","https://zenodo.org/records/7074291|https://omnipathdb.org/intercell"
"FGF5","NicheNet lr_network_human_21122021.rds unique from","NicheNet human LR network 2021-12-21; Zenodo 7074291","NICHENET_AND_OMNIPATH_MAPPED",4,43,"YES","YES","YES","YES","OMNIPATH_SECRETED_ANNOTATION","Baccin2019;CellCall;CellChatDB;Cellinker;CellPhoneDB;CellTalkDB;ComPPI;connectomeDB2020;ConnectomeDB2025;DGIdb;EMBRACE;GO_Intercell;HGNC;HPA_secretome;ICELLNET;iTALK;LOCATE;LRdb;Matrisome;MatrixDB;OmniPath;Ramilowski2015;talklr;UniProt_keyword;UniProt_location","47c971d2fbba4ecd0ba7485d1846a74054432a0d1a97ea3e6a79ae27d0da8094","5e4142df024fd4d5d64cc667299364982a51176076ae6a69e1069425530afafa","FROZEN_BEFORE_EXPRESSION_OUTCOMES","https://zenodo.org/records/7074291|https://omnipathdb.org/intercell"
"FGF6","NicheNet lr_network_human_21122021.rds unique from","NicheNet human LR network 2021-12-21; Zenodo 7074291","NICHENET_AND_OMNIPATH_MAPPED",5,51,"YES","YES","YES","YES","OMNIPATH_SECRETED_ANNOTATION","Almen2009;Baccin2019;CellCall;CellChatDB;Cellinker;CellPhoneDB;CellTalkDB;connectomeDB2020;ConnectomeDB2025;DGIdb;EMBRACE;GO_Intercell;HGNC;HPA_secretome;ICELLNET;iTALK;Kirouac2010;LOCATE;LRdb;Matrisome;MatrixDB;OmniPath;Phobius;Ramilowski2015;SignaLink_function;talklr;UniProt_keyword;UniProt_location","47c971d2fbba4ecd0ba7485d1846a74054432a0d1a97ea3e6a79ae27d0da8094","5e4142df024fd4d5d64cc667299364982a51176076ae6a69e1069425530afafa","FROZEN_BEFORE_EXPRESSION_OUTCOMES","https://zenodo.org/records/7074291|https://omnipathdb.org/intercell"
"FGF7","NicheNet lr_network_human_21122021.rds unique from","NicheNet human LR network 2021-12-21; Zenodo 7074291","NICHENET_AND_OMNIPATH_MAPPED",5,47,"YES","YES","YES","YES","OMNIPATH_SECRETED_ANNOTATION","Baccin2019;CellCall;CellChatDB;Cellinker;CellPhoneDB;CellTalkDB;ComPPI;connectomeDB2020;ConnectomeDB2025;DGIdb;EMBRACE;GO_Intercell;HGNC;HPA_secretome;ICELLNET;iTALK;Kirouac2010;LOCATE;LRdb;Matrisome;MatrixDB;OmniPath;Ramilowski2015;SignaLink_function;talklr;UniProt_keyword;UniProt_location","47c971d2fbba4ecd0ba7485d1846a74054432a0d1a97ea3e6a79ae27d0da8094","5e4142df024fd4d5d64cc667299364982a51176076ae6a69e1069425530afafa","FROZEN_BEFORE_EXPRESSION_OUTCOMES","https://zenodo.org/records/7074291|https://omnipathdb.org/intercell"
"FGF8","NicheNet lr_network_human_21122021.rds unique from","NicheNet human LR network 2021-12-21; Zenodo 7074291","NICHENET_AND_OMNIPATH_MAPPED",5,43,"YES","YES","YES","YES","OMNIPATH_SECRETED_ANNOTATION","CellCall;CellChatDB;Cellinker;CellPhoneDB;CellTalkDB;connectomeDB2020;ConnectomeDB2025;DGIdb;GO_Intercell;HGNC;HPA_secretome;ICELLNET;iTALK;Kirouac2010;LOCATE;LRdb;Matrisome;MatrixDB;OmniPath;Ramilowski2015;SignaLink_function;talklr;UniProt_keyword;UniProt_location","47c971d2fbba4ecd0ba7485d1846a74054432a0d1a97ea3e6a79ae27d0da8094","5e4142df024fd4d5d64cc667299364982a51176076ae6a69e1069425530afafa","FROZEN_BEFORE_EXPRESSION_OUTCOMES","https://zenodo.org/records/7074291|https://omnipathdb.org/intercell"
"FGF9","NicheNet lr_network_human_21122021.rds unique from","NicheNet human LR network 2021-12-21; Zenodo 7074291","NICHENET_AND_OMNIPATH_MAPPED",4,43,"YES","YES","YES","YES","OMNIPATH_SECRETED_ANNOTATION","Baccin2019;CellCall;CellChatDB;Cellinker;CellPhoneDB;CellTalkDB;connectomeDB2020;ConnectomeDB2025;DGIdb;EMBRACE;GO_Intercell;HGNC;HPA_secretome;ICELLNET;iTALK;Kirouac2010;LOCATE;LRdb;Matrisome;OmniPath;Ramilowski2015;SignaLink_function;talklr;UniProt_keyword;UniProt_location","47c971d2fbba4ecd0ba7485d1846a74054432a0d1a97ea3e6a79ae27d0da8094","5e4142df024fd4d5d64cc667299364982a51176076ae6a69e1069425530afafa","FROZEN_BEFORE_EXPRESSION_OUTCOMES","https://zenodo.org/records/7074291|https://omnipathdb.org/intercell"
"FGFRL1","NicheNet lr_network_human_21122021.rds unique from","NicheNet human LR network 2021-12-21; Zenodo 7074291","NICHENET_AND_OMNIPATH_MAPPED",6,51,"NO","YES","NO","YES","NO_OMNIPATH_SECRETED_ANNOTATION","Almen2009;Baccin2019;CellCellInteractions;Cellinker;CellTalkDB;ComPPI;connectomeDB2020;ConnectomeDB2025;CSPA;EMBRACE;GO_Intercell;HGNC;HPMR;ICELLNET;iTALK;LOCATE;LRdb;Membranome;OmniPath;Phobius;Ramilowski_location;Ramilowski2015;Surfaceome;talklr;UniProt_keyword;UniProt_location;UniProt_topology","47c971d2fbba4ecd0ba7485d1846a74054432a0d1a97ea3e6a79ae27d0da8094","5e4142df024fd4d5d64cc667299364982a51176076ae6a69e1069425530afafa","FROZEN_BEFORE_EXPRESSION_OUTCOMES","https://zenodo.org/records/7074291|https://omnipathdb.org/intercell"
"FGG","NicheNet lr_network_human_21122021.rds unique from","NicheNet human LR network 2021-12-21; Zenodo 7074291","NICHENET_AND_OMNIPATH_MAPPED",7,21,"NO","YES","YES","YES","OMNIPATH_SECRETED_ANNOTATION","Baccin2019;Cellinker;ComPPI;connectomeDB2020;ConnectomeDB2025;DGIdb;GO_Intercell;HPA_secretome;LOCATE;Matrisome;OmniPath;UniProt_keyword;UniProt_location","47c971d2fbba4ecd0ba7485d1846a74054432a0d1a97ea3e6a79ae27d0da8094","5e4142df024fd4d5d64cc667299364982a51176076ae6a69e1069425530afafa","FROZEN_BEFORE_EXPRESSION_OUTCOMES","https://zenodo.org/records/7074291|https://omnipathdb.org/intercell"
"FGL1","NicheNet lr_network_human_21122021.rds unique from","NicheNet human LR network 2021-12-21; Zenodo 7074291","NICHENET_AND_OMNIPATH_MAPPED",2,26,"YES","YES","YES","YES","OMNIPATH_SECRETED_ANNOTATION","Cellinker;CellPhoneDB;CellTalkDB;connectomeDB2020;ConnectomeDB2025;HPA_secretome;ICELLNET;iTALK;LOCATE;LRdb;Matrisome;OmniPath;Ramilowski2015;talklr;UniProt_keyword;UniProt_location","47c971d2fbba4ecd0ba7485d1846a74054432a0d1a97ea3e6a79ae27d0da8094","5e4142df024fd4d5d64cc667299364982a51176076ae6a69e1069425530afafa","FROZEN_BEFORE_EXPRESSION_OUTCOMES","https://zenodo.org/records/7074291|https://omnipathdb.org/intercell"
"FLRT1","NicheNet lr_network_human_21122021.rds unique from","NicheNet human LR network 2021-12-21; Zenodo 7074291","NICHENET_AND_OMNIPATH_MAPPED",4,43,"YES","YES","YES","YES","OMNIPATH_SECRETED_ANNOTATION","CellChatDB;Cellinker;CellPhoneDB;ComPPI;ConnectomeDB2025;CSPA;GO_Intercell;ICELLNET;LOCATE;Membranome;OmniPath;Phobius;Ramilowski_location;Surfaceome;UniProt_keyword;UniProt_location;UniProt_topology;Zhong2015","47c971d2fbba4ecd0ba7485d1846a74054432a0d1a97ea3e6a79ae27d0da8094","5e4142df024fd4d5d64cc667299364982a51176076ae6a69e1069425530afafa","FROZEN_BEFORE_EXPRESSION_OUTCOMES","https://zenodo.org/records/7074291|https://omnipathdb.org/intercell"
"FLRT2","NicheNet lr_network_human_21122021.rds unique from","NicheNet human LR network 2021-12-21; Zenodo 7074291","NICHENET_AND_OMNIPATH_MAPPED",5,50,"YES","YES","YES","YES","OMNIPATH_SECRETED_ANNOTATION","Almen2009;CellChatDB;Cellinker;CellPhoneDB;ComPPI;ConnectomeDB2025;CSPA;GO_Intercell;ICELLNET;LOCATE;Membranome;OmniPath;Phobius;Ramilowski_location;Surfaceome;TopDB;UniProt_keyword;UniProt_location;UniProt_topology;Zhong2015","47c971d2fbba4ecd0ba7485d1846a74054432a0d1a97ea3e6a79ae27d0da8094","5e4142df024fd4d5d64cc667299364982a51176076ae6a69e1069425530afafa","FROZEN_BEFORE_EXPRESSION_OUTCOMES","https://zenodo.org/records/7074291|https://omnipathdb.org/intercell"
"FLRT3","NicheNet lr_network_human_21122021.rds unique from","NicheNet human LR network 2021-12-21; Zenodo 7074291","NICHENET_AND_OMNIPATH_MAPPED",4,50,"YES","YES","YES","YES","OMNIPATH_SECRETED_ANNOTATION","Almen2009;CellChatDB;Cellinker;CellPhoneDB;CellTalkDB;ComPPI;ConnectomeDB2025;GO_Intercell;ICELLNET;LOCATE;Membranome;OmniPath;Phobius;Ramilowski_location;scConnect;Surfaceome;TopDB;UniProt_keyword;UniProt_location;UniProt_topology;Zhong2015","47c971d2fbba4ecd0ba7485d1846a74054432a0d1a97ea3e6a79ae27d0da8094","5e4142df024fd4d5d64cc667299364982a51176076ae6a69e1069425530afafa","FROZEN_BEFORE_EXPRESSION_OUTCOMES","https://zenodo.org/records/7074291|https://omnipathdb.org/intercell"
"FLT3LG","NicheNet lr_network_human_21122021.rds unique from","NicheNet human LR network 2021-12-21; Zenodo 7074291","NICHENET_AND_OMNIPATH_MAPPED",1,59,"YES","YES","YES","YES","OMNIPATH_SECRETED_ANNOTATION","Almen2009;CellCall;CellChatDB;Cellinker;CellPhoneDB;CellTalkDB;connectomeDB2020;ConnectomeDB2025;GO_Intercell;Guide2Pharma;HPMR;ICELLNET;iTALK;Kirouac2010;LOCATE;LRdb;Matrisome;Membranome;OmniPath;Phobius;Ramilowski_location;Ramilowski2015;scConnect;Surfaceome;talklr;TopDB;UniProt_keyword;UniProt_location;UniProt_topology","47c971d2fbba4ecd0ba7485d1846a74054432a0d1a97ea3e6a79ae27d0da8094","5e4142df024fd4d5d64cc667299364982a51176076ae6a69e1069425530afafa","FROZEN_BEFORE_EXPRESSION_OUTCOMES","https://zenodo.org/records/7074291|https://omnipathdb.org/intercell"
"FN1","NicheNet lr_network_human_21122021.rds unique from","NicheNet human LR network 2021-12-21; Zenodo 7074291","NICHENET_AND_OMNIPATH_MAPPED",22,27,"NO","YES","YES","YES","OMNIPATH_SECRETED_ANNOTATION","Baccin2019;CellChatDB;Cellinker;ComPPI;connectomeDB2020;ConnectomeDB2025;GO_Intercell;HPA_secretome;HPMR;LOCATE;Matrisome;MCAM;OmniPath;Ramilowski_location;UniProt_keyword;UniProt_location;Zhong2015","47c971d2fbba4ecd0ba7485d1846a74054432a0d1a97ea3e6a79ae27d0da8094","5e4142df024fd4d5d64cc667299364982a51176076ae6a69e1069425530afafa","FROZEN_BEFORE_EXPRESSION_OUTCOMES","https://zenodo.org/records/7074291|https://omnipathdb.org/intercell"
"FNDC5","NicheNet lr_network_human_21122021.rds unique from","NicheNet human LR network 2021-12-21; Zenodo 7074291","NICHENET_AND_OMNIPATH_MAPPED",2,38,"YES","YES","YES","YES","OMNIPATH_SECRETED_ANNOTATION","Almen2009;ComPPI;connectomeDB2020;ConnectomeDB2025;CSPA;DGIdb;GO_Intercell;LOCATE;Membranome;OmniPath;Phobius;Ramilowski_location;Surfaceome;TopDB;UniProt_keyword;UniProt_location;UniProt_topology","47c971d2fbba4ecd0ba7485d1846a74054432a0d1a97ea3e6a79ae27d0da8094","5e4142df024fd4d5d64cc667299364982a51176076ae6a69e1069425530afafa","FROZEN_BEFORE_EXPRESSION_OUTCOMES","https://zenodo.org/records/7074291|https://omnipathdb.org/intercell"
"FSHB","NicheNet lr_network_human_21122021.rds unique from","NicheNet human LR network 2021-12-21; Zenodo 7074291","NICHENET_AND_OMNIPATH_MAPPED",11,30,"YES","YES","YES","YES","OMNIPATH_SECRETED_ANNOTATION","Baccin2019;CellCall;CellChatDB;Cellinker;CellPhoneDB;CellTalkDB;ComPPI;connectomeDB2020;ConnectomeDB2025;GO_Intercell;Guide2Pharma;HPA_secretome;HPMR;iTALK;LOCATE;LRdb;OmniPath;Ramilowski2015;talklr;UniProt_keyword;UniProt_location","47c971d2fbba4ecd0ba7485d1846a74054432a0d1a97ea3e6a79ae27d0da8094","5e4142df024fd4d5d64cc667299364982a51176076ae6a69e1069425530afafa","FROZEN_BEFORE_EXPRESSION_OUTCOMES","https://zenodo.org/records/7074291|https://omnipathdb.org/intercell"
"FST","NicheNet lr_network_human_21122021.rds unique from","NicheNet human LR network 2021-12-21; Zenodo 7074291","NICHENET_AND_OMNIPATH_MAPPED",3,18,"YES","YES","YES","YES","OMNIPATH_SECRETED_ANNOTATION","CellChatDB;CellTalkDB;EMBRACE;GO_Intercell;HPA_secretome;iTALK;LOCATE;Matrisome;OmniPath;UniProt_keyword;UniProt_location","47c971d2fbba4ecd0ba7485d1846a74054432a0d1a97ea3e6a79ae27d0da8094","5e4142df024fd4d5d64cc667299364982a51176076ae6a69e1069425530afafa","FROZEN_BEFORE_EXPRESSION_OUTCOMES","https://zenodo.org/records/7074291|https://omnipathdb.org/intercell"
"FSTL5","NicheNet lr_network_human_21122021.rds unique from","NicheNet human LR network 2021-12-21; Zenodo 7074291","NICHENET_AND_OMNIPATH_MAPPED",10,11,"YES","YES","YES","YES","OMNIPATH_SECRETED_ANNOTATION","Cellinker;ComPPI;HPA_secretome;MatrixDB;OmniPath;UniProt_keyword;UniProt_location","47c971d2fbba4ecd0ba7485d1846a74054432a0d1a97ea3e6a79ae27d0da8094","5e4142df024fd4d5d64cc667299364982a51176076ae6a69e1069425530afafa","FROZEN_BEFORE_EXPRESSION_OUTCOMES","https://zenodo.org/records/7074291|https://omnipathdb.org/intercell"
"FURIN","NicheNet lr_network_human_21122021.rds unique from","NicheNet human LR network 2021-12-21; Zenodo 7074291","NICHENET_AND_OMNIPATH_MAPPED",8,30,"YES","YES","YES","YES","OMNIPATH_SECRETED_ANNOTATION","Almen2009;ComPPI;GO_Intercell;LOCATE;OmniPath;Phobius;Ramilowski_location;scConnect;Surfaceome;TopDB;UniProt_keyword;UniProt_location;UniProt_topology","47c971d2fbba4ecd0ba7485d1846a74054432a0d1a97ea3e6a79ae27d0da8094","5e4142df024fd4d5d64cc667299364982a51176076ae6a69e1069425530afafa","FROZEN_BEFORE_EXPRESSION_OUTCOMES","https://zenodo.org/records/7074291|https://omnipathdb.org/intercell"
"GAD1","NicheNet lr_network_human_21122021.rds unique from","NicheNet human LR network 2021-12-21; Zenodo 7074291","NICHENET_AND_OMNIPATH_MAPPED",1,8,"NO","NO","NO","YES","NO_OMNIPATH_SECRETED_ANNOTATION","ComPPI;GO_Intercell;HPMR;LOCATE;OmniPath;scConnect","47c971d2fbba4ecd0ba7485d1846a74054432a0d1a97ea3e6a79ae27d0da8094","5e4142df024fd4d5d64cc667299364982a51176076ae6a69e1069425530afafa","FROZEN_BEFORE_EXPRESSION_OUTCOMES","https://zenodo.org/records/7074291|https://omnipathdb.org/intercell"
"GAL","NicheNet lr_network_human_21122021.rds unique from","NicheNet human LR network 2021-12-21; Zenodo 7074291","NICHENET_AND_OMNIPATH_MAPPED",4,36,"YES","YES","YES","YES","OMNIPATH_SECRETED_ANNOTATION","Baccin2019;CellChatDB;Cellinker;CellPhoneDB;CellTalkDB;ComPPI;connectomeDB2020;ConnectomeDB2025;EMBRACE;GO_Intercell;Guide2Pharma;HPA_secretome;HPMR;ICELLNET;iTALK;LOCATE;LRdb;MatrixDB;OmniPath;Ramilowski2015;scConnect;talklr;UniProt_keyword;UniProt_location","47c971d2fbba4ecd0ba7485d1846a74054432a0d1a97ea3e6a79ae27d0da8094","5e4142df024fd4d5d64cc667299364982a51176076ae6a69e1069425530afafa","FROZEN_BEFORE_EXPRESSION_OUTCOMES","https://zenodo.org/records/7074291|https://omnipathdb.org/intercell"
"GALP","NicheNet lr_network_human_21122021.rds unique from","NicheNet human LR network 2021-12-21; Zenodo 7074291","NICHENET_AND_OMNIPATH_MAPPED",3,32,"YES","YES","YES","YES","OMNIPATH_SECRETED_ANNOTATION","Baccin2019;CellChatDB;Cellinker;CellPhoneDB;CellTalkDB;connectomeDB2020;ConnectomeDB2025;DGIdb;EMBRACE;GO_Intercell;HPA_secretome;iTALK;LRdb;MatrixDB;OmniPath;Ramilowski2015;scConnect;talklr;UniProt_keyword;UniProt_location","47c971d2fbba4ecd0ba7485d1846a74054432a0d1a97ea3e6a79ae27d0da8094","5e4142df024fd4d5d64cc667299364982a51176076ae6a69e1069425530afafa","FROZEN_BEFORE_EXPRESSION_OUTCOMES","https://zenodo.org/records/7074291|https://omnipathdb.org/intercell"
"GAS6","NicheNet lr_network_human_21122021.rds unique from","NicheNet human LR network 2021-12-21; Zenodo 7074291","NICHENET_AND_OMNIPATH_MAPPED",3,38,"YES","YES","YES","YES","OMNIPATH_SECRETED_ANNOTATION","Baccin2019;CellCall;CellChatDB;Cellinker;CellPhoneDB;CellTalkDB;ComPPI;connectomeDB2020;ConnectomeDB2025;EMBRACE;GO_Intercell;Guide2Pharma;HPA_secretome;HPMR;ICELLNET;iTALK;LOCATE;LRdb;Matrisome;OmniPath;Ramilowski2015;scConnect;talklr;UniProt_keyword;UniProt_location;Zhong2015","47c971d2fbba4ecd0ba7485d1846a74054432a0d1a97ea3e6a79ae27d0da8094","5e4142df024fd4d5d64cc667299364982a51176076ae6a69e1069425530afafa","FROZEN_BEFORE_EXPRESSION_OUTCOMES","https://zenodo.org/records/7074291|https://omnipathdb.org/intercell"
"GAST","NicheNet lr_network_human_21122021.rds unique from","NicheNet human LR network 2021-12-21; Zenodo 7074291","NICHENET_AND_OMNIPATH_MAPPED",2,31,"YES","YES","YES","YES","OMNIPATH_SECRETED_ANNOTATION","Baccin2019;CellChatDB;Cellinker;CellPhoneDB;CellTalkDB;connectomeDB2020;ConnectomeDB2025;DGIdb;EMBRACE;GO_Intercell;Guide2Pharma;HPA_secretome;ICELLNET;iTALK;LOCATE;LRdb;OmniPath;Ramilowski2015;scConnect;talklr;UniProt_keyword;UniProt_location","47c971d2fbba4ecd0ba7485d1846a74054432a0d1a97ea3e6a79ae27d0da8094","5e4142df024fd4d5d64cc667299364982a51176076ae6a69e1069425530afafa","FROZEN_BEFORE_EXPRESSION_OUTCOMES","https://zenodo.org/records/7074291|https://omnipathdb.org/intercell"
"GC","NicheNet lr_network_human_21122021.rds unique from","NicheNet human LR network 2021-12-21; Zenodo 7074291","NICHENET_AND_OMNIPATH_MAPPED",1,14,"YES","YES","YES","YES","OMNIPATH_SECRETED_ANNOTATION","CellTalkDB;ComPPI;ConnectomeDB2025;GO_Intercell;HPA_secretome;LOCATE;OmniPath;UniProt_keyword;UniProt_location","47c971d2fbba4ecd0ba7485d1846a74054432a0d1a97ea3e6a79ae27d0da8094","5e4142df024fd4d5d64cc667299364982a51176076ae6a69e1069425530afafa","FROZEN_BEFORE_EXPRESSION_OUTCOMES","https://zenodo.org/records/7074291|https://omnipathdb.org/intercell"
"GCG","NicheNet lr_network_human_21122021.rds unique from","NicheNet human LR network 2021-12-21; Zenodo 7074291","NICHENET_AND_OMNIPATH_MAPPED",5,34,"YES","YES","YES","YES","OMNIPATH_SECRETED_ANNOTATION","Baccin2019;CellCall;CellChatDB;Cellinker;CellPhoneDB;CellTalkDB;ComPPI;connectomeDB2020;ConnectomeDB2025;DGIdb;EMBRACE;GO_Intercell;Guide2Pharma;HPA_secretome;HPMR;iTALK;LOCATE;LRdb;OmniPath;Ramilowski2015;scConnect;talklr;UniProt_keyword;UniProt_location","47c971d2fbba4ecd0ba7485d1846a74054432a0d1a97ea3e6a79ae27d0da8094","5e4142df024fd4d5d64cc667299364982a51176076ae6a69e1069425530afafa","FROZEN_BEFORE_EXPRESSION_OUTCOMES","https://zenodo.org/records/7074291|https://omnipathdb.org/intercell"
"GDF1","NicheNet lr_network_human_21122021.rds unique from","NicheNet human LR network 2021-12-21; Zenodo 7074291","NICHENET_AND_OMNIPATH_MAPPED",8,30,"YES","YES","YES","YES","OMNIPATH_SECRETED_ANNOTATION","CellChatDB;Cellinker;CellPhoneDB;CellTalkDB;connectomeDB2020;ConnectomeDB2025;DGIdb;GO_Intercell;Guide2Pharma;HPA_secretome;ICELLNET;Matrisome;MatrixDB;OmniPath;scConnect;SignaLink_function;UniProt_keyword;UniProt_location","47c971d2fbba4ecd0ba7485d1846a74054432a0d1a97ea3e6a79ae27d0da8094","5e4142df024fd4d5d64cc667299364982a51176076ae6a69e1069425530afafa","FROZEN_BEFORE_EXPRESSION_OUTCOMES","https://zenodo.org/records/7074291|https://omnipathdb.org/intercell"
"GDF10","NicheNet lr_network_human_21122021.rds unique from","NicheNet human LR network 2021-12-21; Zenodo 7074291","NICHENET_AND_OMNIPATH_MAPPED",4,31,"YES","YES","YES","YES","OMNIPATH_SECRETED_ANNOTATION","CellChatDB;Cellinker;CellPhoneDB;CellTalkDB;ConnectomeDB2025;DGIdb;EMBRACE;GO_Intercell;Guide2Pharma;HPA_secretome;ICELLNET;iTALK;LOCATE;Matrisome;MatrixDB;OmniPath;scConnect;UniProt_keyword;UniProt_location","47c971d2fbba4ecd0ba7485d1846a74054432a0d1a97ea3e6a79ae27d0da8094","5e4142df024fd4d5d64cc667299364982a51176076ae6a69e1069425530afafa","FROZEN_BEFORE_EXPRESSION_OUTCOMES","https://zenodo.org/records/7074291|https://omnipathdb.org/intercell"
"GDF11","NicheNet lr_network_human_21122021.rds unique from","NicheNet human LR network 2021-12-21; Zenodo 7074291","NICHENET_AND_OMNIPATH_MAPPED",8,38,"YES","YES","YES","YES","OMNIPATH_SECRETED_ANNOTATION","Baccin2019;CellChatDB;Cellinker;CellPhoneDB;CellTalkDB;ComPPI;connectomeDB2020;ConnectomeDB2025;DGIdb;EMBRACE;GO_Intercell;HPA_secretome;ICELLNET;iTALK;LRdb;Matrisome;OmniPath;Ramilowski2015;SignaLink_function;talklr;UniProt_keyword;UniProt_location","47c971d2fbba4ecd0ba7485d1846a74054432a0d1a97ea3e6a79ae27d0da8094","5e4142df024fd4d5d64cc667299364982a51176076ae6a69e1069425530afafa","FROZEN_BEFORE_EXPRESSION_OUTCOMES","https://zenodo.org/records/7074291|https://omnipathdb.org/intercell"
"GDF15","NicheNet lr_network_human_21122021.rds unique from","NicheNet human LR network 2021-12-21; Zenodo 7074291","NICHENET_AND_OMNIPATH_MAPPED",3,26,"YES","YES","YES","YES","OMNIPATH_SECRETED_ANNOTATION","CellChatDB;CellTalkDB;ComPPI;connectomeDB2020;ConnectomeDB2025;DGIdb;GO_Intercell;Guide2Pharma;HPA_secretome;ICELLNET;Matrisome;OmniPath;scConnect;UniProt_keyword;UniProt_location","47c971d2fbba4ecd0ba7485d1846a74054432a0d1a97ea3e6a79ae27d0da8094","5e4142df024fd4d5d64cc667299364982a51176076ae6a69e1069425530afafa","FROZEN_BEFORE_EXPRESSION_OUTCOMES","https://zenodo.org/records/7074291|https://omnipathdb.org/intercell"
"GDF2","NicheNet lr_network_human_21122021.rds unique from","NicheNet human LR network 2021-12-21; Zenodo 7074291","NICHENET_AND_OMNIPATH_MAPPED",6,37,"YES","YES","YES","YES","OMNIPATH_SECRETED_ANNOTATION","Baccin2019;CellChatDB;Cellinker;CellPhoneDB;CellTalkDB;connectomeDB2020;ConnectomeDB2025;DGIdb;GO_Intercell;Guide2Pharma;HPA_secretome;ICELLNET;iTALK;LRdb;Matrisome;OmniPath;Ramilowski2015;scConnect;talklr;UniProt_keyword;UniProt_location","47c971d2fbba4ecd0ba7485d1846a74054432a0d1a97ea3e6a79ae27d0da8094","5e4142df024fd4d5d64cc667299364982a51176076ae6a69e1069425530afafa","FROZEN_BEFORE_EXPRESSION_OUTCOMES","https://zenodo.org/records/7074291|https://omnipathdb.org/intercell"
"GDF3","NicheNet lr_network_human_21122021.rds unique from","NicheNet human LR network 2021-12-21; Zenodo 7074291","NICHENET_AND_OMNIPATH_MAPPED",6,34,"YES","YES","YES","YES","OMNIPATH_SECRETED_ANNOTATION","CellChatDB;Cellinker;CellPhoneDB;ComPPI;connectomeDB2020;ConnectomeDB2025;DGIdb;GO_Intercell;Guide2Pharma;HPA_secretome;ICELLNET;LOCATE;Matrisome;MatrixDB;OmniPath;scConnect;UniProt_keyword;UniProt_location","47c971d2fbba4ecd0ba7485d1846a74054432a0d1a97ea3e6a79ae27d0da8094","5e4142df024fd4d5d64cc667299364982a51176076ae6a69e1069425530afafa","FROZEN_BEFORE_EXPRESSION_OUTCOMES","https://zenodo.org/records/7074291|https://omnipathdb.org/intercell"
"GDF5","NicheNet lr_network_human_21122021.rds unique from","NicheNet human LR network 2021-12-21; Zenodo 7074291","NICHENET_AND_OMNIPATH_MAPPED",7,48,"YES","YES","YES","YES","OMNIPATH_SECRETED_ANNOTATION","Baccin2019;CellCall;CellChatDB;Cellinker;CellPhoneDB;CellTalkDB;connectomeDB2020;ConnectomeDB2025;DGIdb;EMBRACE;GO_Intercell;HPA_secretome;HPMR;ICELLNET;iTALK;LRdb;Matrisome;OmniPath;Ramilowski2015;SignaLink_function;talklr;UniProt_keyword;UniProt_location","47c971d2fbba4ecd0ba7485d1846a74054432a0d1a97ea3e6a79ae27d0da8094","5e4142df024fd4d5d64cc667299364982a51176076ae6a69e1069425530afafa","FROZEN_BEFORE_EXPRESSION_OUTCOMES","https://zenodo.org/records/7074291|https://omnipathdb.org/intercell"
"GDF6","NicheNet lr_network_human_21122021.rds unique from","NicheNet human LR network 2021-12-21; Zenodo 7074291","NICHENET_AND_OMNIPATH_MAPPED",5,42,"YES","YES","YES","YES","OMNIPATH_SECRETED_ANNOTATION","Baccin2019;CellCall;CellChatDB;Cellinker;CellPhoneDB;CellTalkDB;ComPPI;connectomeDB2020;ConnectomeDB2025;DGIdb;EMBRACE;GO_Intercell;HPA_secretome;ICELLNET;iTALK;LOCATE;LRdb;Matrisome;MatrixDB;OmniPath;Ramilowski2015;SignaLink_function;talklr;UniProt_keyword;UniProt_location","47c971d2fbba4ecd0ba7485d1846a74054432a0d1a97ea3e6a79ae27d0da8094","5e4142df024fd4d5d64cc667299364982a51176076ae6a69e1069425530afafa","FROZEN_BEFORE_EXPRESSION_OUTCOMES","https://zenodo.org/records/7074291|https://omnipathdb.org/intercell"
"GDF7","NicheNet lr_network_human_21122021.rds unique from","NicheNet human LR network 2021-12-21; Zenodo 7074291","NICHENET_AND_OMNIPATH_MAPPED",5,39,"YES","YES","YES","YES","OMNIPATH_SECRETED_ANNOTATION","Baccin2019;CellCall;CellChatDB;Cellinker;CellPhoneDB;CellTalkDB;connectomeDB2020;ConnectomeDB2025;DGIdb;GO_Intercell;Guide2Pharma;HPA_secretome;ICELLNET;iTALK;LRdb;Matrisome;MatrixDB;OmniPath;Ramilowski2015;scConnect;talklr;UniProt_keyword;UniProt_location","47c971d2fbba4ecd0ba7485d1846a74054432a0d1a97ea3e6a79ae27d0da8094","5e4142df024fd4d5d64cc667299364982a51176076ae6a69e1069425530afafa","FROZEN_BEFORE_EXPRESSION_OUTCOMES","https://zenodo.org/records/7074291|https://omnipathdb.org/intercell"
"GDF9","NicheNet lr_network_human_21122021.rds unique from","NicheNet human LR network 2021-12-21; Zenodo 7074291","NICHENET_AND_OMNIPATH_MAPPED",8,39,"YES","YES","YES","YES","OMNIPATH_SECRETED_ANNOTATION","Baccin2019;CellChatDB;Cellinker;CellPhoneDB;CellTalkDB;connectomeDB2020;ConnectomeDB2025;DGIdb;EMBRACE;GO_Intercell;Guide2Pharma;HPA_secretome;ICELLNET;iTALK;LOCATE;LRdb;Matrisome;OmniPath;Ramilowski2015;scConnect;talklr;UniProt_keyword;UniProt_location","47c971d2fbba4ecd0ba7485d1846a74054432a0d1a97ea3e6a79ae27d0da8094","5e4142df024fd4d5d64cc667299364982a51176076ae6a69e1069425530afafa","FROZEN_BEFORE_EXPRESSION_OUTCOMES","https://zenodo.org/records/7074291|https://omnipathdb.org/intercell"
"GDNF","NicheNet lr_network_human_21122021.rds unique from","NicheNet human LR network 2021-12-21; Zenodo 7074291","NICHENET_AND_OMNIPATH_MAPPED",4,46,"YES","YES","YES","YES","OMNIPATH_SECRETED_ANNOTATION","Baccin2019;CellChatDB;Cellinker;CellPhoneDB;CellTalkDB;ComPPI;connectomeDB2020;ConnectomeDB2025;DGIdb;GO_Intercell;HGNC;HPA_secretome;HPMR;ICELLNET;iTALK;Kirouac2010;LOCATE;LRdb;Matrisome;MatrixDB;OmniPath;Ramilowski2015;SignaLink_function;talklr;UniProt_keyword;UniProt_location","47c971d2fbba4ecd0ba7485d1846a74054432a0d1a97ea3e6a79ae27d0da8094","5e4142df024fd4d5d64cc667299364982a51176076ae6a69e1069425530afafa","FROZEN_BEFORE_EXPRESSION_OUTCOMES","https://zenodo.org/records/7074291|https://omnipathdb.org/intercell"
"GGT1","NicheNet lr_network_human_21122021.rds unique from","NicheNet human LR network 2021-12-21; Zenodo 7074291","NICHENET_AND_OMNIPATH_MAPPED",3,23,"YES","YES","NO","YES","NO_OMNIPATH_SECRETED_ANNOTATION","Cellinker;CellPhoneDB;ComPPI;LOCATE;OmniPath;Ramilowski_location;Surfaceome;TopDB;UniProt_keyword;UniProt_location;UniProt_topology","47c971d2fbba4ecd0ba7485d1846a74054432a0d1a97ea3e6a79ae27d0da8094","5e4142df024fd4d5d64cc667299364982a51176076ae6a69e1069425530afafa","FROZEN_BEFORE_EXPRESSION_OUTCOMES","https://zenodo.org/records/7074291|https://omnipathdb.org/intercell"
"GH1","NicheNet lr_network_human_21122021.rds unique from","NicheNet human LR network 2021-12-21; Zenodo 7074291","NICHENET_AND_OMNIPATH_MAPPED",2,38,"YES","YES","YES","YES","OMNIPATH_SECRETED_ANNOTATION","CellCall;CellChatDB;Cellinker;CellPhoneDB;CellTalkDB;connectomeDB2020;ConnectomeDB2025;DGIdb;GO_Intercell;Guide2Pharma;HGNC;HPA_secretome;ICELLNET;iTALK;LOCATE;LRdb;Matrisome;OmniPath;Ramilowski2015;scConnect;SignaLink_function;talklr;UniProt_keyword;UniProt_location","47c971d2fbba4ecd0ba7485d1846a74054432a0d1a97ea3e6a79ae27d0da8094","5e4142df024fd4d5d64cc667299364982a51176076ae6a69e1069425530afafa","FROZEN_BEFORE_EXPRESSION_OUTCOMES","https://zenodo.org/records/7074291|https://omnipathdb.org/intercell"
"GH2","NicheNet lr_network_human_21122021.rds unique from","NicheNet human LR network 2021-12-21; Zenodo 7074291","NICHENET_AND_OMNIPATH_MAPPED",2,38,"YES","YES","YES","YES","OMNIPATH_SECRETED_ANNOTATION","CellCall;Cellinker;CellPhoneDB;CellTalkDB;connectomeDB2020;ConnectomeDB2025;DGIdb;GO_Intercell;Guide2Pharma;HGNC;HPA_secretome;ICELLNET;iTALK;LOCATE;LRdb;Matrisome;MatrixDB;OmniPath;Ramilowski2015;scConnect;talklr;UniProt_keyword;UniProt_location","47c971d2fbba4ecd0ba7485d1846a74054432a0d1a97ea3e6a79ae27d0da8094","5e4142df024fd4d5d64cc667299364982a51176076ae6a69e1069425530afafa","FROZEN_BEFORE_EXPRESSION_OUTCOMES","https://zenodo.org/records/7074291|https://omnipathdb.org/intercell"
"GHRH","NicheNet lr_network_human_21122021.rds unique from","NicheNet human LR network 2021-12-21; Zenodo 7074291","NICHENET_AND_OMNIPATH_MAPPED",14,32,"YES","YES","YES","YES","OMNIPATH_SECRETED_ANNOTATION","Baccin2019;CellCall;CellChatDB;Cellinker;CellPhoneDB;CellTalkDB;connectomeDB2020;ConnectomeDB2025;EMBRACE;GO_Intercell;Guide2Pharma;HPA_secretome;HPMR;iTALK;LOCATE;LRdb;MatrixDB;OmniPath;Ramilowski2015;scConnect;talklr;UniProt_keyword;UniProt_location","47c971d2fbba4ecd0ba7485d1846a74054432a0d1a97ea3e6a79ae27d0da8094","5e4142df024fd4d5d64cc667299364982a51176076ae6a69e1069425530afafa","FROZEN_BEFORE_EXPRESSION_OUTCOMES","https://zenodo.org/records/7074291|https://omnipathdb.org/intercell"
"GHRL","NicheNet lr_network_human_21122021.rds unique from","NicheNet human LR network 2021-12-21; Zenodo 7074291","NICHENET_AND_OMNIPATH_MAPPED",6,33,"YES","YES","YES","YES","OMNIPATH_SECRETED_ANNOTATION","Baccin2019;CellCall;CellChatDB;Cellinker;CellPhoneDB;CellTalkDB;connectomeDB2020;ConnectomeDB2025;EMBRACE;GO_Intercell;Guide2Pharma;HPA_secretome;HPMR;iTALK;LOCATE;LRdb;MatrixDB;OmniPath;Ramilowski2015;scConnect;talklr;UniProt_keyword;UniProt_location","47c971d2fbba4ecd0ba7485d1846a74054432a0d1a97ea3e6a79ae27d0da8094","5e4142df024fd4d5d64cc667299364982a51176076ae6a69e1069425530afafa","FROZEN_BEFORE_EXPRESSION_OUTCOMES","https://zenodo.org/records/7074291|https://omnipathdb.org/intercell"
"GIP","NicheNet lr_network_human_21122021.rds unique from","NicheNet human LR network 2021-12-21; Zenodo 7074291","NICHENET_AND_OMNIPATH_MAPPED",2,34,"YES","YES","YES","YES","OMNIPATH_SECRETED_ANNOTATION","Baccin2019;CellCall;CellChatDB;Cellinker;CellPhoneDB;CellTalkDB;connectomeDB2020;ConnectomeDB2025;DGIdb;EMBRACE;GO_Intercell;Guide2Pharma;HPA_secretome;HPMR;iTALK;LRdb;MatrixDB;OmniPath;Ramilowski2015;scConnect;talklr;UniProt_keyword;UniProt_location","47c971d2fbba4ecd0ba7485d1846a74054432a0d1a97ea3e6a79ae27d0da8094","5e4142df024fd4d5d64cc667299364982a51176076ae6a69e1069425530afafa","FROZEN_BEFORE_EXPRESSION_OUTCOMES","https://zenodo.org/records/7074291|https://omnipathdb.org/intercell"
"GJB2","NicheNet lr_network_human_21122021.rds unique from","NicheNet human LR network 2021-12-21; Zenodo 7074291","NICHENET_AND_OMNIPATH_MAPPED",1,25,"NO","YES","NO","YES","NO_OMNIPATH_SECRETED_ANNOTATION","Almen2009;ComPPI;GO_Intercell;HGNC;LOCATE;OmniPath;Phobius;Ramilowski_location;Surfaceome;UniProt_keyword;UniProt_location;UniProt_topology","47c971d2fbba4ecd0ba7485d1846a74054432a0d1a97ea3e6a79ae27d0da8094","5e4142df024fd4d5d64cc667299364982a51176076ae6a69e1069425530afafa","FROZEN_BEFORE_EXPRESSION_OUTCOMES","https://zenodo.org/records/7074291|https://omnipathdb.org/intercell"
"GJB6","NicheNet lr_network_human_21122021.rds unique from","NicheNet human LR network 2021-12-21; Zenodo 7074291","NICHENET_AND_OMNIPATH_MAPPED",1,22,"NO","YES","NO","NO","NO_OMNIPATH_SECRETED_ANNOTATION","Almen2009;GO_Intercell;HGNC;LOCATE;OmniPath;Phobius;Ramilowski_location;scConnect;Surfaceome;UniProt_keyword;UniProt_location;UniProt_topology","47c971d2fbba4ecd0ba7485d1846a74054432a0d1a97ea3e6a79ae27d0da8094","5e4142df024fd4d5d64cc667299364982a51176076ae6a69e1069425530afafa","FROZEN_BEFORE_EXPRESSION_OUTCOMES","https://zenodo.org/records/7074291|https://omnipathdb.org/intercell"
"GLG1","NicheNet lr_network_human_21122021.rds unique from","NicheNet human LR network 2021-12-21; Zenodo 7074291","NICHENET_AND_OMNIPATH_MAPPED",3,40,"YES","YES","YES","YES","OMNIPATH_SECRETED_ANNOTATION","Almen2009;CellChatDB;Cellinker;CellPhoneDB;ComPPI;connectomeDB2020;ConnectomeDB2025;CSPA;GO_Intercell;LOCATE;MCAM;OmniPath;Phobius;Ramilowski_location;TopDB;UniProt_keyword;UniProt_location;UniProt_topology","47c971d2fbba4ecd0ba7485d1846a74054432a0d1a97ea3e6a79ae27d0da8094","5e4142df024fd4d5d64cc667299364982a51176076ae6a69e1069425530afafa","FROZEN_BEFORE_EXPRESSION_OUTCOMES","https://zenodo.org/records/7074291|https://omnipathdb.org/intercell"
"GNAS","NicheNet lr_network_human_21122021.rds unique from","NicheNet human LR network 2021-12-21; Zenodo 7074291","NICHENET_AND_OMNIPATH_MAPPED",18,88,"NO","YES","YES","YES","OMNIPATH_SECRETED_ANNOTATION","Baccin2019;Cellinker;ComPPI;connectomeDB2020;DGIdb;GO_Intercell;LOCATE;MatrixDB;OmniPath;UniProt_keyword;UniProt_location","47c971d2fbba4ecd0ba7485d1846a74054432a0d1a97ea3e6a79ae27d0da8094","5e4142df024fd4d5d64cc667299364982a51176076ae6a69e1069425530afafa","FROZEN_BEFORE_EXPRESSION_OUTCOMES","https://zenodo.org/records/7074291|https://omnipathdb.org/intercell"
"GNRH1","NicheNet lr_network_human_21122021.rds unique from","NicheNet human LR network 2021-12-21; Zenodo 7074291","NICHENET_AND_OMNIPATH_MAPPED",2,32,"YES","YES","YES","YES","OMNIPATH_SECRETED_ANNOTATION","Baccin2019;CellCall;CellChatDB;Cellinker;CellPhoneDB;CellTalkDB;connectomeDB2020;ConnectomeDB2025;DGIdb;GO_Intercell;Guide2Pharma;HPA_secretome;HPMR;iTALK;LOCATE;LRdb;OmniPath;Ramilowski2015;scConnect;talklr;UniProt_keyword;UniProt_location","47c971d2fbba4ecd0ba7485d1846a74054432a0d1a97ea3e6a79ae27d0da8094","5e4142df024fd4d5d64cc667299364982a51176076ae6a69e1069425530afafa","FROZEN_BEFORE_EXPRESSION_OUTCOMES","https://zenodo.org/records/7074291|https://omnipathdb.org/intercell"
"GNRH2","NicheNet lr_network_human_21122021.rds unique from","NicheNet human LR network 2021-12-21; Zenodo 7074291","NICHENET_AND_OMNIPATH_MAPPED",2,28,"YES","YES","YES","YES","OMNIPATH_SECRETED_ANNOTATION","CellCall;Cellinker;CellPhoneDB;CellTalkDB;connectomeDB2020;ConnectomeDB2025;DGIdb;GO_Intercell;Guide2Pharma;HPA_secretome;iTALK;LOCATE;LRdb;MatrixDB;OmniPath;Ramilowski2015;scConnect;talklr;UniProt_keyword;UniProt_location","47c971d2fbba4ecd0ba7485d1846a74054432a0d1a97ea3e6a79ae27d0da8094","5e4142df024fd4d5d64cc667299364982a51176076ae6a69e1069425530afafa","FROZEN_BEFORE_EXPRESSION_OUTCOMES","https://zenodo.org/records/7074291|https://omnipathdb.org/intercell"
"GP1BA","NicheNet lr_network_human_21122021.rds unique from","NicheNet human LR network 2021-12-21; Zenodo 7074291","NICHENET_AND_OMNIPATH_MAPPED",3,49,"YES","YES","NO","YES","NO_OMNIPATH_SECRETED_ANNOTATION","Baccin2019;CellCellInteractions;CellChatDB;Cellinker;CellPhoneDB;CellTalkDB;ComPPI;connectomeDB2020;ConnectomeDB2025;DGIdb;EMBRACE;GO_Intercell;ICELLNET;iTALK;LOCATE;LRdb;MCAM;Membranome;OmniPath;Phobius;Ramilowski_location;Ramilowski2015;Surfaceome;talklr;TopDB;UniProt_keyword;UniProt_location;UniProt_topology","47c971d2fbba4ecd0ba7485d1846a74054432a0d1a97ea3e6a79ae27d0da8094","5e4142df024fd4d5d64cc667299364982a51176076ae6a69e1069425530afafa","FROZEN_BEFORE_EXPRESSION_OUTCOMES","https://zenodo.org/records/7074291|https://omnipathdb.org/intercell"
"GP5","NicheNet lr_network_human_21122021.rds unique from","NicheNet human LR network 2021-12-21; Zenodo 7074291","NICHENET_AND_OMNIPATH_MAPPED",4,29,"NO","YES","NO","NO","NO_OMNIPATH_SECRETED_ANNOTATION","Almen2009;Cellinker;ComPPI;CSPA;LOCATE;Membranome;OmniPath;Phobius;Ramilowski_location;Surfaceome;TopDB;UniProt_keyword;UniProt_location;UniProt_topology","47c971d2fbba4ecd0ba7485d1846a74054432a0d1a97ea3e6a79ae27d0da8094","5e4142df024fd4d5d64cc667299364982a51176076ae6a69e1069425530afafa","FROZEN_BEFORE_EXPRESSION_OUTCOMES","https://zenodo.org/records/7074291|https://omnipathdb.org/intercell"
"GPC3","NicheNet lr_network_human_21122021.rds unique from","NicheNet human LR network 2021-12-21; Zenodo 7074291","NICHENET_AND_OMNIPATH_MAPPED",11,38,"YES","YES","YES","YES","OMNIPATH_SECRETED_ANNOTATION","Baccin2019;Cellinker;CellPhoneDB;connectomeDB2020;ConnectomeDB2025;GO_Intercell;HGNC;LOCATE;Matrisome;OmniPath;Phobius;Ramilowski_location;scConnect;Surfaceome;TopDB;UniProt_location","47c971d2fbba4ecd0ba7485d1846a74054432a0d1a97ea3e6a79ae27d0da8094","5e4142df024fd4d5d64cc667299364982a51176076ae6a69e1069425530afafa","FROZEN_BEFORE_EXPRESSION_OUTCOMES","https://zenodo.org/records/7074291|https://omnipathdb.org/intercell"
"GPC6","NicheNet lr_network_human_21122021.rds unique from","NicheNet human LR network 2021-12-21; Zenodo 7074291","NICHENET_AND_OMNIPATH_MAPPED",6,34,"YES","YES","YES","YES","OMNIPATH_SECRETED_ANNOTATION","Cellinker;ComPPI;ConnectomeDB2025;GO_Intercell;HGNC;LOCATE;OmniPath;Ramilowski_location;Surfaceome;UniProt_keyword;UniProt_location","47c971d2fbba4ecd0ba7485d1846a74054432a0d1a97ea3e6a79ae27d0da8094","5e4142df024fd4d5d64cc667299364982a51176076ae6a69e1069425530afafa","FROZEN_BEFORE_EXPRESSION_OUTCOMES","https://zenodo.org/records/7074291|https://omnipathdb.org/intercell"
"GPHA2","NicheNet lr_network_human_21122021.rds unique from","NicheNet human LR network 2021-12-21; Zenodo 7074291","NICHENET_AND_OMNIPATH_MAPPED",2,27,"YES","YES","YES","YES","OMNIPATH_SECRETED_ANNOTATION","Baccin2019;Cellinker;CellPhoneDB;CellTalkDB;connectomeDB2020;ConnectomeDB2025;DGIdb;GO_Intercell;HPA_secretome;iTALK;LRdb;OmniPath;Ramilowski2015;talklr;UniProt_keyword;UniProt_location","47c971d2fbba4ecd0ba7485d1846a74054432a0d1a97ea3e6a79ae27d0da8094","5e4142df024fd4d5d64cc667299364982a51176076ae6a69e1069425530afafa","FROZEN_BEFORE_EXPRESSION_OUTCOMES","https://zenodo.org/records/7074291|https://omnipathdb.org/intercell"
"GPHB5","NicheNet lr_network_human_21122021.rds unique from","NicheNet human LR network 2021-12-21; Zenodo 7074291","NICHENET_AND_OMNIPATH_MAPPED",1,18,"YES","YES","YES","YES","OMNIPATH_SECRETED_ANNOTATION","CellPhoneDB;ComPPI;connectomeDB2020;ConnectomeDB2025;DGIdb;GO_Intercell;HPA_secretome;OmniPath;UniProt_keyword;UniProt_location","47c971d2fbba4ecd0ba7485d1846a74054432a0d1a97ea3e6a79ae27d0da8094","5e4142df024fd4d5d64cc667299364982a51176076ae6a69e1069425530afafa","FROZEN_BEFORE_EXPRESSION_OUTCOMES","https://zenodo.org/records/7074291|https://omnipathdb.org/intercell"
"GPI","NicheNet lr_network_human_21122021.rds unique from","NicheNet human LR network 2021-12-21; Zenodo 7074291","NICHENET_AND_OMNIPATH_MAPPED",1,38,"YES","YES","YES","YES","OMNIPATH_SECRETED_ANNOTATION","Baccin2019;Cellinker;CellTalkDB;ComPPI;connectomeDB2020;ConnectomeDB2025;DGIdb;EMBRACE;GO_Intercell;HPA_secretome;HPMR;ICELLNET;iTALK;LRdb;OmniPath;Ramilowski2015;talklr;UniProt_keyword;UniProt_location","47c971d2fbba4ecd0ba7485d1846a74054432a0d1a97ea3e6a79ae27d0da8094","5e4142df024fd4d5d64cc667299364982a51176076ae6a69e1069425530afafa","FROZEN_BEFORE_EXPRESSION_OUTCOMES","https://zenodo.org/records/7074291|https://omnipathdb.org/intercell"
"GREM1","NicheNet lr_network_human_21122021.rds unique from","NicheNet human LR network 2021-12-21; Zenodo 7074291","NICHENET_AND_OMNIPATH_MAPPED",1,34,"YES","YES","YES","YES","OMNIPATH_SECRETED_ANNOTATION","Baccin2019;CellChatDB;Cellinker;CellTalkDB;connectomeDB2020;ConnectomeDB2025;EMBRACE;GO_Intercell;HGNC;HPA_secretome;ICELLNET;iTALK;LOCATE;OmniPath;UniProt_keyword;UniProt_location","47c971d2fbba4ecd0ba7485d1846a74054432a0d1a97ea3e6a79ae27d0da8094","5e4142df024fd4d5d64cc667299364982a51176076ae6a69e1069425530afafa","FROZEN_BEFORE_EXPRESSION_OUTCOMES","https://zenodo.org/records/7074291|https://omnipathdb.org/intercell"
"GRN","NicheNet lr_network_human_21122021.rds unique from","NicheNet human LR network 2021-12-21; Zenodo 7074291","NICHENET_AND_OMNIPATH_MAPPED",5,27,"YES","YES","YES","YES","OMNIPATH_SECRETED_ANNOTATION","CellChatDB;Cellinker;CellTalkDB;ComPPI;connectomeDB2020;ConnectomeDB2025;DGIdb;GO_Intercell;HPA_secretome;ICELLNET;LOCATE;MatrixDB;OmniPath;UniProt_keyword;UniProt_location","47c971d2fbba4ecd0ba7485d1846a74054432a0d1a97ea3e6a79ae27d0da8094","5e4142df024fd4d5d64cc667299364982a51176076ae6a69e1069425530afafa","FROZEN_BEFORE_EXPRESSION_OUTCOMES","https://zenodo.org/records/7074291|https://omnipathdb.org/intercell"
"GRP","NicheNet lr_network_human_21122021.rds unique from","NicheNet human LR network 2021-12-21; Zenodo 7074291","NICHENET_AND_OMNIPATH_MAPPED",4,32,"YES","YES","YES","YES","OMNIPATH_SECRETED_ANNOTATION","Baccin2019;CellChatDB;Cellinker;CellPhoneDB;CellTalkDB;connectomeDB2020;ConnectomeDB2025;EMBRACE;GO_Intercell;Guide2Pharma;HPA_secretome;HPMR;ICELLNET;iTALK;LRdb;MatrixDB;OmniPath;Ramilowski2015;scConnect;talklr;UniProt_keyword;UniProt_location","47c971d2fbba4ecd0ba7485d1846a74054432a0d1a97ea3e6a79ae27d0da8094","5e4142df024fd4d5d64cc667299364982a51176076ae6a69e1069425530afafa","FROZEN_BEFORE_EXPRESSION_OUTCOMES","https://zenodo.org/records/7074291|https://omnipathdb.org/intercell"
"GSTP1","NicheNet lr_network_human_21122021.rds unique from","NicheNet human LR network 2021-12-21; Zenodo 7074291","NICHENET_AND_OMNIPATH_MAPPED",1,5,"NO","NO","NO","YES","NO_OMNIPATH_SECRETED_ANNOTATION","ComPPI;GO_Intercell;OmniPath;UniProt_location","47c971d2fbba4ecd0ba7485d1846a74054432a0d1a97ea3e6a79ae27d0da8094","5e4142df024fd4d5d64cc667299364982a51176076ae6a69e1069425530afafa","FROZEN_BEFORE_EXPRESSION_OUTCOMES","https://zenodo.org/records/7074291|https://omnipathdb.org/intercell"
"GUCA2A","NicheNet lr_network_human_21122021.rds unique from","NicheNet human LR network 2021-12-21; Zenodo 7074291","NICHENET_AND_OMNIPATH_MAPPED",1,31,"YES","YES","YES","YES","OMNIPATH_SECRETED_ANNOTATION","Baccin2019;CellChatDB;Cellinker;CellTalkDB;connectomeDB2020;ConnectomeDB2025;DGIdb;EMBRACE;GO_Intercell;Guide2Pharma;HPA_secretome;HPMR;ICELLNET;iTALK;LOCATE;LRdb;MatrixDB;OmniPath;Ramilowski2015;scConnect;talklr;UniProt_keyword;UniProt_location","47c971d2fbba4ecd0ba7485d1846a74054432a0d1a97ea3e6a79ae27d0da8094","5e4142df024fd4d5d64cc667299364982a51176076ae6a69e1069425530afafa","FROZEN_BEFORE_EXPRESSION_OUTCOMES","https://zenodo.org/records/7074291|https://omnipathdb.org/intercell"
"GUCA2B","NicheNet lr_network_human_21122021.rds unique from","NicheNet human LR network 2021-12-21; Zenodo 7074291","NICHENET_AND_OMNIPATH_MAPPED",2,24,"YES","YES","YES","YES","OMNIPATH_SECRETED_ANNOTATION","Baccin2019;CellChatDB;Cellinker;CellTalkDB;connectomeDB2020;ConnectomeDB2025;GO_Intercell;Guide2Pharma;HPA_secretome;iTALK;LRdb;OmniPath;Ramilowski2015;scConnect;talklr;UniProt_keyword;UniProt_location","47c971d2fbba4ecd0ba7485d1846a74054432a0d1a97ea3e6a79ae27d0da8094","5e4142df024fd4d5d64cc667299364982a51176076ae6a69e1069425530afafa","FROZEN_BEFORE_EXPRESSION_OUTCOMES","https://zenodo.org/records/7074291|https://omnipathdb.org/intercell"
"GUCY2D","NicheNet lr_network_human_21122021.rds unique from","NicheNet human LR network 2021-12-21; Zenodo 7074291","NICHENET_AND_OMNIPATH_MAPPED",2,26,"NO","YES","NO","YES","NO_OMNIPATH_SECRETED_ANNOTATION","Almen2009;Cellinker;ComPPI;connectomeDB2020;ConnectomeDB2025;GO_Intercell;HPMR;LOCATE;Membranome;OmniPath;Phobius;Ramilowski_location;UniProt_keyword;UniProt_location;UniProt_topology","47c971d2fbba4ecd0ba7485d1846a74054432a0d1a97ea3e6a79ae27d0da8094","5e4142df024fd4d5d64cc667299364982a51176076ae6a69e1069425530afafa","FROZEN_BEFORE_EXPRESSION_OUTCOMES","https://zenodo.org/records/7074291|https://omnipathdb.org/intercell"
"GZMB","NicheNet lr_network_human_21122021.rds unique from","NicheNet human LR network 2021-12-21; Zenodo 7074291","NICHENET_AND_OMNIPATH_MAPPED",3,19,"NO","YES","YES","YES","OMNIPATH_SECRETED_ANNOTATION","Baccin2019;ComPPI;connectomeDB2020;ConnectomeDB2025;GO_Intercell;HGNC;HPA_secretome;LOCATE;OmniPath;scConnect;UniProt_keyword;UniProt_location","47c971d2fbba4ecd0ba7485d1846a74054432a0d1a97ea3e6a79ae27d0da8094","5e4142df024fd4d5d64cc667299364982a51176076ae6a69e1069425530afafa","FROZEN_BEFORE_EXPRESSION_OUTCOMES","https://zenodo.org/records/7074291|https://omnipathdb.org/intercell"
"HAPLN1","NicheNet lr_network_human_21122021.rds unique from","NicheNet human LR network 2021-12-21; Zenodo 7074291","NICHENET_AND_OMNIPATH_MAPPED",8,18,"YES","YES","YES","YES","OMNIPATH_SECRETED_ANNOTATION","CellCellInteractions;Cellinker;ComPPI;GO_Intercell;HPA_secretome;LOCATE;Matrisome;MatrixDB;OmniPath;Ramilowski_location;UniProt_keyword;UniProt_location","47c971d2fbba4ecd0ba7485d1846a74054432a0d1a97ea3e6a79ae27d0da8094","5e4142df024fd4d5d64cc667299364982a51176076ae6a69e1069425530afafa","FROZEN_BEFORE_EXPRESSION_OUTCOMES","https://zenodo.org/records/7074291|https://omnipathdb.org/intercell"
"HAS1","NicheNet lr_network_human_21122021.rds unique from","NicheNet human LR network 2021-12-21; Zenodo 7074291","NICHENET_AND_OMNIPATH_MAPPED",1,12,"NO","YES","NO","YES","NO_OMNIPATH_SECRETED_ANNOTATION","Cellinker;ComPPI;GO_Intercell;OmniPath;Phobius;Ramilowski_location;UniProt_keyword;UniProt_location;UniProt_topology","47c971d2fbba4ecd0ba7485d1846a74054432a0d1a97ea3e6a79ae27d0da8094","5e4142df024fd4d5d64cc667299364982a51176076ae6a69e1069425530afafa","FROZEN_BEFORE_EXPRESSION_OUTCOMES","https://zenodo.org/records/7074291|https://omnipathdb.org/intercell"
"HAS2","NicheNet lr_network_human_21122021.rds unique from","NicheNet human LR network 2021-12-21; Zenodo 7074291","NICHENET_AND_OMNIPATH_MAPPED",4,28,"YES","YES","NO","YES","NO_OMNIPATH_SECRETED_ANNOTATION","Baccin2019;Cellinker;ComPPI;connectomeDB2020;GO_Intercell;HPMR;LOCATE;OmniPath;Phobius;Ramilowski_location;UniProt_keyword;UniProt_location;UniProt_topology","47c971d2fbba4ecd0ba7485d1846a74054432a0d1a97ea3e6a79ae27d0da8094","5e4142df024fd4d5d64cc667299364982a51176076ae6a69e1069425530afafa","FROZEN_BEFORE_EXPRESSION_OUTCOMES","https://zenodo.org/records/7074291|https://omnipathdb.org/intercell"
"HAVCR1","NicheNet lr_network_human_21122021.rds unique from","NicheNet human LR network 2021-12-21; Zenodo 7074291","NICHENET_AND_OMNIPATH_MAPPED",5,36,"YES","YES","NO","NO","NO_OMNIPATH_SECRETED_ANNOTATION","Almen2009;CellCellInteractions;Cellinker;ComPPI;connectomeDB2020;ConnectomeDB2025;ICELLNET;Membranome;OmniPath;Phobius;Ramilowski_location;Surfaceome;TopDB;UniProt_keyword;UniProt_location;UniProt_topology","47c971d2fbba4ecd0ba7485d1846a74054432a0d1a97ea3e6a79ae27d0da8094","5e4142df024fd4d5d64cc667299364982a51176076ae6a69e1069425530afafa","FROZEN_BEFORE_EXPRESSION_OUTCOMES","https://zenodo.org/records/7074291|https://omnipathdb.org/intercell"
"HBEGF","NicheNet lr_network_human_21122021.rds unique from","NicheNet human LR network 2021-12-21; Zenodo 7074291","NICHENET_AND_OMNIPATH_MAPPED",8,67,"YES","YES","YES","YES","OMNIPATH_SECRETED_ANNOTATION","Almen2009;Baccin2019;CellCall;CellChatDB;Cellinker;CellPhoneDB;CellTalkDB;connectomeDB2020;ConnectomeDB2025;DGIdb;EMBRACE;GO_Intercell;Guide2Pharma;HPA_secretome;ICELLNET;iTALK;LOCATE;LRdb;Matrisome;Membranome;OmniPath;Phobius;Ramilowski_location;Ramilowski2015;scConnect;SignaLink_function;Surfaceome;talklr;TopDB;UniProt_keyword;UniProt_location;UniProt_topology","47c971d2fbba4ecd0ba7485d1846a74054432a0d1a97ea3e6a79ae27d0da8094","5e4142df024fd4d5d64cc667299364982a51176076ae6a69e1069425530afafa","FROZEN_BEFORE_EXPRESSION_OUTCOMES","https://zenodo.org/records/7074291|https://omnipathdb.org/intercell"
"HCRT","NicheNet lr_network_human_21122021.rds unique from","NicheNet human LR network 2021-12-21; Zenodo 7074291","NICHENET_AND_OMNIPATH_MAPPED",3,27,"YES","YES","YES","YES","OMNIPATH_SECRETED_ANNOTATION","CellChatDB;Cellinker;CellPhoneDB;CellTalkDB;ComPPI;connectomeDB2020;ConnectomeDB2025;EMBRACE;GO_Intercell;Guide2Pharma;HPA_secretome;HPMR;iTALK;Kirouac2010;LRdb;OmniPath;Ramilowski2015;scConnect;talklr;UniProt_location","47c971d2fbba4ecd0ba7485d1846a74054432a0d1a97ea3e6a79ae27d0da8094","5e4142df024fd4d5d64cc667299364982a51176076ae6a69e1069425530afafa","FROZEN_BEFORE_EXPRESSION_OUTCOMES","https://zenodo.org/records/7074291|https://omnipathdb.org/intercell"
"HDC","NicheNet lr_network_human_21122021.rds unique from","NicheNet human LR network 2021-12-21; Zenodo 7074291","NICHENET_AND_OMNIPATH_MAPPED",4,12,"YES","YES","YES","YES","OMNIPATH_SECRETED_ANNOTATION","Cellinker;ComPPI;GO_Intercell;HPMR;LOCATE;OmniPath;scConnect","47c971d2fbba4ecd0ba7485d1846a74054432a0d1a97ea3e6a79ae27d0da8094","5e4142df024fd4d5d64cc667299364982a51176076ae6a69e1069425530afafa","FROZEN_BEFORE_EXPRESSION_OUTCOMES","https://zenodo.org/records/7074291|https://omnipathdb.org/intercell"
"HEBP1","NicheNet lr_network_human_21122021.rds unique from","NicheNet human LR network 2021-12-21; Zenodo 7074291","NICHENET_AND_OMNIPATH_MAPPED",2,12,"YES","YES","YES","YES","OMNIPATH_SECRETED_ANNOTATION","CellPhoneDB;ComPPI;connectomeDB2020;GO_Intercell;MatrixDB;OmniPath;UniProt_location","47c971d2fbba4ecd0ba7485d1846a74054432a0d1a97ea3e6a79ae27d0da8094","5e4142df024fd4d5d64cc667299364982a51176076ae6a69e1069425530afafa","FROZEN_BEFORE_EXPRESSION_OUTCOMES","https://zenodo.org/records/7074291|https://omnipathdb.org/intercell"
"HGF","NicheNet lr_network_human_21122021.rds unique from","NicheNet human LR network 2021-12-21; Zenodo 7074291","NICHENET_AND_OMNIPATH_MAPPED",5,42,"YES","YES","YES","YES","OMNIPATH_SECRETED_ANNOTATION","Baccin2019;CellCall;CellChatDB;Cellinker;CellPhoneDB;CellTalkDB;ComPPI;connectomeDB2020;ConnectomeDB2025;DGIdb;EMBRACE;GO_Intercell;Guide2Pharma;HPA_secretome;ICELLNET;iTALK;LOCATE;LRdb;Matrisome;OmniPath;Ramilowski2015;scConnect;SignaLink_function;talklr;UniProt_keyword","47c971d2fbba4ecd0ba7485d1846a74054432a0d1a97ea3e6a79ae27d0da8094","5e4142df024fd4d5d64cc667299364982a51176076ae6a69e1069425530afafa","FROZEN_BEFORE_EXPRESSION_OUTCOMES","https://zenodo.org/records/7074291|https://omnipathdb.org/intercell"
"HHIPL2","NicheNet lr_network_human_21122021.rds unique from","NicheNet human LR network 2021-12-21; Zenodo 7074291","NICHENET_AND_OMNIPATH_MAPPED",1,8,"NO","YES","YES","YES","OMNIPATH_SECRETED_ANNOTATION","ComPPI;HPA_secretome;MatrixDB;OmniPath;UniProt_keyword;UniProt_location","47c971d2fbba4ecd0ba7485d1846a74054432a0d1a97ea3e6a79ae27d0da8094","5e4142df024fd4d5d64cc667299364982a51176076ae6a69e1069425530afafa","FROZEN_BEFORE_EXPRESSION_OUTCOMES","https://zenodo.org/records/7074291|https://omnipathdb.org/intercell"
"HHLA2","NicheNet lr_network_human_21122021.rds unique from","NicheNet human LR network 2021-12-21; Zenodo 7074291","NICHENET_AND_OMNIPATH_MAPPED",4,31,"YES","YES","NO","YES","NO_OMNIPATH_SECRETED_ANNOTATION","Cellinker;connectomeDB2020;ConnectomeDB2025;CSPA;DGIdb;GO_Intercell;HGNC;ICELLNET;LOCATE;Membranome;OmniPath;Phobius;Ramilowski_location;Surfaceome;UniProt_keyword;UniProt_location;UniProt_topology","47c971d2fbba4ecd0ba7485d1846a74054432a0d1a97ea3e6a79ae27d0da8094","5e4142df024fd4d5d64cc667299364982a51176076ae6a69e1069425530afafa","FROZEN_BEFORE_EXPRESSION_OUTCOMES","https://zenodo.org/records/7074291|https://omnipathdb.org/intercell"
"HJV","NicheNet lr_network_human_21122021.rds unique from","NicheNet human LR network 2021-12-21; Zenodo 7074291","NICHENET_AND_OMNIPATH_MAPPED",1,43,"YES","YES","YES","YES","OMNIPATH_SECRETED_ANNOTATION","Almen2009;Baccin2019;CellCellInteractions;Cellinker;CellTalkDB;connectomeDB2020;ConnectomeDB2025;EMBRACE;GO_Intercell;HGNC;iTALK;LOCATE;LRdb;OmniPath;Phobius;Ramilowski_location;Ramilowski2015;Surfaceome;talklr;TopDB;UniProt_location","47c971d2fbba4ecd0ba7485d1846a74054432a0d1a97ea3e6a79ae27d0da8094","5e4142df024fd4d5d64cc667299364982a51176076ae6a69e1069425530afafa","FROZEN_BEFORE_EXPRESSION_OUTCOMES","https://zenodo.org/records/7074291|https://omnipathdb.org/intercell"
"HLA-A","NicheNet lr_network_human_21122021.rds unique from","NicheNet human LR network 2021-12-21; Zenodo 7074291","NICHENET_AND_OMNIPATH_MAPPED",8,49,"YES","YES","NO","YES","NO_OMNIPATH_SECRETED_ANNOTATION","Almen2009;Baccin2019;CellChatDB;Cellinker;CellPhoneDB;CellTalkDB;connectomeDB2020;ConnectomeDB2025;CSPA;DGIdb;GO_Intercell;ICELLNET;iTALK;LRdb;Membranome;OmniPath;Phobius;Ramilowski_location;Ramilowski2015;Surfaceome;talklr;TopDB;UniProt_keyword;UniProt_location;UniProt_topology","47c971d2fbba4ecd0ba7485d1846a74054432a0d1a97ea3e6a79ae27d0da8094","5e4142df024fd4d5d64cc667299364982a51176076ae6a69e1069425530afafa","FROZEN_BEFORE_EXPRESSION_OUTCOMES","https://zenodo.org/records/7074291|https://omnipathdb.org/intercell"
"HLA-B","NicheNet lr_network_human_21122021.rds unique from","NicheNet human LR network 2021-12-21; Zenodo 7074291","NICHENET_AND_OMNIPATH_MAPPED",7,50,"YES","YES","NO","YES","NO_OMNIPATH_SECRETED_ANNOTATION","Almen2009;Baccin2019;CellChatDB;Cellinker;CellPhoneDB;CellTalkDB;ComPPI;connectomeDB2020;ConnectomeDB2025;CSPA;DGIdb;GO_Intercell;ICELLNET;iTALK;LRdb;Membranome;OmniPath;Phobius;Ramilowski_location;Ramilowski2015;Surfaceome;talklr;TopDB;UniProt_keyword;UniProt_location;UniProt_topology","47c971d2fbba4ecd0ba7485d1846a74054432a0d1a97ea3e6a79ae27d0da8094","5e4142df024fd4d5d64cc667299364982a51176076ae6a69e1069425530afafa","FROZEN_BEFORE_EXPRESSION_OUTCOMES","https://zenodo.org/records/7074291|https://omnipathdb.org/intercell"
"HLA-C","NicheNet lr_network_human_21122021.rds unique from","NicheNet human LR network 2021-12-21; Zenodo 7074291","NICHENET_AND_OMNIPATH_MAPPED",8,50,"YES","YES","NO","YES","NO_OMNIPATH_SECRETED_ANNOTATION","Almen2009;Baccin2019;CellChatDB;Cellinker;CellPhoneDB;CellTalkDB;connectomeDB2020;ConnectomeDB2025;CSPA;DGIdb;GO_Intercell;ICELLNET;iTALK;LRdb;Membranome;OmniPath;Phobius;Ramilowski_location;Ramilowski2015;Surfaceome;talklr;TopDB;UniProt_keyword;UniProt_location;UniProt_topology","47c971d2fbba4ecd0ba7485d1846a74054432a0d1a97ea3e6a79ae27d0da8094","5e4142df024fd4d5d64cc667299364982a51176076ae6a69e1069425530afafa","FROZEN_BEFORE_EXPRESSION_OUTCOMES","https://zenodo.org/records/7074291|https://omnipathdb.org/intercell"
"HLA-DMA","NicheNet lr_network_human_21122021.rds unique from","NicheNet human LR network 2021-12-21; Zenodo 7074291","NICHENET_AND_OMNIPATH_MAPPED",2,27,"YES","YES","NO","YES","NO_OMNIPATH_SECRETED_ANNOTATION","Almen2009;CellChatDB;ComPPI;GO_Intercell;LOCATE;Membranome;OmniPath;Phobius;Ramilowski_location;Surfaceome;TopDB;UniProt_keyword;UniProt_location;UniProt_topology","47c971d2fbba4ecd0ba7485d1846a74054432a0d1a97ea3e6a79ae27d0da8094","5e4142df024fd4d5d64cc667299364982a51176076ae6a69e1069425530afafa","FROZEN_BEFORE_EXPRESSION_OUTCOMES","https://zenodo.org/records/7074291|https://omnipathdb.org/intercell"
"HLA-DMB","NicheNet lr_network_human_21122021.rds unique from","NicheNet human LR network 2021-12-21; Zenodo 7074291","NICHENET_AND_OMNIPATH_MAPPED",2,27,"YES","YES","NO","YES","NO_OMNIPATH_SECRETED_ANNOTATION","Almen2009;CellChatDB;ComPPI;GO_Intercell;LOCATE;Membranome;OmniPath;Phobius;Ramilowski_location;Surfaceome;TopDB;UniProt_keyword;UniProt_location;UniProt_topology","47c971d2fbba4ecd0ba7485d1846a74054432a0d1a97ea3e6a79ae27d0da8094","5e4142df024fd4d5d64cc667299364982a51176076ae6a69e1069425530afafa","FROZEN_BEFORE_EXPRESSION_OUTCOMES","https://zenodo.org/records/7074291|https://omnipathdb.org/intercell"
"HLA-DOA","NicheNet lr_network_human_21122021.rds unique from","NicheNet human LR network 2021-12-21; Zenodo 7074291","NICHENET_AND_OMNIPATH_MAPPED",1,30,"YES","YES","NO","YES","NO_OMNIPATH_SECRETED_ANNOTATION","Almen2009;CellCellInteractions;CellChatDB;ComPPI;GO_Intercell;LOCATE;Membranome;OmniPath;Phobius;Ramilowski_location;Surfaceome;TopDB;UniProt_keyword;UniProt_location;UniProt_topology","47c971d2fbba4ecd0ba7485d1846a74054432a0d1a97ea3e6a79ae27d0da8094","5e4142df024fd4d5d64cc667299364982a51176076ae6a69e1069425530afafa","FROZEN_BEFORE_EXPRESSION_OUTCOMES","https://zenodo.org/records/7074291|https://omnipathdb.org/intercell"
"HLA-DOB","NicheNet lr_network_human_21122021.rds unique from","NicheNet human LR network 2021-12-21; Zenodo 7074291","NICHENET_AND_OMNIPATH_MAPPED",1,27,"YES","YES","NO","YES","NO_OMNIPATH_SECRETED_ANNOTATION","Almen2009;CellChatDB;ComPPI;GO_Intercell;LOCATE;Membranome;OmniPath;Phobius;Ramilowski_location;Surfaceome;TopDB;UniProt_keyword;UniProt_location;UniProt_topology","47c971d2fbba4ecd0ba7485d1846a74054432a0d1a97ea3e6a79ae27d0da8094","5e4142df024fd4d5d64cc667299364982a51176076ae6a69e1069425530afafa","FROZEN_BEFORE_EXPRESSION_OUTCOMES","https://zenodo.org/records/7074291|https://omnipathdb.org/intercell"
"HLA-DPB1","NicheNet lr_network_human_21122021.rds unique from","NicheNet human LR network 2021-12-21; Zenodo 7074291","NICHENET_AND_OMNIPATH_MAPPED",2,33,"YES","YES","NO","YES","NO_OMNIPATH_SECRETED_ANNOTATION","Almen2009;CellChatDB;ComPPI;CSPA;GO_Intercell;ICELLNET;Membranome;OmniPath;Phobius;Ramilowski_location;Surfaceome;TopDB;UniProt_keyword;UniProt_location;UniProt_topology","47c971d2fbba4ecd0ba7485d1846a74054432a0d1a97ea3e6a79ae27d0da8094","5e4142df024fd4d5d64cc667299364982a51176076ae6a69e1069425530afafa","FROZEN_BEFORE_EXPRESSION_OUTCOMES","https://zenodo.org/records/7074291|https://omnipathdb.org/intercell"
"HLA-DQA1","NicheNet lr_network_human_21122021.rds unique from","NicheNet human LR network 2021-12-21; Zenodo 7074291","NICHENET_AND_OMNIPATH_MAPPED",2,28,"YES","YES","NO","YES","NO_OMNIPATH_SECRETED_ANNOTATION","CellChatDB;ComPPI;CSPA;GO_Intercell;ICELLNET;LOCATE;Membranome;OmniPath;Phobius;Ramilowski_location;Surfaceome;TopDB;UniProt_keyword;UniProt_location;UniProt_topology","47c971d2fbba4ecd0ba7485d1846a74054432a0d1a97ea3e6a79ae27d0da8094","5e4142df024fd4d5d64cc667299364982a51176076ae6a69e1069425530afafa","FROZEN_BEFORE_EXPRESSION_OUTCOMES","https://zenodo.org/records/7074291|https://omnipathdb.org/intercell"
"HLA-DQA2","NicheNet lr_network_human_21122021.rds unique from","NicheNet human LR network 2021-12-21; Zenodo 7074291","NICHENET_AND_OMNIPATH_MAPPED",2,33,"YES","YES","NO","YES","NO_OMNIPATH_SECRETED_ANNOTATION","Almen2009;CellChatDB;ComPPI;CSPA;GO_Intercell;ICELLNET;LOCATE;Membranome;OmniPath;Phobius;Ramilowski_location;Surfaceome;UniProt_keyword;UniProt_location;UniProt_topology","47c971d2fbba4ecd0ba7485d1846a74054432a0d1a97ea3e6a79ae27d0da8094","5e4142df024fd4d5d64cc667299364982a51176076ae6a69e1069425530afafa","FROZEN_BEFORE_EXPRESSION_OUTCOMES","https://zenodo.org/records/7074291|https://omnipathdb.org/intercell"
"HLA-DQB1","NicheNet lr_network_human_21122021.rds unique from","NicheNet human LR network 2021-12-21; Zenodo 7074291","NICHENET_AND_OMNIPATH_MAPPED",2,28,"YES","YES","NO","YES","NO_OMNIPATH_SECRETED_ANNOTATION","CellChatDB;ComPPI;CSPA;GO_Intercell;ICELLNET;LOCATE;Membranome;OmniPath;Phobius;Ramilowski_location;Surfaceome;TopDB;UniProt_keyword;UniProt_location;UniProt_topology","47c971d2fbba4ecd0ba7485d1846a74054432a0d1a97ea3e6a79ae27d0da8094","5e4142df024fd4d5d64cc667299364982a51176076ae6a69e1069425530afafa","FROZEN_BEFORE_EXPRESSION_OUTCOMES","https://zenodo.org/records/7074291|https://omnipathdb.org/intercell"
"HLA-DQB2","NicheNet lr_network_human_21122021.rds unique from","NicheNet human LR network 2021-12-21; Zenodo 7074291","NICHENET_AND_OMNIPATH_MAPPED",1,22,"YES","YES","NO","NO","NO_OMNIPATH_SECRETED_ANNOTATION","CSPA;GO_Intercell;ICELLNET;LOCATE;Membranome;OmniPath;Phobius;Ramilowski_location;Surfaceome;UniProt_keyword;UniProt_location;UniProt_topology","47c971d2fbba4ecd0ba7485d1846a74054432a0d1a97ea3e6a79ae27d0da8094","5e4142df024fd4d5d64cc667299364982a51176076ae6a69e1069425530afafa","FROZEN_BEFORE_EXPRESSION_OUTCOMES","https://zenodo.org/records/7074291|https://omnipathdb.org/intercell"
"HLA-DRA","NicheNet lr_network_human_21122021.rds unique from","NicheNet human LR network 2021-12-21; Zenodo 7074291","NICHENET_AND_OMNIPATH_MAPPED",10,40,"YES","YES","NO","YES","NO_OMNIPATH_SECRETED_ANNOTATION","Almen2009;CellChatDB;Cellinker;ComPPI;ConnectomeDB2025;CSPA;GO_Intercell;ICELLNET;LOCATE;Membranome;OmniPath;Phobius;Ramilowski_location;Surfaceome;TopDB;UniProt_keyword;UniProt_location;UniProt_topology","47c971d2fbba4ecd0ba7485d1846a74054432a0d1a97ea3e6a79ae27d0da8094","5e4142df024fd4d5d64cc667299364982a51176076ae6a69e1069425530afafa","FROZEN_BEFORE_EXPRESSION_OUTCOMES","https://zenodo.org/records/7074291|https://omnipathdb.org/intercell"
"HLA-DRB1","NicheNet lr_network_human_21122021.rds unique from","NicheNet human LR network 2021-12-21; Zenodo 7074291","NICHENET_AND_OMNIPATH_MAPPED",7,43,"YES","YES","NO","YES","NO_OMNIPATH_SECRETED_ANNOTATION","Almen2009;CellChatDB;Cellinker;ComPPI;ConnectomeDB2025;CSPA;DGIdb;GO_Intercell;ICELLNET;iTALK;LOCATE;Membranome;OmniPath;Phobius;Ramilowski_location;Surfaceome;UniProt_keyword;UniProt_location;UniProt_topology","47c971d2fbba4ecd0ba7485d1846a74054432a0d1a97ea3e6a79ae27d0da8094","5e4142df024fd4d5d64cc667299364982a51176076ae6a69e1069425530afafa","FROZEN_BEFORE_EXPRESSION_OUTCOMES","https://zenodo.org/records/7074291|https://omnipathdb.org/intercell"
"HLA-DRB3","NicheNet lr_network_human_21122021.rds unique from","NicheNet human LR network 2021-12-21; Zenodo 7074291","NICHENET_AND_OMNIPATH_MAPPED",2,27,"YES","YES","NO","YES","NO_OMNIPATH_SECRETED_ANNOTATION","CellChatDB;ComPPI;CSPA;GO_Intercell;ICELLNET;LOCATE;Membranome;OmniPath;Phobius;Surfaceome;TopDB;UniProt_keyword;UniProt_location;UniProt_topology","47c971d2fbba4ecd0ba7485d1846a74054432a0d1a97ea3e6a79ae27d0da8094","5e4142df024fd4d5d64cc667299364982a51176076ae6a69e1069425530afafa","FROZEN_BEFORE_EXPRESSION_OUTCOMES","https://zenodo.org/records/7074291|https://omnipathdb.org/intercell"
"HLA-DRB4","NicheNet lr_network_human_21122021.rds unique from","NicheNet human LR network 2021-12-21; Zenodo 7074291","NICHENET_AND_OMNIPATH_MAPPED",2,25,"YES","YES","NO","YES","NO_OMNIPATH_SECRETED_ANNOTATION","CellChatDB;ComPPI;CSPA;GO_Intercell;ICELLNET;LOCATE;Membranome;OmniPath;Phobius;Surfaceome;TopDB;UniProt_keyword;UniProt_location;UniProt_topology","47c971d2fbba4ecd0ba7485d1846a74054432a0d1a97ea3e6a79ae27d0da8094","5e4142df024fd4d5d64cc667299364982a51176076ae6a69e1069425530afafa","FROZEN_BEFORE_EXPRESSION_OUTCOMES","https://zenodo.org/records/7074291|https://omnipathdb.org/intercell"
"HLA-DRB5","NicheNet lr_network_human_21122021.rds unique from","NicheNet human LR network 2021-12-21; Zenodo 7074291","NICHENET_AND_OMNIPATH_MAPPED",2,31,"YES","YES","NO","YES","NO_OMNIPATH_SECRETED_ANNOTATION","Almen2009;CellChatDB;ComPPI;CSPA;GO_Intercell;ICELLNET;Membranome;OmniPath;Phobius;Ramilowski_location;Surfaceome;TopDB;UniProt_keyword;UniProt_location;UniProt_topology","47c971d2fbba4ecd0ba7485d1846a74054432a0d1a97ea3e6a79ae27d0da8094","5e4142df024fd4d5d64cc667299364982a51176076ae6a69e1069425530afafa","FROZEN_BEFORE_EXPRESSION_OUTCOMES","https://zenodo.org/records/7074291|https://omnipathdb.org/intercell"
"HLA-E","NicheNet lr_network_human_21122021.rds unique from","NicheNet human LR network 2021-12-21; Zenodo 7074291","NICHENET_AND_OMNIPATH_MAPPED",6,52,"YES","YES","YES","YES","OMNIPATH_SECRETED_ANNOTATION","Baccin2019;CellCellInteractions;CellChatDB;Cellinker;CellPhoneDB;CellTalkDB;ComPPI;connectomeDB2020;ConnectomeDB2025;CSPA;DGIdb;GO_Intercell;ICELLNET;iTALK;LOCATE;LRdb;Membranome;OmniPath;Phobius;Ramilowski_location;Ramilowski2015;Surfaceome;talklr;TopDB;UniProt_keyword;UniProt_location;UniProt_topology","47c971d2fbba4ecd0ba7485d1846a74054432a0d1a97ea3e6a79ae27d0da8094","5e4142df024fd4d5d64cc667299364982a51176076ae6a69e1069425530afafa","FROZEN_BEFORE_EXPRESSION_OUTCOMES","https://zenodo.org/records/7074291|https://omnipathdb.org/intercell"
"HLA-F","NicheNet lr_network_human_21122021.rds unique from","NicheNet human LR network 2021-12-21; Zenodo 7074291","NICHENET_AND_OMNIPATH_MAPPED",7,41,"YES","YES","NO","YES","NO_OMNIPATH_SECRETED_ANNOTATION","CellChatDB;Cellinker;CellPhoneDB;connectomeDB2020;ConnectomeDB2025;CSPA;DGIdb;GO_Intercell;ICELLNET;LOCATE;LRdb;MatrixDB;Membranome;OmniPath;Phobius;Ramilowski_location;Surfaceome;TopDB;UniProt_keyword;UniProt_location;UniProt_topology","47c971d2fbba4ecd0ba7485d1846a74054432a0d1a97ea3e6a79ae27d0da8094","5e4142df024fd4d5d64cc667299364982a51176076ae6a69e1069425530afafa","FROZEN_BEFORE_EXPRESSION_OUTCOMES","https://zenodo.org/records/7074291|https://omnipathdb.org/intercell"
"HLA-G","NicheNet lr_network_human_21122021.rds unique from","NicheNet human LR network 2021-12-21; Zenodo 7074291","NICHENET_AND_OMNIPATH_MAPPED",7,53,"YES","YES","YES","YES","OMNIPATH_SECRETED_ANNOTATION","Almen2009;Baccin2019;CellChatDB;Cellinker;CellPhoneDB;CellTalkDB;connectomeDB2020;ConnectomeDB2025;DGIdb;GO_Intercell;HPA_secretome;ICELLNET;iTALK;LRdb;Membranome;OmniPath;Phobius;Ramilowski_location;Ramilowski2015;Surfaceome;talklr;TopDB;UniProt_keyword;UniProt_location;UniProt_topology","47c971d2fbba4ecd0ba7485d1846a74054432a0d1a97ea3e6a79ae27d0da8094","5e4142df024fd4d5d64cc667299364982a51176076ae6a69e1069425530afafa","FROZEN_BEFORE_EXPRESSION_OUTCOMES","https://zenodo.org/records/7074291|https://omnipathdb.org/intercell"
"HMGB1","NicheNet lr_network_human_21122021.rds unique from","NicheNet human LR network 2021-12-21; Zenodo 7074291","NICHENET_AND_OMNIPATH_MAPPED",9,21,"YES","YES","YES","YES","OMNIPATH_SECRETED_ANNOTATION","Cellinker;ComPPI;connectomeDB2020;ConnectomeDB2025;GO_Intercell;LOCATE;OmniPath;UniProt_keyword;UniProt_location","47c971d2fbba4ecd0ba7485d1846a74054432a0d1a97ea3e6a79ae27d0da8094","5e4142df024fd4d5d64cc667299364982a51176076ae6a69e1069425530afafa","FROZEN_BEFORE_EXPRESSION_OUTCOMES","https://zenodo.org/records/7074291|https://omnipathdb.org/intercell"
"HP","NicheNet lr_network_human_21122021.rds unique from","NicheNet human LR network 2021-12-21; Zenodo 7074291","NICHENET_AND_OMNIPATH_MAPPED",8,24,"YES","YES","YES","YES","OMNIPATH_SECRETED_ANNOTATION","Cellinker;CellTalkDB;ComPPI;connectomeDB2020;ConnectomeDB2025;EMBRACE;GO_Intercell;HPA_secretome;ICELLNET;iTALK;LOCATE;LRdb;OmniPath;Ramilowski2015;talklr;UniProt_keyword;UniProt_location","47c971d2fbba4ecd0ba7485d1846a74054432a0d1a97ea3e6a79ae27d0da8094","5e4142df024fd4d5d64cc667299364982a51176076ae6a69e1069425530afafa","FROZEN_BEFORE_EXPRESSION_OUTCOMES","https://zenodo.org/records/7074291|https://omnipathdb.org/intercell"
"HPX","NicheNet lr_network_human_21122021.rds unique from","NicheNet human LR network 2021-12-21; Zenodo 7074291","NICHENET_AND_OMNIPATH_MAPPED",1,15,"YES","YES","YES","YES","OMNIPATH_SECRETED_ANNOTATION","CellTalkDB;ComPPI;ConnectomeDB2025;GO_Intercell;HPA_secretome;LOCATE;MatrixDB;OmniPath;UniProt_keyword;UniProt_location","47c971d2fbba4ecd0ba7485d1846a74054432a0d1a97ea3e6a79ae27d0da8094","5e4142df024fd4d5d64cc667299364982a51176076ae6a69e1069425530afafa","FROZEN_BEFORE_EXPRESSION_OUTCOMES","https://zenodo.org/records/7074291|https://omnipathdb.org/intercell"
"HRG","NicheNet lr_network_human_21122021.rds unique from","NicheNet human LR network 2021-12-21; Zenodo 7074291","NICHENET_AND_OMNIPATH_MAPPED",3,14,"NO","YES","YES","YES","OMNIPATH_SECRETED_ANNOTATION","connectomeDB2020;ConnectomeDB2025;GO_Intercell;HPA_secretome;Matrisome;MatrixDB;OmniPath;UniProt_keyword;UniProt_location","47c971d2fbba4ecd0ba7485d1846a74054432a0d1a97ea3e6a79ae27d0da8094","5e4142df024fd4d5d64cc667299364982a51176076ae6a69e1069425530afafa","FROZEN_BEFORE_EXPRESSION_OUTCOMES","https://zenodo.org/records/7074291|https://omnipathdb.org/intercell"
"HSP90B1","NicheNet lr_network_human_21122021.rds unique from","NicheNet human LR network 2021-12-21; Zenodo 7074291","NICHENET_AND_OMNIPATH_MAPPED",1,12,"YES","YES","NO","YES","NO_OMNIPATH_SECRETED_ANNOTATION","ComPPI;ConnectomeDB2025;GO_Intercell;LOCATE;OmniPath;scConnect;UniProt_location","47c971d2fbba4ecd0ba7485d1846a74054432a0d1a97ea3e6a79ae27d0da8094","5e4142df024fd4d5d64cc667299364982a51176076ae6a69e1069425530afafa","FROZEN_BEFORE_EXPRESSION_OUTCOMES","https://zenodo.org/records/7074291|https://omnipathdb.org/intercell"
"HSPG2","NicheNet lr_network_human_21122021.rds unique from","NicheNet human LR network 2021-12-21; Zenodo 7074291","NICHENET_AND_OMNIPATH_MAPPED",9,24,"NO","YES","YES","YES","OMNIPATH_SECRETED_ANNOTATION","CellChatDB;Cellinker;ComPPI;connectomeDB2020;ConnectomeDB2025;GO_Intercell;HPA_secretome;HPMR;Matrisome;OmniPath;Ramilowski_location;UniProt_keyword;UniProt_location;Zhong2015","47c971d2fbba4ecd0ba7485d1846a74054432a0d1a97ea3e6a79ae27d0da8094","5e4142df024fd4d5d64cc667299364982a51176076ae6a69e1069425530afafa","FROZEN_BEFORE_EXPRESSION_OUTCOMES","https://zenodo.org/records/7074291|https://omnipathdb.org/intercell"
"IAPP","NicheNet lr_network_human_21122021.rds unique from","NicheNet human LR network 2021-12-21; Zenodo 7074291","NICHENET_AND_OMNIPATH_MAPPED",4,32,"YES","YES","YES","YES","OMNIPATH_SECRETED_ANNOTATION","Baccin2019;CellChatDB;Cellinker;CellPhoneDB;CellTalkDB;connectomeDB2020;ConnectomeDB2025;DGIdb;GO_Intercell;Guide2Pharma;HPA_secretome;ICELLNET;iTALK;LOCATE;LRdb;OmniPath;Ramilowski2015;scConnect;talklr;UniProt_keyword;UniProt_location","47c971d2fbba4ecd0ba7485d1846a74054432a0d1a97ea3e6a79ae27d0da8094","5e4142df024fd4d5d64cc667299364982a51176076ae6a69e1069425530afafa","FROZEN_BEFORE_EXPRESSION_OUTCOMES","https://zenodo.org/records/7074291|https://omnipathdb.org/intercell"
"IBSP","NicheNet lr_network_human_21122021.rds unique from","NicheNet human LR network 2021-12-21; Zenodo 7074291","NICHENET_AND_OMNIPATH_MAPPED",3,16,"NO","YES","YES","YES","OMNIPATH_SECRETED_ANNOTATION","Baccin2019;CellChatDB;ConnectomeDB2025;HGNC;HPA_secretome;LOCATE;Matrisome;MatrixDB;OmniPath;UniProt_keyword;UniProt_location;Zhong2015","47c971d2fbba4ecd0ba7485d1846a74054432a0d1a97ea3e6a79ae27d0da8094","5e4142df024fd4d5d64cc667299364982a51176076ae6a69e1069425530afafa","FROZEN_BEFORE_EXPRESSION_OUTCOMES","https://zenodo.org/records/7074291|https://omnipathdb.org/intercell"
"ICAM1","NicheNet lr_network_human_21122021.rds unique from","NicheNet human LR network 2021-12-21; Zenodo 7074291","NICHENET_AND_OMNIPATH_MAPPED",11,57,"YES","YES","YES","YES","OMNIPATH_SECRETED_ANNOTATION","Almen2009;Baccin2019;CellChatDB;Cellinker;CellPhoneDB;CellTalkDB;connectomeDB2020;ConnectomeDB2025;CSPA;DGIdb;EMBRACE;GO_Intercell;HGNC;HPMR;ICELLNET;iTALK;LOCATE;LRdb;Membranome;OmniPath;Phobius;Ramilowski_location;Ramilowski2015;Surfaceome;talklr;TopDB;UniProt_keyword;UniProt_location;UniProt_topology;Zhong2015","47c971d2fbba4ecd0ba7485d1846a74054432a0d1a97ea3e6a79ae27d0da8094","5e4142df024fd4d5d64cc667299364982a51176076ae6a69e1069425530afafa","FROZEN_BEFORE_EXPRESSION_OUTCOMES","https://zenodo.org/records/7074291|https://omnipathdb.org/intercell"
"ICAM2","NicheNet lr_network_human_21122021.rds unique from","NicheNet human LR network 2021-12-21; Zenodo 7074291","NICHENET_AND_OMNIPATH_MAPPED",3,50,"YES","YES","NO","NO","NO_OMNIPATH_SECRETED_ANNOTATION","Almen2009;CellChatDB;Cellinker;CellPhoneDB;CellTalkDB;ComPPI;connectomeDB2020;ConnectomeDB2025;CSPA;EMBRACE;HGNC;ICELLNET;iTALK;LOCATE;LRdb;Membranome;OmniPath;Phobius;Ramilowski_location;Ramilowski2015;Surfaceome;talklr;TopDB;UniProt_keyword;UniProt_location;UniProt_topology;Zhong2015","47c971d2fbba4ecd0ba7485d1846a74054432a0d1a97ea3e6a79ae27d0da8094","5e4142df024fd4d5d64cc667299364982a51176076ae6a69e1069425530afafa","FROZEN_BEFORE_EXPRESSION_OUTCOMES","https://zenodo.org/records/7074291|https://omnipathdb.org/intercell"
"ICAM3","NicheNet lr_network_human_21122021.rds unique from","NicheNet human LR network 2021-12-21; Zenodo 7074291","NICHENET_AND_OMNIPATH_MAPPED",5,48,"YES","YES","NO","YES","NO_OMNIPATH_SECRETED_ANNOTATION","Almen2009;Cellinker;CellPhoneDB;CellTalkDB;ComPPI;connectomeDB2020;ConnectomeDB2025;CSPA;HGNC;ICELLNET;iTALK;LOCATE;LRdb;Membranome;OmniPath;Phobius;Ramilowski_location;Ramilowski2015;Surfaceome;talklr;TopDB;UniProt_keyword;UniProt_location;UniProt_topology;Zhong2015","47c971d2fbba4ecd0ba7485d1846a74054432a0d1a97ea3e6a79ae27d0da8094","5e4142df024fd4d5d64cc667299364982a51176076ae6a69e1069425530afafa","FROZEN_BEFORE_EXPRESSION_OUTCOMES","https://zenodo.org/records/7074291|https://omnipathdb.org/intercell"
"ICAM4","NicheNet lr_network_human_21122021.rds unique from","NicheNet human LR network 2021-12-21; Zenodo 7074291","NICHENET_AND_OMNIPATH_MAPPED",9,53,"YES","YES","YES","YES","OMNIPATH_SECRETED_ANNOTATION","Almen2009;Baccin2019;Cellinker;CellPhoneDB;CellTalkDB;connectomeDB2020;ConnectomeDB2025;HGNC;ICELLNET;iTALK;LOCATE;LRdb;MCAM;Membranome;OmniPath;Phobius;Ramilowski_location;Ramilowski2015;Surfaceome;talklr;TopDB;UniProt_keyword;UniProt_location;UniProt_topology;Zhong2015","47c971d2fbba4ecd0ba7485d1846a74054432a0d1a97ea3e6a79ae27d0da8094","5e4142df024fd4d5d64cc667299364982a51176076ae6a69e1069425530afafa","FROZEN_BEFORE_EXPRESSION_OUTCOMES","https://zenodo.org/records/7074291|https://omnipathdb.org/intercell"
"ICAM5","NicheNet lr_network_human_21122021.rds unique from","NicheNet human LR network 2021-12-21; Zenodo 7074291","NICHENET_AND_OMNIPATH_MAPPED",5,50,"YES","YES","YES","YES","OMNIPATH_SECRETED_ANNOTATION","Almen2009;CellChatDB;Cellinker;CellTalkDB;connectomeDB2020;ConnectomeDB2025;CSPA;EMBRACE;HGNC;ICELLNET;iTALK;LOCATE;LRdb;Membranome;OmniPath;Phobius;Ramilowski_location;Ramilowski2015;Surfaceome;talklr;TopDB;UniProt_keyword;UniProt_location;UniProt_topology;Zhong2015","47c971d2fbba4ecd0ba7485d1846a74054432a0d1a97ea3e6a79ae27d0da8094","5e4142df024fd4d5d64cc667299364982a51176076ae6a69e1069425530afafa","FROZEN_BEFORE_EXPRESSION_OUTCOMES","https://zenodo.org/records/7074291|https://omnipathdb.org/intercell"
"ICOSLG","NicheNet lr_network_human_21122021.rds unique from","NicheNet human LR network 2021-12-21; Zenodo 7074291","NICHENET_AND_OMNIPATH_MAPPED",4,42,"YES","YES","NO","YES","NO_OMNIPATH_SECRETED_ANNOTATION","Baccin2019;CellChatDB;Cellinker;CellPhoneDB;CellTalkDB;connectomeDB2020;ConnectomeDB2025;CSPA;DGIdb;GO_Intercell;HGNC;ICELLNET;iTALK;LOCATE;MCAM;Membranome;OmniPath;Phobius;Ramilowski_location;Surfaceome;TopDB;UniProt_keyword;UniProt_location;UniProt_topology","47c971d2fbba4ecd0ba7485d1846a74054432a0d1a97ea3e6a79ae27d0da8094","5e4142df024fd4d5d64cc667299364982a51176076ae6a69e1069425530afafa","FROZEN_BEFORE_EXPRESSION_OUTCOMES","https://zenodo.org/records/7074291|https://omnipathdb.org/intercell"
"IFITM1","NicheNet lr_network_human_21122021.rds unique from","NicheNet human LR network 2021-12-21; Zenodo 7074291","NICHENET_AND_OMNIPATH_MAPPED",1,25,"NO","YES","NO","NO","NO_OMNIPATH_SECRETED_ANNOTATION","Baccin2019;Cellinker;CellTalkDB;ComPPI;GO_Intercell;iTALK;LOCATE;OmniPath;Phobius;Ramilowski_location;TopDB;UniProt_keyword;UniProt_location;UniProt_topology","47c971d2fbba4ecd0ba7485d1846a74054432a0d1a97ea3e6a79ae27d0da8094","5e4142df024fd4d5d64cc667299364982a51176076ae6a69e1069425530afafa","FROZEN_BEFORE_EXPRESSION_OUTCOMES","https://zenodo.org/records/7074291|https://omnipathdb.org/intercell"
"IFNA1","NicheNet lr_network_human_21122021.rds unique from","NicheNet human LR network 2021-12-21; Zenodo 7074291","NICHENET_AND_OMNIPATH_MAPPED",2,30,"YES","YES","YES","YES","OMNIPATH_SECRETED_ANNOTATION","Baccin2019;CellCall;CellChatDB;Cellinker;CellTalkDB;connectomeDB2020;ConnectomeDB2025;GO_Intercell;Guide2Pharma;HPA_secretome;HPMR;ICELLNET;iTALK;LOCATE;LRdb;Matrisome;OmniPath;Ramilowski2015;SignaLink_function;talklr","47c971d2fbba4ecd0ba7485d1846a74054432a0d1a97ea3e6a79ae27d0da8094","5e4142df024fd4d5d64cc667299364982a51176076ae6a69e1069425530afafa","FROZEN_BEFORE_EXPRESSION_OUTCOMES","https://zenodo.org/records/7074291|https://omnipathdb.org/intercell"
"IFNA10","NicheNet lr_network_human_21122021.rds unique from","NicheNet human LR network 2021-12-21; Zenodo 7074291","NICHENET_AND_OMNIPATH_MAPPED",2,32,"YES","YES","YES","YES","OMNIPATH_SECRETED_ANNOTATION","Baccin2019;CellCall;CellChatDB;Cellinker;CellPhoneDB;CellTalkDB;connectomeDB2020;ConnectomeDB2025;GO_Intercell;Guide2Pharma;HPA_secretome;ICELLNET;iTALK;LRdb;Matrisome;OmniPath;Ramilowski2015;scConnect;talklr;UniProt_keyword;UniProt_location","47c971d2fbba4ecd0ba7485d1846a74054432a0d1a97ea3e6a79ae27d0da8094","5e4142df024fd4d5d64cc667299364982a51176076ae6a69e1069425530afafa","FROZEN_BEFORE_EXPRESSION_OUTCOMES","https://zenodo.org/records/7074291|https://omnipathdb.org/intercell"
"IFNA13","NicheNet lr_network_human_21122021.rds unique from","NicheNet human LR network 2021-12-21; Zenodo 7074291","NICHENET_ONLY_NOT_OMNIPATH_MAPPED",3,0,"NOT_MAPPED","NOT_MAPPED","NOT_MAPPED","NOT_MAPPED",,"","47c971d2fbba4ecd0ba7485d1846a74054432a0d1a97ea3e6a79ae27d0da8094","5e4142df024fd4d5d64cc667299364982a51176076ae6a69e1069425530afafa","FROZEN_BEFORE_EXPRESSION_OUTCOMES","https://zenodo.org/records/7074291|https://omnipathdb.org/intercell"
"IFNA14","NicheNet lr_network_human_21122021.rds unique from","NicheNet human LR network 2021-12-21; Zenodo 7074291","NICHENET_AND_OMNIPATH_MAPPED",2,33,"YES","YES","YES","YES","OMNIPATH_SECRETED_ANNOTATION","Baccin2019;CellCall;CellChatDB;Cellinker;CellPhoneDB;CellTalkDB;connectomeDB2020;ConnectomeDB2025;GO_Intercell;Guide2Pharma;HPA_secretome;ICELLNET;iTALK;LOCATE;LRdb;Matrisome;OmniPath;Ramilowski2015;scConnect;talklr;UniProt_keyword;UniProt_location","47c971d2fbba4ecd0ba7485d1846a74054432a0d1a97ea3e6a79ae27d0da8094","5e4142df024fd4d5d64cc667299364982a51176076ae6a69e1069425530afafa","FROZEN_BEFORE_EXPRESSION_OUTCOMES","https://zenodo.org/records/7074291|https://omnipathdb.org/intercell"
"IFNA16","NicheNet lr_network_human_21122021.rds unique from","NicheNet human LR network 2021-12-21; Zenodo 7074291","NICHENET_AND_OMNIPATH_MAPPED",2,32,"YES","YES","YES","YES","OMNIPATH_SECRETED_ANNOTATION","Baccin2019;CellCall;CellChatDB;Cellinker;CellPhoneDB;CellTalkDB;connectomeDB2020;ConnectomeDB2025;GO_Intercell;Guide2Pharma;HPA_secretome;ICELLNET;iTALK;LRdb;Matrisome;OmniPath;Ramilowski2015;scConnect;talklr;UniProt_keyword;UniProt_location","47c971d2fbba4ecd0ba7485d1846a74054432a0d1a97ea3e6a79ae27d0da8094","5e4142df024fd4d5d64cc667299364982a51176076ae6a69e1069425530afafa","FROZEN_BEFORE_EXPRESSION_OUTCOMES","https://zenodo.org/records/7074291|https://omnipathdb.org/intercell"
"IFNA17","NicheNet lr_network_human_21122021.rds unique from","NicheNet human LR network 2021-12-21; Zenodo 7074291","NICHENET_AND_OMNIPATH_MAPPED",2,32,"YES","YES","YES","YES","OMNIPATH_SECRETED_ANNOTATION","Baccin2019;CellCall;CellChatDB;Cellinker;CellPhoneDB;CellTalkDB;connectomeDB2020;ConnectomeDB2025;GO_Intercell;Guide2Pharma;HPA_secretome;ICELLNET;iTALK;LRdb;Matrisome;OmniPath;Ramilowski2015;scConnect;talklr;UniProt_keyword;UniProt_location","47c971d2fbba4ecd0ba7485d1846a74054432a0d1a97ea3e6a79ae27d0da8094","5e4142df024fd4d5d64cc667299364982a51176076ae6a69e1069425530afafa","FROZEN_BEFORE_EXPRESSION_OUTCOMES","https://zenodo.org/records/7074291|https://omnipathdb.org/intercell"
"IFNA2","NicheNet lr_network_human_21122021.rds unique from","NicheNet human LR network 2021-12-21; Zenodo 7074291","NICHENET_AND_OMNIPATH_MAPPED",3,33,"YES","YES","YES","YES","OMNIPATH_SECRETED_ANNOTATION","Baccin2019;CellCall;CellChatDB;Cellinker;CellPhoneDB;CellTalkDB;connectomeDB2020;ConnectomeDB2025;GO_Intercell;Guide2Pharma;HPA_secretome;ICELLNET;iTALK;LOCATE;LRdb;Matrisome;OmniPath;Ramilowski2015;scConnect;talklr;UniProt_keyword;UniProt_location","47c971d2fbba4ecd0ba7485d1846a74054432a0d1a97ea3e6a79ae27d0da8094","5e4142df024fd4d5d64cc667299364982a51176076ae6a69e1069425530afafa","FROZEN_BEFORE_EXPRESSION_OUTCOMES","https://zenodo.org/records/7074291|https://omnipathdb.org/intercell"
"IFNA21","NicheNet lr_network_human_21122021.rds unique from","NicheNet human LR network 2021-12-21; Zenodo 7074291","NICHENET_AND_OMNIPATH_MAPPED",2,33,"YES","YES","YES","YES","OMNIPATH_SECRETED_ANNOTATION","Baccin2019;CellCall;CellChatDB;Cellinker;CellPhoneDB;CellTalkDB;connectomeDB2020;ConnectomeDB2025;GO_Intercell;Guide2Pharma;HPA_secretome;ICELLNET;iTALK;LOCATE;LRdb;Matrisome;OmniPath;Ramilowski2015;scConnect;talklr;UniProt_keyword;UniProt_location","47c971d2fbba4ecd0ba7485d1846a74054432a0d1a97ea3e6a79ae27d0da8094","5e4142df024fd4d5d64cc667299364982a51176076ae6a69e1069425530afafa","FROZEN_BEFORE_EXPRESSION_OUTCOMES","https://zenodo.org/records/7074291|https://omnipathdb.org/intercell"
"IFNA4","NicheNet lr_network_human_21122021.rds unique from","NicheNet human LR network 2021-12-21; Zenodo 7074291","NICHENET_AND_OMNIPATH_MAPPED",2,33,"YES","YES","YES","YES","OMNIPATH_SECRETED_ANNOTATION","Baccin2019;CellCall;CellChatDB;Cellinker;CellPhoneDB;CellTalkDB;connectomeDB2020;ConnectomeDB2025;GO_Intercell;Guide2Pharma;HPA_secretome;ICELLNET;iTALK;LOCATE;LRdb;Matrisome;OmniPath;Ramilowski2015;scConnect;talklr;UniProt_keyword;UniProt_location","47c971d2fbba4ecd0ba7485d1846a74054432a0d1a97ea3e6a79ae27d0da8094","5e4142df024fd4d5d64cc667299364982a51176076ae6a69e1069425530afafa","FROZEN_BEFORE_EXPRESSION_OUTCOMES","https://zenodo.org/records/7074291|https://omnipathdb.org/intercell"
"IFNA5","NicheNet lr_network_human_21122021.rds unique from","NicheNet human LR network 2021-12-21; Zenodo 7074291","NICHENET_AND_OMNIPATH_MAPPED",2,32,"YES","YES","YES","YES","OMNIPATH_SECRETED_ANNOTATION","Baccin2019;CellCall;CellChatDB;Cellinker;CellPhoneDB;CellTalkDB;connectomeDB2020;ConnectomeDB2025;GO_Intercell;Guide2Pharma;HPA_secretome;ICELLNET;iTALK;LRdb;Matrisome;OmniPath;Ramilowski2015;scConnect;talklr;UniProt_keyword;UniProt_location","47c971d2fbba4ecd0ba7485d1846a74054432a0d1a97ea3e6a79ae27d0da8094","5e4142df024fd4d5d64cc667299364982a51176076ae6a69e1069425530afafa","FROZEN_BEFORE_EXPRESSION_OUTCOMES","https://zenodo.org/records/7074291|https://omnipathdb.org/intercell"
"IFNA6","NicheNet lr_network_human_21122021.rds unique from","NicheNet human LR network 2021-12-21; Zenodo 7074291","NICHENET_AND_OMNIPATH_MAPPED",2,33,"YES","YES","YES","YES","OMNIPATH_SECRETED_ANNOTATION","Baccin2019;CellCall;CellChatDB;Cellinker;CellPhoneDB;CellTalkDB;connectomeDB2020;ConnectomeDB2025;GO_Intercell;Guide2Pharma;HPA_secretome;ICELLNET;iTALK;LOCATE;LRdb;Matrisome;OmniPath;Ramilowski2015;scConnect;talklr;UniProt_keyword;UniProt_location","47c971d2fbba4ecd0ba7485d1846a74054432a0d1a97ea3e6a79ae27d0da8094","5e4142df024fd4d5d64cc667299364982a51176076ae6a69e1069425530afafa","FROZEN_BEFORE_EXPRESSION_OUTCOMES","https://zenodo.org/records/7074291|https://omnipathdb.org/intercell"
"IFNA7","NicheNet lr_network_human_21122021.rds unique from","NicheNet human LR network 2021-12-21; Zenodo 7074291","NICHENET_AND_OMNIPATH_MAPPED",2,32,"YES","YES","YES","YES","OMNIPATH_SECRETED_ANNOTATION","Baccin2019;CellCall;CellChatDB;Cellinker;CellPhoneDB;CellTalkDB;connectomeDB2020;ConnectomeDB2025;GO_Intercell;Guide2Pharma;HPA_secretome;ICELLNET;iTALK;LRdb;Matrisome;OmniPath;Ramilowski2015;scConnect;talklr;UniProt_keyword;UniProt_location","47c971d2fbba4ecd0ba7485d1846a74054432a0d1a97ea3e6a79ae27d0da8094","5e4142df024fd4d5d64cc667299364982a51176076ae6a69e1069425530afafa","FROZEN_BEFORE_EXPRESSION_OUTCOMES","https://zenodo.org/records/7074291|https://omnipathdb.org/intercell"
"IFNA8","NicheNet lr_network_human_21122021.rds unique from","NicheNet human LR network 2021-12-21; Zenodo 7074291","NICHENET_AND_OMNIPATH_MAPPED",2,34,"YES","YES","YES","YES","OMNIPATH_SECRETED_ANNOTATION","Baccin2019;CellCall;CellChatDB;Cellinker;CellPhoneDB;CellTalkDB;ComPPI;connectomeDB2020;ConnectomeDB2025;GO_Intercell;Guide2Pharma;HPA_secretome;ICELLNET;iTALK;LRdb;Matrisome;OmniPath;Ramilowski2015;scConnect;talklr;UniProt_keyword;UniProt_location","47c971d2fbba4ecd0ba7485d1846a74054432a0d1a97ea3e6a79ae27d0da8094","5e4142df024fd4d5d64cc667299364982a51176076ae6a69e1069425530afafa","FROZEN_BEFORE_EXPRESSION_OUTCOMES","https://zenodo.org/records/7074291|https://omnipathdb.org/intercell"
"IFNB1","NicheNet lr_network_human_21122021.rds unique from","NicheNet human LR network 2021-12-21; Zenodo 7074291","NICHENET_AND_OMNIPATH_MAPPED",2,35,"YES","YES","YES","YES","OMNIPATH_SECRETED_ANNOTATION","Baccin2019;CellCall;CellChatDB;Cellinker;CellPhoneDB;CellTalkDB;connectomeDB2020;ConnectomeDB2025;GO_Intercell;Guide2Pharma;HPA_secretome;ICELLNET;iTALK;LOCATE;LRdb;Matrisome;OmniPath;Ramilowski2015;scConnect;talklr;UniProt_keyword;UniProt_location","47c971d2fbba4ecd0ba7485d1846a74054432a0d1a97ea3e6a79ae27d0da8094","5e4142df024fd4d5d64cc667299364982a51176076ae6a69e1069425530afafa","FROZEN_BEFORE_EXPRESSION_OUTCOMES","https://zenodo.org/records/7074291|https://omnipathdb.org/intercell"
"IFNE","NicheNet lr_network_human_21122021.rds unique from","NicheNet human LR network 2021-12-21; Zenodo 7074291","NICHENET_AND_OMNIPATH_MAPPED",3,25,"YES","YES","YES","YES","OMNIPATH_SECRETED_ANNOTATION","CellCall;CellChatDB;Cellinker;CellPhoneDB;CellTalkDB;connectomeDB2020;ConnectomeDB2025;GO_Intercell;HPA_secretome;ICELLNET;Matrisome;MatrixDB;OmniPath;UniProt_keyword;UniProt_location","47c971d2fbba4ecd0ba7485d1846a74054432a0d1a97ea3e6a79ae27d0da8094","5e4142df024fd4d5d64cc667299364982a51176076ae6a69e1069425530afafa","FROZEN_BEFORE_EXPRESSION_OUTCOMES","https://zenodo.org/records/7074291|https://omnipathdb.org/intercell"
"IFNG","NicheNet lr_network_human_21122021.rds unique from","NicheNet human LR network 2021-12-21; Zenodo 7074291","NICHENET_AND_OMNIPATH_MAPPED",2,36,"YES","YES","YES","YES","OMNIPATH_SECRETED_ANNOTATION","Baccin2019;CellCall;CellChatDB;Cellinker;CellPhoneDB;CellTalkDB;connectomeDB2020;ConnectomeDB2025;GO_Intercell;Guide2Pharma;HPA_secretome;HPMR;ICELLNET;iTALK;LRdb;Matrisome;OmniPath;Ramilowski2015;scConnect;SignaLink_function;talklr;UniProt_keyword;UniProt_location","47c971d2fbba4ecd0ba7485d1846a74054432a0d1a97ea3e6a79ae27d0da8094","5e4142df024fd4d5d64cc667299364982a51176076ae6a69e1069425530afafa","FROZEN_BEFORE_EXPRESSION_OUTCOMES","https://zenodo.org/records/7074291|https://omnipathdb.org/intercell"
"IFNK","NicheNet lr_network_human_21122021.rds unique from","NicheNet human LR network 2021-12-21; Zenodo 7074291","NICHENET_AND_OMNIPATH_MAPPED",2,32,"YES","YES","YES","YES","OMNIPATH_SECRETED_ANNOTATION","Almen2009;CellCall;CellChatDB;Cellinker;CellPhoneDB;connectomeDB2020;ConnectomeDB2025;GO_Intercell;Guide2Pharma;HPA_secretome;ICELLNET;Matrisome;MatrixDB;OmniPath;Phobius;scConnect;SignaLink_function;UniProt_keyword;UniProt_location","47c971d2fbba4ecd0ba7485d1846a74054432a0d1a97ea3e6a79ae27d0da8094","5e4142df024fd4d5d64cc667299364982a51176076ae6a69e1069425530afafa","FROZEN_BEFORE_EXPRESSION_OUTCOMES","https://zenodo.org/records/7074291|https://omnipathdb.org/intercell"
"IFNL1","NicheNet lr_network_human_21122021.rds unique from","NicheNet human LR network 2021-12-21; Zenodo 7074291","NICHENET_AND_OMNIPATH_MAPPED",2,30,"YES","YES","YES","YES","OMNIPATH_SECRETED_ANNOTATION","Baccin2019;CellCall;Cellinker;CellPhoneDB;CellTalkDB;connectomeDB2020;ConnectomeDB2025;GO_Intercell;Guide2Pharma;HPA_secretome;ICELLNET;iTALK;LRdb;OmniPath;Ramilowski2015;scConnect;SignaLink_function;talklr;UniProt_keyword;UniProt_location","47c971d2fbba4ecd0ba7485d1846a74054432a0d1a97ea3e6a79ae27d0da8094","5e4142df024fd4d5d64cc667299364982a51176076ae6a69e1069425530afafa","FROZEN_BEFORE_EXPRESSION_OUTCOMES","https://zenodo.org/records/7074291|https://omnipathdb.org/intercell"
"IFNL2","NicheNet lr_network_human_21122021.rds unique from","NicheNet human LR network 2021-12-21; Zenodo 7074291","NICHENET_AND_OMNIPATH_MAPPED",2,30,"YES","YES","YES","YES","OMNIPATH_SECRETED_ANNOTATION","Baccin2019;CellCall;Cellinker;CellPhoneDB;CellTalkDB;connectomeDB2020;ConnectomeDB2025;GO_Intercell;Guide2Pharma;HPA_secretome;ICELLNET;iTALK;LRdb;OmniPath;Ramilowski2015;scConnect;SignaLink_function;talklr;UniProt_keyword;UniProt_location","47c971d2fbba4ecd0ba7485d1846a74054432a0d1a97ea3e6a79ae27d0da8094","5e4142df024fd4d5d64cc667299364982a51176076ae6a69e1069425530afafa","FROZEN_BEFORE_EXPRESSION_OUTCOMES","https://zenodo.org/records/7074291|https://omnipathdb.org/intercell"
"IFNL3","NicheNet lr_network_human_21122021.rds unique from","NicheNet human LR network 2021-12-21; Zenodo 7074291","NICHENET_AND_OMNIPATH_MAPPED",2,31,"YES","YES","YES","YES","OMNIPATH_SECRETED_ANNOTATION","Baccin2019;CellCall;Cellinker;CellPhoneDB;CellTalkDB;connectomeDB2020;ConnectomeDB2025;GO_Intercell;Guide2Pharma;HPA_secretome;ICELLNET;iTALK;LOCATE;LRdb;OmniPath;Ramilowski2015;scConnect;SignaLink_function;talklr;UniProt_keyword;UniProt_location","47c971d2fbba4ecd0ba7485d1846a74054432a0d1a97ea3e6a79ae27d0da8094","5e4142df024fd4d5d64cc667299364982a51176076ae6a69e1069425530afafa","FROZEN_BEFORE_EXPRESSION_OUTCOMES","https://zenodo.org/records/7074291|https://omnipathdb.org/intercell"
"IFNL4","NicheNet lr_network_human_21122021.rds unique from","NicheNet human LR network 2021-12-21; Zenodo 7074291","NICHENET_AND_OMNIPATH_MAPPED",2,14,"YES","YES","YES","YES","OMNIPATH_SECRETED_ANNOTATION","connectomeDB2020;ConnectomeDB2025;GO_Intercell;MatrixDB;OmniPath;UniProt_keyword;UniProt_location","47c971d2fbba4ecd0ba7485d1846a74054432a0d1a97ea3e6a79ae27d0da8094","5e4142df024fd4d5d64cc667299364982a51176076ae6a69e1069425530afafa","FROZEN_BEFORE_EXPRESSION_OUTCOMES","https://zenodo.org/records/7074291|https://omnipathdb.org/intercell"
"IFNW1","NicheNet lr_network_human_21122021.rds unique from","NicheNet human LR network 2021-12-21; Zenodo 7074291","NICHENET_AND_OMNIPATH_MAPPED",2,28,"YES","YES","YES","YES","OMNIPATH_SECRETED_ANNOTATION","CellCall;CellChatDB;Cellinker;CellPhoneDB;CellTalkDB;connectomeDB2020;ConnectomeDB2025;GO_Intercell;Guide2Pharma;HPA_secretome;ICELLNET;iTALK;LRdb;Matrisome;OmniPath;Ramilowski2015;scConnect;talklr;UniProt_keyword;UniProt_location","47c971d2fbba4ecd0ba7485d1846a74054432a0d1a97ea3e6a79ae27d0da8094","5e4142df024fd4d5d64cc667299364982a51176076ae6a69e1069425530afafa","FROZEN_BEFORE_EXPRESSION_OUTCOMES","https://zenodo.org/records/7074291|https://omnipathdb.org/intercell"
"IGF1","NicheNet lr_network_human_21122021.rds unique from","NicheNet human LR network 2021-12-21; Zenodo 7074291","NICHENET_AND_OMNIPATH_MAPPED",7,46,"YES","YES","YES","YES","OMNIPATH_SECRETED_ANNOTATION","Baccin2019;CellCall;CellChatDB;Cellinker;CellPhoneDB;CellTalkDB;connectomeDB2020;ConnectomeDB2025;DGIdb;EMBRACE;GO_Intercell;Guide2Pharma;HPA_secretome;HPMR;ICELLNET;iTALK;Kirouac2010;LOCATE;LRdb;Matrisome;OmniPath;Ramilowski2015;scConnect;SignaLink_function;talklr;UniProt_keyword;UniProt_location","47c971d2fbba4ecd0ba7485d1846a74054432a0d1a97ea3e6a79ae27d0da8094","5e4142df024fd4d5d64cc667299364982a51176076ae6a69e1069425530afafa","FROZEN_BEFORE_EXPRESSION_OUTCOMES","https://zenodo.org/records/7074291|https://omnipathdb.org/intercell"
"IGF2","NicheNet lr_network_human_21122021.rds unique from","NicheNet human LR network 2021-12-21; Zenodo 7074291","NICHENET_AND_OMNIPATH_MAPPED",7,48,"YES","YES","YES","YES","OMNIPATH_SECRETED_ANNOTATION","Baccin2019;CellCall;CellChatDB;Cellinker;CellPhoneDB;CellTalkDB;ComPPI;connectomeDB2020;ConnectomeDB2025;DGIdb;EMBRACE;GO_Intercell;Guide2Pharma;HPA_secretome;HPMR;ICELLNET;iTALK;LOCATE;LRdb;Matrisome;MatrixDB;OmniPath;Ramilowski2015;scConnect;SignaLink_function;talklr;UniProt_keyword;UniProt_location","47c971d2fbba4ecd0ba7485d1846a74054432a0d1a97ea3e6a79ae27d0da8094","5e4142df024fd4d5d64cc667299364982a51176076ae6a69e1069425530afafa","FROZEN_BEFORE_EXPRESSION_OUTCOMES","https://zenodo.org/records/7074291|https://omnipathdb.org/intercell"
"IGFBP3","NicheNet lr_network_human_21122021.rds unique from","NicheNet human LR network 2021-12-21; Zenodo 7074291","NICHENET_AND_OMNIPATH_MAPPED",1,24,"YES","YES","YES","YES","OMNIPATH_SECRETED_ANNOTATION","CellChatDB;CellPhoneDB;ComPPI;ConnectomeDB2025;GO_Intercell;HGNC;HPA_secretome;LOCATE;Matrisome;OmniPath;UniProt_keyword;UniProt_location","47c971d2fbba4ecd0ba7485d1846a74054432a0d1a97ea3e6a79ae27d0da8094","5e4142df024fd4d5d64cc667299364982a51176076ae6a69e1069425530afafa","FROZEN_BEFORE_EXPRESSION_OUTCOMES","https://zenodo.org/records/7074291|https://omnipathdb.org/intercell"
"IGFBP4","NicheNet lr_network_human_21122021.rds unique from","NicheNet human LR network 2021-12-21; Zenodo 7074291","NICHENET_AND_OMNIPATH_MAPPED",2,20,"YES","YES","YES","YES","OMNIPATH_SECRETED_ANNOTATION","Baccin2019;CellChatDB;Cellinker;connectomeDB2020;ConnectomeDB2025;GO_Intercell;HGNC;HPA_secretome;LOCATE;Matrisome;OmniPath;UniProt_keyword;UniProt_location","47c971d2fbba4ecd0ba7485d1846a74054432a0d1a97ea3e6a79ae27d0da8094","5e4142df024fd4d5d64cc667299364982a51176076ae6a69e1069425530afafa","FROZEN_BEFORE_EXPRESSION_OUTCOMES","https://zenodo.org/records/7074291|https://omnipathdb.org/intercell"
"IGFBP7","NicheNet lr_network_human_21122021.rds unique from","NicheNet human LR network 2021-12-21; Zenodo 7074291","NICHENET_AND_OMNIPATH_MAPPED",1,27,"YES","YES","YES","YES","OMNIPATH_SECRETED_ANNOTATION","CellCellInteractions;Cellinker;ConnectomeDB2025;GO_Intercell;HPA_secretome;ICELLNET;LOCATE;Matrisome;MatrixDB;OmniPath;UniProt_keyword;UniProt_location","47c971d2fbba4ecd0ba7485d1846a74054432a0d1a97ea3e6a79ae27d0da8094","5e4142df024fd4d5d64cc667299364982a51176076ae6a69e1069425530afafa","FROZEN_BEFORE_EXPRESSION_OUTCOMES","https://zenodo.org/records/7074291|https://omnipathdb.org/intercell"
"IGFBPL1","NicheNet lr_network_human_21122021.rds unique from","NicheNet human LR network 2021-12-21; Zenodo 7074291","NICHENET_AND_OMNIPATH_MAPPED",1,19,"YES","YES","YES","YES","OMNIPATH_SECRETED_ANNOTATION","Cellinker;GO_Intercell;HPA_secretome;ICELLNET;LOCATE;Matrisome;MatrixDB;OmniPath;UniProt_keyword;UniProt_location","47c971d2fbba4ecd0ba7485d1846a74054432a0d1a97ea3e6a79ae27d0da8094","5e4142df024fd4d5d64cc667299364982a51176076ae6a69e1069425530afafa","FROZEN_BEFORE_EXPRESSION_OUTCOMES","https://zenodo.org/records/7074291|https://omnipathdb.org/intercell"
"IGFL1","NicheNet lr_network_human_21122021.rds unique from","NicheNet human LR network 2021-12-21; Zenodo 7074291","NICHENET_AND_OMNIPATH_MAPPED",1,21,"YES","YES","YES","YES","OMNIPATH_SECRETED_ANNOTATION","CellPhoneDB;CellTalkDB;connectomeDB2020;ConnectomeDB2025;HGNC;HPA_secretome;iTALK;LRdb;MatrixDB;OmniPath;Ramilowski2015;talklr;UniProt_keyword;UniProt_location","47c971d2fbba4ecd0ba7485d1846a74054432a0d1a97ea3e6a79ae27d0da8094","5e4142df024fd4d5d64cc667299364982a51176076ae6a69e1069425530afafa","FROZEN_BEFORE_EXPRESSION_OUTCOMES","https://zenodo.org/records/7074291|https://omnipathdb.org/intercell"
"IGFL2","NicheNet lr_network_human_21122021.rds unique from","NicheNet human LR network 2021-12-21; Zenodo 7074291","NICHENET_AND_OMNIPATH_MAPPED",1,21,"YES","YES","YES","YES","OMNIPATH_SECRETED_ANNOTATION","CellPhoneDB;CellTalkDB;ComPPI;connectomeDB2020;HGNC;HPA_secretome;iTALK;LRdb;MatrixDB;OmniPath;Ramilowski2015;talklr;UniProt_keyword;UniProt_location","47c971d2fbba4ecd0ba7485d1846a74054432a0d1a97ea3e6a79ae27d0da8094","5e4142df024fd4d5d64cc667299364982a51176076ae6a69e1069425530afafa","FROZEN_BEFORE_EXPRESSION_OUTCOMES","https://zenodo.org/records/7074291|https://omnipathdb.org/intercell"
"IGFL3","NicheNet lr_network_human_21122021.rds unique from","NicheNet human LR network 2021-12-21; Zenodo 7074291","NICHENET_AND_OMNIPATH_MAPPED",1,23,"YES","YES","YES","YES","OMNIPATH_SECRETED_ANNOTATION","CellChatDB;Cellinker;CellPhoneDB;CellTalkDB;connectomeDB2020;ConnectomeDB2025;HGNC;HPA_secretome;iTALK;LRdb;OmniPath;Ramilowski2015;talklr;UniProt_keyword;UniProt_location","47c971d2fbba4ecd0ba7485d1846a74054432a0d1a97ea3e6a79ae27d0da8094","5e4142df024fd4d5d64cc667299364982a51176076ae6a69e1069425530afafa","FROZEN_BEFORE_EXPRESSION_OUTCOMES","https://zenodo.org/records/7074291|https://omnipathdb.org/intercell"
"IGSF10","NicheNet lr_network_human_21122021.rds unique from","NicheNet human LR network 2021-12-21; Zenodo 7074291","NICHENET_AND_OMNIPATH_MAPPED",5,12,"YES","YES","YES","YES","OMNIPATH_SECRETED_ANNOTATION","Cellinker;ComPPI;HPA_secretome;Matrisome;MatrixDB;OmniPath;UniProt_keyword;UniProt_location","47c971d2fbba4ecd0ba7485d1846a74054432a0d1a97ea3e6a79ae27d0da8094","5e4142df024fd4d5d64cc667299364982a51176076ae6a69e1069425530afafa","FROZEN_BEFORE_EXPRESSION_OUTCOMES","https://zenodo.org/records/7074291|https://omnipathdb.org/intercell"
"IGSF11","NicheNet lr_network_human_21122021.rds unique from","NicheNet human LR network 2021-12-21; Zenodo 7074291","NICHENET_AND_OMNIPATH_MAPPED",3,32,"YES","YES","NO","NO","NO_OMNIPATH_SECRETED_ANNOTATION","Almen2009;Cellinker;connectomeDB2020;ConnectomeDB2025;HGNC;ICELLNET;LOCATE;Membranome;OmniPath;Phobius;Ramilowski_location;Surfaceome;UniProt_keyword;UniProt_location;UniProt_topology;Zhong2015","47c971d2fbba4ecd0ba7485d1846a74054432a0d1a97ea3e6a79ae27d0da8094","5e4142df024fd4d5d64cc667299364982a51176076ae6a69e1069425530afafa","FROZEN_BEFORE_EXPRESSION_OUTCOMES","https://zenodo.org/records/7074291|https://omnipathdb.org/intercell"
"IGSF21","NicheNet lr_network_human_21122021.rds unique from","NicheNet human LR network 2021-12-21; Zenodo 7074291","NICHENET_AND_OMNIPATH_MAPPED",9,7,"NO","YES","NO","YES","NO_OMNIPATH_SECRETED_ANNOTATION","Cellinker;DGIdb;OmniPath","47c971d2fbba4ecd0ba7485d1846a74054432a0d1a97ea3e6a79ae27d0da8094","5e4142df024fd4d5d64cc667299364982a51176076ae6a69e1069425530afafa","FROZEN_BEFORE_EXPRESSION_OUTCOMES","https://zenodo.org/records/7074291|https://omnipathdb.org/intercell"
"IGSF3","NicheNet lr_network_human_21122021.rds unique from","NicheNet human LR network 2021-12-21; Zenodo 7074291","NICHENET_AND_OMNIPATH_MAPPED",1,23,"NO","YES","NO","NO","NO_OMNIPATH_SECRETED_ANNOTATION","Cellinker;ComPPI;CSPA;LOCATE;Membranome;OmniPath;Phobius;Ramilowski_location;Surfaceome;TopDB;UniProt_keyword;UniProt_location;UniProt_topology","47c971d2fbba4ecd0ba7485d1846a74054432a0d1a97ea3e6a79ae27d0da8094","5e4142df024fd4d5d64cc667299364982a51176076ae6a69e1069425530afafa","FROZEN_BEFORE_EXPRESSION_OUTCOMES","https://zenodo.org/records/7074291|https://omnipathdb.org/intercell"
"IHH","NicheNet lr_network_human_21122021.rds unique from","NicheNet human LR network 2021-12-21; Zenodo 7074291","NICHENET_AND_OMNIPATH_MAPPED",5,41,"YES","YES","YES","YES","OMNIPATH_SECRETED_ANNOTATION","Baccin2019;CellChatDB;Cellinker;CellPhoneDB;CellTalkDB;connectomeDB2020;ConnectomeDB2025;EMBRACE;GO_Intercell;HGNC;HPA_secretome;HPMR;ICELLNET;iTALK;Kirouac2010;LOCATE;LRdb;Matrisome;OmniPath;Ramilowski2015;SignaLink_function;talklr;UniProt_keyword;UniProt_location","47c971d2fbba4ecd0ba7485d1846a74054432a0d1a97ea3e6a79ae27d0da8094","5e4142df024fd4d5d64cc667299364982a51176076ae6a69e1069425530afafa","FROZEN_BEFORE_EXPRESSION_OUTCOMES","https://zenodo.org/records/7074291|https://omnipathdb.org/intercell"
"IL10","NicheNet lr_network_human_21122021.rds unique from","NicheNet human LR network 2021-12-21; Zenodo 7074291","NICHENET_AND_OMNIPATH_MAPPED",2,43,"YES","YES","YES","YES","OMNIPATH_SECRETED_ANNOTATION","Baccin2019;CellCall;CellChatDB;Cellinker;CellPhoneDB;CellTalkDB;connectomeDB2020;ConnectomeDB2025;DGIdb;EMBRACE;GO_Intercell;Guide2Pharma;HGNC;HPA_secretome;ICELLNET;iTALK;Kirouac2010;LOCATE;LRdb;Matrisome;OmniPath;Ramilowski2015;scConnect;SignaLink_function;talklr;UniProt_keyword;UniProt_location","47c971d2fbba4ecd0ba7485d1846a74054432a0d1a97ea3e6a79ae27d0da8094","5e4142df024fd4d5d64cc667299364982a51176076ae6a69e1069425530afafa","FROZEN_BEFORE_EXPRESSION_OUTCOMES","https://zenodo.org/records/7074291|https://omnipathdb.org/intercell"
"IL11","NicheNet lr_network_human_21122021.rds unique from","NicheNet human LR network 2021-12-21; Zenodo 7074291","NICHENET_AND_OMNIPATH_MAPPED",3,50,"YES","YES","YES","YES","OMNIPATH_SECRETED_ANNOTATION","Baccin2019;CellCall;CellChatDB;Cellinker;CellPhoneDB;CellTalkDB;ComPPI;connectomeDB2020;ConnectomeDB2025;DGIdb;EMBRACE;GO_Intercell;Guide2Pharma;HGNC;HPA_secretome;HPMR;ICELLNET;iTALK;Kirouac2010;LOCATE;LRdb;Matrisome;MatrixDB;OmniPath;Ramilowski2015;scConnect;SignaLink_function;talklr;UniProt_keyword;UniProt_location","47c971d2fbba4ecd0ba7485d1846a74054432a0d1a97ea3e6a79ae27d0da8094","5e4142df024fd4d5d64cc667299364982a51176076ae6a69e1069425530afafa","FROZEN_BEFORE_EXPRESSION_OUTCOMES","https://zenodo.org/records/7074291|https://omnipathdb.org/intercell"
"IL12A","NicheNet lr_network_human_21122021.rds unique from","NicheNet human LR network 2021-12-21; Zenodo 7074291","NICHENET_AND_OMNIPATH_MAPPED",3,44,"YES","YES","YES","YES","OMNIPATH_SECRETED_ANNOTATION","Baccin2019;CellCall;Cellinker;CellPhoneDB;CellTalkDB;connectomeDB2020;ConnectomeDB2025;DGIdb;GO_Intercell;Guide2Pharma;HGNC;HPA_secretome;HPMR;ICELLNET;iTALK;LOCATE;LRdb;Matrisome;OmniPath;Ramilowski2015;SignaLink_function;talklr;UniProt_keyword;UniProt_location","47c971d2fbba4ecd0ba7485d1846a74054432a0d1a97ea3e6a79ae27d0da8094","5e4142df024fd4d5d64cc667299364982a51176076ae6a69e1069425530afafa","FROZEN_BEFORE_EXPRESSION_OUTCOMES","https://zenodo.org/records/7074291|https://omnipathdb.org/intercell"
"IL12B","NicheNet lr_network_human_21122021.rds unique from","NicheNet human LR network 2021-12-21; Zenodo 7074291","NICHENET_AND_OMNIPATH_MAPPED",4,42,"YES","YES","YES","YES","OMNIPATH_SECRETED_ANNOTATION","Baccin2019;CellCall;Cellinker;CellPhoneDB;CellTalkDB;connectomeDB2020;ConnectomeDB2025;DGIdb;GO_Intercell;Guide2Pharma;HGNC;HPA_secretome;HPMR;ICELLNET;iTALK;LOCATE;LRdb;Matrisome;OmniPath;Ramilowski2015;talklr;UniProt_keyword;UniProt_location","47c971d2fbba4ecd0ba7485d1846a74054432a0d1a97ea3e6a79ae27d0da8094","5e4142df024fd4d5d64cc667299364982a51176076ae6a69e1069425530afafa","FROZEN_BEFORE_EXPRESSION_OUTCOMES","https://zenodo.org/records/7074291|https://omnipathdb.org/intercell"
"IL13","NicheNet lr_network_human_21122021.rds unique from","NicheNet human LR network 2021-12-21; Zenodo 7074291","NICHENET_AND_OMNIPATH_MAPPED",4,47,"YES","YES","YES","YES","OMNIPATH_SECRETED_ANNOTATION","Baccin2019;CellCall;CellChatDB;Cellinker;CellPhoneDB;CellTalkDB;ComPPI;connectomeDB2020;ConnectomeDB2025;DGIdb;EMBRACE;GO_Intercell;Guide2Pharma;HGNC;HPA_secretome;HPMR;ICELLNET;iTALK;Kirouac2010;LOCATE;LRdb;Matrisome;OmniPath;Ramilowski2015;scConnect;SignaLink_function;talklr;TopDB;UniProt_keyword;UniProt_location","47c971d2fbba4ecd0ba7485d1846a74054432a0d1a97ea3e6a79ae27d0da8094","5e4142df024fd4d5d64cc667299364982a51176076ae6a69e1069425530afafa","FROZEN_BEFORE_EXPRESSION_OUTCOMES","https://zenodo.org/records/7074291|https://omnipathdb.org/intercell"
"IL15","NicheNet lr_network_human_21122021.rds unique from","NicheNet human LR network 2021-12-21; Zenodo 7074291","NICHENET_AND_OMNIPATH_MAPPED",4,45,"YES","YES","YES","YES","OMNIPATH_SECRETED_ANNOTATION","Baccin2019;CellCall;CellChatDB;Cellinker;CellPhoneDB;CellTalkDB;ComPPI;connectomeDB2020;ConnectomeDB2025;EMBRACE;GO_Intercell;Guide2Pharma;HGNC;HPA_secretome;HPMR;ICELLNET;iTALK;Kirouac2010;LOCATE;LRdb;Matrisome;OmniPath;Ramilowski2015;scConnect;SignaLink_function;talklr;UniProt_keyword;UniProt_location","47c971d2fbba4ecd0ba7485d1846a74054432a0d1a97ea3e6a79ae27d0da8094","5e4142df024fd4d5d64cc667299364982a51176076ae6a69e1069425530afafa","FROZEN_BEFORE_EXPRESSION_OUTCOMES","https://zenodo.org/records/7074291|https://omnipathdb.org/intercell"
"IL16","NicheNet lr_network_human_21122021.rds unique from","NicheNet human LR network 2021-12-21; Zenodo 7074291","NICHENET_AND_OMNIPATH_MAPPED",12,41,"YES","YES","YES","YES","OMNIPATH_SECRETED_ANNOTATION","Baccin2019;CellChatDB;Cellinker;CellTalkDB;ComPPI;connectomeDB2020;ConnectomeDB2025;DGIdb;EMBRACE;GO_Intercell;HGNC;HPA_secretome;ICELLNET;iTALK;Kirouac2010;LOCATE;LRdb;Matrisome;MatrixDB;OmniPath;Ramilowski2015;talklr;UniProt_keyword;UniProt_location","47c971d2fbba4ecd0ba7485d1846a74054432a0d1a97ea3e6a79ae27d0da8094","5e4142df024fd4d5d64cc667299364982a51176076ae6a69e1069425530afafa","FROZEN_BEFORE_EXPRESSION_OUTCOMES","https://zenodo.org/records/7074291|https://omnipathdb.org/intercell"
"IL17A","NicheNet lr_network_human_21122021.rds unique from","NicheNet human LR network 2021-12-21; Zenodo 7074291","NICHENET_AND_OMNIPATH_MAPPED",2,41,"YES","YES","YES","YES","OMNIPATH_SECRETED_ANNOTATION","Baccin2019;CellChatDB;Cellinker;CellPhoneDB;CellTalkDB;connectomeDB2020;ConnectomeDB2025;DGIdb;GO_Intercell;Guide2Pharma;HGNC;HPA_secretome;HPMR;ICELLNET;iTALK;Kirouac2010;LRdb;Matrisome;OmniPath;Ramilowski2015;scConnect;talklr;UniProt_keyword;UniProt_location","47c971d2fbba4ecd0ba7485d1846a74054432a0d1a97ea3e6a79ae27d0da8094","5e4142df024fd4d5d64cc667299364982a51176076ae6a69e1069425530afafa","FROZEN_BEFORE_EXPRESSION_OUTCOMES","https://zenodo.org/records/7074291|https://omnipathdb.org/intercell"
"IL17B","NicheNet lr_network_human_21122021.rds unique from","NicheNet human LR network 2021-12-21; Zenodo 7074291","NICHENET_AND_OMNIPATH_MAPPED",1,33,"YES","YES","YES","YES","OMNIPATH_SECRETED_ANNOTATION","Baccin2019;CellChatDB;Cellinker;CellTalkDB;connectomeDB2020;ConnectomeDB2025;GO_Intercell;Guide2Pharma;HGNC;HPA_secretome;ICELLNET;iTALK;Kirouac2010;LRdb;Matrisome;OmniPath;Ramilowski2015;scConnect;talklr;UniProt_keyword;UniProt_location","47c971d2fbba4ecd0ba7485d1846a74054432a0d1a97ea3e6a79ae27d0da8094","5e4142df024fd4d5d64cc667299364982a51176076ae6a69e1069425530afafa","FROZEN_BEFORE_EXPRESSION_OUTCOMES","https://zenodo.org/records/7074291|https://omnipathdb.org/intercell"
"IL17C","NicheNet lr_network_human_21122021.rds unique from","NicheNet human LR network 2021-12-21; Zenodo 7074291","NICHENET_AND_OMNIPATH_MAPPED",2,27,"YES","YES","YES","YES","OMNIPATH_SECRETED_ANNOTATION","CellChatDB;Cellinker;CellPhoneDB;CellTalkDB;connectomeDB2020;ConnectomeDB2025;GO_Intercell;Guide2Pharma;HGNC;HPA_secretome;ICELLNET;Kirouac2010;Matrisome;OmniPath;scConnect;UniProt_keyword;UniProt_location","47c971d2fbba4ecd0ba7485d1846a74054432a0d1a97ea3e6a79ae27d0da8094","5e4142df024fd4d5d64cc667299364982a51176076ae6a69e1069425530afafa","FROZEN_BEFORE_EXPRESSION_OUTCOMES","https://zenodo.org/records/7074291|https://omnipathdb.org/intercell"
"IL17F","NicheNet lr_network_human_21122021.rds unique from","NicheNet human LR network 2021-12-21; Zenodo 7074291","NICHENET_AND_OMNIPATH_MAPPED",2,35,"YES","YES","YES","YES","OMNIPATH_SECRETED_ANNOTATION","Baccin2019;CellChatDB;Cellinker;CellPhoneDB;CellTalkDB;connectomeDB2020;ConnectomeDB2025;EMBRACE;GO_Intercell;Guide2Pharma;HGNC;HPA_secretome;ICELLNET;iTALK;LRdb;Matrisome;OmniPath;Ramilowski2015;scConnect;talklr;UniProt_keyword;UniProt_location","47c971d2fbba4ecd0ba7485d1846a74054432a0d1a97ea3e6a79ae27d0da8094","5e4142df024fd4d5d64cc667299364982a51176076ae6a69e1069425530afafa","FROZEN_BEFORE_EXPRESSION_OUTCOMES","https://zenodo.org/records/7074291|https://omnipathdb.org/intercell"
"IL18","NicheNet lr_network_human_21122021.rds unique from","NicheNet human LR network 2021-12-21; Zenodo 7074291","NICHENET_AND_OMNIPATH_MAPPED",4,43,"YES","YES","YES","YES","OMNIPATH_SECRETED_ANNOTATION","Baccin2019;CellChatDB;Cellinker;CellPhoneDB;CellTalkDB;ComPPI;connectomeDB2020;ConnectomeDB2025;EMBRACE;GO_Intercell;Guide2Pharma;HGNC;HPA_secretome;HPMR;ICELLNET;iTALK;Kirouac2010;LOCATE;LRdb;Matrisome;OmniPath;Ramilowski2015;scConnect;talklr;UniProt_keyword;UniProt_location","47c971d2fbba4ecd0ba7485d1846a74054432a0d1a97ea3e6a79ae27d0da8094","5e4142df024fd4d5d64cc667299364982a51176076ae6a69e1069425530afafa","FROZEN_BEFORE_EXPRESSION_OUTCOMES","https://zenodo.org/records/7074291|https://omnipathdb.org/intercell"
"IL18BP","NicheNet lr_network_human_21122021.rds unique from","NicheNet human LR network 2021-12-21; Zenodo 7074291","NICHENET_AND_OMNIPATH_MAPPED",4,11,"YES","YES","YES","YES","OMNIPATH_SECRETED_ANNOTATION","Cellinker;ComPPI;HPA_secretome;LOCATE;OmniPath;UniProt_keyword;UniProt_location","47c971d2fbba4ecd0ba7485d1846a74054432a0d1a97ea3e6a79ae27d0da8094","5e4142df024fd4d5d64cc667299364982a51176076ae6a69e1069425530afafa","FROZEN_BEFORE_EXPRESSION_OUTCOMES","https://zenodo.org/records/7074291|https://omnipathdb.org/intercell"
"IL19","NicheNet lr_network_human_21122021.rds unique from","NicheNet human LR network 2021-12-21; Zenodo 7074291","NICHENET_AND_OMNIPATH_MAPPED",2,43,"YES","YES","YES","YES","OMNIPATH_SECRETED_ANNOTATION","Baccin2019;CellCall;CellChatDB;Cellinker;CellPhoneDB;CellTalkDB;ComPPI;connectomeDB2020;ConnectomeDB2025;GO_Intercell;Guide2Pharma;HGNC;HPA_secretome;ICELLNET;iTALK;Kirouac2010;LOCATE;LRdb;Matrisome;MatrixDB;OmniPath;Ramilowski2015;scConnect;SignaLink_function;talklr;UniProt_keyword;UniProt_location","47c971d2fbba4ecd0ba7485d1846a74054432a0d1a97ea3e6a79ae27d0da8094","5e4142df024fd4d5d64cc667299364982a51176076ae6a69e1069425530afafa","FROZEN_BEFORE_EXPRESSION_OUTCOMES","https://zenodo.org/records/7074291|https://omnipathdb.org/intercell"
"IL1A","NicheNet lr_network_human_21122021.rds unique from","NicheNet human LR network 2021-12-21; Zenodo 7074291","NICHENET_AND_OMNIPATH_MAPPED",3,44,"YES","YES","YES","YES","OMNIPATH_SECRETED_ANNOTATION","Baccin2019;CellCall;CellChatDB;Cellinker;CellPhoneDB;CellTalkDB;ComPPI;connectomeDB2020;ConnectomeDB2025;EMBRACE;GO_Intercell;Guide2Pharma;HGNC;HPA_secretome;ICELLNET;iTALK;Kirouac2010;LOCATE;LRdb;Matrisome;OmniPath;Ramilowski2015;scConnect;SignaLink_function;talklr;UniProt_keyword;UniProt_location","47c971d2fbba4ecd0ba7485d1846a74054432a0d1a97ea3e6a79ae27d0da8094","5e4142df024fd4d5d64cc667299364982a51176076ae6a69e1069425530afafa","FROZEN_BEFORE_EXPRESSION_OUTCOMES","https://zenodo.org/records/7074291|https://omnipathdb.org/intercell"
"IL1B","NicheNet lr_network_human_21122021.rds unique from","NicheNet human LR network 2021-12-21; Zenodo 7074291","NICHENET_AND_OMNIPATH_MAPPED",5,42,"YES","YES","YES","YES","OMNIPATH_SECRETED_ANNOTATION","Baccin2019;CellCall;CellChatDB;Cellinker;CellPhoneDB;CellTalkDB;connectomeDB2020;ConnectomeDB2025;EMBRACE;GO_Intercell;Guide2Pharma;HGNC;HPA_secretome;HPMR;ICELLNET;iTALK;Kirouac2010;LRdb;Matrisome;OmniPath;Ramilowski2015;scConnect;SignaLink_function;talklr;UniProt_keyword;UniProt_location","47c971d2fbba4ecd0ba7485d1846a74054432a0d1a97ea3e6a79ae27d0da8094","5e4142df024fd4d5d64cc667299364982a51176076ae6a69e1069425530afafa","FROZEN_BEFORE_EXPRESSION_OUTCOMES","https://zenodo.org/records/7074291|https://omnipathdb.org/intercell"
"IL1F10","NicheNet lr_network_human_21122021.rds unique from","NicheNet human LR network 2021-12-21; Zenodo 7074291","NICHENET_AND_OMNIPATH_MAPPED",5,36,"YES","YES","YES","YES","OMNIPATH_SECRETED_ANNOTATION","Baccin2019;CellChatDB;Cellinker;CellPhoneDB;CellTalkDB;connectomeDB2020;ConnectomeDB2025;GO_Intercell;HGNC;HPA_secretome;ICELLNET;iTALK;LRdb;Matrisome;MatrixDB;OmniPath;Ramilowski2015;talklr;UniProt_keyword;UniProt_location","47c971d2fbba4ecd0ba7485d1846a74054432a0d1a97ea3e6a79ae27d0da8094","5e4142df024fd4d5d64cc667299364982a51176076ae6a69e1069425530afafa","FROZEN_BEFORE_EXPRESSION_OUTCOMES","https://zenodo.org/records/7074291|https://omnipathdb.org/intercell"
"IL1RN","NicheNet lr_network_human_21122021.rds unique from","NicheNet human LR network 2021-12-21; Zenodo 7074291","NICHENET_AND_OMNIPATH_MAPPED",3,43,"YES","YES","YES","YES","OMNIPATH_SECRETED_ANNOTATION","Baccin2019;CellChatDB;Cellinker;CellPhoneDB;CellTalkDB;ComPPI;connectomeDB2020;ConnectomeDB2025;EMBRACE;GO_Intercell;Guide2Pharma;HGNC;HPA_secretome;ICELLNET;iTALK;LOCATE;LRdb;Matrisome;OmniPath;Ramilowski2015;scConnect;talklr;UniProt_keyword;UniProt_location","47c971d2fbba4ecd0ba7485d1846a74054432a0d1a97ea3e6a79ae27d0da8094","5e4142df024fd4d5d64cc667299364982a51176076ae6a69e1069425530afafa","FROZEN_BEFORE_EXPRESSION_OUTCOMES","https://zenodo.org/records/7074291|https://omnipathdb.org/intercell"
"IL2","NicheNet lr_network_human_21122021.rds unique from","NicheNet human LR network 2021-12-21; Zenodo 7074291","NICHENET_AND_OMNIPATH_MAPPED",5,44,"YES","YES","YES","YES","OMNIPATH_SECRETED_ANNOTATION","Baccin2019;CellCall;CellChatDB;Cellinker;CellPhoneDB;CellTalkDB;connectomeDB2020;ConnectomeDB2025;DGIdb;EMBRACE;GO_Intercell;Guide2Pharma;HGNC;HPA_secretome;HPMR;ICELLNET;iTALK;Kirouac2010;LOCATE;LRdb;Matrisome;OmniPath;Ramilowski2015;scConnect;SignaLink_function;talklr;UniProt_keyword;UniProt_location","47c971d2fbba4ecd0ba7485d1846a74054432a0d1a97ea3e6a79ae27d0da8094","5e4142df024fd4d5d64cc667299364982a51176076ae6a69e1069425530afafa","FROZEN_BEFORE_EXPRESSION_OUTCOMES","https://zenodo.org/records/7074291|https://omnipathdb.org/intercell"
"IL20","NicheNet lr_network_human_21122021.rds unique from","NicheNet human LR network 2021-12-21; Zenodo 7074291","NICHENET_AND_OMNIPATH_MAPPED",3,38,"YES","YES","YES","YES","OMNIPATH_SECRETED_ANNOTATION","Baccin2019;CellCall;CellChatDB;Cellinker;CellPhoneDB;CellTalkDB;connectomeDB2020;ConnectomeDB2025;GO_Intercell;Guide2Pharma;HGNC;HPA_secretome;ICELLNET;iTALK;LRdb;Matrisome;MatrixDB;OmniPath;Ramilowski2015;scConnect;SignaLink_function;talklr;UniProt_keyword;UniProt_location","47c971d2fbba4ecd0ba7485d1846a74054432a0d1a97ea3e6a79ae27d0da8094","5e4142df024fd4d5d64cc667299364982a51176076ae6a69e1069425530afafa","FROZEN_BEFORE_EXPRESSION_OUTCOMES","https://zenodo.org/records/7074291|https://omnipathdb.org/intercell"
"IL21","NicheNet lr_network_human_21122021.rds unique from","NicheNet human LR network 2021-12-21; Zenodo 7074291","NICHENET_AND_OMNIPATH_MAPPED",3,37,"YES","YES","YES","YES","OMNIPATH_SECRETED_ANNOTATION","Baccin2019;CellCall;CellChatDB;Cellinker;CellPhoneDB;CellTalkDB;connectomeDB2020;ConnectomeDB2025;GO_Intercell;Guide2Pharma;HGNC;HPA_secretome;HPMR;ICELLNET;iTALK;LRdb;MatrixDB;OmniPath;Ramilowski2015;scConnect;SignaLink_function;talklr;UniProt_keyword;UniProt_location","47c971d2fbba4ecd0ba7485d1846a74054432a0d1a97ea3e6a79ae27d0da8094","5e4142df024fd4d5d64cc667299364982a51176076ae6a69e1069425530afafa","FROZEN_BEFORE_EXPRESSION_OUTCOMES","https://zenodo.org/records/7074291|https://omnipathdb.org/intercell"
"IL22","NicheNet lr_network_human_21122021.rds unique from","NicheNet human LR network 2021-12-21; Zenodo 7074291","NICHENET_AND_OMNIPATH_MAPPED",6,37,"YES","YES","YES","YES","OMNIPATH_SECRETED_ANNOTATION","Baccin2019;CellCall;CellChatDB;Cellinker;CellPhoneDB;CellTalkDB;connectomeDB2020;ConnectomeDB2025;GO_Intercell;Guide2Pharma;HGNC;HPA_secretome;HPMR;ICELLNET;iTALK;LRdb;Matrisome;OmniPath;Ramilowski2015;scConnect;SignaLink_function;talklr;UniProt_keyword;UniProt_location","47c971d2fbba4ecd0ba7485d1846a74054432a0d1a97ea3e6a79ae27d0da8094","5e4142df024fd4d5d64cc667299364982a51176076ae6a69e1069425530afafa","FROZEN_BEFORE_EXPRESSION_OUTCOMES","https://zenodo.org/records/7074291|https://omnipathdb.org/intercell"
"IL23A","NicheNet lr_network_human_21122021.rds unique from","NicheNet human LR network 2021-12-21; Zenodo 7074291","NICHENET_AND_OMNIPATH_MAPPED",7,39,"YES","YES","YES","YES","OMNIPATH_SECRETED_ANNOTATION","Baccin2019;CellCall;Cellinker;CellPhoneDB;CellTalkDB;ComPPI;connectomeDB2020;ConnectomeDB2025;EMBRACE;GO_Intercell;Guide2Pharma;HGNC;HPA_secretome;HPMR;ICELLNET;iTALK;LRdb;Matrisome;OmniPath;Ramilowski2015;SignaLink_function;talklr;UniProt_keyword;UniProt_location","47c971d2fbba4ecd0ba7485d1846a74054432a0d1a97ea3e6a79ae27d0da8094","5e4142df024fd4d5d64cc667299364982a51176076ae6a69e1069425530afafa","FROZEN_BEFORE_EXPRESSION_OUTCOMES","https://zenodo.org/records/7074291|https://omnipathdb.org/intercell"
"IL24","NicheNet lr_network_human_21122021.rds unique from","NicheNet human LR network 2021-12-21; Zenodo 7074291","NICHENET_AND_OMNIPATH_MAPPED",4,40,"YES","YES","YES","YES","OMNIPATH_SECRETED_ANNOTATION","CellCall;CellChatDB;Cellinker;CellPhoneDB;CellTalkDB;ComPPI;connectomeDB2020;ConnectomeDB2025;GO_Intercell;Guide2Pharma;HGNC;HPA_secretome;ICELLNET;iTALK;LOCATE;LRdb;Matrisome;MatrixDB;OmniPath;Ramilowski2015;scConnect;SignaLink_function;talklr;UniProt_keyword;UniProt_location","47c971d2fbba4ecd0ba7485d1846a74054432a0d1a97ea3e6a79ae27d0da8094","5e4142df024fd4d5d64cc667299364982a51176076ae6a69e1069425530afafa","FROZEN_BEFORE_EXPRESSION_OUTCOMES","https://zenodo.org/records/7074291|https://omnipathdb.org/intercell"
"IL25","NicheNet lr_network_human_21122021.rds unique from","NicheNet human LR network 2021-12-21; Zenodo 7074291","NICHENET_AND_OMNIPATH_MAPPED",2,40,"YES","YES","YES","YES","OMNIPATH_SECRETED_ANNOTATION","Baccin2019;CellChatDB;Cellinker;CellPhoneDB;CellTalkDB;connectomeDB2020;ConnectomeDB2025;EMBRACE;GO_Intercell;Guide2Pharma;HGNC;HPA_secretome;HPMR;ICELLNET;iTALK;LOCATE;LRdb;Matrisome;OmniPath;Ramilowski2015;scConnect;talklr;TopDB;UniProt_keyword;UniProt_location","47c971d2fbba4ecd0ba7485d1846a74054432a0d1a97ea3e6a79ae27d0da8094","5e4142df024fd4d5d64cc667299364982a51176076ae6a69e1069425530afafa","FROZEN_BEFORE_EXPRESSION_OUTCOMES","https://zenodo.org/records/7074291|https://omnipathdb.org/intercell"
"IL26","NicheNet lr_network_human_21122021.rds unique from","NicheNet human LR network 2021-12-21; Zenodo 7074291","NICHENET_AND_OMNIPATH_MAPPED",3,30,"YES","YES","YES","YES","OMNIPATH_SECRETED_ANNOTATION","CellChatDB;Cellinker;CellPhoneDB;CellTalkDB;ComPPI;connectomeDB2020;ConnectomeDB2025;GO_Intercell;HGNC;HPA_secretome;ICELLNET;iTALK;Matrisome;OmniPath;SignaLink_function;UniProt_keyword;UniProt_location","47c971d2fbba4ecd0ba7485d1846a74054432a0d1a97ea3e6a79ae27d0da8094","5e4142df024fd4d5d64cc667299364982a51176076ae6a69e1069425530afafa","FROZEN_BEFORE_EXPRESSION_OUTCOMES","https://zenodo.org/records/7074291|https://omnipathdb.org/intercell"
"IL27","NicheNet lr_network_human_21122021.rds unique from","NicheNet human LR network 2021-12-21; Zenodo 7074291","NICHENET_AND_OMNIPATH_MAPPED",1,37,"YES","YES","YES","YES","OMNIPATH_SECRETED_ANNOTATION","Baccin2019;Cellinker;CellPhoneDB;CellTalkDB;connectomeDB2020;ConnectomeDB2025;EMBRACE;GO_Intercell;Guide2Pharma;HGNC;HPA_secretome;ICELLNET;iTALK;LOCATE;LRdb;OmniPath;Ramilowski2015;SignaLink_function;talklr;UniProt_keyword;UniProt_location","47c971d2fbba4ecd0ba7485d1846a74054432a0d1a97ea3e6a79ae27d0da8094","5e4142df024fd4d5d64cc667299364982a51176076ae6a69e1069425530afafa","FROZEN_BEFORE_EXPRESSION_OUTCOMES","https://zenodo.org/records/7074291|https://omnipathdb.org/intercell"
"IL3","NicheNet lr_network_human_21122021.rds unique from","NicheNet human LR network 2021-12-21; Zenodo 7074291","NICHENET_AND_OMNIPATH_MAPPED",4,42,"YES","YES","YES","YES","OMNIPATH_SECRETED_ANNOTATION","CellCall;CellChatDB;Cellinker;CellPhoneDB;CellTalkDB;connectomeDB2020;ConnectomeDB2025;DGIdb;GO_Intercell;Guide2Pharma;HGNC;HPA_secretome;HPMR;ICELLNET;iTALK;Kirouac2010;LOCATE;LRdb;Matrisome;MatrixDB;OmniPath;Ramilowski2015;scConnect;SignaLink_function;talklr;UniProt_keyword;UniProt_location","47c971d2fbba4ecd0ba7485d1846a74054432a0d1a97ea3e6a79ae27d0da8094","5e4142df024fd4d5d64cc667299364982a51176076ae6a69e1069425530afafa","FROZEN_BEFORE_EXPRESSION_OUTCOMES","https://zenodo.org/records/7074291|https://omnipathdb.org/intercell"
"IL31","NicheNet lr_network_human_21122021.rds unique from","NicheNet human LR network 2021-12-21; Zenodo 7074291","NICHENET_AND_OMNIPATH_MAPPED",2,35,"YES","YES","YES","YES","OMNIPATH_SECRETED_ANNOTATION","Baccin2019;CellChatDB;Cellinker;CellTalkDB;connectomeDB2020;ConnectomeDB2025;EMBRACE;GO_Intercell;Guide2Pharma;HGNC;HPA_secretome;HPMR;ICELLNET;iTALK;LRdb;MatrixDB;OmniPath;Ramilowski2015;scConnect;SignaLink_function;talklr;UniProt_keyword;UniProt_location","47c971d2fbba4ecd0ba7485d1846a74054432a0d1a97ea3e6a79ae27d0da8094","5e4142df024fd4d5d64cc667299364982a51176076ae6a69e1069425530afafa","FROZEN_BEFORE_EXPRESSION_OUTCOMES","https://zenodo.org/records/7074291|https://omnipathdb.org/intercell"
"IL32","NicheNet lr_network_human_21122021.rds unique from","NicheNet human LR network 2021-12-21; Zenodo 7074291","NICHENET_AND_OMNIPATH_MAPPED",1,21,"YES","YES","YES","YES","OMNIPATH_SECRETED_ANNOTATION","ComPPI;connectomeDB2020;ConnectomeDB2025;GO_Intercell;HGNC;HPA_secretome;ICELLNET;LOCATE;MatrixDB;OmniPath;UniProt_keyword;UniProt_location","47c971d2fbba4ecd0ba7485d1846a74054432a0d1a97ea3e6a79ae27d0da8094","5e4142df024fd4d5d64cc667299364982a51176076ae6a69e1069425530afafa","FROZEN_BEFORE_EXPRESSION_OUTCOMES","https://zenodo.org/records/7074291|https://omnipathdb.org/intercell"
"IL33","NicheNet lr_network_human_21122021.rds unique from","NicheNet human LR network 2021-12-21; Zenodo 7074291","NICHENET_AND_OMNIPATH_MAPPED",2,33,"YES","YES","YES","YES","OMNIPATH_SECRETED_ANNOTATION","Baccin2019;CellChatDB;Cellinker;CellPhoneDB;CellTalkDB;ComPPI;connectomeDB2020;ConnectomeDB2025;GO_Intercell;Guide2Pharma;HGNC;HPA_secretome;ICELLNET;MatrixDB;OmniPath;scConnect;UniProt_keyword;UniProt_location","47c971d2fbba4ecd0ba7485d1846a74054432a0d1a97ea3e6a79ae27d0da8094","5e4142df024fd4d5d64cc667299364982a51176076ae6a69e1069425530afafa","FROZEN_BEFORE_EXPRESSION_OUTCOMES","https://zenodo.org/records/7074291|https://omnipathdb.org/intercell"
"IL34","NicheNet lr_network_human_21122021.rds unique from","NicheNet human LR network 2021-12-21; Zenodo 7074291","NICHENET_AND_OMNIPATH_MAPPED",2,40,"YES","YES","YES","YES","OMNIPATH_SECRETED_ANNOTATION","Baccin2019;CellChatDB;Cellinker;CellPhoneDB;CellTalkDB;connectomeDB2020;ConnectomeDB2025;DGIdb;EMBRACE;GO_Intercell;HGNC;HPA_secretome;ICELLNET;iTALK;LRdb;Matrisome;OmniPath;Ramilowski2015;scConnect;talklr;UniProt_keyword;UniProt_location","47c971d2fbba4ecd0ba7485d1846a74054432a0d1a97ea3e6a79ae27d0da8094","5e4142df024fd4d5d64cc667299364982a51176076ae6a69e1069425530afafa","FROZEN_BEFORE_EXPRESSION_OUTCOMES","https://zenodo.org/records/7074291|https://omnipathdb.org/intercell"
"IL36A","NicheNet lr_network_human_21122021.rds unique from","NicheNet human LR network 2021-12-21; Zenodo 7074291","NICHENET_AND_OMNIPATH_MAPPED",2,29,"YES","YES","YES","YES","OMNIPATH_SECRETED_ANNOTATION","CellChatDB;CellPhoneDB;CellTalkDB;ComPPI;connectomeDB2020;ConnectomeDB2025;GO_Intercell;Guide2Pharma;HGNC;HPA_secretome;ICELLNET;Matrisome;MatrixDB;OmniPath;scConnect;UniProt_keyword;UniProt_location","47c971d2fbba4ecd0ba7485d1846a74054432a0d1a97ea3e6a79ae27d0da8094","5e4142df024fd4d5d64cc667299364982a51176076ae6a69e1069425530afafa","FROZEN_BEFORE_EXPRESSION_OUTCOMES","https://zenodo.org/records/7074291|https://omnipathdb.org/intercell"
"IL36B","NicheNet lr_network_human_21122021.rds unique from","NicheNet human LR network 2021-12-21; Zenodo 7074291","NICHENET_AND_OMNIPATH_MAPPED",2,29,"YES","YES","YES","YES","OMNIPATH_SECRETED_ANNOTATION","CellChatDB;CellPhoneDB;CellTalkDB;ComPPI;ConnectomeDB2025;GO_Intercell;Guide2Pharma;HGNC;HPA_secretome;ICELLNET;LOCATE;Matrisome;MatrixDB;OmniPath;scConnect;UniProt_keyword;UniProt_location","47c971d2fbba4ecd0ba7485d1846a74054432a0d1a97ea3e6a79ae27d0da8094","5e4142df024fd4d5d64cc667299364982a51176076ae6a69e1069425530afafa","FROZEN_BEFORE_EXPRESSION_OUTCOMES","https://zenodo.org/records/7074291|https://omnipathdb.org/intercell"
"IL36G","NicheNet lr_network_human_21122021.rds unique from","NicheNet human LR network 2021-12-21; Zenodo 7074291","NICHENET_AND_OMNIPATH_MAPPED",4,28,"YES","YES","YES","YES","OMNIPATH_SECRETED_ANNOTATION","CellChatDB;CellPhoneDB;CellTalkDB;ComPPI;ConnectomeDB2025;GO_Intercell;Guide2Pharma;HGNC;HPA_secretome;ICELLNET;Matrisome;MatrixDB;OmniPath;scConnect;SignaLink_function;UniProt_keyword;UniProt_location","47c971d2fbba4ecd0ba7485d1846a74054432a0d1a97ea3e6a79ae27d0da8094","5e4142df024fd4d5d64cc667299364982a51176076ae6a69e1069425530afafa","FROZEN_BEFORE_EXPRESSION_OUTCOMES","https://zenodo.org/records/7074291|https://omnipathdb.org/intercell"
"IL36RN","NicheNet lr_network_human_21122021.rds unique from","NicheNet human LR network 2021-12-21; Zenodo 7074291","NICHENET_AND_OMNIPATH_MAPPED",2,28,"YES","YES","YES","YES","OMNIPATH_SECRETED_ANNOTATION","CellChatDB;CellPhoneDB;connectomeDB2020;ConnectomeDB2025;GO_Intercell;Guide2Pharma;HGNC;HPA_secretome;ICELLNET;Matrisome;OmniPath;scConnect;UniProt_keyword;UniProt_location","47c971d2fbba4ecd0ba7485d1846a74054432a0d1a97ea3e6a79ae27d0da8094","5e4142df024fd4d5d64cc667299364982a51176076ae6a69e1069425530afafa","FROZEN_BEFORE_EXPRESSION_OUTCOMES","https://zenodo.org/records/7074291|https://omnipathdb.org/intercell"
"IL37","NicheNet lr_network_human_21122021.rds unique from","NicheNet human LR network 2021-12-21; Zenodo 7074291","NICHENET_AND_OMNIPATH_MAPPED",3,28,"YES","YES","YES","YES","OMNIPATH_SECRETED_ANNOTATION","CellChatDB;Cellinker;CellPhoneDB;CellTalkDB;ComPPI;ConnectomeDB2025;GO_Intercell;Guide2Pharma;HGNC;HPA_secretome;ICELLNET;Matrisome;OmniPath;scConnect;UniProt_keyword;UniProt_location","47c971d2fbba4ecd0ba7485d1846a74054432a0d1a97ea3e6a79ae27d0da8094","5e4142df024fd4d5d64cc667299364982a51176076ae6a69e1069425530afafa","FROZEN_BEFORE_EXPRESSION_OUTCOMES","https://zenodo.org/records/7074291|https://omnipathdb.org/intercell"
"IL4","NicheNet lr_network_human_21122021.rds unique from","NicheNet human LR network 2021-12-21; Zenodo 7074291","NICHENET_AND_OMNIPATH_MAPPED",5,44,"YES","YES","YES","YES","OMNIPATH_SECRETED_ANNOTATION","Baccin2019;CellCall;CellChatDB;Cellinker;CellPhoneDB;CellTalkDB;connectomeDB2020;ConnectomeDB2025;DGIdb;EMBRACE;GO_Intercell;Guide2Pharma;HGNC;HPA_secretome;HPMR;ICELLNET;iTALK;Kirouac2010;LOCATE;LRdb;Matrisome;OmniPath;Ramilowski2015;scConnect;SignaLink_function;talklr;UniProt_keyword;UniProt_location","47c971d2fbba4ecd0ba7485d1846a74054432a0d1a97ea3e6a79ae27d0da8094","5e4142df024fd4d5d64cc667299364982a51176076ae6a69e1069425530afafa","FROZEN_BEFORE_EXPRESSION_OUTCOMES","https://zenodo.org/records/7074291|https://omnipathdb.org/intercell"
"IL5","NicheNet lr_network_human_21122021.rds unique from","NicheNet human LR network 2021-12-21; Zenodo 7074291","NICHENET_AND_OMNIPATH_MAPPED",2,41,"YES","YES","YES","YES","OMNIPATH_SECRETED_ANNOTATION","Baccin2019;CellCall;CellChatDB;Cellinker;CellPhoneDB;CellTalkDB;connectomeDB2020;ConnectomeDB2025;DGIdb;GO_Intercell;Guide2Pharma;HGNC;HPA_secretome;ICELLNET;iTALK;Kirouac2010;LRdb;Matrisome;OmniPath;Ramilowski2015;scConnect;SignaLink_function;talklr;UniProt_keyword;UniProt_location","47c971d2fbba4ecd0ba7485d1846a74054432a0d1a97ea3e6a79ae27d0da8094","5e4142df024fd4d5d64cc667299364982a51176076ae6a69e1069425530afafa","FROZEN_BEFORE_EXPRESSION_OUTCOMES","https://zenodo.org/records/7074291|https://omnipathdb.org/intercell"
"IL6","NicheNet lr_network_human_21122021.rds unique from","NicheNet human LR network 2021-12-21; Zenodo 7074291","NICHENET_AND_OMNIPATH_MAPPED",2,48,"YES","YES","YES","YES","OMNIPATH_SECRETED_ANNOTATION","Baccin2019;CellCall;CellChatDB;Cellinker;CellPhoneDB;CellTalkDB;ComPPI;connectomeDB2020;ConnectomeDB2025;DGIdb;EMBRACE;GO_Intercell;Guide2Pharma;HGNC;HPA_secretome;HPMR;ICELLNET;iTALK;Kirouac2010;LOCATE;LRdb;Matrisome;OmniPath;Ramilowski2015;scConnect;SignaLink_function;talklr;UniProt_keyword;UniProt_location","47c971d2fbba4ecd0ba7485d1846a74054432a0d1a97ea3e6a79ae27d0da8094","5e4142df024fd4d5d64cc667299364982a51176076ae6a69e1069425530afafa","FROZEN_BEFORE_EXPRESSION_OUTCOMES","https://zenodo.org/records/7074291|https://omnipathdb.org/intercell"
"IL7","NicheNet lr_network_human_21122021.rds unique from","NicheNet human LR network 2021-12-21; Zenodo 7074291","NICHENET_AND_OMNIPATH_MAPPED",2,46,"YES","YES","YES","YES","OMNIPATH_SECRETED_ANNOTATION","Baccin2019;CellCall;CellChatDB;Cellinker;CellPhoneDB;CellTalkDB;connectomeDB2020;ConnectomeDB2025;DGIdb;EMBRACE;GO_Intercell;Guide2Pharma;HGNC;HPA_secretome;HPMR;ICELLNET;iTALK;Kirouac2010;LOCATE;LRdb;Matrisome;MatrixDB;OmniPath;Ramilowski2015;scConnect;SignaLink_function;talklr;UniProt_keyword;UniProt_location","47c971d2fbba4ecd0ba7485d1846a74054432a0d1a97ea3e6a79ae27d0da8094","5e4142df024fd4d5d64cc667299364982a51176076ae6a69e1069425530afafa","FROZEN_BEFORE_EXPRESSION_OUTCOMES","https://zenodo.org/records/7074291|https://omnipathdb.org/intercell"
"IL9","NicheNet lr_network_human_21122021.rds unique from","NicheNet human LR network 2021-12-21; Zenodo 7074291","NICHENET_AND_OMNIPATH_MAPPED",2,42,"YES","YES","YES","YES","OMNIPATH_SECRETED_ANNOTATION","Baccin2019;CellCall;CellChatDB;Cellinker;CellPhoneDB;CellTalkDB;connectomeDB2020;ConnectomeDB2025;DGIdb;GO_Intercell;Guide2Pharma;HGNC;HPA_secretome;HPMR;ICELLNET;iTALK;Kirouac2010;LRdb;Matrisome;OmniPath;Ramilowski2015;scConnect;SignaLink_function;talklr;UniProt_keyword;UniProt_location","47c971d2fbba4ecd0ba7485d1846a74054432a0d1a97ea3e6a79ae27d0da8094","5e4142df024fd4d5d64cc667299364982a51176076ae6a69e1069425530afafa","FROZEN_BEFORE_EXPRESSION_OUTCOMES","https://zenodo.org/records/7074291|https://omnipathdb.org/intercell"
"ILDR2","NicheNet lr_network_human_21122021.rds unique from","NicheNet human LR network 2021-12-21; Zenodo 7074291","NICHENET_AND_OMNIPATH_MAPPED",4,21,"NO","YES","NO","NO","NO_OMNIPATH_SECRETED_ANNOTATION","Almen2009;Cellinker;ComPPI;GO_Intercell;OmniPath;Phobius;Ramilowski_location;scConnect;UniProt_keyword;UniProt_location;UniProt_topology","47c971d2fbba4ecd0ba7485d1846a74054432a0d1a97ea3e6a79ae27d0da8094","5e4142df024fd4d5d64cc667299364982a51176076ae6a69e1069425530afafa","FROZEN_BEFORE_EXPRESSION_OUTCOMES","https://zenodo.org/records/7074291|https://omnipathdb.org/intercell"
"IMPG2","NicheNet lr_network_human_21122021.rds unique from","NicheNet human LR network 2021-12-21; Zenodo 7074291","NICHENET_AND_OMNIPATH_MAPPED",2,27,"YES","YES","YES","YES","OMNIPATH_SECRETED_ANNOTATION","CellCellInteractions;Cellinker;GO_Intercell;LOCATE;Matrisome;MatrixDB;Membranome;OmniPath;Phobius;Ramilowski_location;Surfaceome;UniProt_keyword;UniProt_location;UniProt_topology","47c971d2fbba4ecd0ba7485d1846a74054432a0d1a97ea3e6a79ae27d0da8094","5e4142df024fd4d5d64cc667299364982a51176076ae6a69e1069425530afafa","FROZEN_BEFORE_EXPRESSION_OUTCOMES","https://zenodo.org/records/7074291|https://omnipathdb.org/intercell"
"INHA","NicheNet lr_network_human_21122021.rds unique from","NicheNet human LR network 2021-12-21; Zenodo 7074291","NICHENET_AND_OMNIPATH_MAPPED",5,39,"YES","YES","YES","YES","OMNIPATH_SECRETED_ANNOTATION","Baccin2019;Cellinker;CellPhoneDB;CellTalkDB;ComPPI;connectomeDB2020;ConnectomeDB2025;DGIdb;EMBRACE;GO_Intercell;Guide2Pharma;HGNC;HPA_secretome;iTALK;Kirouac2010;LOCATE;LRdb;Matrisome;OmniPath;Ramilowski2015;talklr;UniProt_keyword;UniProt_location","47c971d2fbba4ecd0ba7485d1846a74054432a0d1a97ea3e6a79ae27d0da8094","5e4142df024fd4d5d64cc667299364982a51176076ae6a69e1069425530afafa","FROZEN_BEFORE_EXPRESSION_OUTCOMES","https://zenodo.org/records/7074291|https://omnipathdb.org/intercell"
"INHBA","NicheNet lr_network_human_21122021.rds unique from","NicheNet human LR network 2021-12-21; Zenodo 7074291","NICHENET_AND_OMNIPATH_MAPPED",8,48,"YES","YES","YES","YES","OMNIPATH_SECRETED_ANNOTATION","Baccin2019;CellCall;CellChatDB;Cellinker;CellPhoneDB;CellTalkDB;connectomeDB2020;ConnectomeDB2025;DGIdb;EMBRACE;GO_Intercell;Guide2Pharma;HGNC;HPA_secretome;HPMR;ICELLNET;iTALK;Kirouac2010;LOCATE;LRdb;Matrisome;OmniPath;Ramilowski2015;scConnect;SignaLink_function;talklr;UniProt_keyword;UniProt_location","47c971d2fbba4ecd0ba7485d1846a74054432a0d1a97ea3e6a79ae27d0da8094","5e4142df024fd4d5d64cc667299364982a51176076ae6a69e1069425530afafa","FROZEN_BEFORE_EXPRESSION_OUTCOMES","https://zenodo.org/records/7074291|https://omnipathdb.org/intercell"
"INHBB","NicheNet lr_network_human_21122021.rds unique from","NicheNet human LR network 2021-12-21; Zenodo 7074291","NICHENET_AND_OMNIPATH_MAPPED",8,46,"YES","YES","YES","YES","OMNIPATH_SECRETED_ANNOTATION","Baccin2019;CellCall;CellChatDB;CellPhoneDB;CellTalkDB;ComPPI;connectomeDB2020;ConnectomeDB2025;DGIdb;EMBRACE;GO_Intercell;Guide2Pharma;HGNC;HPA_secretome;HPMR;ICELLNET;iTALK;Kirouac2010;LOCATE;LRdb;Matrisome;OmniPath;Ramilowski2015;scConnect;talklr;UniProt_keyword;UniProt_location","47c971d2fbba4ecd0ba7485d1846a74054432a0d1a97ea3e6a79ae27d0da8094","5e4142df024fd4d5d64cc667299364982a51176076ae6a69e1069425530afafa","FROZEN_BEFORE_EXPRESSION_OUTCOMES","https://zenodo.org/records/7074291|https://omnipathdb.org/intercell"
"INHBC","NicheNet lr_network_human_21122021.rds unique from","NicheNet human LR network 2021-12-21; Zenodo 7074291","NICHENET_AND_OMNIPATH_MAPPED",4,38,"YES","YES","YES","YES","OMNIPATH_SECRETED_ANNOTATION","Baccin2019;CellCall;CellChatDB;Cellinker;CellPhoneDB;CellTalkDB;connectomeDB2020;ConnectomeDB2025;DGIdb;EMBRACE;GO_Intercell;HGNC;HPA_secretome;iTALK;LRdb;Matrisome;MatrixDB;OmniPath;Ramilowski2015;talklr;UniProt_keyword;UniProt_location","47c971d2fbba4ecd0ba7485d1846a74054432a0d1a97ea3e6a79ae27d0da8094","5e4142df024fd4d5d64cc667299364982a51176076ae6a69e1069425530afafa","FROZEN_BEFORE_EXPRESSION_OUTCOMES","https://zenodo.org/records/7074291|https://omnipathdb.org/intercell"
"INHBE","NicheNet lr_network_human_21122021.rds unique from","NicheNet human LR network 2021-12-21; Zenodo 7074291","NICHENET_AND_OMNIPATH_MAPPED",4,32,"YES","YES","YES","YES","OMNIPATH_SECRETED_ANNOTATION","CellCall;CellChatDB;Cellinker;CellPhoneDB;CellTalkDB;ComPPI;ConnectomeDB2025;DGIdb;EMBRACE;GO_Intercell;HGNC;HPA_secretome;iTALK;LRdb;Matrisome;OmniPath;UniProt_keyword;UniProt_location","47c971d2fbba4ecd0ba7485d1846a74054432a0d1a97ea3e6a79ae27d0da8094","5e4142df024fd4d5d64cc667299364982a51176076ae6a69e1069425530afafa","FROZEN_BEFORE_EXPRESSION_OUTCOMES","https://zenodo.org/records/7074291|https://omnipathdb.org/intercell"
"INS","NicheNet lr_network_human_21122021.rds unique from","NicheNet human LR network 2021-12-21; Zenodo 7074291","NICHENET_AND_OMNIPATH_MAPPED",3,37,"YES","YES","YES","YES","OMNIPATH_SECRETED_ANNOTATION","Baccin2019;CellCall;CellChatDB;Cellinker;CellPhoneDB;CellTalkDB;connectomeDB2020;ConnectomeDB2025;DGIdb;GO_Intercell;Guide2Pharma;HPA_secretome;ICELLNET;iTALK;LOCATE;LRdb;Matrisome;OmniPath;Ramilowski2015;scConnect;SignaLink_function;talklr;UniProt_keyword;UniProt_location","47c971d2fbba4ecd0ba7485d1846a74054432a0d1a97ea3e6a79ae27d0da8094","5e4142df024fd4d5d64cc667299364982a51176076ae6a69e1069425530afafa","FROZEN_BEFORE_EXPRESSION_OUTCOMES","https://zenodo.org/records/7074291|https://omnipathdb.org/intercell"
"INSL3","NicheNet lr_network_human_21122021.rds unique from","NicheNet human LR network 2021-12-21; Zenodo 7074291","NICHENET_AND_OMNIPATH_MAPPED",12,29,"YES","YES","YES","YES","OMNIPATH_SECRETED_ANNOTATION","CellChatDB;Cellinker;CellPhoneDB;CellTalkDB;connectomeDB2020;ConnectomeDB2025;DGIdb;GO_Intercell;Guide2Pharma;HPA_secretome;HPMR;iTALK;LOCATE;LRdb;Matrisome;OmniPath;Ramilowski2015;scConnect;talklr;UniProt_keyword;UniProt_location","47c971d2fbba4ecd0ba7485d1846a74054432a0d1a97ea3e6a79ae27d0da8094","5e4142df024fd4d5d64cc667299364982a51176076ae6a69e1069425530afafa","FROZEN_BEFORE_EXPRESSION_OUTCOMES","https://zenodo.org/records/7074291|https://omnipathdb.org/intercell"
"INSL5","NicheNet lr_network_human_21122021.rds unique from","NicheNet human LR network 2021-12-21; Zenodo 7074291","NICHENET_AND_OMNIPATH_MAPPED",5,30,"YES","YES","YES","YES","OMNIPATH_SECRETED_ANNOTATION","Baccin2019;CellChatDB;Cellinker;CellPhoneDB;CellTalkDB;connectomeDB2020;ConnectomeDB2025;DGIdb;EMBRACE;GO_Intercell;Guide2Pharma;HPA_secretome;iTALK;LRdb;Matrisome;OmniPath;Ramilowski2015;scConnect;talklr;UniProt_keyword;UniProt_location","47c971d2fbba4ecd0ba7485d1846a74054432a0d1a97ea3e6a79ae27d0da8094","5e4142df024fd4d5d64cc667299364982a51176076ae6a69e1069425530afafa","FROZEN_BEFORE_EXPRESSION_OUTCOMES","https://zenodo.org/records/7074291|https://omnipathdb.org/intercell"
"ITGA4","NicheNet lr_network_human_21122021.rds unique from","NicheNet human LR network 2021-12-21; Zenodo 7074291","NICHENET_AND_OMNIPATH_MAPPED",1,58,"NO","YES","NO","YES","NO_OMNIPATH_SECRETED_ANNOTATION","Adhesome;CellCellInteractions;Cellinker;CellPhoneDB;CellTalkDB;connectomeDB2020;ConnectomeDB2025;CSPA;DGIdb;GO_Intercell;HPMR;ICELLNET;iTALK;LOCATE;LRdb;MCAM;Membranome;OmniPath;Phobius;Ramilowski_location;Ramilowski2015;scConnect;Surfaceome;talklr;TopDB;UniProt_keyword;UniProt_location;UniProt_topology;Zhong2015","47c971d2fbba4ecd0ba7485d1846a74054432a0d1a97ea3e6a79ae27d0da8094","5e4142df024fd4d5d64cc667299364982a51176076ae6a69e1069425530afafa","FROZEN_BEFORE_EXPRESSION_OUTCOMES","https://zenodo.org/records/7074291|https://omnipathdb.org/intercell"
"ITGA9","NicheNet lr_network_human_21122021.rds unique from","NicheNet human LR network 2021-12-21; Zenodo 7074291","NICHENET_AND_OMNIPATH_MAPPED",1,69,"NO","YES","NO","YES","NO_OMNIPATH_SECRETED_ANNOTATION","Adhesome;Almen2009;CellCellInteractions;Cellinker;CellPhoneDB;CellTalkDB;ComPPI;connectomeDB2020;ConnectomeDB2025;CSPA;DGIdb;EMBRACE;GO_Intercell;Guide2Pharma;HPMR;ICELLNET;Integrins;iTALK;LOCATE;LRdb;MCAM;Membranome;OmniPath;Phobius;Ramilowski_location;Ramilowski2015;scConnect;Surfaceome;talklr;TopDB;UniProt_keyword;UniProt_location;UniProt_topology;Zhong2015","47c971d2fbba4ecd0ba7485d1846a74054432a0d1a97ea3e6a79ae27d0da8094","5e4142df024fd4d5d64cc667299364982a51176076ae6a69e1069425530afafa","FROZEN_BEFORE_EXPRESSION_OUTCOMES","https://zenodo.org/records/7074291|https://omnipathdb.org/intercell"
"ITGAL","NicheNet lr_network_human_21122021.rds unique from","NicheNet human LR network 2021-12-21; Zenodo 7074291","NICHENET_AND_OMNIPATH_MAPPED",2,65,"NO","YES","NO","YES","NO_OMNIPATH_SECRETED_ANNOTATION","Adhesome;Almen2009;CellCellInteractions;CellChatDB;Cellinker;CellPhoneDB;CellTalkDB;connectomeDB2020;ConnectomeDB2025;CSPA;DGIdb;EMBRACE;GO_Intercell;HPMR;ICELLNET;Integrins;iTALK;LOCATE;LRdb;Membranome;OmniPath;Phobius;Ramilowski_location;Ramilowski2015;scConnect;Surfaceome;talklr;TopDB;UniProt_keyword;UniProt_location;UniProt_topology;Zhong2015","47c971d2fbba4ecd0ba7485d1846a74054432a0d1a97ea3e6a79ae27d0da8094","5e4142df024fd4d5d64cc667299364982a51176076ae6a69e1069425530afafa","FROZEN_BEFORE_EXPRESSION_OUTCOMES","https://zenodo.org/records/7074291|https://omnipathdb.org/intercell"
"ITGAM","NicheNet lr_network_human_21122021.rds unique from","NicheNet human LR network 2021-12-21; Zenodo 7074291","NICHENET_AND_OMNIPATH_MAPPED",1,64,"YES","YES","NO","YES","NO_OMNIPATH_SECRETED_ANNOTATION","Adhesome;CellCellInteractions;Cellinker;CellPhoneDB;CellTalkDB;connectomeDB2020;ConnectomeDB2025;CSPA;DGIdb;GO_Intercell;HPMR;ICELLNET;Integrins;iTALK;LOCATE;LRdb;MCAM;Membranome;OmniPath;Phobius;Ramilowski_location;Ramilowski2015;scConnect;Surfaceome;talklr;TopDB;UniProt_keyword;UniProt_location;UniProt_topology;Zhong2015","47c971d2fbba4ecd0ba7485d1846a74054432a0d1a97ea3e6a79ae27d0da8094","5e4142df024fd4d5d64cc667299364982a51176076ae6a69e1069425530afafa","FROZEN_BEFORE_EXPRESSION_OUTCOMES","https://zenodo.org/records/7074291|https://omnipathdb.org/intercell"
"ITGB1","NicheNet lr_network_human_21122021.rds unique from","NicheNet human LR network 2021-12-21; Zenodo 7074291","NICHENET_AND_OMNIPATH_MAPPED",1,75,"YES","YES","NO","YES","NO_OMNIPATH_SECRETED_ANNOTATION","Adhesome;Almen2009;Baccin2019;CellCellInteractions;Cellinker;CellPhoneDB;CellTalkDB;ComPPI;connectomeDB2020;ConnectomeDB2025;CSPA;DGIdb;EMBRACE;GO_Intercell;Guide2Pharma;HPMR;ICELLNET;Integrins;iTALK;Kirouac2010;LOCATE;LRdb;Membranome;OmniPath;Phobius;Ramilowski_location;Ramilowski2015;scConnect;Surfaceome;talklr;TopDB;UniProt_keyword;UniProt_location;UniProt_topology;Zhong2015","47c971d2fbba4ecd0ba7485d1846a74054432a0d1a97ea3e6a79ae27d0da8094","5e4142df024fd4d5d64cc667299364982a51176076ae6a69e1069425530afafa","FROZEN_BEFORE_EXPRESSION_OUTCOMES","https://zenodo.org/records/7074291|https://omnipathdb.org/intercell"
"ITGB2","NicheNet lr_network_human_21122021.rds unique from","NicheNet human LR network 2021-12-21; Zenodo 7074291","NICHENET_AND_OMNIPATH_MAPPED",5,73,"YES","YES","NO","YES","NO_OMNIPATH_SECRETED_ANNOTATION","Adhesome;Almen2009;CellCellInteractions;Cellinker;CellPhoneDB;CellTalkDB;ComPPI;connectomeDB2020;ConnectomeDB2025;CSPA;DGIdb;GO_Intercell;HPMR;ICELLNET;Integrins;iTALK;LOCATE;LRdb;MCAM;Membranome;OmniPath;Phobius;Ramilowski_location;Ramilowski2015;scConnect;Surfaceome;talklr;TopDB;UniProt_keyword;UniProt_location;UniProt_topology;Zhong2015","47c971d2fbba4ecd0ba7485d1846a74054432a0d1a97ea3e6a79ae27d0da8094","5e4142df024fd4d5d64cc667299364982a51176076ae6a69e1069425530afafa","FROZEN_BEFORE_EXPRESSION_OUTCOMES","https://zenodo.org/records/7074291|https://omnipathdb.org/intercell"
"ITIH2","NicheNet lr_network_human_21122021.rds unique from","NicheNet human LR network 2021-12-21; Zenodo 7074291","NICHENET_AND_OMNIPATH_MAPPED",1,13,"NO","YES","YES","YES","OMNIPATH_SECRETED_ANNOTATION","Cellinker;GO_Intercell;HGNC;HPA_secretome;LOCATE;Matrisome;OmniPath;UniProt_keyword;UniProt_location","47c971d2fbba4ecd0ba7485d1846a74054432a0d1a97ea3e6a79ae27d0da8094","5e4142df024fd4d5d64cc667299364982a51176076ae6a69e1069425530afafa","FROZEN_BEFORE_EXPRESSION_OUTCOMES","https://zenodo.org/records/7074291|https://omnipathdb.org/intercell"
"ITM2B","NicheNet lr_network_human_21122021.rds unique from","NicheNet human LR network 2021-12-21; Zenodo 7074291","NICHENET_AND_OMNIPATH_MAPPED",1,29,"NO","YES","YES","YES","OMNIPATH_SECRETED_ANNOTATION","Almen2009;Cellinker;ComPPI;CSPA;GO_Intercell;MatrixDB;OmniPath;Phobius;Ramilowski_location;Surfaceome;TopDB;UniProt_keyword;UniProt_location;UniProt_topology","47c971d2fbba4ecd0ba7485d1846a74054432a0d1a97ea3e6a79ae27d0da8094","5e4142df024fd4d5d64cc667299364982a51176076ae6a69e1069425530afafa","FROZEN_BEFORE_EXPRESSION_OUTCOMES","https://zenodo.org/records/7074291|https://omnipathdb.org/intercell"
"IZUMO1","NicheNet lr_network_human_21122021.rds unique from","NicheNet human LR network 2021-12-21; Zenodo 7074291","NICHENET_AND_OMNIPATH_MAPPED",3,41,"YES","YES","NO","YES","NO_OMNIPATH_SECRETED_ANNOTATION","Almen2009;CellCellInteractions;Cellinker;CellTalkDB;ConnectomeDB2025;GO_Intercell;HGNC;HPMR;Membranome;OmniPath;Phobius;Ramilowski_location;Surfaceome;TopDB;UniProt_keyword;UniProt_location;UniProt_topology","47c971d2fbba4ecd0ba7485d1846a74054432a0d1a97ea3e6a79ae27d0da8094","5e4142df024fd4d5d64cc667299364982a51176076ae6a69e1069425530afafa","FROZEN_BEFORE_EXPRESSION_OUTCOMES","https://zenodo.org/records/7074291|https://omnipathdb.org/intercell"
"JAG1","NicheNet lr_network_human_21122021.rds unique from","NicheNet human LR network 2021-12-21; Zenodo 7074291","NICHENET_AND_OMNIPATH_MAPPED",5,56,"YES","YES","NO","YES","NO_OMNIPATH_SECRETED_ANNOTATION","Almen2009;Baccin2019;CellCall;CellChatDB;Cellinker;CellPhoneDB;CellTalkDB;connectomeDB2020;ConnectomeDB2025;CSPA;DGIdb;EMBRACE;GO_Intercell;HPMR;ICELLNET;iTALK;Kirouac2010;LOCATE;LRdb;Membranome;OmniPath;Phobius;Ramilowski_location;Ramilowski2015;SignaLink_function;Surfaceome;talklr;TopDB;UniProt_keyword;UniProt_location;UniProt_topology","47c971d2fbba4ecd0ba7485d1846a74054432a0d1a97ea3e6a79ae27d0da8094","5e4142df024fd4d5d64cc667299364982a51176076ae6a69e1069425530afafa","FROZEN_BEFORE_EXPRESSION_OUTCOMES","https://zenodo.org/records/7074291|https://omnipathdb.org/intercell"
"JAG2","NicheNet lr_network_human_21122021.rds unique from","NicheNet human LR network 2021-12-21; Zenodo 7074291","NICHENET_AND_OMNIPATH_MAPPED",4,47,"YES","YES","NO","YES","NO_OMNIPATH_SECRETED_ANNOTATION","Baccin2019;CellCall;CellChatDB;Cellinker;CellPhoneDB;CellTalkDB;ComPPI;connectomeDB2020;ConnectomeDB2025;CSPA;DGIdb;EMBRACE;Guide2Pharma;ICELLNET;iTALK;Kirouac2010;LOCATE;LRdb;Membranome;OmniPath;Phobius;Ramilowski_location;Ramilowski2015;SignaLink_function;Surfaceome;talklr;TopDB;UniProt_keyword;UniProt_location;UniProt_topology","47c971d2fbba4ecd0ba7485d1846a74054432a0d1a97ea3e6a79ae27d0da8094","5e4142df024fd4d5d64cc667299364982a51176076ae6a69e1069425530afafa","FROZEN_BEFORE_EXPRESSION_OUTCOMES","https://zenodo.org/records/7074291|https://omnipathdb.org/intercell"
"JAM2","NicheNet lr_network_human_21122021.rds unique from","NicheNet human LR network 2021-12-21; Zenodo 7074291","NICHENET_AND_OMNIPATH_MAPPED",7,43,"YES","YES","NO","YES","NO_OMNIPATH_SECRETED_ANNOTATION","Baccin2019;CellCall;CellChatDB;Cellinker;CellPhoneDB;ComPPI;connectomeDB2020;ConnectomeDB2025;CSPA;GO_Intercell;HGNC;ICELLNET;LOCATE;Membranome;OmniPath;Phobius;Ramilowski_location;Surfaceome;TopDB;UniProt_keyword;UniProt_location;UniProt_topology;Zhong2015","47c971d2fbba4ecd0ba7485d1846a74054432a0d1a97ea3e6a79ae27d0da8094","5e4142df024fd4d5d64cc667299364982a51176076ae6a69e1069425530afafa","FROZEN_BEFORE_EXPRESSION_OUTCOMES","https://zenodo.org/records/7074291|https://omnipathdb.org/intercell"
"JAM3","NicheNet lr_network_human_21122021.rds unique from","NicheNet human LR network 2021-12-21; Zenodo 7074291","NICHENET_AND_OMNIPATH_MAPPED",6,51,"YES","YES","YES","YES","OMNIPATH_SECRETED_ANNOTATION","Baccin2019;CellCall;CellChatDB;Cellinker;CellPhoneDB;CellTalkDB;connectomeDB2020;ConnectomeDB2025;CSPA;GO_Intercell;HGNC;HPA_secretome;ICELLNET;LOCATE;MCAM;Membranome;OmniPath;Phobius;Ramilowski_location;Surfaceome;TopDB;UniProt_keyword;UniProt_location;UniProt_topology;Zhong2015","47c971d2fbba4ecd0ba7485d1846a74054432a0d1a97ea3e6a79ae27d0da8094","5e4142df024fd4d5d64cc667299364982a51176076ae6a69e1069425530afafa","FROZEN_BEFORE_EXPRESSION_OUTCOMES","https://zenodo.org/records/7074291|https://omnipathdb.org/intercell"
"JAML","NicheNet lr_network_human_21122021.rds unique from","NicheNet human LR network 2021-12-21; Zenodo 7074291","NICHENET_AND_OMNIPATH_MAPPED",3,51,"YES","YES","NO","NO","NO_OMNIPATH_SECRETED_ANNOTATION","Almen2009;Baccin2019;CellCellInteractions;Cellinker;CellPhoneDB;ComPPI;connectomeDB2020;ConnectomeDB2025;CSPA;GO_Intercell;HGNC;ICELLNET;Membranome;OmniPath;Phobius;Ramilowski_location;Surfaceome;UniProt_keyword;UniProt_location;UniProt_topology;Zhong2015","47c971d2fbba4ecd0ba7485d1846a74054432a0d1a97ea3e6a79ae27d0da8094","5e4142df024fd4d5d64cc667299364982a51176076ae6a69e1069425530afafa","FROZEN_BEFORE_EXPRESSION_OUTCOMES","https://zenodo.org/records/7074291|https://omnipathdb.org/intercell"
"KCNA1","NicheNet lr_network_human_21122021.rds unique from","NicheNet human LR network 2021-12-21; Zenodo 7074291","NICHENET_AND_OMNIPATH_MAPPED",3,27,"NO","YES","NO","NO","NO_OMNIPATH_SECRETED_ANNOTATION","Cellinker;ComPPI;DGIdb;GO_Intercell;HGNC;LOCATE;OmniPath;Phobius;Ramilowski_location;scConnect;UniProt_keyword;UniProt_location;UniProt_topology","47c971d2fbba4ecd0ba7485d1846a74054432a0d1a97ea3e6a79ae27d0da8094","5e4142df024fd4d5d64cc667299364982a51176076ae6a69e1069425530afafa","FROZEN_BEFORE_EXPRESSION_OUTCOMES","https://zenodo.org/records/7074291|https://omnipathdb.org/intercell"
"KIAA0319L","NicheNet lr_network_human_21122021.rds unique from","NicheNet human LR network 2021-12-21; Zenodo 7074291","NICHENET_AND_OMNIPATH_MAPPED",4,22,"NO","YES","NO","NO","NO_OMNIPATH_SECRETED_ANNOTATION","Almen2009;Cellinker;ComPPI;GO_Intercell;Membranome;OmniPath;Phobius;Ramilowski_location;TopDB;UniProt_keyword;UniProt_location;UniProt_topology","47c971d2fbba4ecd0ba7485d1846a74054432a0d1a97ea3e6a79ae27d0da8094","5e4142df024fd4d5d64cc667299364982a51176076ae6a69e1069425530afafa","FROZEN_BEFORE_EXPRESSION_OUTCOMES","https://zenodo.org/records/7074291|https://omnipathdb.org/intercell"
"KIR2DL5A","NicheNet lr_network_human_21122021.rds unique from","NicheNet human LR network 2021-12-21; Zenodo 7074291","NICHENET_AND_OMNIPATH_MAPPED",4,35,"YES","YES","NO","NO","NO_OMNIPATH_SECRETED_ANNOTATION","CellCellInteractions;Cellinker;CellPhoneDB;ConnectomeDB2025;CSPA;HGNC;ICELLNET;LOCATE;Membranome;OmniPath;Phobius;Surfaceome;UniProt_keyword;UniProt_location;UniProt_topology;Zhong2015","47c971d2fbba4ecd0ba7485d1846a74054432a0d1a97ea3e6a79ae27d0da8094","5e4142df024fd4d5d64cc667299364982a51176076ae6a69e1069425530afafa","FROZEN_BEFORE_EXPRESSION_OUTCOMES","https://zenodo.org/records/7074291|https://omnipathdb.org/intercell"
"KIR2DS3","NicheNet lr_network_human_21122021.rds unique from","NicheNet human LR network 2021-12-21; Zenodo 7074291","NICHENET_AND_OMNIPATH_MAPPED",1,34,"NO","YES","NO","YES","NO_OMNIPATH_SECRETED_ANNOTATION","Almen2009;CellCellInteractions;Cellinker;HGNC;HPMR;Membranome;OmniPath;Phobius;Surfaceome;UniProt_keyword;UniProt_location;UniProt_topology;Zhong2015","47c971d2fbba4ecd0ba7485d1846a74054432a0d1a97ea3e6a79ae27d0da8094","5e4142df024fd4d5d64cc667299364982a51176076ae6a69e1069425530afafa","FROZEN_BEFORE_EXPRESSION_OUTCOMES","https://zenodo.org/records/7074291|https://omnipathdb.org/intercell"
"KIR2DS5","NicheNet lr_network_human_21122021.rds unique from","NicheNet human LR network 2021-12-21; Zenodo 7074291","NICHENET_AND_OMNIPATH_MAPPED",2,36,"NO","YES","NO","YES","NO_OMNIPATH_SECRETED_ANNOTATION","Almen2009;CellCellInteractions;Cellinker;GO_Intercell;HGNC;HPMR;Membranome;OmniPath;Phobius;Surfaceome;TopDB;UniProt_keyword;UniProt_location;UniProt_topology;Zhong2015","47c971d2fbba4ecd0ba7485d1846a74054432a0d1a97ea3e6a79ae27d0da8094","5e4142df024fd4d5d64cc667299364982a51176076ae6a69e1069425530afafa","FROZEN_BEFORE_EXPRESSION_OUTCOMES","https://zenodo.org/records/7074291|https://omnipathdb.org/intercell"
"KIRREL1","NicheNet lr_network_human_21122021.rds unique from","NicheNet human LR network 2021-12-21; Zenodo 7074291","NICHENET_AND_OMNIPATH_MAPPED",1,24,"NO","YES","NO","NO","NO_OMNIPATH_SECRETED_ANNOTATION","Almen2009;Cellinker;ComPPI;CSPA;GO_Intercell;Membranome;OmniPath;Phobius;Ramilowski_location;Surfaceome;TopDB;UniProt_keyword;UniProt_location;UniProt_topology","47c971d2fbba4ecd0ba7485d1846a74054432a0d1a97ea3e6a79ae27d0da8094","5e4142df024fd4d5d64cc667299364982a51176076ae6a69e1069425530afafa","FROZEN_BEFORE_EXPRESSION_OUTCOMES","https://zenodo.org/records/7074291|https://omnipathdb.org/intercell"
"KIRREL3","NicheNet lr_network_human_21122021.rds unique from","NicheNet human LR network 2021-12-21; Zenodo 7074291","NICHENET_AND_OMNIPATH_MAPPED",1,27,"NO","YES","YES","YES","OMNIPATH_SECRETED_ANNOTATION","Almen2009;Cellinker;GO_Intercell;MatrixDB;Membranome;OmniPath;Phobius;Ramilowski_location;Surfaceome;UniProt_keyword;UniProt_location;UniProt_topology","47c971d2fbba4ecd0ba7485d1846a74054432a0d1a97ea3e6a79ae27d0da8094","5e4142df024fd4d5d64cc667299364982a51176076ae6a69e1069425530afafa","FROZEN_BEFORE_EXPRESSION_OUTCOMES","https://zenodo.org/records/7074291|https://omnipathdb.org/intercell"
"KISS1","NicheNet lr_network_human_21122021.rds unique from","NicheNet human LR network 2021-12-21; Zenodo 7074291","NICHENET_AND_OMNIPATH_MAPPED",1,30,"YES","YES","YES","YES","OMNIPATH_SECRETED_ANNOTATION","Baccin2019;CellChatDB;Cellinker;CellPhoneDB;CellTalkDB;ComPPI;connectomeDB2020;ConnectomeDB2025;Guide2Pharma;HPA_secretome;HPMR;ICELLNET;iTALK;LOCATE;LRdb;MatrixDB;OmniPath;Ramilowski2015;scConnect;talklr;UniProt_keyword;UniProt_location","47c971d2fbba4ecd0ba7485d1846a74054432a0d1a97ea3e6a79ae27d0da8094","5e4142df024fd4d5d64cc667299364982a51176076ae6a69e1069425530afafa","FROZEN_BEFORE_EXPRESSION_OUTCOMES","https://zenodo.org/records/7074291|https://omnipathdb.org/intercell"
"KITLG","NicheNet lr_network_human_21122021.rds unique from","NicheNet human LR network 2021-12-21; Zenodo 7074291","NICHENET_AND_OMNIPATH_MAPPED",3,63,"YES","YES","YES","YES","OMNIPATH_SECRETED_ANNOTATION","Baccin2019;CellCall;CellChatDB;Cellinker;CellPhoneDB;CellTalkDB;ComPPI;connectomeDB2020;ConnectomeDB2025;CSPA;DGIdb;EMBRACE;GO_Intercell;Guide2Pharma;ICELLNET;iTALK;Kirouac2010;LOCATE;LRdb;Matrisome;Membranome;OmniPath;Phobius;Ramilowski_location;Ramilowski2015;scConnect;Surfaceome;talklr;TopDB;UniProt_keyword;UniProt_location;UniProt_topology","47c971d2fbba4ecd0ba7485d1846a74054432a0d1a97ea3e6a79ae27d0da8094","5e4142df024fd4d5d64cc667299364982a51176076ae6a69e1069425530afafa","FROZEN_BEFORE_EXPRESSION_OUTCOMES","https://zenodo.org/records/7074291|https://omnipathdb.org/intercell"
"KL","NicheNet lr_network_human_21122021.rds unique from","NicheNet human LR network 2021-12-21; Zenodo 7074291","NICHENET_AND_OMNIPATH_MAPPED",7,48,"YES","YES","YES","YES","OMNIPATH_SECRETED_ANNOTATION","Almen2009;CellChatDB;Cellinker;CellPhoneDB;connectomeDB2020;ConnectomeDB2025;DGIdb;GO_Intercell;HPA_secretome;LOCATE;Membranome;OmniPath;Phobius;Ramilowski_location;Surfaceome;TopDB;UniProt_keyword;UniProt_location;UniProt_topology","47c971d2fbba4ecd0ba7485d1846a74054432a0d1a97ea3e6a79ae27d0da8094","5e4142df024fd4d5d64cc667299364982a51176076ae6a69e1069425530afafa","FROZEN_BEFORE_EXPRESSION_OUTCOMES","https://zenodo.org/records/7074291|https://omnipathdb.org/intercell"
"KLK3","NicheNet lr_network_human_21122021.rds unique from","NicheNet human LR network 2021-12-21; Zenodo 7074291","NICHENET_AND_OMNIPATH_MAPPED",2,13,"NO","NO","YES","YES","OMNIPATH_SECRETED_ANNOTATION","Cellinker;ComPPI;GO_Intercell;HGNC;HPA_secretome;LOCATE;OmniPath;scConnect;UniProt_keyword;UniProt_location","47c971d2fbba4ecd0ba7485d1846a74054432a0d1a97ea3e6a79ae27d0da8094","5e4142df024fd4d5d64cc667299364982a51176076ae6a69e1069425530afafa","FROZEN_BEFORE_EXPRESSION_OUTCOMES","https://zenodo.org/records/7074291|https://omnipathdb.org/intercell"
"KLKB1","NicheNet lr_network_human_21122021.rds unique from","NicheNet human LR network 2021-12-21; Zenodo 7074291","NICHENET_AND_OMNIPATH_MAPPED",1,9,"NO","NO","YES","YES","OMNIPATH_SECRETED_ANNOTATION","HGNC;HPA_secretome;LOCATE;OmniPath;scConnect;UniProt_keyword;UniProt_location","47c971d2fbba4ecd0ba7485d1846a74054432a0d1a97ea3e6a79ae27d0da8094","5e4142df024fd4d5d64cc667299364982a51176076ae6a69e1069425530afafa","FROZEN_BEFORE_EXPRESSION_OUTCOMES","https://zenodo.org/records/7074291|https://omnipathdb.org/intercell"
"KLRA1P","NicheNet lr_network_human_21122021.rds unique from","NicheNet human LR network 2021-12-21; Zenodo 7074291","NICHENET_ONLY_NOT_OMNIPATH_MAPPED",1,0,"NOT_MAPPED","NOT_MAPPED","NOT_MAPPED","NOT_MAPPED",,"","47c971d2fbba4ecd0ba7485d1846a74054432a0d1a97ea3e6a79ae27d0da8094","5e4142df024fd4d5d64cc667299364982a51176076ae6a69e1069425530afafa","FROZEN_BEFORE_EXPRESSION_OUTCOMES","https://zenodo.org/records/7074291|https://omnipathdb.org/intercell"
"KNG1","NicheNet lr_network_human_21122021.rds unique from","NicheNet human LR network 2021-12-21; Zenodo 7074291","NICHENET_AND_OMNIPATH_MAPPED",9,33,"YES","YES","YES","YES","OMNIPATH_SECRETED_ANNOTATION","Baccin2019;CellCall;CellChatDB;Cellinker;CellPhoneDB;CellTalkDB;connectomeDB2020;ConnectomeDB2025;DGIdb;GO_Intercell;Guide2Pharma;HPA_secretome;HPMR;iTALK;LOCATE;LRdb;Matrisome;OmniPath;Ramilowski2015;scConnect;talklr;UniProt_keyword;UniProt_location","47c971d2fbba4ecd0ba7485d1846a74054432a0d1a97ea3e6a79ae27d0da8094","5e4142df024fd4d5d64cc667299364982a51176076ae6a69e1069425530afafa","FROZEN_BEFORE_EXPRESSION_OUTCOMES","https://zenodo.org/records/7074291|https://omnipathdb.org/intercell"
"L1CAM","NicheNet lr_network_human_21122021.rds unique from","NicheNet human LR network 2021-12-21; Zenodo 7074291","NICHENET_AND_OMNIPATH_MAPPED",21,56,"YES","YES","YES","YES","OMNIPATH_SECRETED_ANNOTATION","Almen2009;CellChatDB;Cellinker;CellPhoneDB;CellTalkDB;ComPPI;connectomeDB2020;ConnectomeDB2025;CSPA;GO_Intercell;HGNC;HPMR;ICELLNET;iTALK;LRdb;Membranome;OmniPath;Phobius;Ramilowski_location;Ramilowski2015;Surfaceome;talklr;TopDB;UniProt_keyword;UniProt_location;UniProt_topology;Zhong2015","47c971d2fbba4ecd0ba7485d1846a74054432a0d1a97ea3e6a79ae27d0da8094","5e4142df024fd4d5d64cc667299364982a51176076ae6a69e1069425530afafa","FROZEN_BEFORE_EXPRESSION_OUTCOMES","https://zenodo.org/records/7074291|https://omnipathdb.org/intercell"
"LACRT","NicheNet lr_network_human_21122021.rds unique from","NicheNet human LR network 2021-12-21; Zenodo 7074291","NICHENET_AND_OMNIPATH_MAPPED",1,23,"YES","YES","YES","YES","OMNIPATH_SECRETED_ANNOTATION","Cellinker;CellTalkDB;connectomeDB2020;ConnectomeDB2025;DGIdb;GO_Intercell;HPA_secretome;iTALK;LRdb;MatrixDB;OmniPath;Ramilowski2015;talklr;UniProt_keyword;UniProt_location","47c971d2fbba4ecd0ba7485d1846a74054432a0d1a97ea3e6a79ae27d0da8094","5e4142df024fd4d5d64cc667299364982a51176076ae6a69e1069425530afafa","FROZEN_BEFORE_EXPRESSION_OUTCOMES","https://zenodo.org/records/7074291|https://omnipathdb.org/intercell"
"LAIR2","NicheNet lr_network_human_21122021.rds unique from","NicheNet human LR network 2021-12-21; Zenodo 7074291","NICHENET_AND_OMNIPATH_MAPPED",1,10,"YES","YES","YES","YES","OMNIPATH_SECRETED_ANNOTATION","Cellinker;HPA_secretome;MatrixDB;OmniPath;UniProt_keyword;UniProt_location","47c971d2fbba4ecd0ba7485d1846a74054432a0d1a97ea3e6a79ae27d0da8094","5e4142df024fd4d5d64cc667299364982a51176076ae6a69e1069425530afafa","FROZEN_BEFORE_EXPRESSION_OUTCOMES","https://zenodo.org/records/7074291|https://omnipathdb.org/intercell"
"LAMA1","NicheNet lr_network_human_21122021.rds unique from","NicheNet human LR network 2021-12-21; Zenodo 7074291","NICHENET_AND_OMNIPATH_MAPPED",17,33,"YES","YES","YES","YES","OMNIPATH_SECRETED_ANNOTATION","Baccin2019;CellChatDB;Cellinker;CellTalkDB;connectomeDB2020;ConnectomeDB2025;EMBRACE;GO_Intercell;HGNC;HPA_secretome;HPMR;iTALK;LOCATE;LRdb;Matrisome;OmniPath;Ramilowski_location;Ramilowski2015;talklr;UniProt_keyword;UniProt_location;Zhong2015","47c971d2fbba4ecd0ba7485d1846a74054432a0d1a97ea3e6a79ae27d0da8094","5e4142df024fd4d5d64cc667299364982a51176076ae6a69e1069425530afafa","FROZEN_BEFORE_EXPRESSION_OUTCOMES","https://zenodo.org/records/7074291|https://omnipathdb.org/intercell"
"LAMA2","NicheNet lr_network_human_21122021.rds unique from","NicheNet human LR network 2021-12-21; Zenodo 7074291","NICHENET_AND_OMNIPATH_MAPPED",11,37,"YES","YES","YES","YES","OMNIPATH_SECRETED_ANNOTATION","Baccin2019;CellChatDB;Cellinker;CellPhoneDB;CellTalkDB;connectomeDB2020;ConnectomeDB2025;EMBRACE;GO_Intercell;HGNC;HPA_secretome;ICELLNET;iTALK;LRdb;Matrisome;OmniPath;Ramilowski_location;Ramilowski2015;talklr;UniProt_keyword;UniProt_location;Zhong2015","47c971d2fbba4ecd0ba7485d1846a74054432a0d1a97ea3e6a79ae27d0da8094","5e4142df024fd4d5d64cc667299364982a51176076ae6a69e1069425530afafa","FROZEN_BEFORE_EXPRESSION_OUTCOMES","https://zenodo.org/records/7074291|https://omnipathdb.org/intercell"
"LAMA3","NicheNet lr_network_human_21122021.rds unique from","NicheNet human LR network 2021-12-21; Zenodo 7074291","NICHENET_AND_OMNIPATH_MAPPED",5,32,"YES","YES","YES","YES","OMNIPATH_SECRETED_ANNOTATION","CellChatDB;Cellinker;CellPhoneDB;CellTalkDB;connectomeDB2020;ConnectomeDB2025;GO_Intercell;HGNC;HPA_secretome;iTALK;LOCATE;LRdb;Matrisome;OmniPath;Ramilowski_location;Ramilowski2015;talklr;UniProt_keyword;UniProt_location;Zhong2015","47c971d2fbba4ecd0ba7485d1846a74054432a0d1a97ea3e6a79ae27d0da8094","5e4142df024fd4d5d64cc667299364982a51176076ae6a69e1069425530afafa","FROZEN_BEFORE_EXPRESSION_OUTCOMES","https://zenodo.org/records/7074291|https://omnipathdb.org/intercell"
"LAMA4","NicheNet lr_network_human_21122021.rds unique from","NicheNet human LR network 2021-12-21; Zenodo 7074291","NICHENET_AND_OMNIPATH_MAPPED",5,32,"YES","YES","YES","YES","OMNIPATH_SECRETED_ANNOTATION","CellChatDB;Cellinker;CellTalkDB;ComPPI;connectomeDB2020;ConnectomeDB2025;EMBRACE;GO_Intercell;HGNC;HPA_secretome;iTALK;LOCATE;Matrisome;OmniPath;Ramilowski_location;UniProt_keyword;UniProt_location;Zhong2015","47c971d2fbba4ecd0ba7485d1846a74054432a0d1a97ea3e6a79ae27d0da8094","5e4142df024fd4d5d64cc667299364982a51176076ae6a69e1069425530afafa","FROZEN_BEFORE_EXPRESSION_OUTCOMES","https://zenodo.org/records/7074291|https://omnipathdb.org/intercell"
"LAMA5","NicheNet lr_network_human_21122021.rds unique from","NicheNet human LR network 2021-12-21; Zenodo 7074291","NICHENET_AND_OMNIPATH_MAPPED",10,40,"YES","YES","YES","YES","OMNIPATH_SECRETED_ANNOTATION","Baccin2019;CellCellInteractions;CellChatDB;Cellinker;CellTalkDB;ComPPI;connectomeDB2020;ConnectomeDB2025;EMBRACE;GO_Intercell;HGNC;HPA_secretome;HPMR;ICELLNET;iTALK;LRdb;Matrisome;OmniPath;Ramilowski_location;Ramilowski2015;talklr;UniProt_keyword;UniProt_location;Zhong2015","47c971d2fbba4ecd0ba7485d1846a74054432a0d1a97ea3e6a79ae27d0da8094","5e4142df024fd4d5d64cc667299364982a51176076ae6a69e1069425530afafa","FROZEN_BEFORE_EXPRESSION_OUTCOMES","https://zenodo.org/records/7074291|https://omnipathdb.org/intercell"
"LAMB1","NicheNet lr_network_human_21122021.rds unique from","NicheNet human LR network 2021-12-21; Zenodo 7074291","NICHENET_AND_OMNIPATH_MAPPED",11,34,"YES","YES","YES","YES","OMNIPATH_SECRETED_ANNOTATION","CellChatDB;Cellinker;CellTalkDB;ComPPI;connectomeDB2020;ConnectomeDB2025;EMBRACE;GO_Intercell;HGNC;HPA_secretome;HPMR;iTALK;LOCATE;LRdb;Matrisome;OmniPath;Ramilowski_location;Ramilowski2015;talklr;UniProt_keyword;UniProt_location;Zhong2015","47c971d2fbba4ecd0ba7485d1846a74054432a0d1a97ea3e6a79ae27d0da8094","5e4142df024fd4d5d64cc667299364982a51176076ae6a69e1069425530afafa","FROZEN_BEFORE_EXPRESSION_OUTCOMES","https://zenodo.org/records/7074291|https://omnipathdb.org/intercell"
"LAMB2","NicheNet lr_network_human_21122021.rds unique from","NicheNet human LR network 2021-12-21; Zenodo 7074291","NICHENET_AND_OMNIPATH_MAPPED",6,34,"YES","YES","YES","YES","OMNIPATH_SECRETED_ANNOTATION","Baccin2019;CellChatDB;CellTalkDB;ComPPI;connectomeDB2020;ConnectomeDB2025;EMBRACE;GO_Intercell;HGNC;HPA_secretome;iTALK;LOCATE;LRdb;Matrisome;OmniPath;Ramilowski_location;Ramilowski2015;talklr;UniProt_keyword;UniProt_location;Zhong2015","47c971d2fbba4ecd0ba7485d1846a74054432a0d1a97ea3e6a79ae27d0da8094","5e4142df024fd4d5d64cc667299364982a51176076ae6a69e1069425530afafa","FROZEN_BEFORE_EXPRESSION_OUTCOMES","https://zenodo.org/records/7074291|https://omnipathdb.org/intercell"
"LAMB3","NicheNet lr_network_human_21122021.rds unique from","NicheNet human LR network 2021-12-21; Zenodo 7074291","NICHENET_AND_OMNIPATH_MAPPED",6,26,"YES","YES","YES","YES","OMNIPATH_SECRETED_ANNOTATION","CellChatDB;CellTalkDB;ComPPI;ConnectomeDB2025;EMBRACE;GO_Intercell;HGNC;HPA_secretome;iTALK;LOCATE;Matrisome;OmniPath;Ramilowski_location;UniProt_keyword;UniProt_location;Zhong2015","47c971d2fbba4ecd0ba7485d1846a74054432a0d1a97ea3e6a79ae27d0da8094","5e4142df024fd4d5d64cc667299364982a51176076ae6a69e1069425530afafa","FROZEN_BEFORE_EXPRESSION_OUTCOMES","https://zenodo.org/records/7074291|https://omnipathdb.org/intercell"
"LAMC1","NicheNet lr_network_human_21122021.rds unique from","NicheNet human LR network 2021-12-21; Zenodo 7074291","NICHENET_AND_OMNIPATH_MAPPED",8,27,"YES","YES","YES","YES","OMNIPATH_SECRETED_ANNOTATION","CellChatDB;CellPhoneDB;CellTalkDB;ComPPI;ConnectomeDB2025;GO_Intercell;HGNC;HPA_secretome;iTALK;LOCATE;Matrisome;OmniPath;Ramilowski_location;UniProt_keyword;UniProt_location;Zhong2015","47c971d2fbba4ecd0ba7485d1846a74054432a0d1a97ea3e6a79ae27d0da8094","5e4142df024fd4d5d64cc667299364982a51176076ae6a69e1069425530afafa","FROZEN_BEFORE_EXPRESSION_OUTCOMES","https://zenodo.org/records/7074291|https://omnipathdb.org/intercell"
"LAMC2","NicheNet lr_network_human_21122021.rds unique from","NicheNet human LR network 2021-12-21; Zenodo 7074291","NICHENET_AND_OMNIPATH_MAPPED",7,31,"YES","YES","YES","YES","OMNIPATH_SECRETED_ANNOTATION","CellChatDB;Cellinker;CellTalkDB;ComPPI;connectomeDB2020;ConnectomeDB2025;GO_Intercell;HGNC;HPA_secretome;iTALK;LRdb;Matrisome;OmniPath;Ramilowski_location;Ramilowski2015;talklr;UniProt_keyword;UniProt_location;Zhong2015","47c971d2fbba4ecd0ba7485d1846a74054432a0d1a97ea3e6a79ae27d0da8094","5e4142df024fd4d5d64cc667299364982a51176076ae6a69e1069425530afafa","FROZEN_BEFORE_EXPRESSION_OUTCOMES","https://zenodo.org/records/7074291|https://omnipathdb.org/intercell"
"LAMC3","NicheNet lr_network_human_21122021.rds unique from","NicheNet human LR network 2021-12-21; Zenodo 7074291","NICHENET_AND_OMNIPATH_MAPPED",13,22,"YES","YES","YES","YES","OMNIPATH_SECRETED_ANNOTATION","CellChatDB;CellTalkDB;EMBRACE;GO_Intercell;HGNC;HPA_secretome;iTALK;LOCATE;Matrisome;OmniPath;Ramilowski_location;UniProt_keyword;UniProt_location;Zhong2015","47c971d2fbba4ecd0ba7485d1846a74054432a0d1a97ea3e6a79ae27d0da8094","5e4142df024fd4d5d64cc667299364982a51176076ae6a69e1069425530afafa","FROZEN_BEFORE_EXPRESSION_OUTCOMES","https://zenodo.org/records/7074291|https://omnipathdb.org/intercell"
"LAYN","NicheNet lr_network_human_21122021.rds unique from","NicheNet human LR network 2021-12-21; Zenodo 7074291","NICHENET_AND_OMNIPATH_MAPPED",2,35,"NO","YES","NO","YES","NO_OMNIPATH_SECRETED_ANNOTATION","Adhesome;Almen2009;Cellinker;ComPPI;HPMR;Membranome;OmniPath;Phobius;Ramilowski_location;Surfaceome;UniProt_keyword;UniProt_location;UniProt_topology","47c971d2fbba4ecd0ba7485d1846a74054432a0d1a97ea3e6a79ae27d0da8094","5e4142df024fd4d5d64cc667299364982a51176076ae6a69e1069425530afafa","FROZEN_BEFORE_EXPRESSION_OUTCOMES","https://zenodo.org/records/7074291|https://omnipathdb.org/intercell"
"LCN1","NicheNet lr_network_human_21122021.rds unique from","NicheNet human LR network 2021-12-21; Zenodo 7074291","NICHENET_AND_OMNIPATH_MAPPED",1,10,"NO","NO","YES","YES","OMNIPATH_SECRETED_ANNOTATION","Cellinker;connectomeDB2020;ConnectomeDB2025;HPA_secretome;OmniPath;UniProt_keyword;UniProt_location","47c971d2fbba4ecd0ba7485d1846a74054432a0d1a97ea3e6a79ae27d0da8094","5e4142df024fd4d5d64cc667299364982a51176076ae6a69e1069425530afafa","FROZEN_BEFORE_EXPRESSION_OUTCOMES","https://zenodo.org/records/7074291|https://omnipathdb.org/intercell"
"LCN2","NicheNet lr_network_human_21122021.rds unique from","NicheNet human LR network 2021-12-21; Zenodo 7074291","NICHENET_AND_OMNIPATH_MAPPED",2,12,"NO","NO","YES","YES","OMNIPATH_SECRETED_ANNOTATION","Cellinker;connectomeDB2020;ConnectomeDB2025;GO_Intercell;HPA_secretome;LOCATE;OmniPath;UniProt_keyword;UniProt_location","47c971d2fbba4ecd0ba7485d1846a74054432a0d1a97ea3e6a79ae27d0da8094","5e4142df024fd4d5d64cc667299364982a51176076ae6a69e1069425530afafa","FROZEN_BEFORE_EXPRESSION_OUTCOMES","https://zenodo.org/records/7074291|https://omnipathdb.org/intercell"
"LEAP2","NicheNet lr_network_human_21122021.rds unique from","NicheNet human LR network 2021-12-21; Zenodo 7074291","NICHENET_AND_OMNIPATH_MAPPED",1,18,"YES","YES","YES","YES","OMNIPATH_SECRETED_ANNOTATION","CellChatDB;Cellinker;connectomeDB2020;ConnectomeDB2025;HPA_secretome;LOCATE;MatrixDB;OmniPath;scConnect;UniProt_keyword;UniProt_location","47c971d2fbba4ecd0ba7485d1846a74054432a0d1a97ea3e6a79ae27d0da8094","5e4142df024fd4d5d64cc667299364982a51176076ae6a69e1069425530afafa","FROZEN_BEFORE_EXPRESSION_OUTCOMES","https://zenodo.org/records/7074291|https://omnipathdb.org/intercell"
"LEFTY1","NicheNet lr_network_human_21122021.rds unique from","NicheNet human LR network 2021-12-21; Zenodo 7074291","NICHENET_AND_OMNIPATH_MAPPED",3,22,"YES","YES","YES","YES","OMNIPATH_SECRETED_ANNOTATION","Baccin2019;CellChatDB;CellPhoneDB;CellTalkDB;ConnectomeDB2025;DGIdb;GO_Intercell;HPA_secretome;Matrisome;OmniPath;UniProt_keyword;UniProt_location","47c971d2fbba4ecd0ba7485d1846a74054432a0d1a97ea3e6a79ae27d0da8094","5e4142df024fd4d5d64cc667299364982a51176076ae6a69e1069425530afafa","FROZEN_BEFORE_EXPRESSION_OUTCOMES","https://zenodo.org/records/7074291|https://omnipathdb.org/intercell"
"LEFTY2","NicheNet lr_network_human_21122021.rds unique from","NicheNet human LR network 2021-12-21; Zenodo 7074291","NICHENET_AND_OMNIPATH_MAPPED",3,33,"YES","YES","YES","YES","OMNIPATH_SECRETED_ANNOTATION","Baccin2019;CellChatDB;Cellinker;CellPhoneDB;CellTalkDB;connectomeDB2020;ConnectomeDB2025;DGIdb;GO_Intercell;HPA_secretome;iTALK;LOCATE;LRdb;Matrisome;OmniPath;Ramilowski2015;talklr;UniProt_keyword;UniProt_location","47c971d2fbba4ecd0ba7485d1846a74054432a0d1a97ea3e6a79ae27d0da8094","5e4142df024fd4d5d64cc667299364982a51176076ae6a69e1069425530afafa","FROZEN_BEFORE_EXPRESSION_OUTCOMES","https://zenodo.org/records/7074291|https://omnipathdb.org/intercell"
"LEP","NicheNet lr_network_human_21122021.rds unique from","NicheNet human LR network 2021-12-21; Zenodo 7074291","NICHENET_AND_OMNIPATH_MAPPED",3,45,"YES","YES","YES","YES","OMNIPATH_SECRETED_ANNOTATION","Baccin2019;CellCall;CellChatDB;Cellinker;CellPhoneDB;CellTalkDB;connectomeDB2020;ConnectomeDB2025;DGIdb;GO_Intercell;HPA_secretome;HPMR;ICELLNET;iTALK;Kirouac2010;LRdb;Matrisome;MatrixDB;OmniPath;Ramilowski2015;scConnect;SignaLink_function;talklr;UniProt_keyword;UniProt_location","47c971d2fbba4ecd0ba7485d1846a74054432a0d1a97ea3e6a79ae27d0da8094","5e4142df024fd4d5d64cc667299364982a51176076ae6a69e1069425530afafa","FROZEN_BEFORE_EXPRESSION_OUTCOMES","https://zenodo.org/records/7074291|https://omnipathdb.org/intercell"
"LFNG","NicheNet lr_network_human_21122021.rds unique from","NicheNet human LR network 2021-12-21; Zenodo 7074291","NICHENET_AND_OMNIPATH_MAPPED",2,14,"YES","YES","NO","YES","NO_OMNIPATH_SECRETED_ANNOTATION","CellCall;ComPPI;GO_Intercell;LOCATE;MatrixDB;OmniPath;UniProt_keyword;UniProt_location;UniProt_topology","47c971d2fbba4ecd0ba7485d1846a74054432a0d1a97ea3e6a79ae27d0da8094","5e4142df024fd4d5d64cc667299364982a51176076ae6a69e1069425530afafa","FROZEN_BEFORE_EXPRESSION_OUTCOMES","https://zenodo.org/records/7074291|https://omnipathdb.org/intercell"
"LGALS1","NicheNet lr_network_human_21122021.rds unique from","NicheNet human LR network 2021-12-21; Zenodo 7074291","NICHENET_AND_OMNIPATH_MAPPED",3,29,"YES","YES","YES","YES","OMNIPATH_SECRETED_ANNOTATION","Cellinker;CellTalkDB;ComPPI;connectomeDB2020;ConnectomeDB2025;GO_Intercell;HPA_secretome;ICELLNET;LOCATE;LRdb;Matrisome;OmniPath;Ramilowski_location;UniProt_keyword;UniProt_location","47c971d2fbba4ecd0ba7485d1846a74054432a0d1a97ea3e6a79ae27d0da8094","5e4142df024fd4d5d64cc667299364982a51176076ae6a69e1069425530afafa","FROZEN_BEFORE_EXPRESSION_OUTCOMES","https://zenodo.org/records/7074291|https://omnipathdb.org/intercell"
"LGALS3","NicheNet lr_network_human_21122021.rds unique from","NicheNet human LR network 2021-12-21; Zenodo 7074291","NICHENET_AND_OMNIPATH_MAPPED",5,28,"YES","YES","YES","YES","OMNIPATH_SECRETED_ANNOTATION","Cellinker;CellPhoneDB;ComPPI;connectomeDB2020;ConnectomeDB2025;GO_Intercell;HPA_secretome;ICELLNET;LOCATE;Matrisome;OmniPath;UniProt_keyword;UniProt_location","47c971d2fbba4ecd0ba7485d1846a74054432a0d1a97ea3e6a79ae27d0da8094","5e4142df024fd4d5d64cc667299364982a51176076ae6a69e1069425530afafa","FROZEN_BEFORE_EXPRESSION_OUTCOMES","https://zenodo.org/records/7074291|https://omnipathdb.org/intercell"
"LGALS3BP","NicheNet lr_network_human_21122021.rds unique from","NicheNet human LR network 2021-12-21; Zenodo 7074291","NICHENET_AND_OMNIPATH_MAPPED",2,27,"YES","YES","YES","YES","OMNIPATH_SECRETED_ANNOTATION","Cellinker;CellTalkDB;connectomeDB2020;ConnectomeDB2025;GO_Intercell;HPA_secretome;iTALK;LRdb;OmniPath;Ramilowski_location;Ramilowski2015;talklr;UniProt_keyword;UniProt_location","47c971d2fbba4ecd0ba7485d1846a74054432a0d1a97ea3e6a79ae27d0da8094","5e4142df024fd4d5d64cc667299364982a51176076ae6a69e1069425530afafa","FROZEN_BEFORE_EXPRESSION_OUTCOMES","https://zenodo.org/records/7074291|https://omnipathdb.org/intercell"
"LGALS9","NicheNet lr_network_human_21122021.rds unique from","NicheNet human LR network 2021-12-21; Zenodo 7074291","NICHENET_AND_OMNIPATH_MAPPED",6,30,"YES","YES","YES","YES","OMNIPATH_SECRETED_ANNOTATION","CellChatDB;Cellinker;CellPhoneDB;CellTalkDB;ComPPI;connectomeDB2020;ConnectomeDB2025;GO_Intercell;HPA_secretome;ICELLNET;iTALK;LOCATE;LRdb;Matrisome;OmniPath;UniProt_keyword;UniProt_location","47c971d2fbba4ecd0ba7485d1846a74054432a0d1a97ea3e6a79ae27d0da8094","5e4142df024fd4d5d64cc667299364982a51176076ae6a69e1069425530afafa","FROZEN_BEFORE_EXPRESSION_OUTCOMES","https://zenodo.org/records/7074291|https://omnipathdb.org/intercell"
"LGI1","NicheNet lr_network_human_21122021.rds unique from","NicheNet human LR network 2021-12-21; Zenodo 7074291","NICHENET_AND_OMNIPATH_MAPPED",2,19,"YES","YES","YES","YES","OMNIPATH_SECRETED_ANNOTATION","ComPPI;connectomeDB2020;ConnectomeDB2025;GO_Intercell;HGNC;HPA_secretome;Matrisome;OmniPath;UniProt_keyword;UniProt_location","47c971d2fbba4ecd0ba7485d1846a74054432a0d1a97ea3e6a79ae27d0da8094","5e4142df024fd4d5d64cc667299364982a51176076ae6a69e1069425530afafa","FROZEN_BEFORE_EXPRESSION_OUTCOMES","https://zenodo.org/records/7074291|https://omnipathdb.org/intercell"
"LGI2","NicheNet lr_network_human_21122021.rds unique from","NicheNet human LR network 2021-12-21; Zenodo 7074291","NICHENET_AND_OMNIPATH_MAPPED",1,14,"YES","YES","YES","YES","OMNIPATH_SECRETED_ANNOTATION","connectomeDB2020;ConnectomeDB2025;HGNC;HPA_secretome;Matrisome;MatrixDB;OmniPath;UniProt_keyword;UniProt_location","47c971d2fbba4ecd0ba7485d1846a74054432a0d1a97ea3e6a79ae27d0da8094","5e4142df024fd4d5d64cc667299364982a51176076ae6a69e1069425530afafa","FROZEN_BEFORE_EXPRESSION_OUTCOMES","https://zenodo.org/records/7074291|https://omnipathdb.org/intercell"
"LGI3","NicheNet lr_network_human_21122021.rds unique from","NicheNet human LR network 2021-12-21; Zenodo 7074291","NICHENET_AND_OMNIPATH_MAPPED",2,17,"YES","YES","YES","YES","OMNIPATH_SECRETED_ANNOTATION","connectomeDB2020;ConnectomeDB2025;GO_Intercell;HGNC;HPA_secretome;Matrisome;MatrixDB;OmniPath;UniProt_keyword;UniProt_location","47c971d2fbba4ecd0ba7485d1846a74054432a0d1a97ea3e6a79ae27d0da8094","5e4142df024fd4d5d64cc667299364982a51176076ae6a69e1069425530afafa","FROZEN_BEFORE_EXPRESSION_OUTCOMES","https://zenodo.org/records/7074291|https://omnipathdb.org/intercell"
"LGI4","NicheNet lr_network_human_21122021.rds unique from","NicheNet human LR network 2021-12-21; Zenodo 7074291","NICHENET_AND_OMNIPATH_MAPPED",1,14,"YES","YES","YES","YES","OMNIPATH_SECRETED_ANNOTATION","connectomeDB2020;ConnectomeDB2025;HGNC;HPA_secretome;Matrisome;MatrixDB;OmniPath;UniProt_keyword;UniProt_location","47c971d2fbba4ecd0ba7485d1846a74054432a0d1a97ea3e6a79ae27d0da8094","5e4142df024fd4d5d64cc667299364982a51176076ae6a69e1069425530afafa","FROZEN_BEFORE_EXPRESSION_OUTCOMES","https://zenodo.org/records/7074291|https://omnipathdb.org/intercell"
"LHB","NicheNet lr_network_human_21122021.rds unique from","NicheNet human LR network 2021-12-21; Zenodo 7074291","NICHENET_AND_OMNIPATH_MAPPED",11,29,"YES","YES","YES","YES","OMNIPATH_SECRETED_ANNOTATION","CellChatDB;Cellinker;CellPhoneDB;CellTalkDB;ComPPI;connectomeDB2020;ConnectomeDB2025;DGIdb;GO_Intercell;Guide2Pharma;HPA_secretome;HPMR;iTALK;LOCATE;LRdb;OmniPath;Ramilowski2015;talklr;UniProt_keyword;UniProt_location","47c971d2fbba4ecd0ba7485d1846a74054432a0d1a97ea3e6a79ae27d0da8094","5e4142df024fd4d5d64cc667299364982a51176076ae6a69e1069425530afafa","FROZEN_BEFORE_EXPRESSION_OUTCOMES","https://zenodo.org/records/7074291|https://omnipathdb.org/intercell"
"LIF","NicheNet lr_network_human_21122021.rds unique from","NicheNet human LR network 2021-12-21; Zenodo 7074291","NICHENET_AND_OMNIPATH_MAPPED",2,48,"YES","YES","YES","YES","OMNIPATH_SECRETED_ANNOTATION","Baccin2019;CellCall;CellChatDB;Cellinker;CellPhoneDB;CellTalkDB;ComPPI;connectomeDB2020;ConnectomeDB2025;DGIdb;EMBRACE;GO_Intercell;Guide2Pharma;HGNC;HPA_secretome;HPMR;ICELLNET;iTALK;Kirouac2010;LOCATE;LRdb;Matrisome;MatrixDB;OmniPath;Ramilowski2015;scConnect;SignaLink_function;talklr;UniProt_keyword;UniProt_location","47c971d2fbba4ecd0ba7485d1846a74054432a0d1a97ea3e6a79ae27d0da8094","5e4142df024fd4d5d64cc667299364982a51176076ae6a69e1069425530afafa","FROZEN_BEFORE_EXPRESSION_OUTCOMES","https://zenodo.org/records/7074291|https://omnipathdb.org/intercell"
"LILRA6","NicheNet lr_network_human_21122021.rds unique from","NicheNet human LR network 2021-12-21; Zenodo 7074291","NICHENET_AND_OMNIPATH_MAPPED",3,24,"NO","YES","NO","NO","NO_OMNIPATH_SECRETED_ANNOTATION","Cellinker;GO_Intercell;HGNC;LOCATE;Membranome;OmniPath;Phobius;Ramilowski_location;Surfaceome;UniProt_keyword;UniProt_location;UniProt_topology","47c971d2fbba4ecd0ba7485d1846a74054432a0d1a97ea3e6a79ae27d0da8094","5e4142df024fd4d5d64cc667299364982a51176076ae6a69e1069425530afafa","FROZEN_BEFORE_EXPRESSION_OUTCOMES","https://zenodo.org/records/7074291|https://omnipathdb.org/intercell"
"LILRB2","NicheNet lr_network_human_21122021.rds unique from","NicheNet human LR network 2021-12-21; Zenodo 7074291","NICHENET_AND_OMNIPATH_MAPPED",8,54,"NO","YES","NO","YES","NO_OMNIPATH_SECRETED_ANNOTATION","CellCellInteractions;CellChatDB;Cellinker;CellPhoneDB;CellTalkDB;ComPPI;connectomeDB2020;ConnectomeDB2025;GO_Intercell;HGNC;HPMR;ICELLNET;iTALK;LRdb;Membranome;OmniPath;Phobius;Ramilowski_location;Ramilowski2015;Surfaceome;talklr;TopDB;UniProt_keyword;UniProt_location;UniProt_topology","47c971d2fbba4ecd0ba7485d1846a74054432a0d1a97ea3e6a79ae27d0da8094","5e4142df024fd4d5d64cc667299364982a51176076ae6a69e1069425530afafa","FROZEN_BEFORE_EXPRESSION_OUTCOMES","https://zenodo.org/records/7074291|https://omnipathdb.org/intercell"
"LILRB4","NicheNet lr_network_human_21122021.rds unique from","NicheNet human LR network 2021-12-21; Zenodo 7074291","NICHENET_AND_OMNIPATH_MAPPED",2,41,"YES","YES","NO","YES","NO_OMNIPATH_SECRETED_ANNOTATION","CellCellInteractions;CellChatDB;Cellinker;CellPhoneDB;connectomeDB2020;ConnectomeDB2025;GO_Intercell;HGNC;HPMR;ICELLNET;Membranome;OmniPath;Phobius;Ramilowski_location;TopDB;UniProt_keyword;UniProt_location;UniProt_topology","47c971d2fbba4ecd0ba7485d1846a74054432a0d1a97ea3e6a79ae27d0da8094","5e4142df024fd4d5d64cc667299364982a51176076ae6a69e1069425530afafa","FROZEN_BEFORE_EXPRESSION_OUTCOMES","https://zenodo.org/records/7074291|https://omnipathdb.org/intercell"
"LIN7A","NicheNet lr_network_human_21122021.rds unique from","NicheNet human LR network 2021-12-21; Zenodo 7074291","NICHENET_AND_OMNIPATH_MAPPED",1,9,"NO","YES","NO","NO","NO_OMNIPATH_SECRETED_ANNOTATION","ComPPI;GO_Intercell;OmniPath;Ramilowski_location;UniProt_location","47c971d2fbba4ecd0ba7485d1846a74054432a0d1a97ea3e6a79ae27d0da8094","5e4142df024fd4d5d64cc667299364982a51176076ae6a69e1069425530afafa","FROZEN_BEFORE_EXPRESSION_OUTCOMES","https://zenodo.org/records/7074291|https://omnipathdb.org/intercell"
"LIN7B","NicheNet lr_network_human_21122021.rds unique from","NicheNet human LR network 2021-12-21; Zenodo 7074291","NICHENET_AND_OMNIPATH_MAPPED",2,13,"NO","YES","NO","NO","NO_OMNIPATH_SECRETED_ANNOTATION","Cellinker;ComPPI;GO_Intercell;OmniPath;Ramilowski_location;UniProt_location","47c971d2fbba4ecd0ba7485d1846a74054432a0d1a97ea3e6a79ae27d0da8094","5e4142df024fd4d5d64cc667299364982a51176076ae6a69e1069425530afafa","FROZEN_BEFORE_EXPRESSION_OUTCOMES","https://zenodo.org/records/7074291|https://omnipathdb.org/intercell"
"LIN7C","NicheNet lr_network_human_21122021.rds unique from","NicheNet human LR network 2021-12-21; Zenodo 7074291","NICHENET_AND_OMNIPATH_MAPPED",3,19,"YES","YES","YES","YES","OMNIPATH_SECRETED_ANNOTATION","Baccin2019;Cellinker;ComPPI;connectomeDB2020;GO_Intercell;OmniPath;Ramilowski_location;UniProt_location","47c971d2fbba4ecd0ba7485d1846a74054432a0d1a97ea3e6a79ae27d0da8094","5e4142df024fd4d5d64cc667299364982a51176076ae6a69e1069425530afafa","FROZEN_BEFORE_EXPRESSION_OUTCOMES","https://zenodo.org/records/7074291|https://omnipathdb.org/intercell"
"LINGO4","NicheNet lr_network_human_21122021.rds unique from","NicheNet human LR network 2021-12-21; Zenodo 7074291","NICHENET_AND_OMNIPATH_MAPPED",1,27,"YES","YES","YES","YES","OMNIPATH_SECRETED_ANNOTATION","Almen2009;Cellinker;HPMR;LOCATE;MatrixDB;Membranome;OmniPath;Phobius;Ramilowski_location;Surfaceome;UniProt_keyword;UniProt_location;UniProt_topology","47c971d2fbba4ecd0ba7485d1846a74054432a0d1a97ea3e6a79ae27d0da8094","5e4142df024fd4d5d64cc667299364982a51176076ae6a69e1069425530afafa","FROZEN_BEFORE_EXPRESSION_OUTCOMES","https://zenodo.org/records/7074291|https://omnipathdb.org/intercell"
"LIPC","NicheNet lr_network_human_21122021.rds unique from","NicheNet human LR network 2021-12-21; Zenodo 7074291","NICHENET_AND_OMNIPATH_MAPPED",1,14,"NO","YES","YES","YES","OMNIPATH_SECRETED_ANNOTATION","Cellinker;ComPPI;connectomeDB2020;ConnectomeDB2025;GO_Intercell;HPA_secretome;LOCATE;MatrixDB;OmniPath;UniProt_keyword;UniProt_location","47c971d2fbba4ecd0ba7485d1846a74054432a0d1a97ea3e6a79ae27d0da8094","5e4142df024fd4d5d64cc667299364982a51176076ae6a69e1069425530afafa","FROZEN_BEFORE_EXPRESSION_OUTCOMES","https://zenodo.org/records/7074291|https://omnipathdb.org/intercell"
"LIPH","NicheNet lr_network_human_21122021.rds unique from","NicheNet human LR network 2021-12-21; Zenodo 7074291","NICHENET_AND_OMNIPATH_MAPPED",3,20,"NO","YES","YES","YES","OMNIPATH_SECRETED_ANNOTATION","Baccin2019;Cellinker;connectomeDB2020;HPA_secretome;HPMR;LOCATE;MatrixDB;OmniPath;Phobius;UniProt_keyword;UniProt_location","47c971d2fbba4ecd0ba7485d1846a74054432a0d1a97ea3e6a79ae27d0da8094","5e4142df024fd4d5d64cc667299364982a51176076ae6a69e1069425530afafa","FROZEN_BEFORE_EXPRESSION_OUTCOMES","https://zenodo.org/records/7074291|https://omnipathdb.org/intercell"
"LOC101059948","NicheNet lr_network_human_21122021.rds unique from","NicheNet human LR network 2021-12-21; Zenodo 7074291","NICHENET_ONLY_NOT_OMNIPATH_MAPPED",1,0,"NOT_MAPPED","NOT_MAPPED","NOT_MAPPED","NOT_MAPPED",,"","47c971d2fbba4ecd0ba7485d1846a74054432a0d1a97ea3e6a79ae27d0da8094","5e4142df024fd4d5d64cc667299364982a51176076ae6a69e1069425530afafa","FROZEN_BEFORE_EXPRESSION_OUTCOMES","https://zenodo.org/records/7074291|https://omnipathdb.org/intercell"
"LPA","NicheNet lr_network_human_21122021.rds unique from","NicheNet human LR network 2021-12-21; Zenodo 7074291","NICHENET_AND_OMNIPATH_MAPPED",8,20,"YES","YES","YES","YES","OMNIPATH_SECRETED_ANNOTATION","Cellinker;CellTalkDB;ComPPI;connectomeDB2020;ConnectomeDB2025;HPA_secretome;iTALK;LOCATE;LRdb;Matrisome;OmniPath;Ramilowski2015;talklr","47c971d2fbba4ecd0ba7485d1846a74054432a0d1a97ea3e6a79ae27d0da8094","5e4142df024fd4d5d64cc667299364982a51176076ae6a69e1069425530afafa","FROZEN_BEFORE_EXPRESSION_OUTCOMES","https://zenodo.org/records/7074291|https://omnipathdb.org/intercell"
"LPL","NicheNet lr_network_human_21122021.rds unique from","NicheNet human LR network 2021-12-21; Zenodo 7074291","NICHENET_AND_OMNIPATH_MAPPED",5,25,"YES","YES","YES","YES","OMNIPATH_SECRETED_ANNOTATION","Baccin2019;Cellinker;ComPPI;connectomeDB2020;ConnectomeDB2025;HPA_secretome;LOCATE;OmniPath;Surfaceome;UniProt_keyword;UniProt_location","47c971d2fbba4ecd0ba7485d1846a74054432a0d1a97ea3e6a79ae27d0da8094","5e4142df024fd4d5d64cc667299364982a51176076ae6a69e1069425530afafa","FROZEN_BEFORE_EXPRESSION_OUTCOMES","https://zenodo.org/records/7074291|https://omnipathdb.org/intercell"
"LRCH4","NicheNet lr_network_human_21122021.rds unique from","NicheNet human LR network 2021-12-21; Zenodo 7074291","NICHENET_AND_OMNIPATH_MAPPED",1,18,"NO","NO","NO","NO","NO_OMNIPATH_SECRETED_ANNOTATION","Almen2009;ComPPI;GO_Intercell;LOCATE;Membranome;OmniPath;Phobius;Ramilowski_location;UniProt_keyword;UniProt_location;UniProt_topology","47c971d2fbba4ecd0ba7485d1846a74054432a0d1a97ea3e6a79ae27d0da8094","5e4142df024fd4d5d64cc667299364982a51176076ae6a69e1069425530afafa","FROZEN_BEFORE_EXPRESSION_OUTCOMES","https://zenodo.org/records/7074291|https://omnipathdb.org/intercell"
"LRFN1","NicheNet lr_network_human_21122021.rds unique from","NicheNet human LR network 2021-12-21; Zenodo 7074291","NICHENET_AND_OMNIPATH_MAPPED",1,27,"YES","YES","NO","NO","NO_OMNIPATH_SECRETED_ANNOTATION","Almen2009;Cellinker;CSPA;HGNC;ICELLNET;Membranome;OmniPath;Phobius;Ramilowski_location;Surfaceome;UniProt_keyword;UniProt_location;UniProt_topology;Zhong2015","47c971d2fbba4ecd0ba7485d1846a74054432a0d1a97ea3e6a79ae27d0da8094","5e4142df024fd4d5d64cc667299364982a51176076ae6a69e1069425530afafa","FROZEN_BEFORE_EXPRESSION_OUTCOMES","https://zenodo.org/records/7074291|https://omnipathdb.org/intercell"
"LRFN3","NicheNet lr_network_human_21122021.rds unique from","NicheNet human LR network 2021-12-21; Zenodo 7074291","NICHENET_AND_OMNIPATH_MAPPED",1,35,"YES","YES","NO","NO","NO_OMNIPATH_SECRETED_ANNOTATION","Almen2009;Cellinker;connectomeDB2020;ConnectomeDB2025;HGNC;ICELLNET;Membranome;OmniPath;Phobius;Ramilowski_location;Surfaceome;UniProt_keyword;UniProt_location;UniProt_topology;Zhong2015","47c971d2fbba4ecd0ba7485d1846a74054432a0d1a97ea3e6a79ae27d0da8094","5e4142df024fd4d5d64cc667299364982a51176076ae6a69e1069425530afafa","FROZEN_BEFORE_EXPRESSION_OUTCOMES","https://zenodo.org/records/7074291|https://omnipathdb.org/intercell"
"LRFN4","NicheNet lr_network_human_21122021.rds unique from","NicheNet human LR network 2021-12-21; Zenodo 7074291","NICHENET_AND_OMNIPATH_MAPPED",2,33,"YES","YES","NO","NO","NO_OMNIPATH_SECRETED_ANNOTATION","Almen2009;CellChatDB;Cellinker;CellPhoneDB;ConnectomeDB2025;HGNC;ICELLNET;Membranome;OmniPath;Phobius;Ramilowski_location;Surfaceome;UniProt_keyword;UniProt_location;UniProt_topology;Zhong2015","47c971d2fbba4ecd0ba7485d1846a74054432a0d1a97ea3e6a79ae27d0da8094","5e4142df024fd4d5d64cc667299364982a51176076ae6a69e1069425530afafa","FROZEN_BEFORE_EXPRESSION_OUTCOMES","https://zenodo.org/records/7074291|https://omnipathdb.org/intercell"
"LRFN5","NicheNet lr_network_human_21122021.rds unique from","NicheNet human LR network 2021-12-21; Zenodo 7074291","NICHENET_AND_OMNIPATH_MAPPED",5,38,"YES","YES","YES","YES","OMNIPATH_SECRETED_ANNOTATION","CellChatDB;Cellinker;CellPhoneDB;connectomeDB2020;ConnectomeDB2025;HGNC;ICELLNET;Membranome;OmniPath;Phobius;Ramilowski_location;Surfaceome;TopDB;UniProt_keyword;UniProt_location;UniProt_topology;Zhong2015","47c971d2fbba4ecd0ba7485d1846a74054432a0d1a97ea3e6a79ae27d0da8094","5e4142df024fd4d5d64cc667299364982a51176076ae6a69e1069425530afafa","FROZEN_BEFORE_EXPRESSION_OUTCOMES","https://zenodo.org/records/7074291|https://omnipathdb.org/intercell"
"LRIG1","NicheNet lr_network_human_21122021.rds unique from","NicheNet human LR network 2021-12-21; Zenodo 7074291","NICHENET_AND_OMNIPATH_MAPPED",6,27,"YES","YES","NO","YES","NO_OMNIPATH_SECRETED_ANNOTATION","Cellinker;CellTalkDB;ComPPI;ConnectomeDB2025;MatrixDB;Membranome;OmniPath;Phobius;Ramilowski_location;Surfaceome;TopDB;UniProt_keyword;UniProt_location;UniProt_topology","47c971d2fbba4ecd0ba7485d1846a74054432a0d1a97ea3e6a79ae27d0da8094","5e4142df024fd4d5d64cc667299364982a51176076ae6a69e1069425530afafa","FROZEN_BEFORE_EXPRESSION_OUTCOMES","https://zenodo.org/records/7074291|https://omnipathdb.org/intercell"
"LRIG2","NicheNet lr_network_human_21122021.rds unique from","NicheNet human LR network 2021-12-21; Zenodo 7074291","NICHENET_AND_OMNIPATH_MAPPED",1,28,"YES","YES","NO","YES","NO_OMNIPATH_SECRETED_ANNOTATION","Almen2009;CellTalkDB;ComPPI;ConnectomeDB2025;GO_Intercell;LOCATE;MatrixDB;Membranome;OmniPath;Phobius;Ramilowski_location;Surfaceome;UniProt_keyword;UniProt_location;UniProt_topology","47c971d2fbba4ecd0ba7485d1846a74054432a0d1a97ea3e6a79ae27d0da8094","5e4142df024fd4d5d64cc667299364982a51176076ae6a69e1069425530afafa","FROZEN_BEFORE_EXPRESSION_OUTCOMES","https://zenodo.org/records/7074291|https://omnipathdb.org/intercell"
"LRIT1","NicheNet lr_network_human_21122021.rds unique from","NicheNet human LR network 2021-12-21; Zenodo 7074291","NICHENET_AND_OMNIPATH_MAPPED",2,20,"NO","YES","NO","NO","NO_OMNIPATH_SECRETED_ANNOTATION","Almen2009;Cellinker;GO_Intercell;LOCATE;OmniPath;Phobius;Ramilowski_location;Surfaceome;UniProt_keyword;UniProt_location;UniProt_topology","47c971d2fbba4ecd0ba7485d1846a74054432a0d1a97ea3e6a79ae27d0da8094","5e4142df024fd4d5d64cc667299364982a51176076ae6a69e1069425530afafa","FROZEN_BEFORE_EXPRESSION_OUTCOMES","https://zenodo.org/records/7074291|https://omnipathdb.org/intercell"
"LRIT2","NicheNet lr_network_human_21122021.rds unique from","NicheNet human LR network 2021-12-21; Zenodo 7074291","NICHENET_AND_OMNIPATH_MAPPED",2,15,"NO","YES","NO","NO","NO_OMNIPATH_SECRETED_ANNOTATION","Cellinker;Membranome;OmniPath;Phobius;Ramilowski_location;Surfaceome;UniProt_keyword;UniProt_location;UniProt_topology","47c971d2fbba4ecd0ba7485d1846a74054432a0d1a97ea3e6a79ae27d0da8094","5e4142df024fd4d5d64cc667299364982a51176076ae6a69e1069425530afafa","FROZEN_BEFORE_EXPRESSION_OUTCOMES","https://zenodo.org/records/7074291|https://omnipathdb.org/intercell"
"LRP1B","NicheNet lr_network_human_21122021.rds unique from","NicheNet human LR network 2021-12-21; Zenodo 7074291","NICHENET_AND_OMNIPATH_MAPPED",1,23,"NO","NO","YES","YES","OMNIPATH_SECRETED_ANNOTATION","CellCellInteractions;Cellinker;ComPPI;ConnectomeDB2025;CSPA;HGNC;Membranome;OmniPath;Phobius;Ramilowski_location;Surfaceome;UniProt_keyword;UniProt_location;UniProt_topology","47c971d2fbba4ecd0ba7485d1846a74054432a0d1a97ea3e6a79ae27d0da8094","5e4142df024fd4d5d64cc667299364982a51176076ae6a69e1069425530afafa","FROZEN_BEFORE_EXPRESSION_OUTCOMES","https://zenodo.org/records/7074291|https://omnipathdb.org/intercell"
"LRPAP1","NicheNet lr_network_human_21122021.rds unique from","NicheNet human LR network 2021-12-21; Zenodo 7074291","NICHENET_AND_OMNIPATH_MAPPED",3,16,"YES","YES","YES","YES","OMNIPATH_SECRETED_ANNOTATION","Cellinker;ComPPI;connectomeDB2020;ConnectomeDB2025;GO_Intercell;OmniPath;UniProt_location","47c971d2fbba4ecd0ba7485d1846a74054432a0d1a97ea3e6a79ae27d0da8094","5e4142df024fd4d5d64cc667299364982a51176076ae6a69e1069425530afafa","FROZEN_BEFORE_EXPRESSION_OUTCOMES","https://zenodo.org/records/7074291|https://omnipathdb.org/intercell"
"LRRC4","NicheNet lr_network_human_21122021.rds unique from","NicheNet human LR network 2021-12-21; Zenodo 7074291","NICHENET_AND_OMNIPATH_MAPPED",3,40,"YES","YES","NO","YES","NO_OMNIPATH_SECRETED_ANNOTATION","Baccin2019;CellCellInteractions;CellChatDB;Cellinker;CellTalkDB;ComPPI;connectomeDB2020;ConnectomeDB2025;EMBRACE;HGNC;iTALK;LRdb;Membranome;OmniPath;Phobius;Ramilowski_location;Ramilowski2015;Surfaceome;talklr;TopDB;UniProt_keyword;UniProt_location;UniProt_topology","47c971d2fbba4ecd0ba7485d1846a74054432a0d1a97ea3e6a79ae27d0da8094","5e4142df024fd4d5d64cc667299364982a51176076ae6a69e1069425530afafa","FROZEN_BEFORE_EXPRESSION_OUTCOMES","https://zenodo.org/records/7074291|https://omnipathdb.org/intercell"
"LRRC4B","NicheNet lr_network_human_21122021.rds unique from","NicheNet human LR network 2021-12-21; Zenodo 7074291","NICHENET_AND_OMNIPATH_MAPPED",7,45,"YES","YES","YES","YES","OMNIPATH_SECRETED_ANNOTATION","Almen2009;Baccin2019;CellCellInteractions;CellChatDB;Cellinker;CellPhoneDB;ComPPI;connectomeDB2020;ConnectomeDB2025;CSPA;HGNC;HPMR;Membranome;OmniPath;Phobius;Ramilowski_location;Surfaceome;UniProt_keyword;UniProt_location;UniProt_topology","47c971d2fbba4ecd0ba7485d1846a74054432a0d1a97ea3e6a79ae27d0da8094","5e4142df024fd4d5d64cc667299364982a51176076ae6a69e1069425530afafa","FROZEN_BEFORE_EXPRESSION_OUTCOMES","https://zenodo.org/records/7074291|https://omnipathdb.org/intercell"
"LRRC4C","NicheNet lr_network_human_21122021.rds unique from","NicheNet human LR network 2021-12-21; Zenodo 7074291","NICHENET_AND_OMNIPATH_MAPPED",10,46,"YES","YES","NO","YES","NO_OMNIPATH_SECRETED_ANNOTATION","Almen2009;CellChatDB;Cellinker;CellPhoneDB;CellTalkDB;ComPPI;connectomeDB2020;ConnectomeDB2025;EMBRACE;HGNC;HPMR;iTALK;LRdb;Membranome;OmniPath;Phobius;Ramilowski_location;Ramilowski2015;Surfaceome;talklr;TopDB;UniProt_keyword;UniProt_location;UniProt_topology","47c971d2fbba4ecd0ba7485d1846a74054432a0d1a97ea3e6a79ae27d0da8094","5e4142df024fd4d5d64cc667299364982a51176076ae6a69e1069425530afafa","FROZEN_BEFORE_EXPRESSION_OUTCOMES","https://zenodo.org/records/7074291|https://omnipathdb.org/intercell"
"LRRC52","NicheNet lr_network_human_21122021.rds unique from","NicheNet human LR network 2021-12-21; Zenodo 7074291","NICHENET_AND_OMNIPATH_MAPPED",2,24,"NO","YES","NO","YES","NO_OMNIPATH_SECRETED_ANNOTATION","Almen2009;Cellinker;DGIdb;Membranome;OmniPath;Phobius;Ramilowski_location;Surfaceome;UniProt_keyword;UniProt_location;UniProt_topology","47c971d2fbba4ecd0ba7485d1846a74054432a0d1a97ea3e6a79ae27d0da8094","5e4142df024fd4d5d64cc667299364982a51176076ae6a69e1069425530afafa","FROZEN_BEFORE_EXPRESSION_OUTCOMES","https://zenodo.org/records/7074291|https://omnipathdb.org/intercell"
"LRRN1","NicheNet lr_network_human_21122021.rds unique from","NicheNet human LR network 2021-12-21; Zenodo 7074291","NICHENET_AND_OMNIPATH_MAPPED",3,24,"NO","YES","NO","NO","NO_OMNIPATH_SECRETED_ANNOTATION","Almen2009;Cellinker;CSPA;MatrixDB;Membranome;OmniPath;Phobius;Ramilowski_location;Surfaceome;UniProt_keyword;UniProt_location;UniProt_topology;Zhong2015","47c971d2fbba4ecd0ba7485d1846a74054432a0d1a97ea3e6a79ae27d0da8094","5e4142df024fd4d5d64cc667299364982a51176076ae6a69e1069425530afafa","FROZEN_BEFORE_EXPRESSION_OUTCOMES","https://zenodo.org/records/7074291|https://omnipathdb.org/intercell"
"LRRN2","NicheNet lr_network_human_21122021.rds unique from","NicheNet human LR network 2021-12-21; Zenodo 7074291","NICHENET_AND_OMNIPATH_MAPPED",1,25,"NO","YES","NO","YES","NO_OMNIPATH_SECRETED_ANNOTATION","Almen2009;CellCellInteractions;Cellinker;MatrixDB;Membranome;OmniPath;Phobius;Ramilowski_location;Surfaceome;UniProt_keyword;UniProt_location;UniProt_topology;Zhong2015","47c971d2fbba4ecd0ba7485d1846a74054432a0d1a97ea3e6a79ae27d0da8094","5e4142df024fd4d5d64cc667299364982a51176076ae6a69e1069425530afafa","FROZEN_BEFORE_EXPRESSION_OUTCOMES","https://zenodo.org/records/7074291|https://omnipathdb.org/intercell"
"LRRTM2","NicheNet lr_network_human_21122021.rds unique from","NicheNet human LR network 2021-12-21; Zenodo 7074291","NICHENET_AND_OMNIPATH_MAPPED",8,31,"YES","YES","NO","YES","NO_OMNIPATH_SECRETED_ANNOTATION","Almen2009;CellChatDB;Cellinker;CellPhoneDB;ConnectomeDB2025;Membranome;OmniPath;Phobius;Ramilowski_location;Surfaceome;TopDB;UniProt_keyword;UniProt_location;UniProt_topology","47c971d2fbba4ecd0ba7485d1846a74054432a0d1a97ea3e6a79ae27d0da8094","5e4142df024fd4d5d64cc667299364982a51176076ae6a69e1069425530afafa","FROZEN_BEFORE_EXPRESSION_OUTCOMES","https://zenodo.org/records/7074291|https://omnipathdb.org/intercell"
"LRRTM3","NicheNet lr_network_human_21122021.rds unique from","NicheNet human LR network 2021-12-21; Zenodo 7074291","NICHENET_AND_OMNIPATH_MAPPED",2,27,"YES","YES","NO","YES","NO_OMNIPATH_SECRETED_ANNOTATION","CellChatDB;Cellinker;CellPhoneDB;ComPPI;ConnectomeDB2025;Membranome;OmniPath;Phobius;Ramilowski_location;Surfaceome;UniProt_keyword;UniProt_location;UniProt_topology","47c971d2fbba4ecd0ba7485d1846a74054432a0d1a97ea3e6a79ae27d0da8094","5e4142df024fd4d5d64cc667299364982a51176076ae6a69e1069425530afafa","FROZEN_BEFORE_EXPRESSION_OUTCOMES","https://zenodo.org/records/7074291|https://omnipathdb.org/intercell"
"LRTM2","NicheNet lr_network_human_21122021.rds unique from","NicheNet human LR network 2021-12-21; Zenodo 7074291","NICHENET_AND_OMNIPATH_MAPPED",1,18,"NO","YES","NO","NO","NO_OMNIPATH_SECRETED_ANNOTATION","Almen2009;Cellinker;Membranome;OmniPath;Phobius;Ramilowski_location;Surfaceome;UniProt_keyword;UniProt_location;UniProt_topology","47c971d2fbba4ecd0ba7485d1846a74054432a0d1a97ea3e6a79ae27d0da8094","5e4142df024fd4d5d64cc667299364982a51176076ae6a69e1069425530afafa","FROZEN_BEFORE_EXPRESSION_OUTCOMES","https://zenodo.org/records/7074291|https://omnipathdb.org/intercell"
"LSAMP","NicheNet lr_network_human_21122021.rds unique from","NicheNet human LR network 2021-12-21; Zenodo 7074291","NICHENET_AND_OMNIPATH_MAPPED",2,33,"NO","YES","NO","YES","NO_OMNIPATH_SECRETED_ANNOTATION","Almen2009;Cellinker;ComPPI;CSPA;GO_Intercell;HGNC;MatrixDB;MCAM;OmniPath;Phobius;Surfaceome;TopDB;UniProt_location;Zhong2015","47c971d2fbba4ecd0ba7485d1846a74054432a0d1a97ea3e6a79ae27d0da8094","5e4142df024fd4d5d64cc667299364982a51176076ae6a69e1069425530afafa","FROZEN_BEFORE_EXPRESSION_OUTCOMES","https://zenodo.org/records/7074291|https://omnipathdb.org/intercell"
"LTA","NicheNet lr_network_human_21122021.rds unique from","NicheNet human LR network 2021-12-21; Zenodo 7074291","NICHENET_AND_OMNIPATH_MAPPED",4,44,"YES","YES","YES","YES","OMNIPATH_SECRETED_ANNOTATION","Baccin2019;CellCall;CellChatDB;Cellinker;CellPhoneDB;CellTalkDB;connectomeDB2020;ConnectomeDB2025;EMBRACE;GO_Intercell;Guide2Pharma;HGNC;HPA_secretome;ICELLNET;iTALK;Kirouac2010;LOCATE;LRdb;Matrisome;OmniPath;Ramilowski2015;scConnect;talklr;UniProt_keyword;UniProt_location","47c971d2fbba4ecd0ba7485d1846a74054432a0d1a97ea3e6a79ae27d0da8094","5e4142df024fd4d5d64cc667299364982a51176076ae6a69e1069425530afafa","FROZEN_BEFORE_EXPRESSION_OUTCOMES","https://zenodo.org/records/7074291|https://omnipathdb.org/intercell"
"LTB","NicheNet lr_network_human_21122021.rds unique from","NicheNet human LR network 2021-12-21; Zenodo 7074291","NICHENET_AND_OMNIPATH_MAPPED",3,47,"YES","YES","YES","YES","OMNIPATH_SECRETED_ANNOTATION","Almen2009;Baccin2019;Cellinker;CellPhoneDB;CellTalkDB;ComPPI;connectomeDB2020;ConnectomeDB2025;EMBRACE;GO_Intercell;Guide2Pharma;HGNC;ICELLNET;iTALK;LOCATE;LRdb;Matrisome;OmniPath;Phobius;Ramilowski_location;Ramilowski2015;talklr;TopDB;UniProt_keyword;UniProt_location;UniProt_topology","47c971d2fbba4ecd0ba7485d1846a74054432a0d1a97ea3e6a79ae27d0da8094","5e4142df024fd4d5d64cc667299364982a51176076ae6a69e1069425530afafa","FROZEN_BEFORE_EXPRESSION_OUTCOMES","https://zenodo.org/records/7074291|https://omnipathdb.org/intercell"
"LTBP1","NicheNet lr_network_human_21122021.rds unique from","NicheNet human LR network 2021-12-21; Zenodo 7074291","NICHENET_AND_OMNIPATH_MAPPED",1,27,"YES","YES","YES","YES","OMNIPATH_SECRETED_ANNOTATION","CellCellInteractions;CellChatDB;Cellinker;ComPPI;connectomeDB2020;ConnectomeDB2025;GO_Intercell;HGNC;HPA_secretome;LOCATE;Matrisome;MatrixDB;OmniPath;UniProt_keyword;UniProt_location","47c971d2fbba4ecd0ba7485d1846a74054432a0d1a97ea3e6a79ae27d0da8094","5e4142df024fd4d5d64cc667299364982a51176076ae6a69e1069425530afafa","FROZEN_BEFORE_EXPRESSION_OUTCOMES","https://zenodo.org/records/7074291|https://omnipathdb.org/intercell"
"LTBP3","NicheNet lr_network_human_21122021.rds unique from","NicheNet human LR network 2021-12-21; Zenodo 7074291","NICHENET_AND_OMNIPATH_MAPPED",1,31,"YES","YES","YES","YES","OMNIPATH_SECRETED_ANNOTATION","Cellinker;CellTalkDB;ComPPI;connectomeDB2020;ConnectomeDB2025;EMBRACE;GO_Intercell;HGNC;HPA_secretome;iTALK;LOCATE;LRdb;Matrisome;OmniPath;Ramilowski2015;talklr;UniProt_keyword;UniProt_location","47c971d2fbba4ecd0ba7485d1846a74054432a0d1a97ea3e6a79ae27d0da8094","5e4142df024fd4d5d64cc667299364982a51176076ae6a69e1069425530afafa","FROZEN_BEFORE_EXPRESSION_OUTCOMES","https://zenodo.org/records/7074291|https://omnipathdb.org/intercell"
"LTF","NicheNet lr_network_human_21122021.rds unique from","NicheNet human LR network 2021-12-21; Zenodo 7074291","NICHENET_AND_OMNIPATH_MAPPED",11,17,"NO","NO","YES","YES","OMNIPATH_SECRETED_ANNOTATION","Baccin2019;Cellinker;ComPPI;connectomeDB2020;ConnectomeDB2025;GO_Intercell;HPA_secretome;HPMR;LOCATE;OmniPath;UniProt_keyword;UniProt_location","47c971d2fbba4ecd0ba7485d1846a74054432a0d1a97ea3e6a79ae27d0da8094","5e4142df024fd4d5d64cc667299364982a51176076ae6a69e1069425530afafa","FROZEN_BEFORE_EXPRESSION_OUTCOMES","https://zenodo.org/records/7074291|https://omnipathdb.org/intercell"
"LUM","NicheNet lr_network_human_21122021.rds unique from","NicheNet human LR network 2021-12-21; Zenodo 7074291","NICHENET_AND_OMNIPATH_MAPPED",1,19,"YES","YES","YES","YES","OMNIPATH_SECRETED_ANNOTATION","CellCellInteractions;CellTalkDB;ConnectomeDB2025;GO_Intercell;HGNC;HPA_secretome;LOCATE;Matrisome;MatrixDB;OmniPath;UniProt_keyword;UniProt_location","47c971d2fbba4ecd0ba7485d1846a74054432a0d1a97ea3e6a79ae27d0da8094","5e4142df024fd4d5d64cc667299364982a51176076ae6a69e1069425530afafa","FROZEN_BEFORE_EXPRESSION_OUTCOMES","https://zenodo.org/records/7074291|https://omnipathdb.org/intercell"
"LVRN","NicheNet lr_network_human_21122021.rds unique from","NicheNet human LR network 2021-12-21; Zenodo 7074291","NICHENET_AND_OMNIPATH_MAPPED",1,16,"NO","YES","NO","NO","NO_OMNIPATH_SECRETED_ANNOTATION","Cellinker;ComPPI;LOCATE;OmniPath;UniProt_keyword;UniProt_location;UniProt_topology","47c971d2fbba4ecd0ba7485d1846a74054432a0d1a97ea3e6a79ae27d0da8094","5e4142df024fd4d5d64cc667299364982a51176076ae6a69e1069425530afafa","FROZEN_BEFORE_EXPRESSION_OUTCOMES","https://zenodo.org/records/7074291|https://omnipathdb.org/intercell"
"LY6G5C","NicheNet lr_network_human_21122021.rds unique from","NicheNet human LR network 2021-12-21; Zenodo 7074291","NICHENET_AND_OMNIPATH_MAPPED",1,18,"YES","YES","YES","YES","OMNIPATH_SECRETED_ANNOTATION","Almen2009;DGIdb;EMBRACE;HPA_secretome;iTALK;MatrixDB;OmniPath;Phobius;Ramilowski_location;UniProt_keyword;UniProt_location","47c971d2fbba4ecd0ba7485d1846a74054432a0d1a97ea3e6a79ae27d0da8094","5e4142df024fd4d5d64cc667299364982a51176076ae6a69e1069425530afafa","FROZEN_BEFORE_EXPRESSION_OUTCOMES","https://zenodo.org/records/7074291|https://omnipathdb.org/intercell"
"LY6G6F","NicheNet lr_network_human_21122021.rds unique from","NicheNet human LR network 2021-12-21; Zenodo 7074291","NICHENET_AND_OMNIPATH_MAPPED",7,22,"NO","YES","NO","NO","NO_OMNIPATH_SECRETED_ANNOTATION","Cellinker;GO_Intercell;LOCATE;Membranome;OmniPath;Phobius;Ramilowski_location;Surfaceome;TopDB;UniProt_keyword;UniProt_location;UniProt_topology","47c971d2fbba4ecd0ba7485d1846a74054432a0d1a97ea3e6a79ae27d0da8094","5e4142df024fd4d5d64cc667299364982a51176076ae6a69e1069425530afafa","FROZEN_BEFORE_EXPRESSION_OUTCOMES","https://zenodo.org/records/7074291|https://omnipathdb.org/intercell"
"LY86","NicheNet lr_network_human_21122021.rds unique from","NicheNet human LR network 2021-12-21; Zenodo 7074291","NICHENET_AND_OMNIPATH_MAPPED",1,11,"NO","YES","YES","YES","OMNIPATH_SECRETED_ANNOTATION","connectomeDB2020;HPA_secretome;LOCATE;MatrixDB;OmniPath;UniProt_keyword;UniProt_location","47c971d2fbba4ecd0ba7485d1846a74054432a0d1a97ea3e6a79ae27d0da8094","5e4142df024fd4d5d64cc667299364982a51176076ae6a69e1069425530afafa","FROZEN_BEFORE_EXPRESSION_OUTCOMES","https://zenodo.org/records/7074291|https://omnipathdb.org/intercell"
"LY9","NicheNet lr_network_human_21122021.rds unique from","NicheNet human LR network 2021-12-21; Zenodo 7074291","NICHENET_AND_OMNIPATH_MAPPED",1,38,"YES","YES","YES","YES","OMNIPATH_SECRETED_ANNOTATION","CellCellInteractions;Cellinker;ComPPI;connectomeDB2020;ConnectomeDB2025;CSPA;DGIdb;ICELLNET;LOCATE;Membranome;OmniPath;Phobius;Ramilowski_location;Surfaceome;TopDB;UniProt_keyword;UniProt_location;UniProt_topology","47c971d2fbba4ecd0ba7485d1846a74054432a0d1a97ea3e6a79ae27d0da8094","5e4142df024fd4d5d64cc667299364982a51176076ae6a69e1069425530afafa","FROZEN_BEFORE_EXPRESSION_OUTCOMES","https://zenodo.org/records/7074291|https://omnipathdb.org/intercell"
"LYPD6","NicheNet lr_network_human_21122021.rds unique from","NicheNet human LR network 2021-12-21; Zenodo 7074291","NICHENET_AND_OMNIPATH_MAPPED",1,20,"NO","YES","YES","YES","OMNIPATH_SECRETED_ANNOTATION","Cellinker;ComPPI;GO_Intercell;HPA_secretome;MatrixDB;OmniPath;UniProt_keyword;UniProt_location","47c971d2fbba4ecd0ba7485d1846a74054432a0d1a97ea3e6a79ae27d0da8094","5e4142df024fd4d5d64cc667299364982a51176076ae6a69e1069425530afafa","FROZEN_BEFORE_EXPRESSION_OUTCOMES","https://zenodo.org/records/7074291|https://omnipathdb.org/intercell"
"LYZ","NicheNet lr_network_human_21122021.rds unique from","NicheNet human LR network 2021-12-21; Zenodo 7074291","NICHENET_AND_OMNIPATH_MAPPED",1,10,"NO","NO","YES","YES","OMNIPATH_SECRETED_ANNOTATION","ComPPI;GO_Intercell;HGNC;HPA_secretome;LOCATE;OmniPath;UniProt_keyword;UniProt_location","47c971d2fbba4ecd0ba7485d1846a74054432a0d1a97ea3e6a79ae27d0da8094","5e4142df024fd4d5d64cc667299364982a51176076ae6a69e1069425530afafa","FROZEN_BEFORE_EXPRESSION_OUTCOMES","https://zenodo.org/records/7074291|https://omnipathdb.org/intercell"
"MADCAM1","NicheNet lr_network_human_21122021.rds unique from","NicheNet human LR network 2021-12-21; Zenodo 7074291","NICHENET_AND_OMNIPATH_MAPPED",4,37,"YES","YES","NO","YES","NO_OMNIPATH_SECRETED_ANNOTATION","CellCellInteractions;CellChatDB;Cellinker;CellPhoneDB;connectomeDB2020;ConnectomeDB2025;HGNC;HPMR;LOCATE;MCAM;Membranome;OmniPath;Phobius;Ramilowski_location;TopDB;UniProt_keyword;UniProt_location;UniProt_topology;Zhong2015","47c971d2fbba4ecd0ba7485d1846a74054432a0d1a97ea3e6a79ae27d0da8094","5e4142df024fd4d5d64cc667299364982a51176076ae6a69e1069425530afafa","FROZEN_BEFORE_EXPRESSION_OUTCOMES","https://zenodo.org/records/7074291|https://omnipathdb.org/intercell"
"MAG","NicheNet lr_network_human_21122021.rds unique from","NicheNet human LR network 2021-12-21; Zenodo 7074291","NICHENET_AND_OMNIPATH_MAPPED",1,38,"YES","YES","YES","YES","OMNIPATH_SECRETED_ANNOTATION","Almen2009;Baccin2019;CellChatDB;Cellinker;connectomeDB2020;ConnectomeDB2025;LOCATE;Membranome;OmniPath;Phobius;Ramilowski_location;Surfaceome;TopDB;UniProt_keyword;UniProt_location;UniProt_topology;Zhong2015","47c971d2fbba4ecd0ba7485d1846a74054432a0d1a97ea3e6a79ae27d0da8094","5e4142df024fd4d5d64cc667299364982a51176076ae6a69e1069425530afafa","FROZEN_BEFORE_EXPRESSION_OUTCOMES","https://zenodo.org/records/7074291|https://omnipathdb.org/intercell"
"MANSC1","NicheNet lr_network_human_21122021.rds unique from","NicheNet human LR network 2021-12-21; Zenodo 7074291","NICHENET_AND_OMNIPATH_MAPPED",1,21,"YES","YES","NO","NO","NO_OMNIPATH_SECRETED_ANNOTATION","Almen2009;ComPPI;GO_Intercell;Membranome;OmniPath;Phobius;Ramilowski_location;scConnect;Surfaceome;UniProt_keyword;UniProt_location;UniProt_topology","47c971d2fbba4ecd0ba7485d1846a74054432a0d1a97ea3e6a79ae27d0da8094","5e4142df024fd4d5d64cc667299364982a51176076ae6a69e1069425530afafa","FROZEN_BEFORE_EXPRESSION_OUTCOMES","https://zenodo.org/records/7074291|https://omnipathdb.org/intercell"
"MATN1","NicheNet lr_network_human_21122021.rds unique from","NicheNet human LR network 2021-12-21; Zenodo 7074291","NICHENET_AND_OMNIPATH_MAPPED",2,15,"NO","YES","YES","YES","OMNIPATH_SECRETED_ANNOTATION","Cellinker;connectomeDB2020;ConnectomeDB2025;GO_Intercell;HGNC;HPA_secretome;LOCATE;Matrisome;OmniPath;Ramilowski_location;UniProt_keyword;UniProt_location","47c971d2fbba4ecd0ba7485d1846a74054432a0d1a97ea3e6a79ae27d0da8094","5e4142df024fd4d5d64cc667299364982a51176076ae6a69e1069425530afafa","FROZEN_BEFORE_EXPRESSION_OUTCOMES","https://zenodo.org/records/7074291|https://omnipathdb.org/intercell"
"MBL2","NicheNet lr_network_human_21122021.rds unique from","NicheNet human LR network 2021-12-21; Zenodo 7074291","NICHENET_AND_OMNIPATH_MAPPED",4,18,"NO","YES","YES","YES","OMNIPATH_SECRETED_ANNOTATION","Baccin2019;Cellinker;connectomeDB2020;ConnectomeDB2025;DGIdb;GO_Intercell;HGNC;HPA_secretome;MatrixDB;OmniPath;UniProt_keyword;UniProt_location","47c971d2fbba4ecd0ba7485d1846a74054432a0d1a97ea3e6a79ae27d0da8094","5e4142df024fd4d5d64cc667299364982a51176076ae6a69e1069425530afafa","FROZEN_BEFORE_EXPRESSION_OUTCOMES","https://zenodo.org/records/7074291|https://omnipathdb.org/intercell"
"MCAM","NicheNet lr_network_human_21122021.rds unique from","NicheNet human LR network 2021-12-21; Zenodo 7074291","NICHENET_AND_OMNIPATH_MAPPED",4,52,"YES","YES","NO","YES","NO_OMNIPATH_SECRETED_ANNOTATION","Almen2009;Baccin2019;CellChatDB;Cellinker;CellPhoneDB;CellTalkDB;connectomeDB2020;ConnectomeDB2025;CSPA;DGIdb;EMBRACE;HGNC;ICELLNET;iTALK;LRdb;MCAM;Membranome;OmniPath;Phobius;Ramilowski_location;Ramilowski2015;scConnect;Surfaceome;talklr;TopDB;UniProt_keyword;UniProt_location;UniProt_topology;Zhong2015","47c971d2fbba4ecd0ba7485d1846a74054432a0d1a97ea3e6a79ae27d0da8094","5e4142df024fd4d5d64cc667299364982a51176076ae6a69e1069425530afafa","FROZEN_BEFORE_EXPRESSION_OUTCOMES","https://zenodo.org/records/7074291|https://omnipathdb.org/intercell"
"MDK","NicheNet lr_network_human_21122021.rds unique from","NicheNet human LR network 2021-12-21; Zenodo 7074291","NICHENET_AND_OMNIPATH_MAPPED",14,39,"YES","YES","YES","YES","OMNIPATH_SECRETED_ANNOTATION","Baccin2019;CellChatDB;Cellinker;CellPhoneDB;CellTalkDB;ComPPI;connectomeDB2020;ConnectomeDB2025;DGIdb;EMBRACE;GO_Intercell;HPA_secretome;HPMR;ICELLNET;iTALK;LOCATE;LRdb;Matrisome;OmniPath;Ramilowski2015;SignaLink_function;talklr;UniProt_keyword;UniProt_location","47c971d2fbba4ecd0ba7485d1846a74054432a0d1a97ea3e6a79ae27d0da8094","5e4142df024fd4d5d64cc667299364982a51176076ae6a69e1069425530afafa","FROZEN_BEFORE_EXPRESSION_OUTCOMES","https://zenodo.org/records/7074291|https://omnipathdb.org/intercell"
"MEGF10","NicheNet lr_network_human_21122021.rds unique from","NicheNet human LR network 2021-12-21; Zenodo 7074291","NICHENET_AND_OMNIPATH_MAPPED",1,35,"YES","YES","YES","YES","OMNIPATH_SECRETED_ANNOTATION","Almen2009;CellTalkDB;HGNC;Matrisome;Membranome;OmniPath;Phobius;Ramilowski_location;Surfaceome;UniProt_keyword;UniProt_location;UniProt_topology;Zhong2015","47c971d2fbba4ecd0ba7485d1846a74054432a0d1a97ea3e6a79ae27d0da8094","5e4142df024fd4d5d64cc667299364982a51176076ae6a69e1069425530afafa","FROZEN_BEFORE_EXPRESSION_OUTCOMES","https://zenodo.org/records/7074291|https://omnipathdb.org/intercell"
"MELTF","NicheNet lr_network_human_21122021.rds unique from","NicheNet human LR network 2021-12-21; Zenodo 7074291","NICHENET_AND_OMNIPATH_MAPPED",1,17,"YES","YES","NO","YES","NO_OMNIPATH_SECRETED_ANNOTATION","CellCellInteractions;connectomeDB2020;ConnectomeDB2025;CSPA;GO_Intercell;LOCATE;OmniPath;Surfaceome;UniProt_location","47c971d2fbba4ecd0ba7485d1846a74054432a0d1a97ea3e6a79ae27d0da8094","5e4142df024fd4d5d64cc667299364982a51176076ae6a69e1069425530afafa","FROZEN_BEFORE_EXPRESSION_OUTCOMES","https://zenodo.org/records/7074291|https://omnipathdb.org/intercell"
"MFAP2","NicheNet lr_network_human_21122021.rds unique from","NicheNet human LR network 2021-12-21; Zenodo 7074291","NICHENET_AND_OMNIPATH_MAPPED",1,23,"YES","YES","YES","YES","OMNIPATH_SECRETED_ANNOTATION","CellCellInteractions;Cellinker;CellTalkDB;ConnectomeDB2025;GO_Intercell;HPA_secretome;iTALK;LOCATE;LRdb;Matrisome;MatrixDB;OmniPath;Ramilowski_location;Ramilowski2015;SignaLink_function;talklr;UniProt_keyword;UniProt_location","47c971d2fbba4ecd0ba7485d1846a74054432a0d1a97ea3e6a79ae27d0da8094","5e4142df024fd4d5d64cc667299364982a51176076ae6a69e1069425530afafa","FROZEN_BEFORE_EXPRESSION_OUTCOMES","https://zenodo.org/records/7074291|https://omnipathdb.org/intercell"
"MFAP3L","NicheNet lr_network_human_21122021.rds unique from","NicheNet human LR network 2021-12-21; Zenodo 7074291","NICHENET_AND_OMNIPATH_MAPPED",2,26,"NO","YES","NO","NO","NO_OMNIPATH_SECRETED_ANNOTATION","Almen2009;Cellinker;CSPA;GO_Intercell;Membranome;OmniPath;Phobius;Ramilowski_location;Surfaceome;UniProt_keyword;UniProt_location;UniProt_topology","47c971d2fbba4ecd0ba7485d1846a74054432a0d1a97ea3e6a79ae27d0da8094","5e4142df024fd4d5d64cc667299364982a51176076ae6a69e1069425530afafa","FROZEN_BEFORE_EXPRESSION_OUTCOMES","https://zenodo.org/records/7074291|https://omnipathdb.org/intercell"
"MFAP5","NicheNet lr_network_human_21122021.rds unique from","NicheNet human LR network 2021-12-21; Zenodo 7074291","NICHENET_AND_OMNIPATH_MAPPED",1,15,"NO","YES","YES","YES","OMNIPATH_SECRETED_ANNOTATION","CellCellInteractions;Cellinker;ConnectomeDB2025;GO_Intercell;HPA_secretome;LOCATE;Matrisome;MatrixDB;OmniPath;Ramilowski_location;UniProt_keyword;UniProt_location","47c971d2fbba4ecd0ba7485d1846a74054432a0d1a97ea3e6a79ae27d0da8094","5e4142df024fd4d5d64cc667299364982a51176076ae6a69e1069425530afafa","FROZEN_BEFORE_EXPRESSION_OUTCOMES","https://zenodo.org/records/7074291|https://omnipathdb.org/intercell"
"MFGE8","NicheNet lr_network_human_21122021.rds unique from","NicheNet human LR network 2021-12-21; Zenodo 7074291","NICHENET_AND_OMNIPATH_MAPPED",4,29,"YES","YES","YES","YES","OMNIPATH_SECRETED_ANNOTATION","Baccin2019;Cellinker;CellTalkDB;ComPPI;connectomeDB2020;ConnectomeDB2025;DGIdb;EMBRACE;GO_Intercell;HPA_secretome;iTALK;LOCATE;LRdb;OmniPath;Ramilowski2015;talklr;UniProt_keyword;UniProt_location","47c971d2fbba4ecd0ba7485d1846a74054432a0d1a97ea3e6a79ae27d0da8094","5e4142df024fd4d5d64cc667299364982a51176076ae6a69e1069425530afafa","FROZEN_BEFORE_EXPRESSION_OUTCOMES","https://zenodo.org/records/7074291|https://omnipathdb.org/intercell"
"MFNG","NicheNet lr_network_human_21122021.rds unique from","NicheNet human LR network 2021-12-21; Zenodo 7074291","NICHENET_AND_OMNIPATH_MAPPED",2,15,"NO","YES","YES","YES","OMNIPATH_SECRETED_ANNOTATION","connectomeDB2020;ConnectomeDB2025;GO_Intercell;LOCATE;MatrixDB;OmniPath;UniProt_keyword;UniProt_location;UniProt_topology","47c971d2fbba4ecd0ba7485d1846a74054432a0d1a97ea3e6a79ae27d0da8094","5e4142df024fd4d5d64cc667299364982a51176076ae6a69e1069425530afafa","FROZEN_BEFORE_EXPRESSION_OUTCOMES","https://zenodo.org/records/7074291|https://omnipathdb.org/intercell"
"MIA","NicheNet lr_network_human_21122021.rds unique from","NicheNet human LR network 2021-12-21; Zenodo 7074291","NICHENET_AND_OMNIPATH_MAPPED",4,27,"YES","YES","YES","YES","OMNIPATH_SECRETED_ANNOTATION","Baccin2019;Cellinker;CellTalkDB;connectomeDB2020;ConnectomeDB2025;DGIdb;GO_Intercell;HGNC;HPA_secretome;iTALK;LOCATE;LRdb;OmniPath;Ramilowski2015;talklr;UniProt_keyword;UniProt_location","47c971d2fbba4ecd0ba7485d1846a74054432a0d1a97ea3e6a79ae27d0da8094","5e4142df024fd4d5d64cc667299364982a51176076ae6a69e1069425530afafa","FROZEN_BEFORE_EXPRESSION_OUTCOMES","https://zenodo.org/records/7074291|https://omnipathdb.org/intercell"
"MICA","NicheNet lr_network_human_21122021.rds unique from","NicheNet human LR network 2021-12-21; Zenodo 7074291","NICHENET_AND_OMNIPATH_MAPPED",3,45,"YES","YES","YES","YES","OMNIPATH_SECRETED_ANNOTATION","CellChatDB;Cellinker;CellPhoneDB;CellTalkDB;ComPPI;connectomeDB2020;ConnectomeDB2025;CSPA;DGIdb;GO_Intercell;ICELLNET;LOCATE;LRdb;Membranome;OmniPath;OPM;Phobius;Ramilowski_location;Surfaceome;TopDB;UniProt_keyword;UniProt_location;UniProt_topology","47c971d2fbba4ecd0ba7485d1846a74054432a0d1a97ea3e6a79ae27d0da8094","5e4142df024fd4d5d64cc667299364982a51176076ae6a69e1069425530afafa","FROZEN_BEFORE_EXPRESSION_OUTCOMES","https://zenodo.org/records/7074291|https://omnipathdb.org/intercell"
"MICB","NicheNet lr_network_human_21122021.rds unique from","NicheNet human LR network 2021-12-21; Zenodo 7074291","NICHENET_AND_OMNIPATH_MAPPED",2,43,"YES","YES","YES","YES","OMNIPATH_SECRETED_ANNOTATION","CellCellInteractions;CellChatDB;Cellinker;CellPhoneDB;CellTalkDB;ComPPI;connectomeDB2020;ConnectomeDB2025;CSPA;DGIdb;GO_Intercell;ICELLNET;LRdb;Membranome;OmniPath;Phobius;Ramilowski_location;Surfaceome;TopDB;UniProt_keyword;UniProt_location;UniProt_topology","47c971d2fbba4ecd0ba7485d1846a74054432a0d1a97ea3e6a79ae27d0da8094","5e4142df024fd4d5d64cc667299364982a51176076ae6a69e1069425530afafa","FROZEN_BEFORE_EXPRESSION_OUTCOMES","https://zenodo.org/records/7074291|https://omnipathdb.org/intercell"
"MIF","NicheNet lr_network_human_21122021.rds unique from","NicheNet human LR network 2021-12-21; Zenodo 7074291","NICHENET_AND_OMNIPATH_MAPPED",6,28,"YES","YES","YES","YES","OMNIPATH_SECRETED_ANNOTATION","CellChatDB;Cellinker;CellTalkDB;ComPPI;connectomeDB2020;ConnectomeDB2025;GO_Intercell;HPA_secretome;ICELLNET;Kirouac2010;LOCATE;OmniPath;UniProt_keyword;UniProt_location","47c971d2fbba4ecd0ba7485d1846a74054432a0d1a97ea3e6a79ae27d0da8094","5e4142df024fd4d5d64cc667299364982a51176076ae6a69e1069425530afafa","FROZEN_BEFORE_EXPRESSION_OUTCOMES","https://zenodo.org/records/7074291|https://omnipathdb.org/intercell"
"MLN","NicheNet lr_network_human_21122021.rds unique from","NicheNet human LR network 2021-12-21; Zenodo 7074291","NICHENET_AND_OMNIPATH_MAPPED",1,25,"YES","YES","YES","YES","OMNIPATH_SECRETED_ANNOTATION","Cellinker;CellPhoneDB;CellTalkDB;connectomeDB2020;ConnectomeDB2025;DGIdb;GO_Intercell;Guide2Pharma;HPA_secretome;HPMR;iTALK;LRdb;OmniPath;Ramilowski2015;scConnect;talklr;UniProt_keyword;UniProt_location","47c971d2fbba4ecd0ba7485d1846a74054432a0d1a97ea3e6a79ae27d0da8094","5e4142df024fd4d5d64cc667299364982a51176076ae6a69e1069425530afafa","FROZEN_BEFORE_EXPRESSION_OUTCOMES","https://zenodo.org/records/7074291|https://omnipathdb.org/intercell"
"MMP1","NicheNet lr_network_human_21122021.rds unique from","NicheNet human LR network 2021-12-21; Zenodo 7074291","NICHENET_AND_OMNIPATH_MAPPED",3,21,"NO","YES","YES","YES","OMNIPATH_SECRETED_ANNOTATION","Cellinker;ComPPI;connectomeDB2020;ConnectomeDB2025;HPA_secretome;Matrisome;OmniPath;scConnect;UniProt_keyword;UniProt_location","47c971d2fbba4ecd0ba7485d1846a74054432a0d1a97ea3e6a79ae27d0da8094","5e4142df024fd4d5d64cc667299364982a51176076ae6a69e1069425530afafa","FROZEN_BEFORE_EXPRESSION_OUTCOMES","https://zenodo.org/records/7074291|https://omnipathdb.org/intercell"
"MMP12","NicheNet lr_network_human_21122021.rds unique from","NicheNet human LR network 2021-12-21; Zenodo 7074291","NICHENET_AND_OMNIPATH_MAPPED",2,23,"NO","YES","YES","YES","OMNIPATH_SECRETED_ANNOTATION","Baccin2019;Cellinker;ComPPI;connectomeDB2020;ConnectomeDB2025;GO_Intercell;HPA_secretome;LOCATE;Matrisome;OmniPath;scConnect;UniProt_keyword;UniProt_location","47c971d2fbba4ecd0ba7485d1846a74054432a0d1a97ea3e6a79ae27d0da8094","5e4142df024fd4d5d64cc667299364982a51176076ae6a69e1069425530afafa","FROZEN_BEFORE_EXPRESSION_OUTCOMES","https://zenodo.org/records/7074291|https://omnipathdb.org/intercell"
"MMP13","NicheNet lr_network_human_21122021.rds unique from","NicheNet human LR network 2021-12-21; Zenodo 7074291","NICHENET_AND_OMNIPATH_MAPPED",2,20,"NO","YES","YES","YES","OMNIPATH_SECRETED_ANNOTATION","Cellinker;connectomeDB2020;ConnectomeDB2025;HPA_secretome;LOCATE;Matrisome;OmniPath;scConnect;UniProt_keyword;UniProt_location","47c971d2fbba4ecd0ba7485d1846a74054432a0d1a97ea3e6a79ae27d0da8094","5e4142df024fd4d5d64cc667299364982a51176076ae6a69e1069425530afafa","FROZEN_BEFORE_EXPRESSION_OUTCOMES","https://zenodo.org/records/7074291|https://omnipathdb.org/intercell"
"MMP14","NicheNet lr_network_human_21122021.rds unique from","NicheNet human LR network 2021-12-21; Zenodo 7074291","NICHENET_AND_OMNIPATH_MAPPED",7,39,"YES","YES","NO","YES","NO_OMNIPATH_SECRETED_ANNOTATION","Almen2009;Cellinker;ComPPI;ConnectomeDB2025;GO_Intercell;LOCATE;Matrisome;Membranome;OmniPath;Phobius;Ramilowski_location;scConnect;Surfaceome;TopDB;UniProt_keyword;UniProt_location;UniProt_topology","47c971d2fbba4ecd0ba7485d1846a74054432a0d1a97ea3e6a79ae27d0da8094","5e4142df024fd4d5d64cc667299364982a51176076ae6a69e1069425530afafa","FROZEN_BEFORE_EXPRESSION_OUTCOMES","https://zenodo.org/records/7074291|https://omnipathdb.org/intercell"
"MMP15","NicheNet lr_network_human_21122021.rds unique from","NicheNet human LR network 2021-12-21; Zenodo 7074291","NICHENET_AND_OMNIPATH_MAPPED",1,32,"NO","YES","NO","YES","NO_OMNIPATH_SECRETED_ANNOTATION","Almen2009;CellCellInteractions;Cellinker;ComPPI;LOCATE;Matrisome;MatrixDB;Membranome;OmniPath;Phobius;Ramilowski_location;scConnect;UniProt_keyword;UniProt_location;UniProt_topology","47c971d2fbba4ecd0ba7485d1846a74054432a0d1a97ea3e6a79ae27d0da8094","5e4142df024fd4d5d64cc667299364982a51176076ae6a69e1069425530afafa","FROZEN_BEFORE_EXPRESSION_OUTCOMES","https://zenodo.org/records/7074291|https://omnipathdb.org/intercell"
"MMP16","NicheNet lr_network_human_21122021.rds unique from","NicheNet human LR network 2021-12-21; Zenodo 7074291","NICHENET_AND_OMNIPATH_MAPPED",2,45,"NO","YES","YES","YES","OMNIPATH_SECRETED_ANNOTATION","Almen2009;CellCellInteractions;Cellinker;ComPPI;GO_Intercell;HPA_secretome;LOCATE;Matrisome;MatrixDB;Membranome;OmniPath;Phobius;Ramilowski_location;scConnect;Surfaceome;TopDB;UniProt_keyword;UniProt_location;UniProt_topology","47c971d2fbba4ecd0ba7485d1846a74054432a0d1a97ea3e6a79ae27d0da8094","5e4142df024fd4d5d64cc667299364982a51176076ae6a69e1069425530afafa","FROZEN_BEFORE_EXPRESSION_OUTCOMES","https://zenodo.org/records/7074291|https://omnipathdb.org/intercell"
"MMP2","NicheNet lr_network_human_21122021.rds unique from","NicheNet human LR network 2021-12-21; Zenodo 7074291","NICHENET_AND_OMNIPATH_MAPPED",10,30,"YES","YES","YES","YES","OMNIPATH_SECRETED_ANNOTATION","Baccin2019;CellChatDB;Cellinker;connectomeDB2020;ConnectomeDB2025;GO_Intercell;HPA_secretome;LOCATE;Matrisome;OmniPath;scConnect;UniProt_keyword;UniProt_location","47c971d2fbba4ecd0ba7485d1846a74054432a0d1a97ea3e6a79ae27d0da8094","5e4142df024fd4d5d64cc667299364982a51176076ae6a69e1069425530afafa","FROZEN_BEFORE_EXPRESSION_OUTCOMES","https://zenodo.org/records/7074291|https://omnipathdb.org/intercell"
"MMP25","NicheNet lr_network_human_21122021.rds unique from","NicheNet human LR network 2021-12-21; Zenodo 7074291","NICHENET_AND_OMNIPATH_MAPPED",1,26,"NO","YES","YES","YES","OMNIPATH_SECRETED_ANNOTATION","CellCellInteractions;GO_Intercell;HPA_secretome;Matrisome;MatrixDB;OmniPath;Ramilowski_location;scConnect;Surfaceome;UniProt_keyword;UniProt_location","47c971d2fbba4ecd0ba7485d1846a74054432a0d1a97ea3e6a79ae27d0da8094","5e4142df024fd4d5d64cc667299364982a51176076ae6a69e1069425530afafa","FROZEN_BEFORE_EXPRESSION_OUTCOMES","https://zenodo.org/records/7074291|https://omnipathdb.org/intercell"
"MMP26","NicheNet lr_network_human_21122021.rds unique from","NicheNet human LR network 2021-12-21; Zenodo 7074291","NICHENET_AND_OMNIPATH_MAPPED",1,17,"NO","YES","YES","YES","OMNIPATH_SECRETED_ANNOTATION","HPA_secretome;LOCATE;Matrisome;OmniPath;scConnect;UniProt_keyword;UniProt_location","47c971d2fbba4ecd0ba7485d1846a74054432a0d1a97ea3e6a79ae27d0da8094","5e4142df024fd4d5d64cc667299364982a51176076ae6a69e1069425530afafa","FROZEN_BEFORE_EXPRESSION_OUTCOMES","https://zenodo.org/records/7074291|https://omnipathdb.org/intercell"
"MMP7","NicheNet lr_network_human_21122021.rds unique from","NicheNet human LR network 2021-12-21; Zenodo 7074291","NICHENET_AND_OMNIPATH_MAPPED",6,24,"NO","YES","YES","YES","OMNIPATH_SECRETED_ANNOTATION","Cellinker;ComPPI;connectomeDB2020;ConnectomeDB2025;HPA_secretome;LOCATE;Matrisome;OmniPath;OPM;scConnect;UniProt_keyword;UniProt_location","47c971d2fbba4ecd0ba7485d1846a74054432a0d1a97ea3e6a79ae27d0da8094","5e4142df024fd4d5d64cc667299364982a51176076ae6a69e1069425530afafa","FROZEN_BEFORE_EXPRESSION_OUTCOMES","https://zenodo.org/records/7074291|https://omnipathdb.org/intercell"
"MMP9","NicheNet lr_network_human_21122021.rds unique from","NicheNet human LR network 2021-12-21; Zenodo 7074291","NICHENET_AND_OMNIPATH_MAPPED",9,25,"NO","YES","YES","YES","OMNIPATH_SECRETED_ANNOTATION","Baccin2019;Cellinker;ComPPI;connectomeDB2020;ConnectomeDB2025;GO_Intercell;HPA_secretome;LOCATE;Matrisome;OmniPath;scConnect;UniProt_keyword;UniProt_location","47c971d2fbba4ecd0ba7485d1846a74054432a0d1a97ea3e6a79ae27d0da8094","5e4142df024fd4d5d64cc667299364982a51176076ae6a69e1069425530afafa","FROZEN_BEFORE_EXPRESSION_OUTCOMES","https://zenodo.org/records/7074291|https://omnipathdb.org/intercell"
"MMRN2","NicheNet lr_network_human_21122021.rds unique from","NicheNet human LR network 2021-12-21; Zenodo 7074291","NICHENET_AND_OMNIPATH_MAPPED",3,21,"YES","YES","YES","YES","OMNIPATH_SECRETED_ANNOTATION","ComPPI;connectomeDB2020;ConnectomeDB2025;GO_Intercell;HGNC;HPA_secretome;ICELLNET;LOCATE;Matrisome;OmniPath;Ramilowski_location;UniProt_keyword;UniProt_location","47c971d2fbba4ecd0ba7485d1846a74054432a0d1a97ea3e6a79ae27d0da8094","5e4142df024fd4d5d64cc667299364982a51176076ae6a69e1069425530afafa","FROZEN_BEFORE_EXPRESSION_OUTCOMES","https://zenodo.org/records/7074291|https://omnipathdb.org/intercell"
"MPDZ","NicheNet lr_network_human_21122021.rds unique from","NicheNet human LR network 2021-12-21; Zenodo 7074291","NICHENET_AND_OMNIPATH_MAPPED",5,15,"NO","YES","NO","NO","NO_OMNIPATH_SECRETED_ANNOTATION","Cellinker;ComPPI;GO_Intercell;OmniPath;Ramilowski_location;UniProt_location","47c971d2fbba4ecd0ba7485d1846a74054432a0d1a97ea3e6a79ae27d0da8094","5e4142df024fd4d5d64cc667299364982a51176076ae6a69e1069425530afafa","FROZEN_BEFORE_EXPRESSION_OUTCOMES","https://zenodo.org/records/7074291|https://omnipathdb.org/intercell"
"MPIG6B","NicheNet lr_network_human_21122021.rds unique from","NicheNet human LR network 2021-12-21; Zenodo 7074291","NICHENET_AND_OMNIPATH_MAPPED",8,33,"NO","YES","NO","YES","NO_OMNIPATH_SECRETED_ANNOTATION","Almen2009;CellCellInteractions;Cellinker;ComPPI;CSPA;GO_Intercell;LOCATE;Membranome;OmniPath;Phobius;Ramilowski_location;Surfaceome;TopDB;UniProt_keyword;UniProt_location;UniProt_topology","47c971d2fbba4ecd0ba7485d1846a74054432a0d1a97ea3e6a79ae27d0da8094","5e4142df024fd4d5d64cc667299364982a51176076ae6a69e1069425530afafa","FROZEN_BEFORE_EXPRESSION_OUTCOMES","https://zenodo.org/records/7074291|https://omnipathdb.org/intercell"
"MPZ","NicheNet lr_network_human_21122021.rds unique from","NicheNet human LR network 2021-12-21; Zenodo 7074291","NICHENET_AND_OMNIPATH_MAPPED",9,29,"YES","YES","NO","YES","NO_OMNIPATH_SECRETED_ANNOTATION","CellChatDB;Cellinker;ConnectomeDB2025;CSPA;HGNC;LOCATE;Membranome;OmniPath;Phobius;Ramilowski_location;Surfaceome;TopDB;UniProt_keyword;UniProt_location;UniProt_topology","47c971d2fbba4ecd0ba7485d1846a74054432a0d1a97ea3e6a79ae27d0da8094","5e4142df024fd4d5d64cc667299364982a51176076ae6a69e1069425530afafa","FROZEN_BEFORE_EXPRESSION_OUTCOMES","https://zenodo.org/records/7074291|https://omnipathdb.org/intercell"
"MPZL3","NicheNet lr_network_human_21122021.rds unique from","NicheNet human LR network 2021-12-21; Zenodo 7074291","NICHENET_AND_OMNIPATH_MAPPED",2,16,"NO","YES","NO","NO","NO_OMNIPATH_SECRETED_ANNOTATION","Almen2009;Cellinker;Membranome;OmniPath;Phobius;Ramilowski_location;Surfaceome;UniProt_keyword;UniProt_location;UniProt_topology","47c971d2fbba4ecd0ba7485d1846a74054432a0d1a97ea3e6a79ae27d0da8094","5e4142df024fd4d5d64cc667299364982a51176076ae6a69e1069425530afafa","FROZEN_BEFORE_EXPRESSION_OUTCOMES","https://zenodo.org/records/7074291|https://omnipathdb.org/intercell"
"MSMB","NicheNet lr_network_human_21122021.rds unique from","NicheNet human LR network 2021-12-21; Zenodo 7074291","NICHENET_AND_OMNIPATH_MAPPED",1,12,"YES","YES","YES","YES","OMNIPATH_SECRETED_ANNOTATION","ComPPI;GO_Intercell;HPA_secretome;LOCATE;OmniPath;scConnect;UniProt_keyword;UniProt_location","47c971d2fbba4ecd0ba7485d1846a74054432a0d1a97ea3e6a79ae27d0da8094","5e4142df024fd4d5d64cc667299364982a51176076ae6a69e1069425530afafa","FROZEN_BEFORE_EXPRESSION_OUTCOMES","https://zenodo.org/records/7074291|https://omnipathdb.org/intercell"
"MSMP","NicheNet lr_network_human_21122021.rds unique from","NicheNet human LR network 2021-12-21; Zenodo 7074291","NICHENET_AND_OMNIPATH_MAPPED",1,14,"YES","YES","YES","YES","OMNIPATH_SECRETED_ANNOTATION","connectomeDB2020;ConnectomeDB2025;GO_Intercell;HPA_secretome;MatrixDB;OmniPath;UniProt_keyword;UniProt_location","47c971d2fbba4ecd0ba7485d1846a74054432a0d1a97ea3e6a79ae27d0da8094","5e4142df024fd4d5d64cc667299364982a51176076ae6a69e1069425530afafa","FROZEN_BEFORE_EXPRESSION_OUTCOMES","https://zenodo.org/records/7074291|https://omnipathdb.org/intercell"
"MSN","NicheNet lr_network_human_21122021.rds unique from","NicheNet human LR network 2021-12-21; Zenodo 7074291","NICHENET_AND_OMNIPATH_MAPPED",1,22,"YES","YES","NO","YES","NO_OMNIPATH_SECRETED_ANNOTATION","Adhesome;Cellinker;ComPPI;GO_Intercell;HGNC;ICELLNET;LOCATE;OmniPath;Ramilowski_location;UniProt_location","47c971d2fbba4ecd0ba7485d1846a74054432a0d1a97ea3e6a79ae27d0da8094","5e4142df024fd4d5d64cc667299364982a51176076ae6a69e1069425530afafa","FROZEN_BEFORE_EXPRESSION_OUTCOMES","https://zenodo.org/records/7074291|https://omnipathdb.org/intercell"
"MST1","NicheNet lr_network_human_21122021.rds unique from","NicheNet human LR network 2021-12-21; Zenodo 7074291","NICHENET_AND_OMNIPATH_MAPPED",1,26,"YES","YES","YES","YES","OMNIPATH_SECRETED_ANNOTATION","Cellinker;CellPhoneDB;CellTalkDB;connectomeDB2020;ConnectomeDB2025;Guide2Pharma;HPMR;ICELLNET;iTALK;Kirouac2010;LRdb;Matrisome;OmniPath;Ramilowski2015;scConnect;SignaLink_function;talklr;UniProt_keyword;UniProt_location","47c971d2fbba4ecd0ba7485d1846a74054432a0d1a97ea3e6a79ae27d0da8094","5e4142df024fd4d5d64cc667299364982a51176076ae6a69e1069425530afafa","FROZEN_BEFORE_EXPRESSION_OUTCOMES","https://zenodo.org/records/7074291|https://omnipathdb.org/intercell"
"MSTN","NicheNet lr_network_human_21122021.rds unique from","NicheNet human LR network 2021-12-21; Zenodo 7074291","NICHENET_AND_OMNIPATH_MAPPED",4,36,"YES","YES","YES","YES","OMNIPATH_SECRETED_ANNOTATION","Baccin2019;CellChatDB;Cellinker;CellPhoneDB;CellTalkDB;connectomeDB2020;ConnectomeDB2025;DGIdb;GO_Intercell;HPA_secretome;ICELLNET;iTALK;LRdb;Matrisome;OmniPath;Ramilowski2015;scConnect;talklr;UniProt_keyword;UniProt_location","47c971d2fbba4ecd0ba7485d1846a74054432a0d1a97ea3e6a79ae27d0da8094","5e4142df024fd4d5d64cc667299364982a51176076ae6a69e1069425530afafa","FROZEN_BEFORE_EXPRESSION_OUTCOMES","https://zenodo.org/records/7074291|https://omnipathdb.org/intercell"
"MUC1","NicheNet lr_network_human_21122021.rds unique from","NicheNet human LR network 2021-12-21; Zenodo 7074291","NICHENET_AND_OMNIPATH_MAPPED",1,48,"YES","YES","YES","YES","OMNIPATH_SECRETED_ANNOTATION","Almen2009;Cellinker;CellTalkDB;ComPPI;connectomeDB2020;ConnectomeDB2025;GO_Intercell;HPA_secretome;ICELLNET;LOCATE;Matrisome;Membranome;OmniPath;Phobius;Ramilowski_location;Surfaceome;TopDB;UniProt_keyword;UniProt_location;UniProt_topology","47c971d2fbba4ecd0ba7485d1846a74054432a0d1a97ea3e6a79ae27d0da8094","5e4142df024fd4d5d64cc667299364982a51176076ae6a69e1069425530afafa","FROZEN_BEFORE_EXPRESSION_OUTCOMES","https://zenodo.org/records/7074291|https://omnipathdb.org/intercell"
"MUC4","NicheNet lr_network_human_21122021.rds unique from","NicheNet human LR network 2021-12-21; Zenodo 7074291","NICHENET_AND_OMNIPATH_MAPPED",1,32,"NO","YES","YES","YES","OMNIPATH_SECRETED_ANNOTATION","Almen2009;CellCellInteractions;CSPA;GO_Intercell;HPA_secretome;LOCATE;Matrisome;MatrixDB;Membranome;OmniPath;Phobius;Ramilowski_location;Surfaceome;TopDB;UniProt_keyword;UniProt_location;UniProt_topology","47c971d2fbba4ecd0ba7485d1846a74054432a0d1a97ea3e6a79ae27d0da8094","5e4142df024fd4d5d64cc667299364982a51176076ae6a69e1069425530afafa","FROZEN_BEFORE_EXPRESSION_OUTCOMES","https://zenodo.org/records/7074291|https://omnipathdb.org/intercell"
"MUC7","NicheNet lr_network_human_21122021.rds unique from","NicheNet human LR network 2021-12-21; Zenodo 7074291","NICHENET_AND_OMNIPATH_MAPPED",1,14,"NO","YES","YES","YES","OMNIPATH_SECRETED_ANNOTATION","ComPPI;connectomeDB2020;ConnectomeDB2025;GO_Intercell;HPA_secretome;LOCATE;Matrisome;OmniPath;UniProt_keyword;UniProt_location","47c971d2fbba4ecd0ba7485d1846a74054432a0d1a97ea3e6a79ae27d0da8094","5e4142df024fd4d5d64cc667299364982a51176076ae6a69e1069425530afafa","FROZEN_BEFORE_EXPRESSION_OUTCOMES","https://zenodo.org/records/7074291|https://omnipathdb.org/intercell"
"MXRA5","NicheNet lr_network_human_21122021.rds unique from","NicheNet human LR network 2021-12-21; Zenodo 7074291","NICHENET_AND_OMNIPATH_MAPPED",14,11,"YES","YES","YES","YES","OMNIPATH_SECRETED_ANNOTATION","Cellinker;GO_Intercell;HPA_secretome;Matrisome;MatrixDB;OmniPath;UniProt_keyword;UniProt_location","47c971d2fbba4ecd0ba7485d1846a74054432a0d1a97ea3e6a79ae27d0da8094","5e4142df024fd4d5d64cc667299364982a51176076ae6a69e1069425530afafa","FROZEN_BEFORE_EXPRESSION_OUTCOMES","https://zenodo.org/records/7074291|https://omnipathdb.org/intercell"
"MXRA8","NicheNet lr_network_human_21122021.rds unique from","NicheNet human LR network 2021-12-21; Zenodo 7074291","NICHENET_AND_OMNIPATH_MAPPED",1,28,"NO","YES","NO","NO","NO_OMNIPATH_SECRETED_ANNOTATION","Almen2009;Cellinker;ComPPI;CSPA;GO_Intercell;Membranome;OmniPath;Phobius;Ramilowski_location;Surfaceome;TopDB;UniProt_keyword;UniProt_location;UniProt_topology","47c971d2fbba4ecd0ba7485d1846a74054432a0d1a97ea3e6a79ae27d0da8094","5e4142df024fd4d5d64cc667299364982a51176076ae6a69e1069425530afafa","FROZEN_BEFORE_EXPRESSION_OUTCOMES","https://zenodo.org/records/7074291|https://omnipathdb.org/intercell"
"MYEOV","NicheNet lr_network_human_21122021.rds unique from","NicheNet human LR network 2021-12-21; Zenodo 7074291","NICHENET_AND_OMNIPATH_MAPPED",1,7,"NO","NO","NO","NO","NO_OMNIPATH_SECRETED_ANNOTATION","Almen2009;ComPPI;OmniPath;Phobius;Ramilowski_location","47c971d2fbba4ecd0ba7485d1846a74054432a0d1a97ea3e6a79ae27d0da8094","5e4142df024fd4d5d64cc667299364982a51176076ae6a69e1069425530afafa","FROZEN_BEFORE_EXPRESSION_OUTCOMES","https://zenodo.org/records/7074291|https://omnipathdb.org/intercell"
"MYOC","NicheNet lr_network_human_21122021.rds unique from","NicheNet human LR network 2021-12-21; Zenodo 7074291","NICHENET_AND_OMNIPATH_MAPPED",5,24,"YES","YES","YES","YES","OMNIPATH_SECRETED_ANNOTATION","Baccin2019;Cellinker;ComPPI;connectomeDB2020;ConnectomeDB2025;EMBRACE;GO_Intercell;HPA_secretome;iTALK;LRdb;OmniPath;Ramilowski2015;talklr;UniProt_keyword;UniProt_location","47c971d2fbba4ecd0ba7485d1846a74054432a0d1a97ea3e6a79ae27d0da8094","5e4142df024fd4d5d64cc667299364982a51176076ae6a69e1069425530afafa","FROZEN_BEFORE_EXPRESSION_OUTCOMES","https://zenodo.org/records/7074291|https://omnipathdb.org/intercell"
"NAALADL1","NicheNet lr_network_human_21122021.rds unique from","NicheNet human LR network 2021-12-21; Zenodo 7074291","NICHENET_AND_OMNIPATH_MAPPED",1,22,"NO","YES","NO","YES","NO_OMNIPATH_SECRETED_ANNOTATION","Cellinker;LOCATE;OmniPath;Ramilowski_location;scConnect;Surfaceome;TopDB;UniProt_keyword;UniProt_location;UniProt_topology","47c971d2fbba4ecd0ba7485d1846a74054432a0d1a97ea3e6a79ae27d0da8094","5e4142df024fd4d5d64cc667299364982a51176076ae6a69e1069425530afafa","FROZEN_BEFORE_EXPRESSION_OUTCOMES","https://zenodo.org/records/7074291|https://omnipathdb.org/intercell"
"NAMPT","NicheNet lr_network_human_21122021.rds unique from","NicheNet human LR network 2021-12-21; Zenodo 7074291","NICHENET_AND_OMNIPATH_MAPPED",4,12,"NO","NO","YES","YES","OMNIPATH_SECRETED_ANNOTATION","Cellinker;ComPPI;connectomeDB2020;ConnectomeDB2025;GO_Intercell;HPA_secretome;OmniPath;UniProt_keyword;UniProt_location","47c971d2fbba4ecd0ba7485d1846a74054432a0d1a97ea3e6a79ae27d0da8094","5e4142df024fd4d5d64cc667299364982a51176076ae6a69e1069425530afafa","FROZEN_BEFORE_EXPRESSION_OUTCOMES","https://zenodo.org/records/7074291|https://omnipathdb.org/intercell"
"NCAM1","NicheNet lr_network_human_21122021.rds unique from","NicheNet human LR network 2021-12-21; Zenodo 7074291","NICHENET_AND_OMNIPATH_MAPPED",14,49,"YES","YES","YES","YES","OMNIPATH_SECRETED_ANNOTATION","Almen2009;CellChatDB;Cellinker;CellPhoneDB;ComPPI;connectomeDB2020;ConnectomeDB2025;CSPA;DGIdb;GO_Intercell;HGNC;HPMR;MCAM;Membranome;OmniPath;Phobius;Ramilowski_location;Surfaceome;TopDB;UniProt_keyword;UniProt_location;UniProt_topology;Zhong2015","47c971d2fbba4ecd0ba7485d1846a74054432a0d1a97ea3e6a79ae27d0da8094","5e4142df024fd4d5d64cc667299364982a51176076ae6a69e1069425530afafa","FROZEN_BEFORE_EXPRESSION_OUTCOMES","https://zenodo.org/records/7074291|https://omnipathdb.org/intercell"
"NCAN","NicheNet lr_network_human_21122021.rds unique from","NicheNet human LR network 2021-12-21; Zenodo 7074291","NICHENET_AND_OMNIPATH_MAPPED",2,15,"NO","YES","YES","YES","OMNIPATH_SECRETED_ANNOTATION","CellCellInteractions;ConnectomeDB2025;GO_Intercell;HGNC;HPA_secretome;Matrisome;MatrixDB;OmniPath;UniProt_keyword;UniProt_location;Zhong2015","47c971d2fbba4ecd0ba7485d1846a74054432a0d1a97ea3e6a79ae27d0da8094","5e4142df024fd4d5d64cc667299364982a51176076ae6a69e1069425530afafa","FROZEN_BEFORE_EXPRESSION_OUTCOMES","https://zenodo.org/records/7074291|https://omnipathdb.org/intercell"
"NCR2","NicheNet lr_network_human_21122021.rds unique from","NicheNet human LR network 2021-12-21; Zenodo 7074291","NICHENET_AND_OMNIPATH_MAPPED",1,41,"NO","YES","NO","YES","NO_OMNIPATH_SECRETED_ANNOTATION","Almen2009;CellCellInteractions;Cellinker;connectomeDB2020;ConnectomeDB2025;GO_Intercell;HPMR;ICELLNET;Membranome;OmniPath;Phobius;Ramilowski_location;Surfaceome;UniProt_keyword;UniProt_location;UniProt_topology","47c971d2fbba4ecd0ba7485d1846a74054432a0d1a97ea3e6a79ae27d0da8094","5e4142df024fd4d5d64cc667299364982a51176076ae6a69e1069425530afafa","FROZEN_BEFORE_EXPRESSION_OUTCOMES","https://zenodo.org/records/7074291|https://omnipathdb.org/intercell"
"NCR3LG1","NicheNet lr_network_human_21122021.rds unique from","NicheNet human LR network 2021-12-21; Zenodo 7074291","NICHENET_AND_OMNIPATH_MAPPED",1,41,"YES","YES","YES","YES","OMNIPATH_SECRETED_ANNOTATION","Almen2009;Cellinker;CellPhoneDB;CellTalkDB;connectomeDB2020;ConnectomeDB2025;CSPA;HGNC;ICELLNET;iTALK;Membranome;OmniPath;Phobius;Ramilowski_location;scConnect;Surfaceome;TopDB;UniProt_keyword;UniProt_location;UniProt_topology","47c971d2fbba4ecd0ba7485d1846a74054432a0d1a97ea3e6a79ae27d0da8094","5e4142df024fd4d5d64cc667299364982a51176076ae6a69e1069425530afafa","FROZEN_BEFORE_EXPRESSION_OUTCOMES","https://zenodo.org/records/7074291|https://omnipathdb.org/intercell"
"NDP","NicheNet lr_network_human_21122021.rds unique from","NicheNet human LR network 2021-12-21; Zenodo 7074291","NICHENET_AND_OMNIPATH_MAPPED",3,30,"YES","YES","YES","YES","OMNIPATH_SECRETED_ANNOTATION","Baccin2019;Cellinker;CellPhoneDB;CellTalkDB;ComPPI;connectomeDB2020;ConnectomeDB2025;EMBRACE;GO_Intercell;HPA_secretome;HPMR;iTALK;LOCATE;LRdb;OmniPath;Ramilowski2015;scConnect;talklr;UniProt_keyword;UniProt_location","47c971d2fbba4ecd0ba7485d1846a74054432a0d1a97ea3e6a79ae27d0da8094","5e4142df024fd4d5d64cc667299364982a51176076ae6a69e1069425530afafa","FROZEN_BEFORE_EXPRESSION_OUTCOMES","https://zenodo.org/records/7074291|https://omnipathdb.org/intercell"
"NECTIN1","NicheNet lr_network_human_21122021.rds unique from","NicheNet human LR network 2021-12-21; Zenodo 7074291","NICHENET_AND_OMNIPATH_MAPPED",6,63,"YES","YES","YES","YES","OMNIPATH_SECRETED_ANNOTATION","Almen2009;CellCall;CellCellInteractions;CellChatDB;Cellinker;CellPhoneDB;CellTalkDB;connectomeDB2020;ConnectomeDB2025;CSPA;HPA_secretome;HPMR;ICELLNET;iTALK;LRdb;MCAM;Membranome;OmniPath;Phobius;Ramilowski_location;Ramilowski2015;Surfaceome;talklr;TopDB;UniProt_keyword;UniProt_location;UniProt_topology;Zhong2015","47c971d2fbba4ecd0ba7485d1846a74054432a0d1a97ea3e6a79ae27d0da8094","5e4142df024fd4d5d64cc667299364982a51176076ae6a69e1069425530afafa","FROZEN_BEFORE_EXPRESSION_OUTCOMES","https://zenodo.org/records/7074291|https://omnipathdb.org/intercell"
"NECTIN2","NicheNet lr_network_human_21122021.rds unique from","NicheNet human LR network 2021-12-21; Zenodo 7074291","NICHENET_AND_OMNIPATH_MAPPED",8,75,"YES","YES","NO","YES","NO_OMNIPATH_SECRETED_ANNOTATION","Almen2009;Baccin2019;CellCall;CellCellInteractions;CellChatDB;Cellinker;CellPhoneDB;CellTalkDB;ComPPI;connectomeDB2020;ConnectomeDB2025;CSPA;EMBRACE;GO_Intercell;HGNC;HPMR;ICELLNET;iTALK;LOCATE;LRdb;MCAM;Membranome;OmniPath;Phobius;Ramilowski_location;Ramilowski2015;Surfaceome;talklr;TopDB;UniProt_keyword;UniProt_location;UniProt_topology;Zhong2015","47c971d2fbba4ecd0ba7485d1846a74054432a0d1a97ea3e6a79ae27d0da8094","5e4142df024fd4d5d64cc667299364982a51176076ae6a69e1069425530afafa","FROZEN_BEFORE_EXPRESSION_OUTCOMES","https://zenodo.org/records/7074291|https://omnipathdb.org/intercell"
"NECTIN3","NicheNet lr_network_human_21122021.rds unique from","NicheNet human LR network 2021-12-21; Zenodo 7074291","NICHENET_AND_OMNIPATH_MAPPED",7,46,"YES","YES","NO","YES","NO_OMNIPATH_SECRETED_ANNOTATION","Almen2009;Baccin2019;CellCall;CellChatDB;Cellinker;CellPhoneDB;ComPPI;connectomeDB2020;ConnectomeDB2025;CSPA;HGNC;HPMR;ICELLNET;LOCATE;Membranome;OmniPath;Phobius;Ramilowski_location;Surfaceome;TopDB;UniProt_keyword;UniProt_location;UniProt_topology;Zhong2015","47c971d2fbba4ecd0ba7485d1846a74054432a0d1a97ea3e6a79ae27d0da8094","5e4142df024fd4d5d64cc667299364982a51176076ae6a69e1069425530afafa","FROZEN_BEFORE_EXPRESSION_OUTCOMES","https://zenodo.org/records/7074291|https://omnipathdb.org/intercell"
"NECTIN4","NicheNet lr_network_human_21122021.rds unique from","NicheNet human LR network 2021-12-21; Zenodo 7074291","NICHENET_AND_OMNIPATH_MAPPED",5,70,"YES","YES","YES","YES","OMNIPATH_SECRETED_ANNOTATION","Almen2009;CellCall;CellChatDB;Cellinker;CellPhoneDB;CellTalkDB;connectomeDB2020;ConnectomeDB2025;GO_Intercell;HGNC;HPA_secretome;HPMR;iTALK;LOCATE;Membranome;OmniPath;Phobius;Ramilowski_location;Ramilowski2015;scConnect;Surfaceome;talklr;TopDB;UniProt_keyword;UniProt_location;UniProt_topology;Zhong2015","47c971d2fbba4ecd0ba7485d1846a74054432a0d1a97ea3e6a79ae27d0da8094","5e4142df024fd4d5d64cc667299364982a51176076ae6a69e1069425530afafa","FROZEN_BEFORE_EXPRESSION_OUTCOMES","https://zenodo.org/records/7074291|https://omnipathdb.org/intercell"
"NEGR1","NicheNet lr_network_human_21122021.rds unique from","NicheNet human LR network 2021-12-21; Zenodo 7074291","NICHENET_AND_OMNIPATH_MAPPED",6,40,"YES","YES","NO","YES","NO_OMNIPATH_SECRETED_ANNOTATION","Almen2009;Baccin2019;CellChatDB;Cellinker;ComPPI;ConnectomeDB2025;CSPA;GO_Intercell;HGNC;MCAM;OmniPath;Phobius;Ramilowski_location;Surfaceome;TopDB;UniProt_location","47c971d2fbba4ecd0ba7485d1846a74054432a0d1a97ea3e6a79ae27d0da8094","5e4142df024fd4d5d64cc667299364982a51176076ae6a69e1069425530afafa","FROZEN_BEFORE_EXPRESSION_OUTCOMES","https://zenodo.org/records/7074291|https://omnipathdb.org/intercell"
"NELL2","NicheNet lr_network_human_21122021.rds unique from","NicheNet human LR network 2021-12-21; Zenodo 7074291","NICHENET_AND_OMNIPATH_MAPPED",1,17,"YES","YES","YES","YES","OMNIPATH_SECRETED_ANNOTATION","CellPhoneDB;ComPPI;connectomeDB2020;ConnectomeDB2025;GO_Intercell;HPA_secretome;Matrisome;MatrixDB;OmniPath;UniProt_keyword;UniProt_location","47c971d2fbba4ecd0ba7485d1846a74054432a0d1a97ea3e6a79ae27d0da8094","5e4142df024fd4d5d64cc667299364982a51176076ae6a69e1069425530afafa","FROZEN_BEFORE_EXPRESSION_OUTCOMES","https://zenodo.org/records/7074291|https://omnipathdb.org/intercell"
"NEO1","NicheNet lr_network_human_21122021.rds unique from","NicheNet human LR network 2021-12-21; Zenodo 7074291","NICHENET_AND_OMNIPATH_MAPPED",2,65,"YES","YES","NO","YES","NO_OMNIPATH_SECRETED_ANNOTATION","Almen2009;Baccin2019;CellCellInteractions;Cellinker;CellTalkDB;ComPPI;connectomeDB2020;ConnectomeDB2025;CSPA;EMBRACE;GO_Intercell;HGNC;HPMR;ICELLNET;iTALK;LOCATE;LRdb;Membranome;OmniPath;Phobius;Ramilowski_location;Ramilowski2015;Surfaceome;talklr;TopDB;UniProt_keyword;UniProt_location;UniProt_topology;Zhong2015","47c971d2fbba4ecd0ba7485d1846a74054432a0d1a97ea3e6a79ae27d0da8094","5e4142df024fd4d5d64cc667299364982a51176076ae6a69e1069425530afafa","FROZEN_BEFORE_EXPRESSION_OUTCOMES","https://zenodo.org/records/7074291|https://omnipathdb.org/intercell"
"NETO2","NicheNet lr_network_human_21122021.rds unique from","NicheNet human LR network 2021-12-21; Zenodo 7074291","NICHENET_AND_OMNIPATH_MAPPED",5,23,"NO","YES","NO","NO","NO_OMNIPATH_SECRETED_ANNOTATION","Almen2009;CellCellInteractions;Cellinker;ComPPI;Membranome;OmniPath;Phobius;Ramilowski_location;Surfaceome;UniProt_keyword;UniProt_location;UniProt_topology","47c971d2fbba4ecd0ba7485d1846a74054432a0d1a97ea3e6a79ae27d0da8094","5e4142df024fd4d5d64cc667299364982a51176076ae6a69e1069425530afafa","FROZEN_BEFORE_EXPRESSION_OUTCOMES","https://zenodo.org/records/7074291|https://omnipathdb.org/intercell"
"NFASC","NicheNet lr_network_human_21122021.rds unique from","NicheNet human LR network 2021-12-21; Zenodo 7074291","NICHENET_AND_OMNIPATH_MAPPED",4,37,"YES","YES","NO","NO","NO_OMNIPATH_SECRETED_ANNOTATION","Almen2009;CellChatDB;Cellinker;ComPPI;ConnectomeDB2025;CSPA;GO_Intercell;HGNC;LOCATE;MCAM;Membranome;OmniPath;Phobius;Ramilowski_location;Surfaceome;TopDB;UniProt_keyword;UniProt_location;UniProt_topology;Zhong2015","47c971d2fbba4ecd0ba7485d1846a74054432a0d1a97ea3e6a79ae27d0da8094","5e4142df024fd4d5d64cc667299364982a51176076ae6a69e1069425530afafa","FROZEN_BEFORE_EXPRESSION_OUTCOMES","https://zenodo.org/records/7074291|https://omnipathdb.org/intercell"
"NGF","NicheNet lr_network_human_21122021.rds unique from","NicheNet human LR network 2021-12-21; Zenodo 7074291","NICHENET_AND_OMNIPATH_MAPPED",3,46,"YES","YES","YES","YES","OMNIPATH_SECRETED_ANNOTATION","Baccin2019;CellCall;CellChatDB;Cellinker;CellPhoneDB;CellTalkDB;connectomeDB2020;ConnectomeDB2025;DGIdb;EMBRACE;GO_Intercell;Guide2Pharma;HGNC;HPA_secretome;HPMR;ICELLNET;iTALK;Kirouac2010;LOCATE;LRdb;Matrisome;OmniPath;Ramilowski2015;scConnect;SignaLink_function;talklr;UniProt_keyword;UniProt_location","47c971d2fbba4ecd0ba7485d1846a74054432a0d1a97ea3e6a79ae27d0da8094","5e4142df024fd4d5d64cc667299364982a51176076ae6a69e1069425530afafa","FROZEN_BEFORE_EXPRESSION_OUTCOMES","https://zenodo.org/records/7074291|https://omnipathdb.org/intercell"
"NID1","NicheNet lr_network_human_21122021.rds unique from","NicheNet human LR network 2021-12-21; Zenodo 7074291","NICHENET_AND_OMNIPATH_MAPPED",6,31,"YES","YES","YES","YES","OMNIPATH_SECRETED_ANNOTATION","Baccin2019;CellCellInteractions;Cellinker;CellTalkDB;connectomeDB2020;ConnectomeDB2025;EMBRACE;GO_Intercell;HPA_secretome;ICELLNET;iTALK;LOCATE;LRdb;Matrisome;MatrixDB;OmniPath;Ramilowski_location;Ramilowski2015;talklr;UniProt_keyword;UniProt_location","47c971d2fbba4ecd0ba7485d1846a74054432a0d1a97ea3e6a79ae27d0da8094","5e4142df024fd4d5d64cc667299364982a51176076ae6a69e1069425530afafa","FROZEN_BEFORE_EXPRESSION_OUTCOMES","https://zenodo.org/records/7074291|https://omnipathdb.org/intercell"
"NID2","NicheNet lr_network_human_21122021.rds unique from","NicheNet human LR network 2021-12-21; Zenodo 7074291","NICHENET_AND_OMNIPATH_MAPPED",1,36,"YES","YES","YES","YES","OMNIPATH_SECRETED_ANNOTATION","Baccin2019;Cellinker;CellTalkDB;connectomeDB2020;ConnectomeDB2025;EMBRACE;GO_Intercell;HPA_secretome;iTALK;LOCATE;LRdb;Matrisome;OmniPath;Ramilowski_location;Ramilowski2015;talklr;UniProt_keyword;UniProt_location;Zhong2015","47c971d2fbba4ecd0ba7485d1846a74054432a0d1a97ea3e6a79ae27d0da8094","5e4142df024fd4d5d64cc667299364982a51176076ae6a69e1069425530afafa","FROZEN_BEFORE_EXPRESSION_OUTCOMES","https://zenodo.org/records/7074291|https://omnipathdb.org/intercell"
"NLGN1","NicheNet lr_network_human_21122021.rds unique from","NicheNet human LR network 2021-12-21; Zenodo 7074291","NICHENET_AND_OMNIPATH_MAPPED",3,53,"YES","YES","YES","YES","OMNIPATH_SECRETED_ANNOTATION","Baccin2019;CellCellInteractions;CellChatDB;Cellinker;CellPhoneDB;CellTalkDB;connectomeDB2020;ConnectomeDB2025;CSPA;EMBRACE;GO_Intercell;HGNC;ICELLNET;iTALK;LOCATE;LRdb;Membranome;OmniPath;Phobius;Ramilowski_location;Ramilowski2015;Surfaceome;talklr;TopDB;UniProt_keyword;UniProt_location;UniProt_topology;Zhong2015","47c971d2fbba4ecd0ba7485d1846a74054432a0d1a97ea3e6a79ae27d0da8094","5e4142df024fd4d5d64cc667299364982a51176076ae6a69e1069425530afafa","FROZEN_BEFORE_EXPRESSION_OUTCOMES","https://zenodo.org/records/7074291|https://omnipathdb.org/intercell"
"NLGN2","NicheNet lr_network_human_21122021.rds unique from","NicheNet human LR network 2021-12-21; Zenodo 7074291","NICHENET_AND_OMNIPATH_MAPPED",4,57,"YES","YES","NO","YES","NO_OMNIPATH_SECRETED_ANNOTATION","Almen2009;Baccin2019;CellCellInteractions;CellChatDB;Cellinker;CellPhoneDB;CellTalkDB;ComPPI;connectomeDB2020;ConnectomeDB2025;CSPA;EMBRACE;HGNC;iTALK;LOCATE;LRdb;Membranome;OmniPath;Phobius;Ramilowski_location;Ramilowski2015;Surfaceome;talklr;TopDB;UniProt_keyword;UniProt_location;UniProt_topology;Zhong2015","47c971d2fbba4ecd0ba7485d1846a74054432a0d1a97ea3e6a79ae27d0da8094","5e4142df024fd4d5d64cc667299364982a51176076ae6a69e1069425530afafa","FROZEN_BEFORE_EXPRESSION_OUTCOMES","https://zenodo.org/records/7074291|https://omnipathdb.org/intercell"
"NLGN3","NicheNet lr_network_human_21122021.rds unique from","NicheNet human LR network 2021-12-21; Zenodo 7074291","NICHENET_AND_OMNIPATH_MAPPED",5,53,"YES","YES","NO","YES","NO_OMNIPATH_SECRETED_ANNOTATION","Almen2009;CellCellInteractions;CellChatDB;Cellinker;CellPhoneDB;CellTalkDB;connectomeDB2020;ConnectomeDB2025;GO_Intercell;HGNC;iTALK;LOCATE;LRdb;MCAM;Membranome;OmniPath;Phobius;Ramilowski_location;Ramilowski2015;Surfaceome;talklr;UniProt_keyword;UniProt_location;UniProt_topology;Zhong2015","47c971d2fbba4ecd0ba7485d1846a74054432a0d1a97ea3e6a79ae27d0da8094","5e4142df024fd4d5d64cc667299364982a51176076ae6a69e1069425530afafa","FROZEN_BEFORE_EXPRESSION_OUTCOMES","https://zenodo.org/records/7074291|https://omnipathdb.org/intercell"
"NLGN4X","NicheNet lr_network_human_21122021.rds unique from","NicheNet human LR network 2021-12-21; Zenodo 7074291","NICHENET_AND_OMNIPATH_MAPPED",4,45,"YES","YES","NO","YES","NO_OMNIPATH_SECRETED_ANNOTATION","Almen2009;CellCellInteractions;Cellinker;CellPhoneDB;connectomeDB2020;ConnectomeDB2025;CSPA;HGNC;LOCATE;Membranome;OmniPath;Phobius;Ramilowski_location;Surfaceome;TopDB;UniProt_keyword;UniProt_location;UniProt_topology;Zhong2015","47c971d2fbba4ecd0ba7485d1846a74054432a0d1a97ea3e6a79ae27d0da8094","5e4142df024fd4d5d64cc667299364982a51176076ae6a69e1069425530afafa","FROZEN_BEFORE_EXPRESSION_OUTCOMES","https://zenodo.org/records/7074291|https://omnipathdb.org/intercell"
"NLGN4Y","NicheNet lr_network_human_21122021.rds unique from","NicheNet human LR network 2021-12-21; Zenodo 7074291","NICHENET_AND_OMNIPATH_MAPPED",3,23,"YES","YES","NO","YES","NO_OMNIPATH_SECRETED_ANNOTATION","CellPhoneDB;HGNC;Membranome;OmniPath;Phobius;Ramilowski_location;Surfaceome;UniProt_keyword;UniProt_location;UniProt_topology;Zhong2015","47c971d2fbba4ecd0ba7485d1846a74054432a0d1a97ea3e6a79ae27d0da8094","5e4142df024fd4d5d64cc667299364982a51176076ae6a69e1069425530afafa","FROZEN_BEFORE_EXPRESSION_OUTCOMES","https://zenodo.org/records/7074291|https://omnipathdb.org/intercell"
"NMB","NicheNet lr_network_human_21122021.rds unique from","NicheNet human LR network 2021-12-21; Zenodo 7074291","NICHENET_AND_OMNIPATH_MAPPED",3,33,"YES","YES","YES","YES","OMNIPATH_SECRETED_ANNOTATION","CellChatDB;Cellinker;CellPhoneDB;CellTalkDB;ComPPI;connectomeDB2020;ConnectomeDB2025;DGIdb;GO_Intercell;Guide2Pharma;HPA_secretome;HPMR;ICELLNET;iTALK;LOCATE;LRdb;OmniPath;Ramilowski2015;scConnect;talklr;UniProt_keyword;UniProt_location","47c971d2fbba4ecd0ba7485d1846a74054432a0d1a97ea3e6a79ae27d0da8094","5e4142df024fd4d5d64cc667299364982a51176076ae6a69e1069425530afafa","FROZEN_BEFORE_EXPRESSION_OUTCOMES","https://zenodo.org/records/7074291|https://omnipathdb.org/intercell"
"NMS","NicheNet lr_network_human_21122021.rds unique from","NicheNet human LR network 2021-12-21; Zenodo 7074291","NICHENET_AND_OMNIPATH_MAPPED",5,24,"YES","YES","YES","YES","OMNIPATH_SECRETED_ANNOTATION","Baccin2019;CellChatDB;Cellinker;CellPhoneDB;CellTalkDB;connectomeDB2020;ConnectomeDB2025;Guide2Pharma;HPA_secretome;iTALK;LRdb;MatrixDB;OmniPath;Ramilowski2015;scConnect;talklr;UniProt_keyword;UniProt_location","47c971d2fbba4ecd0ba7485d1846a74054432a0d1a97ea3e6a79ae27d0da8094","5e4142df024fd4d5d64cc667299364982a51176076ae6a69e1069425530afafa","FROZEN_BEFORE_EXPRESSION_OUTCOMES","https://zenodo.org/records/7074291|https://omnipathdb.org/intercell"
"NMU","NicheNet lr_network_human_21122021.rds unique from","NicheNet human LR network 2021-12-21; Zenodo 7074291","NICHENET_AND_OMNIPATH_MAPPED",2,25,"YES","YES","YES","YES","OMNIPATH_SECRETED_ANNOTATION","Baccin2019;CellChatDB;Cellinker;CellPhoneDB;CellTalkDB;connectomeDB2020;ConnectomeDB2025;Guide2Pharma;HPA_secretome;HPMR;iTALK;LOCATE;LRdb;OmniPath;Ramilowski2015;scConnect;talklr;UniProt_keyword;UniProt_location","47c971d2fbba4ecd0ba7485d1846a74054432a0d1a97ea3e6a79ae27d0da8094","5e4142df024fd4d5d64cc667299364982a51176076ae6a69e1069425530afafa","FROZEN_BEFORE_EXPRESSION_OUTCOMES","https://zenodo.org/records/7074291|https://omnipathdb.org/intercell"
"NODAL","NicheNet lr_network_human_21122021.rds unique from","NicheNet human LR network 2021-12-21; Zenodo 7074291","NICHENET_AND_OMNIPATH_MAPPED",6,42,"YES","YES","YES","YES","OMNIPATH_SECRETED_ANNOTATION","Baccin2019;CellCall;CellChatDB;Cellinker;CellPhoneDB;CellTalkDB;connectomeDB2020;ConnectomeDB2025;DGIdb;EMBRACE;GO_Intercell;HPA_secretome;HPMR;ICELLNET;iTALK;LOCATE;LRdb;Matrisome;MatrixDB;OmniPath;Ramilowski2015;SignaLink_function;talklr;UniProt_keyword;UniProt_location","47c971d2fbba4ecd0ba7485d1846a74054432a0d1a97ea3e6a79ae27d0da8094","5e4142df024fd4d5d64cc667299364982a51176076ae6a69e1069425530afafa","FROZEN_BEFORE_EXPRESSION_OUTCOMES","https://zenodo.org/records/7074291|https://omnipathdb.org/intercell"
"NOG","NicheNet lr_network_human_21122021.rds unique from","NicheNet human LR network 2021-12-21; Zenodo 7074291","NICHENET_AND_OMNIPATH_MAPPED",3,14,"YES","YES","YES","YES","OMNIPATH_SECRETED_ANNOTATION","CellChatDB;GO_Intercell;HPA_secretome;MatrixDB;OmniPath;UniProt_keyword;UniProt_location","47c971d2fbba4ecd0ba7485d1846a74054432a0d1a97ea3e6a79ae27d0da8094","5e4142df024fd4d5d64cc667299364982a51176076ae6a69e1069425530afafa","FROZEN_BEFORE_EXPRESSION_OUTCOMES","https://zenodo.org/records/7074291|https://omnipathdb.org/intercell"
"NPB","NicheNet lr_network_human_21122021.rds unique from","NicheNet human LR network 2021-12-21; Zenodo 7074291","NICHENET_AND_OMNIPATH_MAPPED",5,22,"YES","YES","YES","YES","OMNIPATH_SECRETED_ANNOTATION","CellChatDB;CellPhoneDB;CellTalkDB;connectomeDB2020;ConnectomeDB2025;Guide2Pharma;HPA_secretome;HPMR;iTALK;LRdb;MatrixDB;OmniPath;Ramilowski2015;scConnect;talklr;UniProt_keyword;UniProt_location","47c971d2fbba4ecd0ba7485d1846a74054432a0d1a97ea3e6a79ae27d0da8094","5e4142df024fd4d5d64cc667299364982a51176076ae6a69e1069425530afafa","FROZEN_BEFORE_EXPRESSION_OUTCOMES","https://zenodo.org/records/7074291|https://omnipathdb.org/intercell"
"NPFF","NicheNet lr_network_human_21122021.rds unique from","NicheNet human LR network 2021-12-21; Zenodo 7074291","NICHENET_AND_OMNIPATH_MAPPED",3,30,"YES","YES","YES","YES","OMNIPATH_SECRETED_ANNOTATION","Baccin2019;CellChatDB;Cellinker;CellPhoneDB;CellTalkDB;ComPPI;connectomeDB2020;ConnectomeDB2025;EMBRACE;GO_Intercell;Guide2Pharma;HPA_secretome;HPMR;iTALK;LRdb;OmniPath;Ramilowski2015;scConnect;talklr;UniProt_keyword;UniProt_location","47c971d2fbba4ecd0ba7485d1846a74054432a0d1a97ea3e6a79ae27d0da8094","5e4142df024fd4d5d64cc667299364982a51176076ae6a69e1069425530afafa","FROZEN_BEFORE_EXPRESSION_OUTCOMES","https://zenodo.org/records/7074291|https://omnipathdb.org/intercell"
"NPHS1","NicheNet lr_network_human_21122021.rds unique from","NicheNet human LR network 2021-12-21; Zenodo 7074291","NICHENET_AND_OMNIPATH_MAPPED",1,24,"NO","YES","NO","NO","NO_OMNIPATH_SECRETED_ANNOTATION","Almen2009;GO_Intercell;LOCATE;Membranome;OmniPath;Phobius;Ramilowski_location;Surfaceome;TopDB;UniProt_keyword;UniProt_location;UniProt_topology;Zhong2015","47c971d2fbba4ecd0ba7485d1846a74054432a0d1a97ea3e6a79ae27d0da8094","5e4142df024fd4d5d64cc667299364982a51176076ae6a69e1069425530afafa","FROZEN_BEFORE_EXPRESSION_OUTCOMES","https://zenodo.org/records/7074291|https://omnipathdb.org/intercell"
"NPNT","NicheNet lr_network_human_21122021.rds unique from","NicheNet human LR network 2021-12-21; Zenodo 7074291","NICHENET_AND_OMNIPATH_MAPPED",2,29,"YES","YES","YES","YES","OMNIPATH_SECRETED_ANNOTATION","Baccin2019;CellCellInteractions;Cellinker;CellTalkDB;ComPPI;connectomeDB2020;ConnectomeDB2025;EMBRACE;GO_Intercell;HPA_secretome;iTALK;LRdb;Matrisome;MatrixDB;OmniPath;Ramilowski2015;talklr;UniProt_keyword;UniProt_location","47c971d2fbba4ecd0ba7485d1846a74054432a0d1a97ea3e6a79ae27d0da8094","5e4142df024fd4d5d64cc667299364982a51176076ae6a69e1069425530afafa","FROZEN_BEFORE_EXPRESSION_OUTCOMES","https://zenodo.org/records/7074291|https://omnipathdb.org/intercell"
"NPPA","NicheNet lr_network_human_21122021.rds unique from","NicheNet human LR network 2021-12-21; Zenodo 7074291","NICHENET_AND_OMNIPATH_MAPPED",3,35,"YES","YES","YES","YES","OMNIPATH_SECRETED_ANNOTATION","Baccin2019;CellCall;CellChatDB;Cellinker;CellPhoneDB;CellTalkDB;ComPPI;connectomeDB2020;ConnectomeDB2025;DGIdb;EMBRACE;GO_Intercell;Guide2Pharma;HPA_secretome;HPMR;iTALK;LRdb;MatrixDB;OmniPath;Ramilowski2015;scConnect;talklr;UniProt_keyword;UniProt_location","47c971d2fbba4ecd0ba7485d1846a74054432a0d1a97ea3e6a79ae27d0da8094","5e4142df024fd4d5d64cc667299364982a51176076ae6a69e1069425530afafa","FROZEN_BEFORE_EXPRESSION_OUTCOMES","https://zenodo.org/records/7074291|https://omnipathdb.org/intercell"
"NPPB","NicheNet lr_network_human_21122021.rds unique from","NicheNet human LR network 2021-12-21; Zenodo 7074291","NICHENET_AND_OMNIPATH_MAPPED",5,33,"YES","YES","YES","YES","OMNIPATH_SECRETED_ANNOTATION","Baccin2019;CellCall;CellChatDB;Cellinker;CellTalkDB;ComPPI;connectomeDB2020;ConnectomeDB2025;DGIdb;GO_Intercell;Guide2Pharma;HPA_secretome;HPMR;iTALK;LOCATE;LRdb;MatrixDB;OmniPath;Ramilowski2015;scConnect;talklr;UniProt_keyword;UniProt_location","47c971d2fbba4ecd0ba7485d1846a74054432a0d1a97ea3e6a79ae27d0da8094","5e4142df024fd4d5d64cc667299364982a51176076ae6a69e1069425530afafa","FROZEN_BEFORE_EXPRESSION_OUTCOMES","https://zenodo.org/records/7074291|https://omnipathdb.org/intercell"
"NPPC","NicheNet lr_network_human_21122021.rds unique from","NicheNet human LR network 2021-12-21; Zenodo 7074291","NICHENET_AND_OMNIPATH_MAPPED",3,31,"YES","YES","YES","YES","OMNIPATH_SECRETED_ANNOTATION","Baccin2019;CellCall;CellChatDB;Cellinker;CellTalkDB;ComPPI;connectomeDB2020;ConnectomeDB2025;DGIdb;EMBRACE;GO_Intercell;Guide2Pharma;HPA_secretome;iTALK;LRdb;MatrixDB;OmniPath;Ramilowski2015;scConnect;talklr;UniProt_keyword;UniProt_location","47c971d2fbba4ecd0ba7485d1846a74054432a0d1a97ea3e6a79ae27d0da8094","5e4142df024fd4d5d64cc667299364982a51176076ae6a69e1069425530afafa","FROZEN_BEFORE_EXPRESSION_OUTCOMES","https://zenodo.org/records/7074291|https://omnipathdb.org/intercell"
"NPS","NicheNet lr_network_human_21122021.rds unique from","NicheNet human LR network 2021-12-21; Zenodo 7074291","NICHENET_AND_OMNIPATH_MAPPED",11,26,"YES","YES","YES","YES","OMNIPATH_SECRETED_ANNOTATION","Baccin2019;CellChatDB;Cellinker;CellPhoneDB;CellTalkDB;connectomeDB2020;ConnectomeDB2025;Guide2Pharma;HPA_secretome;HPMR;iTALK;LRdb;MatrixDB;OmniPath;Ramilowski2015;scConnect;talklr;UniProt_keyword;UniProt_location","47c971d2fbba4ecd0ba7485d1846a74054432a0d1a97ea3e6a79ae27d0da8094","5e4142df024fd4d5d64cc667299364982a51176076ae6a69e1069425530afafa","FROZEN_BEFORE_EXPRESSION_OUTCOMES","https://zenodo.org/records/7074291|https://omnipathdb.org/intercell"
"NPTX2","NicheNet lr_network_human_21122021.rds unique from","NicheNet human LR network 2021-12-21; Zenodo 7074291","NICHENET_AND_OMNIPATH_MAPPED",1,17,"YES","YES","YES","YES","OMNIPATH_SECRETED_ANNOTATION","CellTalkDB;ComPPI;ConnectomeDB2025;HPA_secretome;LOCATE;MatrixDB;OmniPath;UniProt_keyword;UniProt_location","47c971d2fbba4ecd0ba7485d1846a74054432a0d1a97ea3e6a79ae27d0da8094","5e4142df024fd4d5d64cc667299364982a51176076ae6a69e1069425530afafa","FROZEN_BEFORE_EXPRESSION_OUTCOMES","https://zenodo.org/records/7074291|https://omnipathdb.org/intercell"
"NPVF","NicheNet lr_network_human_21122021.rds unique from","NicheNet human LR network 2021-12-21; Zenodo 7074291","NICHENET_AND_OMNIPATH_MAPPED",2,27,"YES","YES","YES","YES","OMNIPATH_SECRETED_ANNOTATION","Baccin2019;CellChatDB;Cellinker;CellTalkDB;connectomeDB2020;ConnectomeDB2025;EMBRACE;GO_Intercell;Guide2Pharma;HPA_secretome;HPMR;iTALK;LRdb;MatrixDB;OmniPath;Ramilowski2015;scConnect;talklr;UniProt_keyword;UniProt_location","47c971d2fbba4ecd0ba7485d1846a74054432a0d1a97ea3e6a79ae27d0da8094","5e4142df024fd4d5d64cc667299364982a51176076ae6a69e1069425530afafa","FROZEN_BEFORE_EXPRESSION_OUTCOMES","https://zenodo.org/records/7074291|https://omnipathdb.org/intercell"
"NPW","NicheNet lr_network_human_21122021.rds unique from","NicheNet human LR network 2021-12-21; Zenodo 7074291","NICHENET_AND_OMNIPATH_MAPPED",5,22,"YES","YES","YES","YES","OMNIPATH_SECRETED_ANNOTATION","CellChatDB;CellPhoneDB;CellTalkDB;connectomeDB2020;ConnectomeDB2025;Guide2Pharma;HPA_secretome;HPMR;iTALK;LRdb;MatrixDB;OmniPath;Ramilowski2015;scConnect;talklr;UniProt_keyword;UniProt_location","47c971d2fbba4ecd0ba7485d1846a74054432a0d1a97ea3e6a79ae27d0da8094","5e4142df024fd4d5d64cc667299364982a51176076ae6a69e1069425530afafa","FROZEN_BEFORE_EXPRESSION_OUTCOMES","https://zenodo.org/records/7074291|https://omnipathdb.org/intercell"
"NPY","NicheNet lr_network_human_21122021.rds unique from","NicheNet human LR network 2021-12-21; Zenodo 7074291","NICHENET_AND_OMNIPATH_MAPPED",9,34,"YES","YES","YES","YES","OMNIPATH_SECRETED_ANNOTATION","Baccin2019;CellCall;CellChatDB;Cellinker;CellPhoneDB;CellTalkDB;connectomeDB2020;ConnectomeDB2025;EMBRACE;GO_Intercell;Guide2Pharma;HPA_secretome;HPMR;iTALK;LOCATE;LRdb;OmniPath;Ramilowski2015;scConnect;talklr;UniProt_keyword;UniProt_location","47c971d2fbba4ecd0ba7485d1846a74054432a0d1a97ea3e6a79ae27d0da8094","5e4142df024fd4d5d64cc667299364982a51176076ae6a69e1069425530afafa","FROZEN_BEFORE_EXPRESSION_OUTCOMES","https://zenodo.org/records/7074291|https://omnipathdb.org/intercell"
"NRG1","NicheNet lr_network_human_21122021.rds unique from","NicheNet human LR network 2021-12-21; Zenodo 7074291","NICHENET_AND_OMNIPATH_MAPPED",6,67,"YES","YES","YES","YES","OMNIPATH_SECRETED_ANNOTATION","Almen2009;CellCall;CellChatDB;Cellinker;CellPhoneDB;CellTalkDB;ComPPI;connectomeDB2020;ConnectomeDB2025;DGIdb;GO_Intercell;Guide2Pharma;HGNC;HPA_secretome;HPMR;ICELLNET;iTALK;LOCATE;LRdb;Matrisome;MatrixDB;Membranome;OmniPath;Phobius;Ramilowski_location;Ramilowski2015;scConnect;Surfaceome;talklr;TopDB;UniProt_keyword;UniProt_location;UniProt_topology;Zhong2015","47c971d2fbba4ecd0ba7485d1846a74054432a0d1a97ea3e6a79ae27d0da8094","5e4142df024fd4d5d64cc667299364982a51176076ae6a69e1069425530afafa","FROZEN_BEFORE_EXPRESSION_OUTCOMES","https://zenodo.org/records/7074291|https://omnipathdb.org/intercell"
"NRG2","NicheNet lr_network_human_21122021.rds unique from","NicheNet human LR network 2021-12-21; Zenodo 7074291","NICHENET_AND_OMNIPATH_MAPPED",7,58,"YES","YES","YES","YES","OMNIPATH_SECRETED_ANNOTATION","Almen2009;CellCall;CellChatDB;Cellinker;CellPhoneDB;CellTalkDB;ComPPI;connectomeDB2020;ConnectomeDB2025;DGIdb;GO_Intercell;Guide2Pharma;HGNC;HPA_secretome;HPMR;ICELLNET;iTALK;LRdb;Matrisome;MatrixDB;Membranome;OmniPath;Phobius;Ramilowski_location;Ramilowski2015;scConnect;SignaLink_function;Surfaceome;talklr;UniProt_keyword;UniProt_location;UniProt_topology","47c971d2fbba4ecd0ba7485d1846a74054432a0d1a97ea3e6a79ae27d0da8094","5e4142df024fd4d5d64cc667299364982a51176076ae6a69e1069425530afafa","FROZEN_BEFORE_EXPRESSION_OUTCOMES","https://zenodo.org/records/7074291|https://omnipathdb.org/intercell"
"NRG3","NicheNet lr_network_human_21122021.rds unique from","NicheNet human LR network 2021-12-21; Zenodo 7074291","NICHENET_AND_OMNIPATH_MAPPED",4,59,"YES","YES","YES","YES","OMNIPATH_SECRETED_ANNOTATION","Baccin2019;CellCall;CellChatDB;Cellinker;CellPhoneDB;CellTalkDB;ComPPI;connectomeDB2020;ConnectomeDB2025;DGIdb;EMBRACE;GO_Intercell;Guide2Pharma;HGNC;HPA_secretome;HPMR;ICELLNET;iTALK;LOCATE;LRdb;Matrisome;MatrixDB;Membranome;OmniPath;Phobius;Ramilowski_location;Ramilowski2015;scConnect;SignaLink_function;talklr;UniProt_keyword;UniProt_location;UniProt_topology","47c971d2fbba4ecd0ba7485d1846a74054432a0d1a97ea3e6a79ae27d0da8094","5e4142df024fd4d5d64cc667299364982a51176076ae6a69e1069425530afafa","FROZEN_BEFORE_EXPRESSION_OUTCOMES","https://zenodo.org/records/7074291|https://omnipathdb.org/intercell"
"NRG4","NicheNet lr_network_human_21122021.rds unique from","NicheNet human LR network 2021-12-21; Zenodo 7074291","NICHENET_AND_OMNIPATH_MAPPED",3,56,"YES","YES","YES","YES","OMNIPATH_SECRETED_ANNOTATION","Almen2009;Baccin2019;CellCall;CellChatDB;Cellinker;CellPhoneDB;CellTalkDB;connectomeDB2020;ConnectomeDB2025;DGIdb;EMBRACE;GO_Intercell;Guide2Pharma;HGNC;HPA_secretome;ICELLNET;iTALK;LRdb;Matrisome;MatrixDB;Membranome;OmniPath;Phobius;Ramilowski_location;Ramilowski2015;scConnect;SignaLink_function;Surfaceome;talklr;UniProt_keyword;UniProt_location;UniProt_topology","47c971d2fbba4ecd0ba7485d1846a74054432a0d1a97ea3e6a79ae27d0da8094","5e4142df024fd4d5d64cc667299364982a51176076ae6a69e1069425530afafa","FROZEN_BEFORE_EXPRESSION_OUTCOMES","https://zenodo.org/records/7074291|https://omnipathdb.org/intercell"
"NRP1","NicheNet lr_network_human_21122021.rds unique from","NicheNet human LR network 2021-12-21; Zenodo 7074291","NICHENET_AND_OMNIPATH_MAPPED",6,78,"YES","YES","YES","YES","OMNIPATH_SECRETED_ANNOTATION","Adhesome;Baccin2019;CellCellInteractions;CellChatDB;Cellinker;CellPhoneDB;CellTalkDB;ComPPI;connectomeDB2020;ConnectomeDB2025;CSPA;EMBRACE;GO_Intercell;HPA_secretome;HPMR;ICELLNET;iTALK;LOCATE;LRdb;Membranome;OmniPath;Phobius;Ramilowski_location;Ramilowski2015;scConnect;Surfaceome;talklr;TopDB;UniProt_keyword;UniProt_location;UniProt_topology;Zhong2015","47c971d2fbba4ecd0ba7485d1846a74054432a0d1a97ea3e6a79ae27d0da8094","5e4142df024fd4d5d64cc667299364982a51176076ae6a69e1069425530afafa","FROZEN_BEFORE_EXPRESSION_OUTCOMES","https://zenodo.org/records/7074291|https://omnipathdb.org/intercell"
"NRTN","NicheNet lr_network_human_21122021.rds unique from","NicheNet human LR network 2021-12-21; Zenodo 7074291","NICHENET_AND_OMNIPATH_MAPPED",4,39,"YES","YES","YES","YES","OMNIPATH_SECRETED_ANNOTATION","Baccin2019;CellChatDB;Cellinker;CellPhoneDB;CellTalkDB;connectomeDB2020;ConnectomeDB2025;DGIdb;EMBRACE;GO_Intercell;HGNC;HPA_secretome;HPMR;ICELLNET;iTALK;LOCATE;LRdb;Matrisome;OmniPath;Ramilowski2015;talklr;UniProt_keyword;UniProt_location","47c971d2fbba4ecd0ba7485d1846a74054432a0d1a97ea3e6a79ae27d0da8094","5e4142df024fd4d5d64cc667299364982a51176076ae6a69e1069425530afafa","FROZEN_BEFORE_EXPRESSION_OUTCOMES","https://zenodo.org/records/7074291|https://omnipathdb.org/intercell"
"NRXN1","NicheNet lr_network_human_21122021.rds unique from","NicheNet human LR network 2021-12-21; Zenodo 7074291","NICHENET_AND_OMNIPATH_MAPPED",5,111,"YES","YES","NO","YES","NO_OMNIPATH_SECRETED_ANNOTATION","Almen2009;Baccin2019;CellCellInteractions;CellChatDB;Cellinker;CellPhoneDB;CellTalkDB;ComPPI;connectomeDB2020;ConnectomeDB2025;EMBRACE;GO_Intercell;HGNC;HPMR;ICELLNET;iTALK;LOCATE;LRdb;Membranome;OmniPath;Phobius;Ramilowski_location;Ramilowski2015;Surfaceome;talklr;TopDB;UniProt_keyword;UniProt_location;UniProt_topology;Zhong2015","47c971d2fbba4ecd0ba7485d1846a74054432a0d1a97ea3e6a79ae27d0da8094","5e4142df024fd4d5d64cc667299364982a51176076ae6a69e1069425530afafa","FROZEN_BEFORE_EXPRESSION_OUTCOMES","https://zenodo.org/records/7074291|https://omnipathdb.org/intercell"
"NRXN2","NicheNet lr_network_human_21122021.rds unique from","NicheNet human LR network 2021-12-21; Zenodo 7074291","NICHENET_AND_OMNIPATH_MAPPED",9,104,"YES","YES","NO","YES","NO_OMNIPATH_SECRETED_ANNOTATION","Almen2009;Baccin2019;CellCellInteractions;CellChatDB;Cellinker;CellPhoneDB;CellTalkDB;connectomeDB2020;ConnectomeDB2025;EMBRACE;GO_Intercell;HGNC;HPMR;ICELLNET;iTALK;LOCATE;LRdb;Membranome;OmniPath;Phobius;Ramilowski_location;Ramilowski2015;Surfaceome;talklr;UniProt_keyword;UniProt_location;UniProt_topology;Zhong2015","47c971d2fbba4ecd0ba7485d1846a74054432a0d1a97ea3e6a79ae27d0da8094","5e4142df024fd4d5d64cc667299364982a51176076ae6a69e1069425530afafa","FROZEN_BEFORE_EXPRESSION_OUTCOMES","https://zenodo.org/records/7074291|https://omnipathdb.org/intercell"
"NRXN3","NicheNet lr_network_human_21122021.rds unique from","NicheNet human LR network 2021-12-21; Zenodo 7074291","NICHENET_AND_OMNIPATH_MAPPED",7,103,"YES","YES","NO","YES","NO_OMNIPATH_SECRETED_ANNOTATION","Almen2009;CellCellInteractions;CellChatDB;Cellinker;CellPhoneDB;CellTalkDB;connectomeDB2020;ConnectomeDB2025;HGNC;HPMR;ICELLNET;iTALK;LOCATE;LRdb;MCAM;Membranome;OmniPath;Phobius;Ramilowski_location;Ramilowski2015;Surfaceome;talklr;TopDB;UniProt_keyword;UniProt_location;UniProt_topology;Zhong2015","47c971d2fbba4ecd0ba7485d1846a74054432a0d1a97ea3e6a79ae27d0da8094","5e4142df024fd4d5d64cc667299364982a51176076ae6a69e1069425530afafa","FROZEN_BEFORE_EXPRESSION_OUTCOMES","https://zenodo.org/records/7074291|https://omnipathdb.org/intercell"
"NT5E","NicheNet lr_network_human_21122021.rds unique from","NicheNet human LR network 2021-12-21; Zenodo 7074291","NICHENET_AND_OMNIPATH_MAPPED",1,35,"YES","YES","NO","YES","NO_OMNIPATH_SECRETED_ANNOTATION","Almen2009;Cellinker;CellPhoneDB;ComPPI;connectomeDB2020;CSPA;DGIdb;GO_Intercell;OmniPath;Phobius;Ramilowski_location;Surfaceome;TopDB;UniProt_location","47c971d2fbba4ecd0ba7485d1846a74054432a0d1a97ea3e6a79ae27d0da8094","5e4142df024fd4d5d64cc667299364982a51176076ae6a69e1069425530afafa","FROZEN_BEFORE_EXPRESSION_OUTCOMES","https://zenodo.org/records/7074291|https://omnipathdb.org/intercell"
"NTF3","NicheNet lr_network_human_21122021.rds unique from","NicheNet human LR network 2021-12-21; Zenodo 7074291","NICHENET_AND_OMNIPATH_MAPPED",4,41,"YES","YES","YES","YES","OMNIPATH_SECRETED_ANNOTATION","Baccin2019;CellCall;CellChatDB;Cellinker;CellPhoneDB;CellTalkDB;connectomeDB2020;ConnectomeDB2025;DGIdb;EMBRACE;GO_Intercell;Guide2Pharma;HGNC;HPA_secretome;HPMR;iTALK;Kirouac2010;LOCATE;LRdb;Matrisome;OmniPath;Ramilowski2015;scConnect;SignaLink_function;talklr;UniProt_keyword;UniProt_location","47c971d2fbba4ecd0ba7485d1846a74054432a0d1a97ea3e6a79ae27d0da8094","5e4142df024fd4d5d64cc667299364982a51176076ae6a69e1069425530afafa","FROZEN_BEFORE_EXPRESSION_OUTCOMES","https://zenodo.org/records/7074291|https://omnipathdb.org/intercell"
"NTF4","NicheNet lr_network_human_21122021.rds unique from","NicheNet human LR network 2021-12-21; Zenodo 7074291","NICHENET_AND_OMNIPATH_MAPPED",4,38,"YES","YES","YES","YES","OMNIPATH_SECRETED_ANNOTATION","Baccin2019;CellCall;CellChatDB;Cellinker;CellPhoneDB;CellTalkDB;connectomeDB2020;ConnectomeDB2025;DGIdb;EMBRACE;GO_Intercell;Guide2Pharma;HGNC;HPA_secretome;iTALK;Kirouac2010;LRdb;Matrisome;OmniPath;Ramilowski2015;scConnect;talklr;UniProt_keyword;UniProt_location","47c971d2fbba4ecd0ba7485d1846a74054432a0d1a97ea3e6a79ae27d0da8094","5e4142df024fd4d5d64cc667299364982a51176076ae6a69e1069425530afafa","FROZEN_BEFORE_EXPRESSION_OUTCOMES","https://zenodo.org/records/7074291|https://omnipathdb.org/intercell"
"NTM","NicheNet lr_network_human_21122021.rds unique from","NicheNet human LR network 2021-12-21; Zenodo 7074291","NICHENET_AND_OMNIPATH_MAPPED",10,26,"YES","YES","NO","YES","NO_OMNIPATH_SECRETED_ANNOTATION","Cellinker;ComPPI;ConnectomeDB2025;CSPA;HGNC;LOCATE;OmniPath;Surfaceome;UniProt_location;Zhong2015","47c971d2fbba4ecd0ba7485d1846a74054432a0d1a97ea3e6a79ae27d0da8094","5e4142df024fd4d5d64cc667299364982a51176076ae6a69e1069425530afafa","FROZEN_BEFORE_EXPRESSION_OUTCOMES","https://zenodo.org/records/7074291|https://omnipathdb.org/intercell"
"NTN1","NicheNet lr_network_human_21122021.rds unique from","NicheNet human LR network 2021-12-21; Zenodo 7074291","NICHENET_AND_OMNIPATH_MAPPED",7,33,"YES","YES","YES","YES","OMNIPATH_SECRETED_ANNOTATION","Baccin2019;CellChatDB;Cellinker;CellPhoneDB;CellTalkDB;connectomeDB2020;ConnectomeDB2025;EMBRACE;GO_Intercell;HGNC;HPA_secretome;HPMR;ICELLNET;iTALK;LOCATE;LRdb;Matrisome;OmniPath;Ramilowski2015;talklr;UniProt_keyword;UniProt_location","47c971d2fbba4ecd0ba7485d1846a74054432a0d1a97ea3e6a79ae27d0da8094","5e4142df024fd4d5d64cc667299364982a51176076ae6a69e1069425530afafa","FROZEN_BEFORE_EXPRESSION_OUTCOMES","https://zenodo.org/records/7074291|https://omnipathdb.org/intercell"
"NTN3","NicheNet lr_network_human_21122021.rds unique from","NicheNet human LR network 2021-12-21; Zenodo 7074291","NICHENET_AND_OMNIPATH_MAPPED",2,28,"YES","YES","YES","YES","OMNIPATH_SECRETED_ANNOTATION","CellCellInteractions;Cellinker;CellTalkDB;connectomeDB2020;ConnectomeDB2025;GO_Intercell;HGNC;HPA_secretome;HPMR;iTALK;LOCATE;LRdb;Matrisome;MatrixDB;OmniPath;Ramilowski2015;talklr;UniProt_keyword;UniProt_location","47c971d2fbba4ecd0ba7485d1846a74054432a0d1a97ea3e6a79ae27d0da8094","5e4142df024fd4d5d64cc667299364982a51176076ae6a69e1069425530afafa","FROZEN_BEFORE_EXPRESSION_OUTCOMES","https://zenodo.org/records/7074291|https://omnipathdb.org/intercell"
"NTN4","NicheNet lr_network_human_21122021.rds unique from","NicheNet human LR network 2021-12-21; Zenodo 7074291","NICHENET_AND_OMNIPATH_MAPPED",2,33,"YES","YES","YES","YES","OMNIPATH_SECRETED_ANNOTATION","Baccin2019;CellCellInteractions;CellChatDB;Cellinker;CellPhoneDB;CellTalkDB;connectomeDB2020;ConnectomeDB2025;EMBRACE;HGNC;HPA_secretome;iTALK;LOCATE;LRdb;Matrisome;MatrixDB;OmniPath;Ramilowski_location;Ramilowski2015;talklr;UniProt_keyword;UniProt_location","47c971d2fbba4ecd0ba7485d1846a74054432a0d1a97ea3e6a79ae27d0da8094","5e4142df024fd4d5d64cc667299364982a51176076ae6a69e1069425530afafa","FROZEN_BEFORE_EXPRESSION_OUTCOMES","https://zenodo.org/records/7074291|https://omnipathdb.org/intercell"
"NTNG1","NicheNet lr_network_human_21122021.rds unique from","NicheNet human LR network 2021-12-21; Zenodo 7074291","NICHENET_AND_OMNIPATH_MAPPED",3,20,"YES","YES","YES","YES","OMNIPATH_SECRETED_ANNOTATION","Cellinker;connectomeDB2020;ConnectomeDB2025;CSPA;HPMR;Matrisome;OmniPath;Surfaceome;UniProt_location","47c971d2fbba4ecd0ba7485d1846a74054432a0d1a97ea3e6a79ae27d0da8094","5e4142df024fd4d5d64cc667299364982a51176076ae6a69e1069425530afafa","FROZEN_BEFORE_EXPRESSION_OUTCOMES","https://zenodo.org/records/7074291|https://omnipathdb.org/intercell"
"NTNG2","NicheNet lr_network_human_21122021.rds unique from","NicheNet human LR network 2021-12-21; Zenodo 7074291","NICHENET_AND_OMNIPATH_MAPPED",2,38,"YES","YES","YES","YES","OMNIPATH_SECRETED_ANNOTATION","Baccin2019;CellCellInteractions;CellChatDB;Cellinker;CellTalkDB;ComPPI;connectomeDB2020;ConnectomeDB2025;EMBRACE;HGNC;iTALK;LOCATE;LRdb;Matrisome;OmniPath;Ramilowski2015;Surfaceome;talklr;UniProt_location","47c971d2fbba4ecd0ba7485d1846a74054432a0d1a97ea3e6a79ae27d0da8094","5e4142df024fd4d5d64cc667299364982a51176076ae6a69e1069425530afafa","FROZEN_BEFORE_EXPRESSION_OUTCOMES","https://zenodo.org/records/7074291|https://omnipathdb.org/intercell"
"NTS","NicheNet lr_network_human_21122021.rds unique from","NicheNet human LR network 2021-12-21; Zenodo 7074291","NICHENET_AND_OMNIPATH_MAPPED",3,30,"YES","YES","YES","YES","OMNIPATH_SECRETED_ANNOTATION","Baccin2019;CellChatDB;Cellinker;CellPhoneDB;CellTalkDB;ComPPI;connectomeDB2020;ConnectomeDB2025;EMBRACE;GO_Intercell;Guide2Pharma;HPA_secretome;HPMR;iTALK;LRdb;OmniPath;Ramilowski2015;scConnect;talklr;UniProt_keyword;UniProt_location","47c971d2fbba4ecd0ba7485d1846a74054432a0d1a97ea3e6a79ae27d0da8094","5e4142df024fd4d5d64cc667299364982a51176076ae6a69e1069425530afafa","FROZEN_BEFORE_EXPRESSION_OUTCOMES","https://zenodo.org/records/7074291|https://omnipathdb.org/intercell"
"NUCB2","NicheNet lr_network_human_21122021.rds unique from","NicheNet human LR network 2021-12-21; Zenodo 7074291","NICHENET_AND_OMNIPATH_MAPPED",1,10,"NO","YES","YES","YES","OMNIPATH_SECRETED_ANNOTATION","ComPPI;GO_Intercell;LOCATE;MatrixDB;OmniPath;UniProt_keyword;UniProt_location","47c971d2fbba4ecd0ba7485d1846a74054432a0d1a97ea3e6a79ae27d0da8094","5e4142df024fd4d5d64cc667299364982a51176076ae6a69e1069425530afafa","FROZEN_BEFORE_EXPRESSION_OUTCOMES","https://zenodo.org/records/7074291|https://omnipathdb.org/intercell"
"NXPH1","NicheNet lr_network_human_21122021.rds unique from","NicheNet human LR network 2021-12-21; Zenodo 7074291","NICHENET_AND_OMNIPATH_MAPPED",3,24,"YES","YES","YES","YES","OMNIPATH_SECRETED_ANNOTATION","Baccin2019;Cellinker;CellTalkDB;connectomeDB2020;ConnectomeDB2025;EMBRACE;HPA_secretome;HPMR;iTALK;LOCATE;LRdb;MatrixDB;OmniPath;Ramilowski2015;talklr;UniProt_keyword;UniProt_location","47c971d2fbba4ecd0ba7485d1846a74054432a0d1a97ea3e6a79ae27d0da8094","5e4142df024fd4d5d64cc667299364982a51176076ae6a69e1069425530afafa","FROZEN_BEFORE_EXPRESSION_OUTCOMES","https://zenodo.org/records/7074291|https://omnipathdb.org/intercell"
"NXPH2","NicheNet lr_network_human_21122021.rds unique from","NicheNet human LR network 2021-12-21; Zenodo 7074291","NICHENET_AND_OMNIPATH_MAPPED",1,21,"YES","YES","YES","YES","OMNIPATH_SECRETED_ANNOTATION","Baccin2019;Cellinker;CellTalkDB;ComPPI;connectomeDB2020;EMBRACE;HPA_secretome;iTALK;LRdb;MatrixDB;OmniPath;Ramilowski2015;talklr;UniProt_keyword;UniProt_location","47c971d2fbba4ecd0ba7485d1846a74054432a0d1a97ea3e6a79ae27d0da8094","5e4142df024fd4d5d64cc667299364982a51176076ae6a69e1069425530afafa","FROZEN_BEFORE_EXPRESSION_OUTCOMES","https://zenodo.org/records/7074291|https://omnipathdb.org/intercell"
"NXPH3","NicheNet lr_network_human_21122021.rds unique from","NicheNet human LR network 2021-12-21; Zenodo 7074291","NICHENET_AND_OMNIPATH_MAPPED",3,21,"YES","YES","YES","YES","OMNIPATH_SECRETED_ANNOTATION","Baccin2019;Cellinker;CellTalkDB;connectomeDB2020;ConnectomeDB2025;EMBRACE;HPA_secretome;iTALK;LRdb;MatrixDB;OmniPath;Ramilowski2015;talklr;UniProt_keyword;UniProt_location","47c971d2fbba4ecd0ba7485d1846a74054432a0d1a97ea3e6a79ae27d0da8094","5e4142df024fd4d5d64cc667299364982a51176076ae6a69e1069425530afafa","FROZEN_BEFORE_EXPRESSION_OUTCOMES","https://zenodo.org/records/7074291|https://omnipathdb.org/intercell"
"NYX","NicheNet lr_network_human_21122021.rds unique from","NicheNet human LR network 2021-12-21; Zenodo 7074291","NICHENET_AND_OMNIPATH_MAPPED",1,12,"NO","YES","YES","YES","OMNIPATH_SECRETED_ANNOTATION","CellCellInteractions;ComPPI;Matrisome;MatrixDB;OmniPath;Ramilowski_location;UniProt_keyword;UniProt_location","47c971d2fbba4ecd0ba7485d1846a74054432a0d1a97ea3e6a79ae27d0da8094","5e4142df024fd4d5d64cc667299364982a51176076ae6a69e1069425530afafa","FROZEN_BEFORE_EXPRESSION_OUTCOMES","https://zenodo.org/records/7074291|https://omnipathdb.org/intercell"
"OBP2A","NicheNet lr_network_human_21122021.rds unique from","NicheNet human LR network 2021-12-21; Zenodo 7074291","NICHENET_AND_OMNIPATH_MAPPED",1,14,"YES","YES","YES","YES","OMNIPATH_SECRETED_ANNOTATION","Cellinker;CellTalkDB;HPA_secretome;iTALK;LOCATE;LRdb;OmniPath;Ramilowski2015;talklr;UniProt_keyword;UniProt_location","47c971d2fbba4ecd0ba7485d1846a74054432a0d1a97ea3e6a79ae27d0da8094","5e4142df024fd4d5d64cc667299364982a51176076ae6a69e1069425530afafa","FROZEN_BEFORE_EXPRESSION_OUTCOMES","https://zenodo.org/records/7074291|https://omnipathdb.org/intercell"
"OCLN","NicheNet lr_network_human_21122021.rds unique from","NicheNet human LR network 2021-12-21; Zenodo 7074291","NICHENET_AND_OMNIPATH_MAPPED",4,22,"YES","YES","NO","NO","NO_OMNIPATH_SECRETED_ANNOTATION","CellCall;CellChatDB;Cellinker;GO_Intercell;LOCATE;OmniPath;Phobius;Ramilowski_location;UniProt_keyword;UniProt_location;UniProt_topology","47c971d2fbba4ecd0ba7485d1846a74054432a0d1a97ea3e6a79ae27d0da8094","5e4142df024fd4d5d64cc667299364982a51176076ae6a69e1069425530afafa","FROZEN_BEFORE_EXPRESSION_OUTCOMES","https://zenodo.org/records/7074291|https://omnipathdb.org/intercell"
"OGN","NicheNet lr_network_human_21122021.rds unique from","NicheNet human LR network 2021-12-21; Zenodo 7074291","NICHENET_AND_OMNIPATH_MAPPED",1,20,"YES","YES","YES","YES","OMNIPATH_SECRETED_ANNOTATION","CellCellInteractions;DGIdb;GO_Intercell;HGNC;HPA_secretome;LOCATE;Matrisome;MatrixDB;OmniPath;UniProt_keyword;UniProt_location","47c971d2fbba4ecd0ba7485d1846a74054432a0d1a97ea3e6a79ae27d0da8094","5e4142df024fd4d5d64cc667299364982a51176076ae6a69e1069425530afafa","FROZEN_BEFORE_EXPRESSION_OUTCOMES","https://zenodo.org/records/7074291|https://omnipathdb.org/intercell"
"OLFM2","NicheNet lr_network_human_21122021.rds unique from","NicheNet human LR network 2021-12-21; Zenodo 7074291","NICHENET_AND_OMNIPATH_MAPPED",1,18,"YES","YES","YES","YES","OMNIPATH_SECRETED_ANNOTATION","Cellinker;CellTalkDB;ComPPI;GO_Intercell;HPA_secretome;iTALK;LRdb;MatrixDB;OmniPath;Ramilowski2015;talklr;UniProt_keyword;UniProt_location","47c971d2fbba4ecd0ba7485d1846a74054432a0d1a97ea3e6a79ae27d0da8094","5e4142df024fd4d5d64cc667299364982a51176076ae6a69e1069425530afafa","FROZEN_BEFORE_EXPRESSION_OUTCOMES","https://zenodo.org/records/7074291|https://omnipathdb.org/intercell"
"OMG","NicheNet lr_network_human_21122021.rds unique from","NicheNet human LR network 2021-12-21; Zenodo 7074291","NICHENET_AND_OMNIPATH_MAPPED",4,19,"YES","YES","NO","YES","NO_OMNIPATH_SECRETED_ANNOTATION","Cellinker;connectomeDB2020;ConnectomeDB2025;HPMR;OmniPath;Ramilowski_location;Surfaceome;UniProt_location;Zhong2015","47c971d2fbba4ecd0ba7485d1846a74054432a0d1a97ea3e6a79ae27d0da8094","5e4142df024fd4d5d64cc667299364982a51176076ae6a69e1069425530afafa","FROZEN_BEFORE_EXPRESSION_OUTCOMES","https://zenodo.org/records/7074291|https://omnipathdb.org/intercell"
"OPCML","NicheNet lr_network_human_21122021.rds unique from","NicheNet human LR network 2021-12-21; Zenodo 7074291","NICHENET_AND_OMNIPATH_MAPPED",3,23,"NO","YES","NO","YES","NO_OMNIPATH_SECRETED_ANNOTATION","Cellinker;CSPA;HGNC;HPMR;LOCATE;OmniPath;Surfaceome;UniProt_location;Zhong2015","47c971d2fbba4ecd0ba7485d1846a74054432a0d1a97ea3e6a79ae27d0da8094","5e4142df024fd4d5d64cc667299364982a51176076ae6a69e1069425530afafa","FROZEN_BEFORE_EXPRESSION_OUTCOMES","https://zenodo.org/records/7074291|https://omnipathdb.org/intercell"
"ORM1","NicheNet lr_network_human_21122021.rds unique from","NicheNet human LR network 2021-12-21; Zenodo 7074291","NICHENET_AND_OMNIPATH_MAPPED",1,20,"YES","YES","YES","YES","OMNIPATH_SECRETED_ANNOTATION","Cellinker;CellTalkDB;ComPPI;connectomeDB2020;ConnectomeDB2025;GO_Intercell;HPA_secretome;iTALK;LRdb;OmniPath;Ramilowski2015;talklr;UniProt_keyword;UniProt_location","47c971d2fbba4ecd0ba7485d1846a74054432a0d1a97ea3e6a79ae27d0da8094","5e4142df024fd4d5d64cc667299364982a51176076ae6a69e1069425530afafa","FROZEN_BEFORE_EXPRESSION_OUTCOMES","https://zenodo.org/records/7074291|https://omnipathdb.org/intercell"
"OSM","NicheNet lr_network_human_21122021.rds unique from","NicheNet human LR network 2021-12-21; Zenodo 7074291","NICHENET_AND_OMNIPATH_MAPPED",3,43,"YES","YES","YES","YES","OMNIPATH_SECRETED_ANNOTATION","Baccin2019;CellCall;CellChatDB;Cellinker;CellPhoneDB;CellTalkDB;connectomeDB2020;ConnectomeDB2025;DGIdb;EMBRACE;GO_Intercell;Guide2Pharma;HGNC;HPA_secretome;HPMR;ICELLNET;iTALK;Kirouac2010;LOCATE;LRdb;Matrisome;OmniPath;Ramilowski2015;scConnect;SignaLink_function;talklr;UniProt_keyword;UniProt_location","47c971d2fbba4ecd0ba7485d1846a74054432a0d1a97ea3e6a79ae27d0da8094","5e4142df024fd4d5d64cc667299364982a51176076ae6a69e1069425530afafa","FROZEN_BEFORE_EXPRESSION_OUTCOMES","https://zenodo.org/records/7074291|https://omnipathdb.org/intercell"
"OSTN","NicheNet lr_network_human_21122021.rds unique from","NicheNet human LR network 2021-12-21; Zenodo 7074291","NICHENET_AND_OMNIPATH_MAPPED",1,30,"YES","YES","YES","YES","OMNIPATH_SECRETED_ANNOTATION","Baccin2019;CellChatDB;Cellinker;CellTalkDB;connectomeDB2020;ConnectomeDB2025;DGIdb;EMBRACE;GO_Intercell;Guide2Pharma;HPA_secretome;ICELLNET;iTALK;LOCATE;LRdb;MatrixDB;OmniPath;Ramilowski2015;scConnect;talklr;UniProt_keyword;UniProt_location","47c971d2fbba4ecd0ba7485d1846a74054432a0d1a97ea3e6a79ae27d0da8094","5e4142df024fd4d5d64cc667299364982a51176076ae6a69e1069425530afafa","FROZEN_BEFORE_EXPRESSION_OUTCOMES","https://zenodo.org/records/7074291|https://omnipathdb.org/intercell"
"OXT","NicheNet lr_network_human_21122021.rds unique from","NicheNet human LR network 2021-12-21; Zenodo 7074291","NICHENET_AND_OMNIPATH_MAPPED",4,34,"YES","YES","YES","YES","OMNIPATH_SECRETED_ANNOTATION","Baccin2019;CellCall;CellChatDB;Cellinker;CellPhoneDB;CellTalkDB;connectomeDB2020;ConnectomeDB2025;EMBRACE;GO_Intercell;Guide2Pharma;HPA_secretome;HPMR;ICELLNET;iTALK;LOCATE;LRdb;OmniPath;Ramilowski2015;scConnect;talklr;UniProt_keyword;UniProt_location","47c971d2fbba4ecd0ba7485d1846a74054432a0d1a97ea3e6a79ae27d0da8094","5e4142df024fd4d5d64cc667299364982a51176076ae6a69e1069425530afafa","FROZEN_BEFORE_EXPRESSION_OUTCOMES","https://zenodo.org/records/7074291|https://omnipathdb.org/intercell"
"PAEP","NicheNet lr_network_human_21122021.rds unique from","NicheNet human LR network 2021-12-21; Zenodo 7074291","NICHENET_AND_OMNIPATH_MAPPED",1,8,"NO","YES","YES","YES","OMNIPATH_SECRETED_ANNOTATION","HPA_secretome;LOCATE;MatrixDB;OmniPath;UniProt_keyword;UniProt_location","47c971d2fbba4ecd0ba7485d1846a74054432a0d1a97ea3e6a79ae27d0da8094","5e4142df024fd4d5d64cc667299364982a51176076ae6a69e1069425530afafa","FROZEN_BEFORE_EXPRESSION_OUTCOMES","https://zenodo.org/records/7074291|https://omnipathdb.org/intercell"
"PAM","NicheNet lr_network_human_21122021.rds unique from","NicheNet human LR network 2021-12-21; Zenodo 7074291","NICHENET_AND_OMNIPATH_MAPPED",3,27,"YES","YES","YES","YES","OMNIPATH_SECRETED_ANNOTATION","Almen2009;Cellinker;ComPPI;GO_Intercell;HPA_secretome;LOCATE;MatrixDB;OmniPath;Phobius;Ramilowski_location;Surfaceome;UniProt_keyword;UniProt_location;UniProt_topology","47c971d2fbba4ecd0ba7485d1846a74054432a0d1a97ea3e6a79ae27d0da8094","5e4142df024fd4d5d64cc667299364982a51176076ae6a69e1069425530afafa","FROZEN_BEFORE_EXPRESSION_OUTCOMES","https://zenodo.org/records/7074291|https://omnipathdb.org/intercell"
"PAPLN","NicheNet lr_network_human_21122021.rds unique from","NicheNet human LR network 2021-12-21; Zenodo 7074291","NICHENET_AND_OMNIPATH_MAPPED",3,18,"NO","YES","YES","YES","OMNIPATH_SECRETED_ANNOTATION","CellCellInteractions;Cellinker;ComPPI;HGNC;HPA_secretome;LOCATE;Matrisome;MatrixDB;OmniPath;UniProt_keyword;UniProt_location","47c971d2fbba4ecd0ba7485d1846a74054432a0d1a97ea3e6a79ae27d0da8094","5e4142df024fd4d5d64cc667299364982a51176076ae6a69e1069425530afafa","FROZEN_BEFORE_EXPRESSION_OUTCOMES","https://zenodo.org/records/7074291|https://omnipathdb.org/intercell"
"PATJ","NicheNet lr_network_human_21122021.rds unique from","NicheNet human LR network 2021-12-21; Zenodo 7074291","NICHENET_AND_OMNIPATH_MAPPED",1,17,"NO","YES","NO","NO","NO_OMNIPATH_SECRETED_ANNOTATION","Cellinker;ComPPI;GO_Intercell;LOCATE;OmniPath;Ramilowski_location;UniProt_location","47c971d2fbba4ecd0ba7485d1846a74054432a0d1a97ea3e6a79ae27d0da8094","5e4142df024fd4d5d64cc667299364982a51176076ae6a69e1069425530afafa","FROZEN_BEFORE_EXPRESSION_OUTCOMES","https://zenodo.org/records/7074291|https://omnipathdb.org/intercell"
"PCDH15","NicheNet lr_network_human_21122021.rds unique from","NicheNet human LR network 2021-12-21; Zenodo 7074291","NICHENET_AND_OMNIPATH_MAPPED",2,30,"NO","YES","YES","YES","OMNIPATH_SECRETED_ANNOTATION","ComPPI;CSPA;HGNC;LOCATE;MatrixDB;Membranome;OmniPath;Phobius;Ramilowski_location;Surfaceome;TopDB;UniProt_keyword;UniProt_location;UniProt_topology;Zhong2015","47c971d2fbba4ecd0ba7485d1846a74054432a0d1a97ea3e6a79ae27d0da8094","5e4142df024fd4d5d64cc667299364982a51176076ae6a69e1069425530afafa","FROZEN_BEFORE_EXPRESSION_OUTCOMES","https://zenodo.org/records/7074291|https://omnipathdb.org/intercell"
"PCDHA1","NicheNet lr_network_human_21122021.rds unique from","NicheNet human LR network 2021-12-21; Zenodo 7074291","NICHENET_AND_OMNIPATH_MAPPED",1,31,"YES","YES","YES","YES","OMNIPATH_SECRETED_ANNOTATION","CellChatDB;GO_Intercell;HGNC;HPA_secretome;LOCATE;Membranome;OmniPath;Phobius;Surfaceome;UniProt_keyword;UniProt_location;UniProt_topology;Zhong2015","47c971d2fbba4ecd0ba7485d1846a74054432a0d1a97ea3e6a79ae27d0da8094","5e4142df024fd4d5d64cc667299364982a51176076ae6a69e1069425530afafa","FROZEN_BEFORE_EXPRESSION_OUTCOMES","https://zenodo.org/records/7074291|https://omnipathdb.org/intercell"
"PCDHA10","NicheNet lr_network_human_21122021.rds unique from","NicheNet human LR network 2021-12-21; Zenodo 7074291","NICHENET_AND_OMNIPATH_MAPPED",23,30,"YES","YES","YES","YES","OMNIPATH_SECRETED_ANNOTATION","CellChatDB;CSPA;HGNC;HPA_secretome;LOCATE;Membranome;OmniPath;Phobius;Surfaceome;UniProt_keyword;UniProt_location;UniProt_topology;Zhong2015","47c971d2fbba4ecd0ba7485d1846a74054432a0d1a97ea3e6a79ae27d0da8094","5e4142df024fd4d5d64cc667299364982a51176076ae6a69e1069425530afafa","FROZEN_BEFORE_EXPRESSION_OUTCOMES","https://zenodo.org/records/7074291|https://omnipathdb.org/intercell"
"PCDHA11","NicheNet lr_network_human_21122021.rds unique from","NicheNet human LR network 2021-12-21; Zenodo 7074291","NICHENET_AND_OMNIPATH_MAPPED",1,27,"YES","YES","NO","NO","NO_OMNIPATH_SECRETED_ANNOTATION","CellChatDB;ComPPI;CSPA;HGNC;LOCATE;Membranome;OmniPath;Phobius;Surfaceome;UniProt_keyword;UniProt_location;UniProt_topology;Zhong2015","47c971d2fbba4ecd0ba7485d1846a74054432a0d1a97ea3e6a79ae27d0da8094","5e4142df024fd4d5d64cc667299364982a51176076ae6a69e1069425530afafa","FROZEN_BEFORE_EXPRESSION_OUTCOMES","https://zenodo.org/records/7074291|https://omnipathdb.org/intercell"
"PCDHA12","NicheNet lr_network_human_21122021.rds unique from","NicheNet human LR network 2021-12-21; Zenodo 7074291","NICHENET_AND_OMNIPATH_MAPPED",1,27,"YES","YES","NO","YES","NO_OMNIPATH_SECRETED_ANNOTATION","CellChatDB;ComPPI;HGNC;LOCATE;Membranome;OmniPath;Phobius;Surfaceome;UniProt_keyword;UniProt_location;UniProt_topology;Zhong2015","47c971d2fbba4ecd0ba7485d1846a74054432a0d1a97ea3e6a79ae27d0da8094","5e4142df024fd4d5d64cc667299364982a51176076ae6a69e1069425530afafa","FROZEN_BEFORE_EXPRESSION_OUTCOMES","https://zenodo.org/records/7074291|https://omnipathdb.org/intercell"
"PCDHA13","NicheNet lr_network_human_21122021.rds unique from","NicheNet human LR network 2021-12-21; Zenodo 7074291","NICHENET_AND_OMNIPATH_MAPPED",1,26,"YES","YES","NO","YES","NO_OMNIPATH_SECRETED_ANNOTATION","CellChatDB;HGNC;LOCATE;Membranome;OmniPath;Phobius;Surfaceome;UniProt_keyword;UniProt_location;UniProt_topology;Zhong2015","47c971d2fbba4ecd0ba7485d1846a74054432a0d1a97ea3e6a79ae27d0da8094","5e4142df024fd4d5d64cc667299364982a51176076ae6a69e1069425530afafa","FROZEN_BEFORE_EXPRESSION_OUTCOMES","https://zenodo.org/records/7074291|https://omnipathdb.org/intercell"
"PCDHA2","NicheNet lr_network_human_21122021.rds unique from","NicheNet human LR network 2021-12-21; Zenodo 7074291","NICHENET_AND_OMNIPATH_MAPPED",23,27,"YES","YES","NO","YES","NO_OMNIPATH_SECRETED_ANNOTATION","CellChatDB;GO_Intercell;HGNC;LOCATE;Membranome;OmniPath;Phobius;Surfaceome;UniProt_keyword;UniProt_location;UniProt_topology;Zhong2015","47c971d2fbba4ecd0ba7485d1846a74054432a0d1a97ea3e6a79ae27d0da8094","5e4142df024fd4d5d64cc667299364982a51176076ae6a69e1069425530afafa","FROZEN_BEFORE_EXPRESSION_OUTCOMES","https://zenodo.org/records/7074291|https://omnipathdb.org/intercell"
"PCDHA3","NicheNet lr_network_human_21122021.rds unique from","NicheNet human LR network 2021-12-21; Zenodo 7074291","NICHENET_AND_OMNIPATH_MAPPED",1,23,"YES","YES","NO","NO","NO_OMNIPATH_SECRETED_ANNOTATION","CellChatDB;HGNC;LOCATE;Membranome;OmniPath;Phobius;Surfaceome;UniProt_keyword;UniProt_location;UniProt_topology;Zhong2015","47c971d2fbba4ecd0ba7485d1846a74054432a0d1a97ea3e6a79ae27d0da8094","5e4142df024fd4d5d64cc667299364982a51176076ae6a69e1069425530afafa","FROZEN_BEFORE_EXPRESSION_OUTCOMES","https://zenodo.org/records/7074291|https://omnipathdb.org/intercell"
"PCDHA4","NicheNet lr_network_human_21122021.rds unique from","NicheNet human LR network 2021-12-21; Zenodo 7074291","NICHENET_AND_OMNIPATH_MAPPED",1,27,"YES","YES","NO","YES","NO_OMNIPATH_SECRETED_ANNOTATION","CellChatDB;ComPPI;HGNC;LOCATE;Membranome;OmniPath;Phobius;Surfaceome;UniProt_keyword;UniProt_location;UniProt_topology;Zhong2015","47c971d2fbba4ecd0ba7485d1846a74054432a0d1a97ea3e6a79ae27d0da8094","5e4142df024fd4d5d64cc667299364982a51176076ae6a69e1069425530afafa","FROZEN_BEFORE_EXPRESSION_OUTCOMES","https://zenodo.org/records/7074291|https://omnipathdb.org/intercell"
"PCDHA5","NicheNet lr_network_human_21122021.rds unique from","NicheNet human LR network 2021-12-21; Zenodo 7074291","NICHENET_AND_OMNIPATH_MAPPED",1,23,"YES","YES","NO","NO","NO_OMNIPATH_SECRETED_ANNOTATION","CellChatDB;HGNC;LOCATE;Membranome;OmniPath;Phobius;Surfaceome;UniProt_keyword;UniProt_location;UniProt_topology;Zhong2015","47c971d2fbba4ecd0ba7485d1846a74054432a0d1a97ea3e6a79ae27d0da8094","5e4142df024fd4d5d64cc667299364982a51176076ae6a69e1069425530afafa","FROZEN_BEFORE_EXPRESSION_OUTCOMES","https://zenodo.org/records/7074291|https://omnipathdb.org/intercell"
"PCDHA6","NicheNet lr_network_human_21122021.rds unique from","NicheNet human LR network 2021-12-21; Zenodo 7074291","NICHENET_AND_OMNIPATH_MAPPED",1,32,"YES","YES","YES","YES","OMNIPATH_SECRETED_ANNOTATION","CellChatDB;ComPPI;CSPA;HGNC;LOCATE;Membranome;OmniPath;Phobius;Surfaceome;TopDB;UniProt_keyword;UniProt_location;UniProt_topology;Zhong2015","47c971d2fbba4ecd0ba7485d1846a74054432a0d1a97ea3e6a79ae27d0da8094","5e4142df024fd4d5d64cc667299364982a51176076ae6a69e1069425530afafa","FROZEN_BEFORE_EXPRESSION_OUTCOMES","https://zenodo.org/records/7074291|https://omnipathdb.org/intercell"
"PCDHA7","NicheNet lr_network_human_21122021.rds unique from","NicheNet human LR network 2021-12-21; Zenodo 7074291","NICHENET_AND_OMNIPATH_MAPPED",1,29,"YES","YES","NO","YES","NO_OMNIPATH_SECRETED_ANNOTATION","CellChatDB;ConnectomeDB2025;HGNC;LOCATE;Membranome;OmniPath;Phobius;Surfaceome;UniProt_keyword;UniProt_location;UniProt_topology;Zhong2015","47c971d2fbba4ecd0ba7485d1846a74054432a0d1a97ea3e6a79ae27d0da8094","5e4142df024fd4d5d64cc667299364982a51176076ae6a69e1069425530afafa","FROZEN_BEFORE_EXPRESSION_OUTCOMES","https://zenodo.org/records/7074291|https://omnipathdb.org/intercell"
"PCDHA8","NicheNet lr_network_human_21122021.rds unique from","NicheNet human LR network 2021-12-21; Zenodo 7074291","NICHENET_AND_OMNIPATH_MAPPED",1,26,"YES","YES","NO","YES","NO_OMNIPATH_SECRETED_ANNOTATION","CellChatDB;HGNC;LOCATE;Membranome;OmniPath;Phobius;Surfaceome;UniProt_keyword;UniProt_location;UniProt_topology;Zhong2015","47c971d2fbba4ecd0ba7485d1846a74054432a0d1a97ea3e6a79ae27d0da8094","5e4142df024fd4d5d64cc667299364982a51176076ae6a69e1069425530afafa","FROZEN_BEFORE_EXPRESSION_OUTCOMES","https://zenodo.org/records/7074291|https://omnipathdb.org/intercell"
"PCDHA9","NicheNet lr_network_human_21122021.rds unique from","NicheNet human LR network 2021-12-21; Zenodo 7074291","NICHENET_AND_OMNIPATH_MAPPED",1,24,"YES","YES","NO","YES","NO_OMNIPATH_SECRETED_ANNOTATION","CellChatDB;HGNC;LOCATE;Membranome;OmniPath;Phobius;Surfaceome;UniProt_keyword;UniProt_location;UniProt_topology;Zhong2015","47c971d2fbba4ecd0ba7485d1846a74054432a0d1a97ea3e6a79ae27d0da8094","5e4142df024fd4d5d64cc667299364982a51176076ae6a69e1069425530afafa","FROZEN_BEFORE_EXPRESSION_OUTCOMES","https://zenodo.org/records/7074291|https://omnipathdb.org/intercell"
"PCDHB3","NicheNet lr_network_human_21122021.rds unique from","NicheNet human LR network 2021-12-21; Zenodo 7074291","NICHENET_AND_OMNIPATH_MAPPED",1,35,"YES","YES","NO","NO","NO_OMNIPATH_SECRETED_ANNOTATION","Almen2009;CellChatDB;Cellinker;ComPPI;ConnectomeDB2025;HGNC;Membranome;OmniPath;Phobius;Surfaceome;UniProt_keyword;UniProt_location;UniProt_topology;Zhong2015","47c971d2fbba4ecd0ba7485d1846a74054432a0d1a97ea3e6a79ae27d0da8094","5e4142df024fd4d5d64cc667299364982a51176076ae6a69e1069425530afafa","FROZEN_BEFORE_EXPRESSION_OUTCOMES","https://zenodo.org/records/7074291|https://omnipathdb.org/intercell"
"PCDHGB6","NicheNet lr_network_human_21122021.rds unique from","NicheNet human LR network 2021-12-21; Zenodo 7074291","NICHENET_AND_OMNIPATH_MAPPED",2,28,"YES","YES","NO","YES","NO_OMNIPATH_SECRETED_ANNOTATION","CellChatDB;Cellinker;ConnectomeDB2025;HGNC;Membranome;OmniPath;Phobius;Surfaceome;UniProt_keyword;UniProt_location;UniProt_topology;Zhong2015","47c971d2fbba4ecd0ba7485d1846a74054432a0d1a97ea3e6a79ae27d0da8094","5e4142df024fd4d5d64cc667299364982a51176076ae6a69e1069425530afafa","FROZEN_BEFORE_EXPRESSION_OUTCOMES","https://zenodo.org/records/7074291|https://omnipathdb.org/intercell"
"PCSK9","NicheNet lr_network_human_21122021.rds unique from","NicheNet human LR network 2021-12-21; Zenodo 7074291","NICHENET_AND_OMNIPATH_MAPPED",8,26,"YES","YES","YES","YES","OMNIPATH_SECRETED_ANNOTATION","Baccin2019;Cellinker;CellTalkDB;ComPPI;connectomeDB2020;EMBRACE;GO_Intercell;HPA_secretome;iTALK;LOCATE;LRdb;OmniPath;Ramilowski2015;scConnect;talklr;UniProt_keyword;UniProt_location","47c971d2fbba4ecd0ba7485d1846a74054432a0d1a97ea3e6a79ae27d0da8094","5e4142df024fd4d5d64cc667299364982a51176076ae6a69e1069425530afafa","FROZEN_BEFORE_EXPRESSION_OUTCOMES","https://zenodo.org/records/7074291|https://omnipathdb.org/intercell"
"PDCD1LG2","NicheNet lr_network_human_21122021.rds unique from","NicheNet human LR network 2021-12-21; Zenodo 7074291","NICHENET_AND_OMNIPATH_MAPPED",4,54,"YES","YES","YES","YES","OMNIPATH_SECRETED_ANNOTATION","CellCellInteractions;CellChatDB;Cellinker;CellPhoneDB;CellTalkDB;ComPPI;connectomeDB2020;ConnectomeDB2025;CSPA;DGIdb;GO_Intercell;HGNC;HPA_secretome;ICELLNET;iTALK;LOCATE;LRdb;Membranome;OmniPath;Phobius;Ramilowski_location;Surfaceome;TopDB;UniProt_keyword;UniProt_location;UniProt_topology","47c971d2fbba4ecd0ba7485d1846a74054432a0d1a97ea3e6a79ae27d0da8094","5e4142df024fd4d5d64cc667299364982a51176076ae6a69e1069425530afafa","FROZEN_BEFORE_EXPRESSION_OUTCOMES","https://zenodo.org/records/7074291|https://omnipathdb.org/intercell"
"PDGFA","NicheNet lr_network_human_21122021.rds unique from","NicheNet human LR network 2021-12-21; Zenodo 7074291","NICHENET_AND_OMNIPATH_MAPPED",3,43,"YES","YES","YES","YES","OMNIPATH_SECRETED_ANNOTATION","Baccin2019;CellCall;CellChatDB;Cellinker;CellPhoneDB;CellTalkDB;ComPPI;connectomeDB2020;ConnectomeDB2025;DGIdb;EMBRACE;GO_Intercell;HPA_secretome;ICELLNET;iTALK;Kirouac2010;LOCATE;LRdb;Matrisome;OmniPath;Ramilowski2015;SignaLink_function;talklr;UniProt_keyword;UniProt_location","47c971d2fbba4ecd0ba7485d1846a74054432a0d1a97ea3e6a79ae27d0da8094","5e4142df024fd4d5d64cc667299364982a51176076ae6a69e1069425530afafa","FROZEN_BEFORE_EXPRESSION_OUTCOMES","https://zenodo.org/records/7074291|https://omnipathdb.org/intercell"
"PDGFB","NicheNet lr_network_human_21122021.rds unique from","NicheNet human LR network 2021-12-21; Zenodo 7074291","NICHENET_AND_OMNIPATH_MAPPED",3,43,"YES","YES","YES","YES","OMNIPATH_SECRETED_ANNOTATION","CellCall;CellChatDB;Cellinker;CellPhoneDB;CellTalkDB;ComPPI;connectomeDB2020;ConnectomeDB2025;DGIdb;GO_Intercell;HPA_secretome;HPMR;ICELLNET;iTALK;Kirouac2010;LOCATE;LRdb;Matrisome;OmniPath;Ramilowski2015;SignaLink_function;talklr;UniProt_keyword;UniProt_location","47c971d2fbba4ecd0ba7485d1846a74054432a0d1a97ea3e6a79ae27d0da8094","5e4142df024fd4d5d64cc667299364982a51176076ae6a69e1069425530afafa","FROZEN_BEFORE_EXPRESSION_OUTCOMES","https://zenodo.org/records/7074291|https://omnipathdb.org/intercell"
"PDGFC","NicheNet lr_network_human_21122021.rds unique from","NicheNet human LR network 2021-12-21; Zenodo 7074291","NICHENET_AND_OMNIPATH_MAPPED",5,54,"YES","YES","YES","YES","OMNIPATH_SECRETED_ANNOTATION","Baccin2019;CellCall;CellChatDB;Cellinker;CellPhoneDB;CellTalkDB;ComPPI;connectomeDB2020;ConnectomeDB2025;DGIdb;EMBRACE;GO_Intercell;Guide2Pharma;HPA_secretome;HPMR;ICELLNET;iTALK;LRdb;Matrisome;OmniPath;Ramilowski2015;scConnect;SignaLink_function;talklr;UniProt_keyword;UniProt_location","47c971d2fbba4ecd0ba7485d1846a74054432a0d1a97ea3e6a79ae27d0da8094","5e4142df024fd4d5d64cc667299364982a51176076ae6a69e1069425530afafa","FROZEN_BEFORE_EXPRESSION_OUTCOMES","https://zenodo.org/records/7074291|https://omnipathdb.org/intercell"
"PDGFD","NicheNet lr_network_human_21122021.rds unique from","NicheNet human LR network 2021-12-21; Zenodo 7074291","NICHENET_AND_OMNIPATH_MAPPED",2,40,"YES","YES","YES","YES","OMNIPATH_SECRETED_ANNOTATION","Baccin2019;CellCall;CellChatDB;Cellinker;CellPhoneDB;CellTalkDB;ComPPI;connectomeDB2020;ConnectomeDB2025;DGIdb;EMBRACE;GO_Intercell;HPA_secretome;ICELLNET;iTALK;LOCATE;LRdb;Matrisome;OmniPath;Ramilowski2015;SignaLink_function;talklr;UniProt_keyword;UniProt_location","47c971d2fbba4ecd0ba7485d1846a74054432a0d1a97ea3e6a79ae27d0da8094","5e4142df024fd4d5d64cc667299364982a51176076ae6a69e1069425530afafa","FROZEN_BEFORE_EXPRESSION_OUTCOMES","https://zenodo.org/records/7074291|https://omnipathdb.org/intercell"
"PDPN","NicheNet lr_network_human_21122021.rds unique from","NicheNet human LR network 2021-12-21; Zenodo 7074291","NICHENET_AND_OMNIPATH_MAPPED",1,31,"YES","YES","NO","YES","NO_OMNIPATH_SECRETED_ANNOTATION","Almen2009;ComPPI;connectomeDB2020;ConnectomeDB2025;GO_Intercell;ICELLNET;LOCATE;Membranome;OmniPath;Phobius;Ramilowski_location;TopDB;UniProt_keyword;UniProt_location;UniProt_topology","47c971d2fbba4ecd0ba7485d1846a74054432a0d1a97ea3e6a79ae27d0da8094","5e4142df024fd4d5d64cc667299364982a51176076ae6a69e1069425530afafa","FROZEN_BEFORE_EXPRESSION_OUTCOMES","https://zenodo.org/records/7074291|https://omnipathdb.org/intercell"
"PDYN","NicheNet lr_network_human_21122021.rds unique from","NicheNet human LR network 2021-12-21; Zenodo 7074291","NICHENET_AND_OMNIPATH_MAPPED",3,25,"YES","YES","YES","YES","OMNIPATH_SECRETED_ANNOTATION","CellChatDB;Cellinker;CellPhoneDB;CellTalkDB;ComPPI;connectomeDB2020;ConnectomeDB2025;GO_Intercell;Guide2Pharma;HPA_secretome;iTALK;LRdb;OmniPath;Ramilowski2015;scConnect;talklr;UniProt_keyword;UniProt_location","47c971d2fbba4ecd0ba7485d1846a74054432a0d1a97ea3e6a79ae27d0da8094","5e4142df024fd4d5d64cc667299364982a51176076ae6a69e1069425530afafa","FROZEN_BEFORE_EXPRESSION_OUTCOMES","https://zenodo.org/records/7074291|https://omnipathdb.org/intercell"
"PECAM1","NicheNet lr_network_human_21122021.rds unique from","NicheNet human LR network 2021-12-21; Zenodo 7074291","NICHENET_AND_OMNIPATH_MAPPED",4,62,"YES","YES","NO","YES","NO_OMNIPATH_SECRETED_ANNOTATION","Almen2009;Baccin2019;CellChatDB;Cellinker;CellPhoneDB;CellTalkDB;ComPPI;connectomeDB2020;ConnectomeDB2025;CSPA;DGIdb;EMBRACE;GO_Intercell;HGNC;ICELLNET;iTALK;LOCATE;LRdb;MCAM;Membranome;OmniPath;Phobius;Ramilowski_location;Ramilowski2015;Surfaceome;talklr;TopDB;UniProt_keyword;UniProt_location;UniProt_topology;Zhong2015","47c971d2fbba4ecd0ba7485d1846a74054432a0d1a97ea3e6a79ae27d0da8094","5e4142df024fd4d5d64cc667299364982a51176076ae6a69e1069425530afafa","FROZEN_BEFORE_EXPRESSION_OUTCOMES","https://zenodo.org/records/7074291|https://omnipathdb.org/intercell"
"PENK","NicheNet lr_network_human_21122021.rds unique from","NicheNet human LR network 2021-12-21; Zenodo 7074291","NICHENET_AND_OMNIPATH_MAPPED",11,32,"YES","YES","YES","YES","OMNIPATH_SECRETED_ANNOTATION","Baccin2019;CellChatDB;Cellinker;CellPhoneDB;CellTalkDB;ComPPI;connectomeDB2020;ConnectomeDB2025;EMBRACE;GO_Intercell;Guide2Pharma;HPA_secretome;HPMR;iTALK;LOCATE;LRdb;OmniPath;Ramilowski2015;scConnect;talklr;UniProt_keyword;UniProt_location","47c971d2fbba4ecd0ba7485d1846a74054432a0d1a97ea3e6a79ae27d0da8094","5e4142df024fd4d5d64cc667299364982a51176076ae6a69e1069425530afafa","FROZEN_BEFORE_EXPRESSION_OUTCOMES","https://zenodo.org/records/7074291|https://omnipathdb.org/intercell"
"PF4","NicheNet lr_network_human_21122021.rds unique from","NicheNet human LR network 2021-12-21; Zenodo 7074291","NICHENET_AND_OMNIPATH_MAPPED",7,36,"YES","YES","YES","YES","OMNIPATH_SECRETED_ANNOTATION","Baccin2019;CellCall;CellChatDB;Cellinker;CellPhoneDB;CellTalkDB;ComPPI;connectomeDB2020;ConnectomeDB2025;EMBRACE;GO_Intercell;HPA_secretome;HPMR;ICELLNET;iTALK;LOCATE;LRdb;Matrisome;OmniPath;Ramilowski2015;talklr;UniProt_keyword;UniProt_location","47c971d2fbba4ecd0ba7485d1846a74054432a0d1a97ea3e6a79ae27d0da8094","5e4142df024fd4d5d64cc667299364982a51176076ae6a69e1069425530afafa","FROZEN_BEFORE_EXPRESSION_OUTCOMES","https://zenodo.org/records/7074291|https://omnipathdb.org/intercell"
"PF4V1","NicheNet lr_network_human_21122021.rds unique from","NicheNet human LR network 2021-12-21; Zenodo 7074291","NICHENET_AND_OMNIPATH_MAPPED",1,25,"YES","YES","YES","YES","OMNIPATH_SECRETED_ANNOTATION","Baccin2019;CellCall;CellChatDB;ComPPI;connectomeDB2020;ConnectomeDB2025;EMBRACE;GO_Intercell;HPA_secretome;ICELLNET;LOCATE;Matrisome;OmniPath;UniProt_keyword;UniProt_location","47c971d2fbba4ecd0ba7485d1846a74054432a0d1a97ea3e6a79ae27d0da8094","5e4142df024fd4d5d64cc667299364982a51176076ae6a69e1069425530afafa","FROZEN_BEFORE_EXPRESSION_OUTCOMES","https://zenodo.org/records/7074291|https://omnipathdb.org/intercell"
"PGF","NicheNet lr_network_human_21122021.rds unique from","NicheNet human LR network 2021-12-21; Zenodo 7074291","NICHENET_AND_OMNIPATH_MAPPED",4,42,"YES","YES","YES","YES","OMNIPATH_SECRETED_ANNOTATION","Baccin2019;CellCall;CellChatDB;Cellinker;CellPhoneDB;CellTalkDB;ComPPI;connectomeDB2020;ConnectomeDB2025;DGIdb;EMBRACE;GO_Intercell;HGNC;HPA_secretome;ICELLNET;iTALK;LRdb;Matrisome;OmniPath;Ramilowski2015;talklr;UniProt_keyword;UniProt_location","47c971d2fbba4ecd0ba7485d1846a74054432a0d1a97ea3e6a79ae27d0da8094","5e4142df024fd4d5d64cc667299364982a51176076ae6a69e1069425530afafa","FROZEN_BEFORE_EXPRESSION_OUTCOMES","https://zenodo.org/records/7074291|https://omnipathdb.org/intercell"
"PGLYRP1","NicheNet lr_network_human_21122021.rds unique from","NicheNet human LR network 2021-12-21; Zenodo 7074291","NICHENET_AND_OMNIPATH_MAPPED",1,20,"YES","YES","YES","YES","OMNIPATH_SECRETED_ANNOTATION","CellTalkDB;ComPPI;connectomeDB2020;ConnectomeDB2025;GO_Intercell;HGNC;HPA_secretome;MatrixDB;OmniPath;UniProt_keyword;UniProt_location","47c971d2fbba4ecd0ba7485d1846a74054432a0d1a97ea3e6a79ae27d0da8094","5e4142df024fd4d5d64cc667299364982a51176076ae6a69e1069425530afafa","FROZEN_BEFORE_EXPRESSION_OUTCOMES","https://zenodo.org/records/7074291|https://omnipathdb.org/intercell"
"PI16","NicheNet lr_network_human_21122021.rds unique from","NicheNet human LR network 2021-12-21; Zenodo 7074291","NICHENET_AND_OMNIPATH_MAPPED",2,24,"YES","YES","YES","YES","OMNIPATH_SECRETED_ANNOTATION","Almen2009;Cellinker;CellPhoneDB;CSPA;HPA_secretome;ICELLNET;MatrixDB;Membranome;OmniPath;Phobius;Ramilowski_location;Surfaceome;UniProt_keyword;UniProt_location","47c971d2fbba4ecd0ba7485d1846a74054432a0d1a97ea3e6a79ae27d0da8094","5e4142df024fd4d5d64cc667299364982a51176076ae6a69e1069425530afafa","FROZEN_BEFORE_EXPRESSION_OUTCOMES","https://zenodo.org/records/7074291|https://omnipathdb.org/intercell"
"PIGA","NicheNet lr_network_human_21122021.rds unique from","NicheNet human LR network 2021-12-21; Zenodo 7074291","NICHENET_AND_OMNIPATH_MAPPED",1,18,"YES","YES","NO","NO","NO_OMNIPATH_SECRETED_ANNOTATION","Almen2009;CellTalkDB;ComPPI;GO_Intercell;LOCATE;OmniPath;Phobius;Ramilowski_location;TopDB;UniProt_keyword;UniProt_location;UniProt_topology","47c971d2fbba4ecd0ba7485d1846a74054432a0d1a97ea3e6a79ae27d0da8094","5e4142df024fd4d5d64cc667299364982a51176076ae6a69e1069425530afafa","FROZEN_BEFORE_EXPRESSION_OUTCOMES","https://zenodo.org/records/7074291|https://omnipathdb.org/intercell"
"PIP","NicheNet lr_network_human_21122021.rds unique from","NicheNet human LR network 2021-12-21; Zenodo 7074291","NICHENET_AND_OMNIPATH_MAPPED",3,21,"YES","YES","YES","YES","OMNIPATH_SECRETED_ANNOTATION","Baccin2019;Cellinker;CellTalkDB;connectomeDB2020;ConnectomeDB2025;GO_Intercell;HPA_secretome;iTALK;LRdb;OmniPath;Ramilowski2015;talklr;UniProt_keyword;UniProt_location","47c971d2fbba4ecd0ba7485d1846a74054432a0d1a97ea3e6a79ae27d0da8094","5e4142df024fd4d5d64cc667299364982a51176076ae6a69e1069425530afafa","FROZEN_BEFORE_EXPRESSION_OUTCOMES","https://zenodo.org/records/7074291|https://omnipathdb.org/intercell"
"PLA2G10","NicheNet lr_network_human_21122021.rds unique from","NicheNet human LR network 2021-12-21; Zenodo 7074291","NICHENET_AND_OMNIPATH_MAPPED",1,17,"NO","YES","YES","YES","OMNIPATH_SECRETED_ANNOTATION","Baccin2019;Cellinker;connectomeDB2020;ConnectomeDB2025;GO_Intercell;HPA_secretome;LOCATE;OmniPath;scConnect;UniProt_keyword;UniProt_location","47c971d2fbba4ecd0ba7485d1846a74054432a0d1a97ea3e6a79ae27d0da8094","5e4142df024fd4d5d64cc667299364982a51176076ae6a69e1069425530afafa","FROZEN_BEFORE_EXPRESSION_OUTCOMES","https://zenodo.org/records/7074291|https://omnipathdb.org/intercell"
"PLA2G2A","NicheNet lr_network_human_21122021.rds unique from","NicheNet human LR network 2021-12-21; Zenodo 7074291","NICHENET_AND_OMNIPATH_MAPPED",7,28,"YES","YES","YES","YES","OMNIPATH_SECRETED_ANNOTATION","Cellinker;CellPhoneDB;connectomeDB2020;ConnectomeDB2025;GO_Intercell;HPA_secretome;LOCATE;OmniPath;scConnect;UniProt_keyword;UniProt_location","47c971d2fbba4ecd0ba7485d1846a74054432a0d1a97ea3e6a79ae27d0da8094","5e4142df024fd4d5d64cc667299364982a51176076ae6a69e1069425530afafa","FROZEN_BEFORE_EXPRESSION_OUTCOMES","https://zenodo.org/records/7074291|https://omnipathdb.org/intercell"
"PLAT","NicheNet lr_network_human_21122021.rds unique from","NicheNet human LR network 2021-12-21; Zenodo 7074291","NICHENET_AND_OMNIPATH_MAPPED",3,19,"NO","YES","YES","YES","OMNIPATH_SECRETED_ANNOTATION","Cellinker;ComPPI;connectomeDB2020;ConnectomeDB2025;GO_Intercell;HPA_secretome;LOCATE;Matrisome;OmniPath;scConnect;UniProt_keyword;UniProt_location","47c971d2fbba4ecd0ba7485d1846a74054432a0d1a97ea3e6a79ae27d0da8094","5e4142df024fd4d5d64cc667299364982a51176076ae6a69e1069425530afafa","FROZEN_BEFORE_EXPRESSION_OUTCOMES","https://zenodo.org/records/7074291|https://omnipathdb.org/intercell"
"PLAU","NicheNet lr_network_human_21122021.rds unique from","NicheNet human LR network 2021-12-21; Zenodo 7074291","NICHENET_AND_OMNIPATH_MAPPED",5,20,"NO","YES","YES","YES","OMNIPATH_SECRETED_ANNOTATION","Baccin2019;Cellinker;connectomeDB2020;ConnectomeDB2025;DGIdb;GO_Intercell;HPA_secretome;HPMR;LOCATE;Matrisome;OmniPath;scConnect;UniProt_keyword;UniProt_location","47c971d2fbba4ecd0ba7485d1846a74054432a0d1a97ea3e6a79ae27d0da8094","5e4142df024fd4d5d64cc667299364982a51176076ae6a69e1069425530afafa","FROZEN_BEFORE_EXPRESSION_OUTCOMES","https://zenodo.org/records/7074291|https://omnipathdb.org/intercell"
"PLB1","NicheNet lr_network_human_21122021.rds unique from","NicheNet human LR network 2021-12-21; Zenodo 7074291","NICHENET_AND_OMNIPATH_MAPPED",1,28,"NO","YES","NO","YES","NO_OMNIPATH_SECRETED_ANNOTATION","Almen2009;Cellinker;ComPPI;LOCATE;Membranome;OmniPath;Phobius;Ramilowski_location;Surfaceome;UniProt_keyword;UniProt_location;UniProt_topology","47c971d2fbba4ecd0ba7485d1846a74054432a0d1a97ea3e6a79ae27d0da8094","5e4142df024fd4d5d64cc667299364982a51176076ae6a69e1069425530afafa","FROZEN_BEFORE_EXPRESSION_OUTCOMES","https://zenodo.org/records/7074291|https://omnipathdb.org/intercell"
"PLEKHO2","NicheNet lr_network_human_21122021.rds unique from","NicheNet human LR network 2021-12-21; Zenodo 7074291","NICHENET_AND_OMNIPATH_MAPPED",1,5,"NO","YES","NO","NO","NO_OMNIPATH_SECRETED_ANNOTATION","ComPPI;GO_Intercell;MatrixDB;OmniPath","47c971d2fbba4ecd0ba7485d1846a74054432a0d1a97ea3e6a79ae27d0da8094","5e4142df024fd4d5d64cc667299364982a51176076ae6a69e1069425530afafa","FROZEN_BEFORE_EXPRESSION_OUTCOMES","https://zenodo.org/records/7074291|https://omnipathdb.org/intercell"
"PLG","NicheNet lr_network_human_21122021.rds unique from","NicheNet human LR network 2021-12-21; Zenodo 7074291","NICHENET_AND_OMNIPATH_MAPPED",8,32,"YES","YES","YES","YES","OMNIPATH_SECRETED_ANNOTATION","Baccin2019;CellChatDB;Cellinker;CellPhoneDB;CellTalkDB;connectomeDB2020;ConnectomeDB2025;DGIdb;EMBRACE;GO_Intercell;HPA_secretome;HPMR;ICELLNET;iTALK;LRdb;Matrisome;OmniPath;Ramilowski2015;talklr;UniProt_keyword;UniProt_location","47c971d2fbba4ecd0ba7485d1846a74054432a0d1a97ea3e6a79ae27d0da8094","5e4142df024fd4d5d64cc667299364982a51176076ae6a69e1069425530afafa","FROZEN_BEFORE_EXPRESSION_OUTCOMES","https://zenodo.org/records/7074291|https://omnipathdb.org/intercell"
"PLTP","NicheNet lr_network_human_21122021.rds unique from","NicheNet human LR network 2021-12-21; Zenodo 7074291","NICHENET_AND_OMNIPATH_MAPPED",2,16,"NO","YES","YES","YES","OMNIPATH_SECRETED_ANNOTATION","Cellinker;ComPPI;connectomeDB2020;ConnectomeDB2025;GO_Intercell;HGNC;HPA_secretome;LOCATE;MatrixDB;OmniPath;UniProt_keyword;UniProt_location","47c971d2fbba4ecd0ba7485d1846a74054432a0d1a97ea3e6a79ae27d0da8094","5e4142df024fd4d5d64cc667299364982a51176076ae6a69e1069425530afafa","FROZEN_BEFORE_EXPRESSION_OUTCOMES","https://zenodo.org/records/7074291|https://omnipathdb.org/intercell"
"PLXNA1","NicheNet lr_network_human_21122021.rds unique from","NicheNet human LR network 2021-12-21; Zenodo 7074291","NICHENET_AND_OMNIPATH_MAPPED",3,62,"YES","YES","NO","YES","NO_OMNIPATH_SECRETED_ANNOTATION","Almen2009;Baccin2019;CellCellInteractions;CellChatDB;Cellinker;CellPhoneDB;CellTalkDB;ComPPI;connectomeDB2020;ConnectomeDB2025;CSPA;EMBRACE;GO_Intercell;HGNC;HPMR;ICELLNET;iTALK;LOCATE;LRdb;Matrisome;Membranome;OmniPath;Phobius;Ramilowski_location;Ramilowski2015;Surfaceome;talklr;TopDB;UniProt_keyword;UniProt_location;UniProt_topology","47c971d2fbba4ecd0ba7485d1846a74054432a0d1a97ea3e6a79ae27d0da8094","5e4142df024fd4d5d64cc667299364982a51176076ae6a69e1069425530afafa","FROZEN_BEFORE_EXPRESSION_OUTCOMES","https://zenodo.org/records/7074291|https://omnipathdb.org/intercell"
"PLXNA2","NicheNet lr_network_human_21122021.rds unique from","NicheNet human LR network 2021-12-21; Zenodo 7074291","NICHENET_AND_OMNIPATH_MAPPED",1,54,"YES","YES","NO","YES","NO_OMNIPATH_SECRETED_ANNOTATION","Baccin2019;CellCellInteractions;CellChatDB;Cellinker;CellPhoneDB;CellTalkDB;ComPPI;connectomeDB2020;ConnectomeDB2025;CSPA;EMBRACE;GO_Intercell;HGNC;HPMR;ICELLNET;iTALK;LOCATE;LRdb;Matrisome;Membranome;OmniPath;Phobius;Ramilowski_location;Ramilowski2015;Surfaceome;talklr;TopDB;UniProt_keyword;UniProt_location;UniProt_topology","47c971d2fbba4ecd0ba7485d1846a74054432a0d1a97ea3e6a79ae27d0da8094","5e4142df024fd4d5d64cc667299364982a51176076ae6a69e1069425530afafa","FROZEN_BEFORE_EXPRESSION_OUTCOMES","https://zenodo.org/records/7074291|https://omnipathdb.org/intercell"
"PMCH","NicheNet lr_network_human_21122021.rds unique from","NicheNet human LR network 2021-12-21; Zenodo 7074291","NICHENET_AND_OMNIPATH_MAPPED",3,29,"YES","YES","YES","YES","OMNIPATH_SECRETED_ANNOTATION","Baccin2019;CellChatDB;Cellinker;CellPhoneDB;CellTalkDB;connectomeDB2020;ConnectomeDB2025;EMBRACE;GO_Intercell;Guide2Pharma;HPA_secretome;HPMR;iTALK;LRdb;OmniPath;Ramilowski2015;scConnect;talklr;UniProt_keyword;UniProt_location","47c971d2fbba4ecd0ba7485d1846a74054432a0d1a97ea3e6a79ae27d0da8094","5e4142df024fd4d5d64cc667299364982a51176076ae6a69e1069425530afafa","FROZEN_BEFORE_EXPRESSION_OUTCOMES","https://zenodo.org/records/7074291|https://omnipathdb.org/intercell"
"PNOC","NicheNet lr_network_human_21122021.rds unique from","NicheNet human LR network 2021-12-21; Zenodo 7074291","NICHENET_AND_OMNIPATH_MAPPED",1,29,"YES","YES","YES","YES","OMNIPATH_SECRETED_ANNOTATION","Baccin2019;Cellinker;CellPhoneDB;CellTalkDB;ComPPI;connectomeDB2020;ConnectomeDB2025;EMBRACE;GO_Intercell;HPA_secretome;HPMR;iTALK;LOCATE;LRdb;MatrixDB;OmniPath;Ramilowski2015;scConnect;talklr;UniProt_keyword;UniProt_location","47c971d2fbba4ecd0ba7485d1846a74054432a0d1a97ea3e6a79ae27d0da8094","5e4142df024fd4d5d64cc667299364982a51176076ae6a69e1069425530afafa","FROZEN_BEFORE_EXPRESSION_OUTCOMES","https://zenodo.org/records/7074291|https://omnipathdb.org/intercell"
"PODXL","NicheNet lr_network_human_21122021.rds unique from","NicheNet human LR network 2021-12-21; Zenodo 7074291","NICHENET_AND_OMNIPATH_MAPPED",1,34,"YES","YES","YES","YES","OMNIPATH_SECRETED_ANNOTATION","CellChatDB;Cellinker;CellPhoneDB;ComPPI;connectomeDB2020;ConnectomeDB2025;CSPA;GO_Intercell;MatrixDB;Membranome;OmniPath;Phobius;Ramilowski_location;Surfaceome;UniProt_keyword;UniProt_location;UniProt_topology","47c971d2fbba4ecd0ba7485d1846a74054432a0d1a97ea3e6a79ae27d0da8094","5e4142df024fd4d5d64cc667299364982a51176076ae6a69e1069425530afafa","FROZEN_BEFORE_EXPRESSION_OUTCOMES","https://zenodo.org/records/7074291|https://omnipathdb.org/intercell"
"PODXL2","NicheNet lr_network_human_21122021.rds unique from","NicheNet human LR network 2021-12-21; Zenodo 7074291","NICHENET_AND_OMNIPATH_MAPPED",1,41,"YES","YES","NO","NO","NO_OMNIPATH_SECRETED_ANNOTATION","Almen2009;Cellinker;CellPhoneDB;CellTalkDB;ComPPI;connectomeDB2020;ConnectomeDB2025;CSPA;GO_Intercell;ICELLNET;iTALK;LRdb;Membranome;OmniPath;Phobius;Ramilowski_location;Ramilowski2015;Surfaceome;talklr;TopDB;UniProt_keyword;UniProt_location;UniProt_topology;Zhong2015","47c971d2fbba4ecd0ba7485d1846a74054432a0d1a97ea3e6a79ae27d0da8094","5e4142df024fd4d5d64cc667299364982a51176076ae6a69e1069425530afafa","FROZEN_BEFORE_EXPRESSION_OUTCOMES","https://zenodo.org/records/7074291|https://omnipathdb.org/intercell"
"POMC","NicheNet lr_network_human_21122021.rds unique from","NicheNet human LR network 2021-12-21; Zenodo 7074291","NICHENET_AND_OMNIPATH_MAPPED",8,35,"YES","YES","YES","YES","OMNIPATH_SECRETED_ANNOTATION","Baccin2019;CellCall;CellChatDB;Cellinker;CellPhoneDB;CellTalkDB;ComPPI;connectomeDB2020;ConnectomeDB2025;DGIdb;EMBRACE;GO_Intercell;Guide2Pharma;HPA_secretome;HPMR;iTALK;LOCATE;LRdb;OmniPath;Ramilowski2015;scConnect;talklr;UniProt_keyword;UniProt_location","47c971d2fbba4ecd0ba7485d1846a74054432a0d1a97ea3e6a79ae27d0da8094","5e4142df024fd4d5d64cc667299364982a51176076ae6a69e1069425530afafa","FROZEN_BEFORE_EXPRESSION_OUTCOMES","https://zenodo.org/records/7074291|https://omnipathdb.org/intercell"
"POMZP3","NicheNet lr_network_human_21122021.rds unique from","NicheNet human LR network 2021-12-21; Zenodo 7074291","NICHENET_AND_OMNIPATH_MAPPED",1,7,"NO","YES","NO","YES","NO_OMNIPATH_SECRETED_ANNOTATION","ComPPI;GO_Intercell;LOCATE;Matrisome;OmniPath","47c971d2fbba4ecd0ba7485d1846a74054432a0d1a97ea3e6a79ae27d0da8094","5e4142df024fd4d5d64cc667299364982a51176076ae6a69e1069425530afafa","FROZEN_BEFORE_EXPRESSION_OUTCOMES","https://zenodo.org/records/7074291|https://omnipathdb.org/intercell"
"POSTN","NicheNet lr_network_human_21122021.rds unique from","NicheNet human LR network 2021-12-21; Zenodo 7074291","NICHENET_AND_OMNIPATH_MAPPED",4,27,"YES","YES","YES","YES","OMNIPATH_SECRETED_ANNOTATION","CellCellInteractions;CellChatDB;Cellinker;ComPPI;connectomeDB2020;ConnectomeDB2025;GO_Intercell;HPA_secretome;Matrisome;MatrixDB;OmniPath;Ramilowski_location;UniProt_keyword;UniProt_location;Zhong2015","47c971d2fbba4ecd0ba7485d1846a74054432a0d1a97ea3e6a79ae27d0da8094","5e4142df024fd4d5d64cc667299364982a51176076ae6a69e1069425530afafa","FROZEN_BEFORE_EXPRESSION_OUTCOMES","https://zenodo.org/records/7074291|https://omnipathdb.org/intercell"
"PPBP","NicheNet lr_network_human_21122021.rds unique from","NicheNet human LR network 2021-12-21; Zenodo 7074291","NICHENET_AND_OMNIPATH_MAPPED",8,40,"YES","YES","YES","YES","OMNIPATH_SECRETED_ANNOTATION","CellCall;CellChatDB;Cellinker;CellPhoneDB;CellTalkDB;ComPPI;connectomeDB2020;ConnectomeDB2025;DGIdb;GO_Intercell;Guide2Pharma;HPA_secretome;ICELLNET;iTALK;Kirouac2010;LOCATE;LRdb;Matrisome;OmniPath;Ramilowski2015;scConnect;talklr;UniProt_keyword;UniProt_location","47c971d2fbba4ecd0ba7485d1846a74054432a0d1a97ea3e6a79ae27d0da8094","5e4142df024fd4d5d64cc667299364982a51176076ae6a69e1069425530afafa","FROZEN_BEFORE_EXPRESSION_OUTCOMES","https://zenodo.org/records/7074291|https://omnipathdb.org/intercell"
"PPY","NicheNet lr_network_human_21122021.rds unique from","NicheNet human LR network 2021-12-21; Zenodo 7074291","NICHENET_AND_OMNIPATH_MAPPED",10,33,"YES","YES","YES","YES","OMNIPATH_SECRETED_ANNOTATION","Baccin2019;CellChatDB;Cellinker;CellPhoneDB;CellTalkDB;connectomeDB2020;ConnectomeDB2025;DGIdb;EMBRACE;GO_Intercell;Guide2Pharma;HPA_secretome;iTALK;LOCATE;LRdb;MatrixDB;OmniPath;Ramilowski2015;scConnect;talklr;UniProt_keyword;UniProt_location","47c971d2fbba4ecd0ba7485d1846a74054432a0d1a97ea3e6a79ae27d0da8094","5e4142df024fd4d5d64cc667299364982a51176076ae6a69e1069425530afafa","FROZEN_BEFORE_EXPRESSION_OUTCOMES","https://zenodo.org/records/7074291|https://omnipathdb.org/intercell"
"PRG4","NicheNet lr_network_human_21122021.rds unique from","NicheNet human LR network 2021-12-21; Zenodo 7074291","NICHENET_AND_OMNIPATH_MAPPED",3,19,"YES","YES","YES","YES","OMNIPATH_SECRETED_ANNOTATION","CellTalkDB;connectomeDB2020;ConnectomeDB2025;GO_Intercell;HPA_secretome;ICELLNET;LOCATE;Matrisome;MatrixDB;OmniPath;UniProt_keyword;UniProt_location","47c971d2fbba4ecd0ba7485d1846a74054432a0d1a97ea3e6a79ae27d0da8094","5e4142df024fd4d5d64cc667299364982a51176076ae6a69e1069425530afafa","FROZEN_BEFORE_EXPRESSION_OUTCOMES","https://zenodo.org/records/7074291|https://omnipathdb.org/intercell"
"PRL","NicheNet lr_network_human_21122021.rds unique from","NicheNet human LR network 2021-12-21; Zenodo 7074291","NICHENET_AND_OMNIPATH_MAPPED",2,38,"YES","YES","YES","YES","OMNIPATH_SECRETED_ANNOTATION","CellCall;CellChatDB;Cellinker;CellPhoneDB;CellTalkDB;connectomeDB2020;ConnectomeDB2025;DGIdb;GO_Intercell;HGNC;HPA_secretome;HPMR;ICELLNET;iTALK;LRdb;Matrisome;MatrixDB;OmniPath;Ramilowski2015;scConnect;SignaLink_function;talklr;UniProt_keyword;UniProt_location","47c971d2fbba4ecd0ba7485d1846a74054432a0d1a97ea3e6a79ae27d0da8094","5e4142df024fd4d5d64cc667299364982a51176076ae6a69e1069425530afafa","FROZEN_BEFORE_EXPRESSION_OUTCOMES","https://zenodo.org/records/7074291|https://omnipathdb.org/intercell"
"PRLH","NicheNet lr_network_human_21122021.rds unique from","NicheNet human LR network 2021-12-21; Zenodo 7074291","NICHENET_AND_OMNIPATH_MAPPED",1,30,"YES","YES","YES","YES","OMNIPATH_SECRETED_ANNOTATION","CellChatDB;Cellinker;CellPhoneDB;CellTalkDB;connectomeDB2020;ConnectomeDB2025;DGIdb;GO_Intercell;Guide2Pharma;HPA_secretome;HPMR;iTALK;LRdb;MatrixDB;OmniPath;Ramilowski2015;scConnect;talklr;UniProt_keyword;UniProt_location","47c971d2fbba4ecd0ba7485d1846a74054432a0d1a97ea3e6a79ae27d0da8094","5e4142df024fd4d5d64cc667299364982a51176076ae6a69e1069425530afafa","FROZEN_BEFORE_EXPRESSION_OUTCOMES","https://zenodo.org/records/7074291|https://omnipathdb.org/intercell"
"PRND","NicheNet lr_network_human_21122021.rds unique from","NicheNet human LR network 2021-12-21; Zenodo 7074291","NICHENET_AND_OMNIPATH_MAPPED",2,34,"YES","YES","YES","YES","OMNIPATH_SECRETED_ANNOTATION","Almen2009;Baccin2019;Cellinker;CellTalkDB;ComPPI;connectomeDB2020;ConnectomeDB2025;DGIdb;iTALK;LRdb;MatrixDB;OmniPath;Ramilowski_location;Ramilowski2015;Surfaceome;talklr;TopDB;UniProt_location","47c971d2fbba4ecd0ba7485d1846a74054432a0d1a97ea3e6a79ae27d0da8094","5e4142df024fd4d5d64cc667299364982a51176076ae6a69e1069425530afafa","FROZEN_BEFORE_EXPRESSION_OUTCOMES","https://zenodo.org/records/7074291|https://omnipathdb.org/intercell"
"PRNP","NicheNet lr_network_human_21122021.rds unique from","NicheNet human LR network 2021-12-21; Zenodo 7074291","NICHENET_AND_OMNIPATH_MAPPED",2,67,"YES","YES","NO","YES","NO_OMNIPATH_SECRETED_ANNOTATION","CellChatDB;Cellinker;ComPPI;ConnectomeDB2025;CSPA;DGIdb;GO_Intercell;ICELLNET;OmniPath;Phobius;Ramilowski_location;Surfaceome;TopDB;UniProt_keyword;UniProt_location;UniProt_topology","47c971d2fbba4ecd0ba7485d1846a74054432a0d1a97ea3e6a79ae27d0da8094","5e4142df024fd4d5d64cc667299364982a51176076ae6a69e1069425530afafa","FROZEN_BEFORE_EXPRESSION_OUTCOMES","https://zenodo.org/records/7074291|https://omnipathdb.org/intercell"
"PROC","NicheNet lr_network_human_21122021.rds unique from","NicheNet human LR network 2021-12-21; Zenodo 7074291","NICHENET_AND_OMNIPATH_MAPPED",8,14,"NO","NO","YES","YES","OMNIPATH_SECRETED_ANNOTATION","Cellinker;connectomeDB2020;ConnectomeDB2025;GO_Intercell;HPA_secretome;HPMR;OmniPath;scConnect;UniProt_keyword;UniProt_location","47c971d2fbba4ecd0ba7485d1846a74054432a0d1a97ea3e6a79ae27d0da8094","5e4142df024fd4d5d64cc667299364982a51176076ae6a69e1069425530afafa","FROZEN_BEFORE_EXPRESSION_OUTCOMES","https://zenodo.org/records/7074291|https://omnipathdb.org/intercell"
"PROK1","NicheNet lr_network_human_21122021.rds unique from","NicheNet human LR network 2021-12-21; Zenodo 7074291","NICHENET_AND_OMNIPATH_MAPPED",2,33,"YES","YES","YES","YES","OMNIPATH_SECRETED_ANNOTATION","Baccin2019;CellChatDB;Cellinker;CellPhoneDB;CellTalkDB;connectomeDB2020;ConnectomeDB2025;DGIdb;EMBRACE;GO_Intercell;Guide2Pharma;HPA_secretome;HPMR;iTALK;LRdb;OmniPath;Ramilowski2015;scConnect;talklr;UniProt_keyword;UniProt_location","47c971d2fbba4ecd0ba7485d1846a74054432a0d1a97ea3e6a79ae27d0da8094","5e4142df024fd4d5d64cc667299364982a51176076ae6a69e1069425530afafa","FROZEN_BEFORE_EXPRESSION_OUTCOMES","https://zenodo.org/records/7074291|https://omnipathdb.org/intercell"
"PROK2","NicheNet lr_network_human_21122021.rds unique from","NicheNet human LR network 2021-12-21; Zenodo 7074291","NICHENET_AND_OMNIPATH_MAPPED",2,26,"YES","YES","YES","YES","OMNIPATH_SECRETED_ANNOTATION","Baccin2019;CellChatDB;Cellinker;CellPhoneDB;CellTalkDB;connectomeDB2020;ConnectomeDB2025;EMBRACE;Guide2Pharma;HPA_secretome;iTALK;LRdb;MatrixDB;OmniPath;Ramilowski2015;scConnect;talklr;UniProt_keyword;UniProt_location","47c971d2fbba4ecd0ba7485d1846a74054432a0d1a97ea3e6a79ae27d0da8094","5e4142df024fd4d5d64cc667299364982a51176076ae6a69e1069425530afafa","FROZEN_BEFORE_EXPRESSION_OUTCOMES","https://zenodo.org/records/7074291|https://omnipathdb.org/intercell"
"PROS1","NicheNet lr_network_human_21122021.rds unique from","NicheNet human LR network 2021-12-21; Zenodo 7074291","NICHENET_AND_OMNIPATH_MAPPED",6,13,"NO","NO","YES","YES","OMNIPATH_SECRETED_ANNOTATION","Baccin2019;Cellinker;ComPPI;connectomeDB2020;ConnectomeDB2025;GO_Intercell;HPA_secretome;LOCATE;OmniPath;UniProt_keyword;UniProt_location","47c971d2fbba4ecd0ba7485d1846a74054432a0d1a97ea3e6a79ae27d0da8094","5e4142df024fd4d5d64cc667299364982a51176076ae6a69e1069425530afafa","FROZEN_BEFORE_EXPRESSION_OUTCOMES","https://zenodo.org/records/7074291|https://omnipathdb.org/intercell"
"PRRG4","NicheNet lr_network_human_21122021.rds unique from","NicheNet human LR network 2021-12-21; Zenodo 7074291","NICHENET_AND_OMNIPATH_MAPPED",1,23,"NO","YES","NO","NO","NO_OMNIPATH_SECRETED_ANNOTATION","Almen2009;Cellinker;GO_Intercell;MatrixDB;Membranome;OmniPath;Phobius;Ramilowski_location;UniProt_keyword;UniProt_location;UniProt_topology","47c971d2fbba4ecd0ba7485d1846a74054432a0d1a97ea3e6a79ae27d0da8094","5e4142df024fd4d5d64cc667299364982a51176076ae6a69e1069425530afafa","FROZEN_BEFORE_EXPRESSION_OUTCOMES","https://zenodo.org/records/7074291|https://omnipathdb.org/intercell"
"PRSS1","NicheNet lr_network_human_21122021.rds unique from","NicheNet human LR network 2021-12-21; Zenodo 7074291","NICHENET_AND_OMNIPATH_MAPPED",4,16,"YES","YES","YES","YES","OMNIPATH_SECRETED_ANNOTATION","CellChatDB;HGNC;HPA_secretome;Matrisome;OmniPath;scConnect;UniProt_keyword;UniProt_location","47c971d2fbba4ecd0ba7485d1846a74054432a0d1a97ea3e6a79ae27d0da8094","5e4142df024fd4d5d64cc667299364982a51176076ae6a69e1069425530afafa","FROZEN_BEFORE_EXPRESSION_OUTCOMES","https://zenodo.org/records/7074291|https://omnipathdb.org/intercell"
"PRSS2","NicheNet lr_network_human_21122021.rds unique from","NicheNet human LR network 2021-12-21; Zenodo 7074291","NICHENET_AND_OMNIPATH_MAPPED",4,19,"YES","YES","YES","YES","OMNIPATH_SECRETED_ANNOTATION","CellChatDB;ComPPI;GO_Intercell;HGNC;HPA_secretome;Matrisome;OmniPath;scConnect;UniProt_keyword;UniProt_location","47c971d2fbba4ecd0ba7485d1846a74054432a0d1a97ea3e6a79ae27d0da8094","5e4142df024fd4d5d64cc667299364982a51176076ae6a69e1069425530afafa","FROZEN_BEFORE_EXPRESSION_OUTCOMES","https://zenodo.org/records/7074291|https://omnipathdb.org/intercell"
"PRSS3","NicheNet lr_network_human_21122021.rds unique from","NicheNet human LR network 2021-12-21; Zenodo 7074291","NICHENET_AND_OMNIPATH_MAPPED",4,19,"YES","YES","YES","YES","OMNIPATH_SECRETED_ANNOTATION","CellChatDB;ComPPI;GO_Intercell;HGNC;HPA_secretome;Matrisome;OmniPath;scConnect;UniProt_keyword;UniProt_location","47c971d2fbba4ecd0ba7485d1846a74054432a0d1a97ea3e6a79ae27d0da8094","5e4142df024fd4d5d64cc667299364982a51176076ae6a69e1069425530afafa","FROZEN_BEFORE_EXPRESSION_OUTCOMES","https://zenodo.org/records/7074291|https://omnipathdb.org/intercell"
"PRSS55","NicheNet lr_network_human_21122021.rds unique from","NicheNet human LR network 2021-12-21; Zenodo 7074291","NICHENET_AND_OMNIPATH_MAPPED",1,12,"NO","YES","NO","NO","NO_OMNIPATH_SECRETED_ANNOTATION","Cellinker;GO_Intercell;OmniPath;UniProt_location","47c971d2fbba4ecd0ba7485d1846a74054432a0d1a97ea3e6a79ae27d0da8094","5e4142df024fd4d5d64cc667299364982a51176076ae6a69e1069425530afafa","FROZEN_BEFORE_EXPRESSION_OUTCOMES","https://zenodo.org/records/7074291|https://omnipathdb.org/intercell"
"PSAP","NicheNet lr_network_human_21122021.rds unique from","NicheNet human LR network 2021-12-21; Zenodo 7074291","NICHENET_AND_OMNIPATH_MAPPED",6,18,"YES","YES","YES","YES","OMNIPATH_SECRETED_ANNOTATION","Baccin2019;Cellinker;ComPPI;connectomeDB2020;ConnectomeDB2025;GO_Intercell;LOCATE;OmniPath;UniProt_keyword;UniProt_location","47c971d2fbba4ecd0ba7485d1846a74054432a0d1a97ea3e6a79ae27d0da8094","5e4142df024fd4d5d64cc667299364982a51176076ae6a69e1069425530afafa","FROZEN_BEFORE_EXPRESSION_OUTCOMES","https://zenodo.org/records/7074291|https://omnipathdb.org/intercell"
"PSEN1","NicheNet lr_network_human_21122021.rds unique from","NicheNet human LR network 2021-12-21; Zenodo 7074291","NICHENET_AND_OMNIPATH_MAPPED",7,27,"YES","YES","YES","YES","OMNIPATH_SECRETED_ANNOTATION","Cellinker;ComPPI;connectomeDB2020;GO_Intercell;HPMR;LOCATE;OmniPath;Phobius;Ramilowski_location;scConnect;Surfaceome;TopDB;UniProt_keyword;UniProt_location;UniProt_topology","47c971d2fbba4ecd0ba7485d1846a74054432a0d1a97ea3e6a79ae27d0da8094","5e4142df024fd4d5d64cc667299364982a51176076ae6a69e1069425530afafa","FROZEN_BEFORE_EXPRESSION_OUTCOMES","https://zenodo.org/records/7074291|https://omnipathdb.org/intercell"
"PSG4","NicheNet lr_network_human_21122021.rds unique from","NicheNet human LR network 2021-12-21; Zenodo 7074291","NICHENET_AND_OMNIPATH_MAPPED",1,10,"YES","YES","YES","YES","OMNIPATH_SECRETED_ANNOTATION","Cellinker;HGNC;HPA_secretome;OmniPath;UniProt_keyword;UniProt_location","47c971d2fbba4ecd0ba7485d1846a74054432a0d1a97ea3e6a79ae27d0da8094","5e4142df024fd4d5d64cc667299364982a51176076ae6a69e1069425530afafa","FROZEN_BEFORE_EXPRESSION_OUTCOMES","https://zenodo.org/records/7074291|https://omnipathdb.org/intercell"
"PSG5","NicheNet lr_network_human_21122021.rds unique from","NicheNet human LR network 2021-12-21; Zenodo 7074291","NICHENET_AND_OMNIPATH_MAPPED",2,11,"YES","YES","YES","YES","OMNIPATH_SECRETED_ANNOTATION","Cellinker;HGNC;HPA_secretome;LOCATE;OmniPath;UniProt_keyword;UniProt_location","47c971d2fbba4ecd0ba7485d1846a74054432a0d1a97ea3e6a79ae27d0da8094","5e4142df024fd4d5d64cc667299364982a51176076ae6a69e1069425530afafa","FROZEN_BEFORE_EXPRESSION_OUTCOMES","https://zenodo.org/records/7074291|https://omnipathdb.org/intercell"
"PSG6","NicheNet lr_network_human_21122021.rds unique from","NicheNet human LR network 2021-12-21; Zenodo 7074291","NICHENET_AND_OMNIPATH_MAPPED",1,10,"YES","YES","YES","YES","OMNIPATH_SECRETED_ANNOTATION","Cellinker;HGNC;HPA_secretome;OmniPath;UniProt_keyword;UniProt_location","47c971d2fbba4ecd0ba7485d1846a74054432a0d1a97ea3e6a79ae27d0da8094","5e4142df024fd4d5d64cc667299364982a51176076ae6a69e1069425530afafa","FROZEN_BEFORE_EXPRESSION_OUTCOMES","https://zenodo.org/records/7074291|https://omnipathdb.org/intercell"
"PSG7","NicheNet lr_network_human_21122021.rds unique from","NicheNet human LR network 2021-12-21; Zenodo 7074291","NICHENET_AND_OMNIPATH_MAPPED",4,12,"YES","YES","YES","YES","OMNIPATH_SECRETED_ANNOTATION","Cellinker;HGNC;ICELLNET;MatrixDB;OmniPath;UniProt_keyword;UniProt_location","47c971d2fbba4ecd0ba7485d1846a74054432a0d1a97ea3e6a79ae27d0da8094","5e4142df024fd4d5d64cc667299364982a51176076ae6a69e1069425530afafa","FROZEN_BEFORE_EXPRESSION_OUTCOMES","https://zenodo.org/records/7074291|https://omnipathdb.org/intercell"
"PSG9","NicheNet lr_network_human_21122021.rds unique from","NicheNet human LR network 2021-12-21; Zenodo 7074291","NICHENET_AND_OMNIPATH_MAPPED",4,14,"YES","YES","YES","YES","OMNIPATH_SECRETED_ANNOTATION","Cellinker;GO_Intercell;HGNC;HPA_secretome;ICELLNET;OmniPath;UniProt_keyword;UniProt_location","47c971d2fbba4ecd0ba7485d1846a74054432a0d1a97ea3e6a79ae27d0da8094","5e4142df024fd4d5d64cc667299364982a51176076ae6a69e1069425530afafa","FROZEN_BEFORE_EXPRESSION_OUTCOMES","https://zenodo.org/records/7074291|https://omnipathdb.org/intercell"
"PSPN","NicheNet lr_network_human_21122021.rds unique from","NicheNet human LR network 2021-12-21; Zenodo 7074291","NICHENET_AND_OMNIPATH_MAPPED",6,35,"YES","YES","YES","YES","OMNIPATH_SECRETED_ANNOTATION","CellChatDB;Cellinker;CellPhoneDB;CellTalkDB;connectomeDB2020;ConnectomeDB2025;DGIdb;GO_Intercell;HGNC;HPA_secretome;HPMR;ICELLNET;iTALK;LOCATE;LRdb;Matrisome;MatrixDB;OmniPath;Ramilowski2015;talklr;UniProt_keyword;UniProt_location","47c971d2fbba4ecd0ba7485d1846a74054432a0d1a97ea3e6a79ae27d0da8094","5e4142df024fd4d5d64cc667299364982a51176076ae6a69e1069425530afafa","FROZEN_BEFORE_EXPRESSION_OUTCOMES","https://zenodo.org/records/7074291|https://omnipathdb.org/intercell"
"PTDSS1","NicheNet lr_network_human_21122021.rds unique from","NicheNet human LR network 2021-12-21; Zenodo 7074291","NICHENET_AND_OMNIPATH_MAPPED",2,19,"YES","YES","NO","YES","NO_OMNIPATH_SECRETED_ANNOTATION","Baccin2019;ComPPI;connectomeDB2020;GO_Intercell;HPMR;OmniPath;Phobius;Ramilowski_location;TopDB;UniProt_keyword;UniProt_location;UniProt_topology","47c971d2fbba4ecd0ba7485d1846a74054432a0d1a97ea3e6a79ae27d0da8094","5e4142df024fd4d5d64cc667299364982a51176076ae6a69e1069425530afafa","FROZEN_BEFORE_EXPRESSION_OUTCOMES","https://zenodo.org/records/7074291|https://omnipathdb.org/intercell"
"PTGFRN","NicheNet lr_network_human_21122021.rds unique from","NicheNet human LR network 2021-12-21; Zenodo 7074291","NICHENET_AND_OMNIPATH_MAPPED",2,20,"NO","YES","NO","NO","NO_OMNIPATH_SECRETED_ANNOTATION","Cellinker;CSPA;GO_Intercell;LOCATE;OmniPath;Phobius;Surfaceome;TopDB;UniProt_keyword;UniProt_location;UniProt_topology","47c971d2fbba4ecd0ba7485d1846a74054432a0d1a97ea3e6a79ae27d0da8094","5e4142df024fd4d5d64cc667299364982a51176076ae6a69e1069425530afafa","FROZEN_BEFORE_EXPRESSION_OUTCOMES","https://zenodo.org/records/7074291|https://omnipathdb.org/intercell"
"PTGS2","NicheNet lr_network_human_21122021.rds unique from","NicheNet human LR network 2021-12-21; Zenodo 7074291","NICHENET_AND_OMNIPATH_MAPPED",1,15,"YES","YES","NO","YES","NO_OMNIPATH_SECRETED_ANNOTATION","ComPPI;connectomeDB2020;GO_Intercell;HPMR;LOCATE;OmniPath;scConnect;UniProt_location","47c971d2fbba4ecd0ba7485d1846a74054432a0d1a97ea3e6a79ae27d0da8094","5e4142df024fd4d5d64cc667299364982a51176076ae6a69e1069425530afafa","FROZEN_BEFORE_EXPRESSION_OUTCOMES","https://zenodo.org/records/7074291|https://omnipathdb.org/intercell"
"PTH","NicheNet lr_network_human_21122021.rds unique from","NicheNet human LR network 2021-12-21; Zenodo 7074291","NICHENET_AND_OMNIPATH_MAPPED",12,31,"YES","YES","YES","YES","OMNIPATH_SECRETED_ANNOTATION","Baccin2019;CellCall;CellChatDB;Cellinker;CellPhoneDB;CellTalkDB;connectomeDB2020;ConnectomeDB2025;DGIdb;GO_Intercell;HPA_secretome;HPMR;ICELLNET;iTALK;LOCATE;LRdb;OmniPath;Ramilowski2015;talklr;UniProt_keyword;UniProt_location","47c971d2fbba4ecd0ba7485d1846a74054432a0d1a97ea3e6a79ae27d0da8094","5e4142df024fd4d5d64cc667299364982a51176076ae6a69e1069425530afafa","FROZEN_BEFORE_EXPRESSION_OUTCOMES","https://zenodo.org/records/7074291|https://omnipathdb.org/intercell"
"PTH2","NicheNet lr_network_human_21122021.rds unique from","NicheNet human LR network 2021-12-21; Zenodo 7074291","NICHENET_AND_OMNIPATH_MAPPED",11,24,"YES","YES","YES","YES","OMNIPATH_SECRETED_ANNOTATION","Baccin2019;CellChatDB;Cellinker;CellPhoneDB;CellTalkDB;connectomeDB2020;ConnectomeDB2025;EMBRACE;Guide2Pharma;HPA_secretome;iTALK;LRdb;OmniPath;Ramilowski2015;scConnect;talklr;UniProt_keyword;UniProt_location","47c971d2fbba4ecd0ba7485d1846a74054432a0d1a97ea3e6a79ae27d0da8094","5e4142df024fd4d5d64cc667299364982a51176076ae6a69e1069425530afafa","FROZEN_BEFORE_EXPRESSION_OUTCOMES","https://zenodo.org/records/7074291|https://omnipathdb.org/intercell"
"PTHLH","NicheNet lr_network_human_21122021.rds unique from","NicheNet human LR network 2021-12-21; Zenodo 7074291","NICHENET_AND_OMNIPATH_MAPPED",12,36,"YES","YES","YES","YES","OMNIPATH_SECRETED_ANNOTATION","CellCall;CellChatDB;Cellinker;CellPhoneDB;CellTalkDB;ComPPI;connectomeDB2020;ConnectomeDB2025;DGIdb;GO_Intercell;Guide2Pharma;HPA_secretome;HPMR;ICELLNET;iTALK;LOCATE;LRdb;MatrixDB;OmniPath;Ramilowski2015;scConnect;talklr;UniProt_keyword;UniProt_location","47c971d2fbba4ecd0ba7485d1846a74054432a0d1a97ea3e6a79ae27d0da8094","5e4142df024fd4d5d64cc667299364982a51176076ae6a69e1069425530afafa","FROZEN_BEFORE_EXPRESSION_OUTCOMES","https://zenodo.org/records/7074291|https://omnipathdb.org/intercell"
"PTN","NicheNet lr_network_human_21122021.rds unique from","NicheNet human LR network 2021-12-21; Zenodo 7074291","NICHENET_AND_OMNIPATH_MAPPED",12,37,"YES","YES","YES","YES","OMNIPATH_SECRETED_ANNOTATION","Baccin2019;CellChatDB;Cellinker;CellPhoneDB;CellTalkDB;ComPPI;connectomeDB2020;ConnectomeDB2025;DGIdb;EMBRACE;GO_Intercell;HPA_secretome;HPMR;ICELLNET;iTALK;LOCATE;LRdb;Matrisome;OmniPath;Ramilowski2015;SignaLink_function;talklr;UniProt_keyword;UniProt_location","47c971d2fbba4ecd0ba7485d1846a74054432a0d1a97ea3e6a79ae27d0da8094","5e4142df024fd4d5d64cc667299364982a51176076ae6a69e1069425530afafa","FROZEN_BEFORE_EXPRESSION_OUTCOMES","https://zenodo.org/records/7074291|https://omnipathdb.org/intercell"
"PTPRC","NicheNet lr_network_human_21122021.rds unique from","NicheNet human LR network 2021-12-21; Zenodo 7074291","NICHENET_AND_OMNIPATH_MAPPED",5,56,"YES","YES","NO","YES","NO_OMNIPATH_SECRETED_ANNOTATION","Baccin2019;CellCellInteractions;CellChatDB;Cellinker;CellPhoneDB;CellTalkDB;connectomeDB2020;ConnectomeDB2025;CSPA;DGIdb;GO_Intercell;HGNC;ICELLNET;LOCATE;LRdb;Membranome;OmniPath;Phobius;Ramilowski_location;scConnect;Surfaceome;TopDB;UniProt_keyword;UniProt_location;UniProt_topology;Zhong2015","47c971d2fbba4ecd0ba7485d1846a74054432a0d1a97ea3e6a79ae27d0da8094","5e4142df024fd4d5d64cc667299364982a51176076ae6a69e1069425530afafa","FROZEN_BEFORE_EXPRESSION_OUTCOMES","https://zenodo.org/records/7074291|https://omnipathdb.org/intercell"
"PTPRK","NicheNet lr_network_human_21122021.rds unique from","NicheNet human LR network 2021-12-21; Zenodo 7074291","NICHENET_AND_OMNIPATH_MAPPED",1,54,"YES","YES","NO","YES","NO_OMNIPATH_SECRETED_ANNOTATION","Baccin2019;CellCellInteractions;Cellinker;CellTalkDB;ComPPI;connectomeDB2020;ConnectomeDB2025;CSPA;GO_Intercell;HGNC;HPMR;ICELLNET;LOCATE;Membranome;OmniPath;Phobius;Ramilowski_location;scConnect;Surfaceome;TopDB;UniProt_keyword;UniProt_location;UniProt_topology;Zhong2015","47c971d2fbba4ecd0ba7485d1846a74054432a0d1a97ea3e6a79ae27d0da8094","5e4142df024fd4d5d64cc667299364982a51176076ae6a69e1069425530afafa","FROZEN_BEFORE_EXPRESSION_OUTCOMES","https://zenodo.org/records/7074291|https://omnipathdb.org/intercell"
"PTPRM","NicheNet lr_network_human_21122021.rds unique from","NicheNet human LR network 2021-12-21; Zenodo 7074291","NICHENET_AND_OMNIPATH_MAPPED",3,63,"YES","YES","NO","YES","NO_OMNIPATH_SECRETED_ANNOTATION","CellCellInteractions;CellChatDB;Cellinker;CellTalkDB;ComPPI;connectomeDB2020;ConnectomeDB2025;CSPA;GO_Intercell;HGNC;HPMR;ICELLNET;iTALK;LOCATE;LRdb;MCAM;Membranome;OmniPath;Phobius;Ramilowski_location;Ramilowski2015;scConnect;Surfaceome;talklr;TopDB;UniProt_keyword;UniProt_location;UniProt_topology;Zhong2015","47c971d2fbba4ecd0ba7485d1846a74054432a0d1a97ea3e6a79ae27d0da8094","5e4142df024fd4d5d64cc667299364982a51176076ae6a69e1069425530afafa","FROZEN_BEFORE_EXPRESSION_OUTCOMES","https://zenodo.org/records/7074291|https://omnipathdb.org/intercell"
"PTPRZ1","NicheNet lr_network_human_21122021.rds unique from","NicheNet human LR network 2021-12-21; Zenodo 7074291","NICHENET_AND_OMNIPATH_MAPPED",4,64,"YES","YES","YES","YES","OMNIPATH_SECRETED_ANNOTATION","Baccin2019;CellCellInteractions;CellChatDB;Cellinker;CellPhoneDB;CellTalkDB;ComPPI;connectomeDB2020;ConnectomeDB2025;CSPA;EMBRACE;GO_Intercell;HGNC;HPA_secretome;HPMR;ICELLNET;iTALK;LOCATE;LRdb;Membranome;OmniPath;Phobius;Ramilowski_location;Ramilowski2015;scConnect;SignaLink_function;Surfaceome;talklr;TopDB;UniProt_keyword;UniProt_location;UniProt_topology;Zhong2015","47c971d2fbba4ecd0ba7485d1846a74054432a0d1a97ea3e6a79ae27d0da8094","5e4142df024fd4d5d64cc667299364982a51176076ae6a69e1069425530afafa","FROZEN_BEFORE_EXPRESSION_OUTCOMES","https://zenodo.org/records/7074291|https://omnipathdb.org/intercell"
"PVR","NicheNet lr_network_human_21122021.rds unique from","NicheNet human LR network 2021-12-21; Zenodo 7074291","NICHENET_AND_OMNIPATH_MAPPED",7,68,"YES","YES","YES","YES","OMNIPATH_SECRETED_ANNOTATION","Adhesome;Almen2009;CellCellInteractions;CellChatDB;Cellinker;CellPhoneDB;CellTalkDB;ComPPI;connectomeDB2020;ConnectomeDB2025;CSPA;GO_Intercell;HGNC;HPA_secretome;HPMR;ICELLNET;iTALK;LOCATE;LRdb;Membranome;OmniPath;Phobius;Ramilowski_location;Ramilowski2015;scConnect;Surfaceome;talklr;TopDB;UniProt_keyword;UniProt_location;UniProt_topology;Zhong2015","47c971d2fbba4ecd0ba7485d1846a74054432a0d1a97ea3e6a79ae27d0da8094","5e4142df024fd4d5d64cc667299364982a51176076ae6a69e1069425530afafa","FROZEN_BEFORE_EXPRESSION_OUTCOMES","https://zenodo.org/records/7074291|https://omnipathdb.org/intercell"
"PYY","NicheNet lr_network_human_21122021.rds unique from","NicheNet human LR network 2021-12-21; Zenodo 7074291","NICHENET_AND_OMNIPATH_MAPPED",7,25,"YES","YES","YES","YES","OMNIPATH_SECRETED_ANNOTATION","CellChatDB;Cellinker;CellPhoneDB;CellTalkDB;connectomeDB2020;ConnectomeDB2025;DGIdb;GO_Intercell;Guide2Pharma;HPA_secretome;iTALK;LRdb;OmniPath;Ramilowski2015;scConnect;talklr;UniProt_keyword;UniProt_location","47c971d2fbba4ecd0ba7485d1846a74054432a0d1a97ea3e6a79ae27d0da8094","5e4142df024fd4d5d64cc667299364982a51176076ae6a69e1069425530afafa","FROZEN_BEFORE_EXPRESSION_OUTCOMES","https://zenodo.org/records/7074291|https://omnipathdb.org/intercell"
"PZP","NicheNet lr_network_human_21122021.rds unique from","NicheNet human LR network 2021-12-21; Zenodo 7074291","NICHENET_AND_OMNIPATH_MAPPED",2,10,"NO","YES","YES","YES","OMNIPATH_SECRETED_ANNOTATION","HPA_secretome;LOCATE;Matrisome;MatrixDB;OmniPath;UniProt_keyword;UniProt_location","47c971d2fbba4ecd0ba7485d1846a74054432a0d1a97ea3e6a79ae27d0da8094","5e4142df024fd4d5d64cc667299364982a51176076ae6a69e1069425530afafa","FROZEN_BEFORE_EXPRESSION_OUTCOMES","https://zenodo.org/records/7074291|https://omnipathdb.org/intercell"
"QRFP","NicheNet lr_network_human_21122021.rds unique from","NicheNet human LR network 2021-12-21; Zenodo 7074291","NICHENET_AND_OMNIPATH_MAPPED",2,31,"YES","YES","YES","YES","OMNIPATH_SECRETED_ANNOTATION","Almen2009;Baccin2019;CellChatDB;Cellinker;CellPhoneDB;CellTalkDB;connectomeDB2020;ConnectomeDB2025;EMBRACE;GO_Intercell;Guide2Pharma;HPA_secretome;iTALK;LRdb;MatrixDB;OmniPath;Phobius;Ramilowski2015;scConnect;talklr;UniProt_keyword;UniProt_location","47c971d2fbba4ecd0ba7485d1846a74054432a0d1a97ea3e6a79ae27d0da8094","5e4142df024fd4d5d64cc667299364982a51176076ae6a69e1069425530afafa","FROZEN_BEFORE_EXPRESSION_OUTCOMES","https://zenodo.org/records/7074291|https://omnipathdb.org/intercell"
"RAET1E","NicheNet lr_network_human_21122021.rds unique from","NicheNet human LR network 2021-12-21; Zenodo 7074291","NICHENET_AND_OMNIPATH_MAPPED",2,50,"YES","YES","YES","YES","OMNIPATH_SECRETED_ANNOTATION","Almen2009;CellChatDB;Cellinker;CellPhoneDB;CellTalkDB;ComPPI;connectomeDB2020;ConnectomeDB2025;DGIdb;ICELLNET;iTALK;LRdb;MatrixDB;Membranome;OmniPath;Phobius;Ramilowski_location;Ramilowski2015;Surfaceome;talklr;UniProt_keyword;UniProt_location;UniProt_topology","47c971d2fbba4ecd0ba7485d1846a74054432a0d1a97ea3e6a79ae27d0da8094","5e4142df024fd4d5d64cc667299364982a51176076ae6a69e1069425530afafa","FROZEN_BEFORE_EXPRESSION_OUTCOMES","https://zenodo.org/records/7074291|https://omnipathdb.org/intercell"
"RAET1G","NicheNet lr_network_human_21122021.rds unique from","NicheNet human LR network 2021-12-21; Zenodo 7074291","NICHENET_AND_OMNIPATH_MAPPED",2,47,"YES","YES","YES","YES","OMNIPATH_SECRETED_ANNOTATION","Almen2009;CellCellInteractions;CellChatDB;Cellinker;CellPhoneDB;CellTalkDB;ComPPI;connectomeDB2020;ConnectomeDB2025;CSPA;DGIdb;GO_Intercell;HPA_secretome;MatrixDB;OmniPath;Phobius;Ramilowski_location;Surfaceome;TopDB;UniProt_keyword;UniProt_location;UniProt_topology","47c971d2fbba4ecd0ba7485d1846a74054432a0d1a97ea3e6a79ae27d0da8094","5e4142df024fd4d5d64cc667299364982a51176076ae6a69e1069425530afafa","FROZEN_BEFORE_EXPRESSION_OUTCOMES","https://zenodo.org/records/7074291|https://omnipathdb.org/intercell"
"RARRES1","NicheNet lr_network_human_21122021.rds unique from","NicheNet human LR network 2021-12-21; Zenodo 7074291","NICHENET_AND_OMNIPATH_MAPPED",1,12,"YES","YES","YES","YES","OMNIPATH_SECRETED_ANNOTATION","Cellinker;MatrixDB;OmniPath;UniProt_keyword;UniProt_location;UniProt_topology","47c971d2fbba4ecd0ba7485d1846a74054432a0d1a97ea3e6a79ae27d0da8094","5e4142df024fd4d5d64cc667299364982a51176076ae6a69e1069425530afafa","FROZEN_BEFORE_EXPRESSION_OUTCOMES","https://zenodo.org/records/7074291|https://omnipathdb.org/intercell"
"RARRES2","NicheNet lr_network_human_21122021.rds unique from","NicheNet human LR network 2021-12-21; Zenodo 7074291","NICHENET_AND_OMNIPATH_MAPPED",4,27,"YES","YES","YES","YES","OMNIPATH_SECRETED_ANNOTATION","CellChatDB;Cellinker;CellPhoneDB;CellTalkDB;connectomeDB2020;ConnectomeDB2025;GO_Intercell;Guide2Pharma;HPA_secretome;HPMR;ICELLNET;iTALK;LRdb;OmniPath;Ramilowski2015;scConnect;talklr;UniProt_keyword;UniProt_location","47c971d2fbba4ecd0ba7485d1846a74054432a0d1a97ea3e6a79ae27d0da8094","5e4142df024fd4d5d64cc667299364982a51176076ae6a69e1069425530afafa","FROZEN_BEFORE_EXPRESSION_OUTCOMES","https://zenodo.org/records/7074291|https://omnipathdb.org/intercell"
"RBP3","NicheNet lr_network_human_21122021.rds unique from","NicheNet human LR network 2021-12-21; Zenodo 7074291","NICHENET_AND_OMNIPATH_MAPPED",1,20,"YES","YES","YES","YES","OMNIPATH_SECRETED_ANNOTATION","CellCellInteractions;CellTalkDB;connectomeDB2020;HPA_secretome;iTALK;LOCATE;LRdb;MatrixDB;OmniPath;Ramilowski2015;scConnect;talklr;UniProt_keyword;UniProt_location","47c971d2fbba4ecd0ba7485d1846a74054432a0d1a97ea3e6a79ae27d0da8094","5e4142df024fd4d5d64cc667299364982a51176076ae6a69e1069425530afafa","FROZEN_BEFORE_EXPRESSION_OUTCOMES","https://zenodo.org/records/7074291|https://omnipathdb.org/intercell"
"RBP4","NicheNet lr_network_human_21122021.rds unique from","NicheNet human LR network 2021-12-21; Zenodo 7074291","NICHENET_AND_OMNIPATH_MAPPED",1,13,"NO","NO","YES","YES","OMNIPATH_SECRETED_ANNOTATION","Cellinker;connectomeDB2020;ConnectomeDB2025;HPA_secretome;LOCATE;OmniPath;scConnect;UniProt_keyword;UniProt_location","47c971d2fbba4ecd0ba7485d1846a74054432a0d1a97ea3e6a79ae27d0da8094","5e4142df024fd4d5d64cc667299364982a51176076ae6a69e1069425530afafa","FROZEN_BEFORE_EXPRESSION_OUTCOMES","https://zenodo.org/records/7074291|https://omnipathdb.org/intercell"
"RECK","NicheNet lr_network_human_21122021.rds unique from","NicheNet human LR network 2021-12-21; Zenodo 7074291","NICHENET_AND_OMNIPATH_MAPPED",2,23,"NO","YES","NO","YES","NO_OMNIPATH_SECRETED_ANNOTATION","Cellinker;CellTalkDB;ConnectomeDB2025;CSPA;ICELLNET;OmniPath;Phobius;Ramilowski_location;Surfaceome;TopDB;UniProt_location","47c971d2fbba4ecd0ba7485d1846a74054432a0d1a97ea3e6a79ae27d0da8094","5e4142df024fd4d5d64cc667299364982a51176076ae6a69e1069425530afafa","FROZEN_BEFORE_EXPRESSION_OUTCOMES","https://zenodo.org/records/7074291|https://omnipathdb.org/intercell"
"RELN","NicheNet lr_network_human_21122021.rds unique from","NicheNet human LR network 2021-12-21; Zenodo 7074291","NICHENET_AND_OMNIPATH_MAPPED",4,35,"YES","YES","YES","YES","OMNIPATH_SECRETED_ANNOTATION","Baccin2019;CellChatDB;Cellinker;CellPhoneDB;CellTalkDB;ComPPI;connectomeDB2020;ConnectomeDB2025;EMBRACE;GO_Intercell;HPA_secretome;HPMR;ICELLNET;iTALK;LOCATE;LRdb;Matrisome;OmniPath;Ramilowski2015;talklr;UniProt_keyword;UniProt_location;Zhong2015","47c971d2fbba4ecd0ba7485d1846a74054432a0d1a97ea3e6a79ae27d0da8094","5e4142df024fd4d5d64cc667299364982a51176076ae6a69e1069425530afafa","FROZEN_BEFORE_EXPRESSION_OUTCOMES","https://zenodo.org/records/7074291|https://omnipathdb.org/intercell"
"REN","NicheNet lr_network_human_21122021.rds unique from","NicheNet human LR network 2021-12-21; Zenodo 7074291","NICHENET_AND_OMNIPATH_MAPPED",1,17,"NO","NO","YES","YES","OMNIPATH_SECRETED_ANNOTATION","Baccin2019;Cellinker;ComPPI;connectomeDB2020;ConnectomeDB2025;GO_Intercell;HPA_secretome;HPMR;LOCATE;OmniPath;scConnect;UniProt_keyword;UniProt_location","47c971d2fbba4ecd0ba7485d1846a74054432a0d1a97ea3e6a79ae27d0da8094","5e4142df024fd4d5d64cc667299364982a51176076ae6a69e1069425530afafa","FROZEN_BEFORE_EXPRESSION_OUTCOMES","https://zenodo.org/records/7074291|https://omnipathdb.org/intercell"
"RET","NicheNet lr_network_human_21122021.rds unique from","NicheNet human LR network 2021-12-21; Zenodo 7074291","NICHENET_AND_OMNIPATH_MAPPED",4,65,"YES","YES","NO","YES","NO_OMNIPATH_SECRETED_ANNOTATION","Almen2009;Baccin2019;CellCellInteractions;Cellinker;CellPhoneDB;CellTalkDB;ComPPI;connectomeDB2020;ConnectomeDB2025;CSPA;EMBRACE;GO_Intercell;HGNC;HPMR;ICELLNET;iTALK;LOCATE;LRdb;Membranome;OmniPath;Phobius;Ramilowski_location;Ramilowski2015;scConnect;SignaLink_function;Surfaceome;talklr;TopDB;UniProt_keyword;UniProt_location;UniProt_topology","47c971d2fbba4ecd0ba7485d1846a74054432a0d1a97ea3e6a79ae27d0da8094","5e4142df024fd4d5d64cc667299364982a51176076ae6a69e1069425530afafa","FROZEN_BEFORE_EXPRESSION_OUTCOMES","https://zenodo.org/records/7074291|https://omnipathdb.org/intercell"
"RETN","NicheNet lr_network_human_21122021.rds unique from","NicheNet human LR network 2021-12-21; Zenodo 7074291","NICHENET_AND_OMNIPATH_MAPPED",2,20,"YES","YES","YES","YES","OMNIPATH_SECRETED_ANNOTATION","CellChatDB;Cellinker;CellTalkDB;ConnectomeDB2025;DGIdb;GO_Intercell;HPA_secretome;LOCATE;MatrixDB;OmniPath;UniProt_keyword;UniProt_location","47c971d2fbba4ecd0ba7485d1846a74054432a0d1a97ea3e6a79ae27d0da8094","5e4142df024fd4d5d64cc667299364982a51176076ae6a69e1069425530afafa","FROZEN_BEFORE_EXPRESSION_OUTCOMES","https://zenodo.org/records/7074291|https://omnipathdb.org/intercell"
"RGMA","NicheNet lr_network_human_21122021.rds unique from","NicheNet human LR network 2021-12-21; Zenodo 7074291","NICHENET_AND_OMNIPATH_MAPPED",5,31,"YES","YES","YES","YES","OMNIPATH_SECRETED_ANNOTATION","Baccin2019;Cellinker;CellTalkDB;ComPPI;connectomeDB2020;ConnectomeDB2025;EMBRACE;GO_Intercell;HPA_secretome;HPMR;iTALK;LRdb;OmniPath;Ramilowski_location;Ramilowski2015;Surfaceome;talklr;UniProt_location","47c971d2fbba4ecd0ba7485d1846a74054432a0d1a97ea3e6a79ae27d0da8094","5e4142df024fd4d5d64cc667299364982a51176076ae6a69e1069425530afafa","FROZEN_BEFORE_EXPRESSION_OUTCOMES","https://zenodo.org/records/7074291|https://omnipathdb.org/intercell"
"RLN1","NicheNet lr_network_human_21122021.rds unique from","NicheNet human LR network 2021-12-21; Zenodo 7074291","NICHENET_AND_OMNIPATH_MAPPED",2,26,"YES","YES","YES","YES","OMNIPATH_SECRETED_ANNOTATION","CellCall;CellChatDB;Cellinker;CellPhoneDB;CellTalkDB;connectomeDB2020;ConnectomeDB2025;DGIdb;GO_Intercell;Guide2Pharma;HPA_secretome;iTALK;LRdb;OmniPath;Ramilowski2015;scConnect;talklr;UniProt_keyword;UniProt_location","47c971d2fbba4ecd0ba7485d1846a74054432a0d1a97ea3e6a79ae27d0da8094","5e4142df024fd4d5d64cc667299364982a51176076ae6a69e1069425530afafa","FROZEN_BEFORE_EXPRESSION_OUTCOMES","https://zenodo.org/records/7074291|https://omnipathdb.org/intercell"
"RLN2","NicheNet lr_network_human_21122021.rds unique from","NicheNet human LR network 2021-12-21; Zenodo 7074291","NICHENET_AND_OMNIPATH_MAPPED",3,28,"YES","YES","YES","YES","OMNIPATH_SECRETED_ANNOTATION","CellCall;Cellinker;CellPhoneDB;CellTalkDB;connectomeDB2020;ConnectomeDB2025;DGIdb;GO_Intercell;Guide2Pharma;HPA_secretome;HPMR;iTALK;LOCATE;LRdb;OmniPath;Ramilowski2015;talklr;UniProt_keyword;UniProt_location","47c971d2fbba4ecd0ba7485d1846a74054432a0d1a97ea3e6a79ae27d0da8094","5e4142df024fd4d5d64cc667299364982a51176076ae6a69e1069425530afafa","FROZEN_BEFORE_EXPRESSION_OUTCOMES","https://zenodo.org/records/7074291|https://omnipathdb.org/intercell"
"RLN3","NicheNet lr_network_human_21122021.rds unique from","NicheNet human LR network 2021-12-21; Zenodo 7074291","NICHENET_AND_OMNIPATH_MAPPED",4,31,"YES","YES","YES","YES","OMNIPATH_SECRETED_ANNOTATION","Baccin2019;CellCall;CellChatDB;Cellinker;CellPhoneDB;CellTalkDB;connectomeDB2020;ConnectomeDB2025;DGIdb;GO_Intercell;Guide2Pharma;HPA_secretome;HPMR;iTALK;LRdb;OmniPath;Ramilowski2015;scConnect;talklr;UniProt_keyword;UniProt_location","47c971d2fbba4ecd0ba7485d1846a74054432a0d1a97ea3e6a79ae27d0da8094","5e4142df024fd4d5d64cc667299364982a51176076ae6a69e1069425530afafa","FROZEN_BEFORE_EXPRESSION_OUTCOMES","https://zenodo.org/records/7074291|https://omnipathdb.org/intercell"
"ROBO1","NicheNet lr_network_human_21122021.rds unique from","NicheNet human LR network 2021-12-21; Zenodo 7074291","NICHENET_AND_OMNIPATH_MAPPED",1,59,"YES","YES","NO","YES","NO_OMNIPATH_SECRETED_ANNOTATION","Almen2009;CellCellInteractions;CellChatDB;Cellinker;CellPhoneDB;CellTalkDB;ComPPI;connectomeDB2020;ConnectomeDB2025;CSPA;GO_Intercell;HGNC;HPMR;ICELLNET;iTALK;LRdb;Membranome;OmniPath;Phobius;Ramilowski_location;Ramilowski2015;Surfaceome;talklr;TopDB;UniProt_keyword;UniProt_location;UniProt_topology","47c971d2fbba4ecd0ba7485d1846a74054432a0d1a97ea3e6a79ae27d0da8094","5e4142df024fd4d5d64cc667299364982a51176076ae6a69e1069425530afafa","FROZEN_BEFORE_EXPRESSION_OUTCOMES","https://zenodo.org/records/7074291|https://omnipathdb.org/intercell"
"RPS19","NicheNet lr_network_human_21122021.rds unique from","NicheNet human LR network 2021-12-21; Zenodo 7074291","NICHENET_AND_OMNIPATH_MAPPED",1,11,"YES","YES","YES","YES","OMNIPATH_SECRETED_ANNOTATION","ComPPI;connectomeDB2020;ConnectomeDB2025;GO_Intercell;OmniPath;UniProt_location","47c971d2fbba4ecd0ba7485d1846a74054432a0d1a97ea3e6a79ae27d0da8094","5e4142df024fd4d5d64cc667299364982a51176076ae6a69e1069425530afafa","FROZEN_BEFORE_EXPRESSION_OUTCOMES","https://zenodo.org/records/7074291|https://omnipathdb.org/intercell"
"RSPO1","NicheNet lr_network_human_21122021.rds unique from","NicheNet human LR network 2021-12-21; Zenodo 7074291","NICHENET_AND_OMNIPATH_MAPPED",6,33,"YES","YES","YES","YES","OMNIPATH_SECRETED_ANNOTATION","CellCall;CellChatDB;Cellinker;CellPhoneDB;CellTalkDB;ComPPI;connectomeDB2020;ConnectomeDB2025;GO_Intercell;Guide2Pharma;HPA_secretome;HPMR;ICELLNET;iTALK;LRdb;Matrisome;MatrixDB;OmniPath;Ramilowski2015;scConnect;talklr;UniProt_keyword;UniProt_location","47c971d2fbba4ecd0ba7485d1846a74054432a0d1a97ea3e6a79ae27d0da8094","5e4142df024fd4d5d64cc667299364982a51176076ae6a69e1069425530afafa","FROZEN_BEFORE_EXPRESSION_OUTCOMES","https://zenodo.org/records/7074291|https://omnipathdb.org/intercell"
"RSPO2","NicheNet lr_network_human_21122021.rds unique from","NicheNet human LR network 2021-12-21; Zenodo 7074291","NICHENET_AND_OMNIPATH_MAPPED",6,32,"YES","YES","YES","YES","OMNIPATH_SECRETED_ANNOTATION","Baccin2019;CellCall;CellChatDB;Cellinker;CellPhoneDB;CellTalkDB;connectomeDB2020;ConnectomeDB2025;EMBRACE;GO_Intercell;Guide2Pharma;HPA_secretome;ICELLNET;iTALK;LRdb;Matrisome;MatrixDB;OmniPath;Ramilowski2015;scConnect;talklr;UniProt_keyword;UniProt_location","47c971d2fbba4ecd0ba7485d1846a74054432a0d1a97ea3e6a79ae27d0da8094","5e4142df024fd4d5d64cc667299364982a51176076ae6a69e1069425530afafa","FROZEN_BEFORE_EXPRESSION_OUTCOMES","https://zenodo.org/records/7074291|https://omnipathdb.org/intercell"
"RSPO3","NicheNet lr_network_human_21122021.rds unique from","NicheNet human LR network 2021-12-21; Zenodo 7074291","NICHENET_AND_OMNIPATH_MAPPED",7,38,"YES","YES","YES","YES","OMNIPATH_SECRETED_ANNOTATION","Almen2009;Baccin2019;CellCall;CellChatDB;Cellinker;CellPhoneDB;CellTalkDB;connectomeDB2020;ConnectomeDB2025;EMBRACE;Guide2Pharma;HPA_secretome;ICELLNET;iTALK;LOCATE;LRdb;Matrisome;MatrixDB;OmniPath;Phobius;Ramilowski2015;scConnect;talklr;UniProt_keyword;UniProt_location","47c971d2fbba4ecd0ba7485d1846a74054432a0d1a97ea3e6a79ae27d0da8094","5e4142df024fd4d5d64cc667299364982a51176076ae6a69e1069425530afafa","FROZEN_BEFORE_EXPRESSION_OUTCOMES","https://zenodo.org/records/7074291|https://omnipathdb.org/intercell"
"RSPO4","NicheNet lr_network_human_21122021.rds unique from","NicheNet human LR network 2021-12-21; Zenodo 7074291","NICHENET_AND_OMNIPATH_MAPPED",6,31,"YES","YES","YES","YES","OMNIPATH_SECRETED_ANNOTATION","Baccin2019;CellCall;CellChatDB;Cellinker;CellPhoneDB;CellTalkDB;ComPPI;connectomeDB2020;ConnectomeDB2025;Guide2Pharma;HPA_secretome;ICELLNET;iTALK;LRdb;Matrisome;MatrixDB;OmniPath;Ramilowski2015;scConnect;talklr;UniProt_keyword;UniProt_location","47c971d2fbba4ecd0ba7485d1846a74054432a0d1a97ea3e6a79ae27d0da8094","5e4142df024fd4d5d64cc667299364982a51176076ae6a69e1069425530afafa","FROZEN_BEFORE_EXPRESSION_OUTCOMES","https://zenodo.org/records/7074291|https://omnipathdb.org/intercell"
"RTN4","NicheNet lr_network_human_21122021.rds unique from","NicheNet human LR network 2021-12-21; Zenodo 7074291","NICHENET_AND_OMNIPATH_MAPPED",8,29,"YES","YES","NO","YES","NO_OMNIPATH_SECRETED_ANNOTATION","Baccin2019;Cellinker;ComPPI;connectomeDB2020;ConnectomeDB2025;GO_Intercell;HPMR;LOCATE;OmniPath;Phobius;Ramilowski_location;TopDB;UniProt_keyword;UniProt_location;UniProt_topology","47c971d2fbba4ecd0ba7485d1846a74054432a0d1a97ea3e6a79ae27d0da8094","5e4142df024fd4d5d64cc667299364982a51176076ae6a69e1069425530afafa","FROZEN_BEFORE_EXPRESSION_OUTCOMES","https://zenodo.org/records/7074291|https://omnipathdb.org/intercell"
"S100A10","NicheNet lr_network_human_21122021.rds unique from","NicheNet human LR network 2021-12-21; Zenodo 7074291","NICHENET_AND_OMNIPATH_MAPPED",4,22,"YES","YES","YES","YES","OMNIPATH_SECRETED_ANNOTATION","Almen2009;Cellinker;CellTalkDB;ComPPI;ConnectomeDB2025;GO_Intercell;LOCATE;Matrisome;OmniPath;Phobius","47c971d2fbba4ecd0ba7485d1846a74054432a0d1a97ea3e6a79ae27d0da8094","5e4142df024fd4d5d64cc667299364982a51176076ae6a69e1069425530afafa","FROZEN_BEFORE_EXPRESSION_OUTCOMES","https://zenodo.org/records/7074291|https://omnipathdb.org/intercell"
"S100A12","NicheNet lr_network_human_21122021.rds unique from","NicheNet human LR network 2021-12-21; Zenodo 7074291","NICHENET_AND_OMNIPATH_MAPPED",2,23,"YES","YES","YES","YES","OMNIPATH_SECRETED_ANNOTATION","CellTalkDB;ComPPI;ConnectomeDB2025;GO_Intercell;HPA_secretome;LOCATE;Matrisome;OmniPath;UniProt_keyword;UniProt_location","47c971d2fbba4ecd0ba7485d1846a74054432a0d1a97ea3e6a79ae27d0da8094","5e4142df024fd4d5d64cc667299364982a51176076ae6a69e1069425530afafa","FROZEN_BEFORE_EXPRESSION_OUTCOMES","https://zenodo.org/records/7074291|https://omnipathdb.org/intercell"
"S100A4","NicheNet lr_network_human_21122021.rds unique from","NicheNet human LR network 2021-12-21; Zenodo 7074291","NICHENET_AND_OMNIPATH_MAPPED",4,17,"YES","YES","YES","YES","OMNIPATH_SECRETED_ANNOTATION","Cellinker;CellTalkDB;ComPPI;ConnectomeDB2025;GO_Intercell;Matrisome;OmniPath;UniProt_keyword;UniProt_location","47c971d2fbba4ecd0ba7485d1846a74054432a0d1a97ea3e6a79ae27d0da8094","5e4142df024fd4d5d64cc667299364982a51176076ae6a69e1069425530afafa","FROZEN_BEFORE_EXPRESSION_OUTCOMES","https://zenodo.org/records/7074291|https://omnipathdb.org/intercell"
"S100A8","NicheNet lr_network_human_21122021.rds unique from","NicheNet human LR network 2021-12-21; Zenodo 7074291","NICHENET_AND_OMNIPATH_MAPPED",6,36,"YES","YES","YES","YES","OMNIPATH_SECRETED_ANNOTATION","Cellinker;CellTalkDB;ComPPI;connectomeDB2020;ConnectomeDB2025;EMBRACE;GO_Intercell;HPA_secretome;ICELLNET;iTALK;LOCATE;LRdb;Matrisome;OmniPath;Ramilowski2015;talklr;UniProt_keyword;UniProt_location","47c971d2fbba4ecd0ba7485d1846a74054432a0d1a97ea3e6a79ae27d0da8094","5e4142df024fd4d5d64cc667299364982a51176076ae6a69e1069425530afafa","FROZEN_BEFORE_EXPRESSION_OUTCOMES","https://zenodo.org/records/7074291|https://omnipathdb.org/intercell"
"S100A9","NicheNet lr_network_human_21122021.rds unique from","NicheNet human LR network 2021-12-21; Zenodo 7074291","NICHENET_AND_OMNIPATH_MAPPED",6,32,"YES","YES","YES","YES","OMNIPATH_SECRETED_ANNOTATION","Cellinker;CellTalkDB;ComPPI;connectomeDB2020;ConnectomeDB2025;GO_Intercell;HPA_secretome;ICELLNET;iTALK;LRdb;Matrisome;OmniPath;Ramilowski2015;talklr;UniProt_keyword;UniProt_location","47c971d2fbba4ecd0ba7485d1846a74054432a0d1a97ea3e6a79ae27d0da8094","5e4142df024fd4d5d64cc667299364982a51176076ae6a69e1069425530afafa","FROZEN_BEFORE_EXPRESSION_OUTCOMES","https://zenodo.org/records/7074291|https://omnipathdb.org/intercell"
"S100B","NicheNet lr_network_human_21122021.rds unique from","NicheNet human LR network 2021-12-21; Zenodo 7074291","NICHENET_AND_OMNIPATH_MAPPED",2,16,"YES","YES","YES","YES","OMNIPATH_SECRETED_ANNOTATION","CellTalkDB;ComPPI;ConnectomeDB2025;GO_Intercell;LOCATE;Matrisome;OmniPath;UniProt_keyword;UniProt_location","47c971d2fbba4ecd0ba7485d1846a74054432a0d1a97ea3e6a79ae27d0da8094","5e4142df024fd4d5d64cc667299364982a51176076ae6a69e1069425530afafa","FROZEN_BEFORE_EXPRESSION_OUTCOMES","https://zenodo.org/records/7074291|https://omnipathdb.org/intercell"
"SAA1","NicheNet lr_network_human_21122021.rds unique from","NicheNet human LR network 2021-12-21; Zenodo 7074291","NICHENET_AND_OMNIPATH_MAPPED",8,28,"YES","YES","YES","YES","OMNIPATH_SECRETED_ANNOTATION","Baccin2019;CellChatDB;Cellinker;CellPhoneDB;CellTalkDB;ComPPI;connectomeDB2020;ConnectomeDB2025;GO_Intercell;Guide2Pharma;HPA_secretome;ICELLNET;iTALK;LOCATE;LRdb;OmniPath;Ramilowski2015;scConnect;talklr;UniProt_keyword;UniProt_location","47c971d2fbba4ecd0ba7485d1846a74054432a0d1a97ea3e6a79ae27d0da8094","5e4142df024fd4d5d64cc667299364982a51176076ae6a69e1069425530afafa","FROZEN_BEFORE_EXPRESSION_OUTCOMES","https://zenodo.org/records/7074291|https://omnipathdb.org/intercell"
"SARAF","NicheNet lr_network_human_21122021.rds unique from","NicheNet human LR network 2021-12-21; Zenodo 7074291","NICHENET_AND_OMNIPATH_MAPPED",1,19,"NO","YES","NO","NO","NO_OMNIPATH_SECRETED_ANNOTATION","Almen2009;Cellinker;ComPPI;GO_Intercell;OmniPath;Phobius;Ramilowski_location;TopDB;UniProt_keyword;UniProt_location;UniProt_topology","47c971d2fbba4ecd0ba7485d1846a74054432a0d1a97ea3e6a79ae27d0da8094","5e4142df024fd4d5d64cc667299364982a51176076ae6a69e1069425530afafa","FROZEN_BEFORE_EXPRESSION_OUTCOMES","https://zenodo.org/records/7074291|https://omnipathdb.org/intercell"
"SCGB1A1","NicheNet lr_network_human_21122021.rds unique from","NicheNet human LR network 2021-12-21; Zenodo 7074291","NICHENET_AND_OMNIPATH_MAPPED",2,26,"YES","YES","YES","YES","OMNIPATH_SECRETED_ANNOTATION","Baccin2019;Cellinker;CellTalkDB;connectomeDB2020;ConnectomeDB2025;GO_Intercell;HGNC;HPA_secretome;iTALK;LOCATE;LRdb;MatrixDB;OmniPath;Ramilowski2015;talklr;UniProt_keyword;UniProt_location","47c971d2fbba4ecd0ba7485d1846a74054432a0d1a97ea3e6a79ae27d0da8094","5e4142df024fd4d5d64cc667299364982a51176076ae6a69e1069425530afafa","FROZEN_BEFORE_EXPRESSION_OUTCOMES","https://zenodo.org/records/7074291|https://omnipathdb.org/intercell"
"SCGB3A1","NicheNet lr_network_human_21122021.rds unique from","NicheNet human LR network 2021-12-21; Zenodo 7074291","NICHENET_AND_OMNIPATH_MAPPED",2,22,"YES","YES","YES","YES","OMNIPATH_SECRETED_ANNOTATION","Baccin2019;Cellinker;CellTalkDB;connectomeDB2020;GO_Intercell;HGNC;HPA_secretome;iTALK;LRdb;MatrixDB;OmniPath;Ramilowski2015;talklr;UniProt_keyword;UniProt_location","47c971d2fbba4ecd0ba7485d1846a74054432a0d1a97ea3e6a79ae27d0da8094","5e4142df024fd4d5d64cc667299364982a51176076ae6a69e1069425530afafa","FROZEN_BEFORE_EXPRESSION_OUTCOMES","https://zenodo.org/records/7074291|https://omnipathdb.org/intercell"
"SCGB3A2","NicheNet lr_network_human_21122021.rds unique from","NicheNet human LR network 2021-12-21; Zenodo 7074291","NICHENET_AND_OMNIPATH_MAPPED",1,25,"YES","YES","YES","YES","OMNIPATH_SECRETED_ANNOTATION","Baccin2019;CellChatDB;Cellinker;CellTalkDB;connectomeDB2020;ConnectomeDB2025;GO_Intercell;HGNC;HPA_secretome;iTALK;LRdb;MatrixDB;OmniPath;Ramilowski2015;talklr;UniProt_keyword;UniProt_location","47c971d2fbba4ecd0ba7485d1846a74054432a0d1a97ea3e6a79ae27d0da8094","5e4142df024fd4d5d64cc667299364982a51176076ae6a69e1069425530afafa","FROZEN_BEFORE_EXPRESSION_OUTCOMES","https://zenodo.org/records/7074291|https://omnipathdb.org/intercell"
"SCT","NicheNet lr_network_human_21122021.rds unique from","NicheNet human LR network 2021-12-21; Zenodo 7074291","NICHENET_AND_OMNIPATH_MAPPED",12,33,"YES","YES","YES","YES","OMNIPATH_SECRETED_ANNOTATION","Baccin2019;CellChatDB;Cellinker;CellPhoneDB;CellTalkDB;connectomeDB2020;ConnectomeDB2025;DGIdb;GO_Intercell;Guide2Pharma;HPA_secretome;HPMR;iTALK;LOCATE;LRdb;MatrixDB;OmniPath;Ramilowski2015;scConnect;talklr;UniProt_keyword;UniProt_location","47c971d2fbba4ecd0ba7485d1846a74054432a0d1a97ea3e6a79ae27d0da8094","5e4142df024fd4d5d64cc667299364982a51176076ae6a69e1069425530afafa","FROZEN_BEFORE_EXPRESSION_OUTCOMES","https://zenodo.org/records/7074291|https://omnipathdb.org/intercell"
"SCUBE2","NicheNet lr_network_human_21122021.rds unique from","NicheNet human LR network 2021-12-21; Zenodo 7074291","NICHENET_AND_OMNIPATH_MAPPED",1,19,"YES","YES","YES","YES","OMNIPATH_SECRETED_ANNOTATION","Cellinker;CellTalkDB;ConnectomeDB2025;HPA_secretome;Matrisome;MatrixDB;OmniPath;UniProt_keyword;UniProt_location","47c971d2fbba4ecd0ba7485d1846a74054432a0d1a97ea3e6a79ae27d0da8094","5e4142df024fd4d5d64cc667299364982a51176076ae6a69e1069425530afafa","FROZEN_BEFORE_EXPRESSION_OUTCOMES","https://zenodo.org/records/7074291|https://omnipathdb.org/intercell"
"SDC2","NicheNet lr_network_human_21122021.rds unique from","NicheNet human LR network 2021-12-21; Zenodo 7074291","NICHENET_AND_OMNIPATH_MAPPED",2,79,"YES","YES","NO","YES","NO_OMNIPATH_SECRETED_ANNOTATION","Adhesome;Almen2009;Baccin2019;CellChatDB;Cellinker;CellPhoneDB;CellTalkDB;ComPPI;connectomeDB2020;ConnectomeDB2025;EMBRACE;GO_Intercell;HPMR;ICELLNET;iTALK;LOCATE;LRdb;Matrisome;MCAM;Membranome;OmniPath;OPM;Phobius;Ramilowski_location;Ramilowski2015;Surfaceome;talklr;TopDB;UniProt_keyword;UniProt_location;UniProt_topology;Zhong2015","47c971d2fbba4ecd0ba7485d1846a74054432a0d1a97ea3e6a79ae27d0da8094","5e4142df024fd4d5d64cc667299364982a51176076ae6a69e1069425530afafa","FROZEN_BEFORE_EXPRESSION_OUTCOMES","https://zenodo.org/records/7074291|https://omnipathdb.org/intercell"
"SDC4","NicheNet lr_network_human_21122021.rds unique from","NicheNet human LR network 2021-12-21; Zenodo 7074291","NICHENET_AND_OMNIPATH_MAPPED",1,45,"YES","YES","YES","YES","OMNIPATH_SECRETED_ANNOTATION","Adhesome;Almen2009;Baccin2019;Cellinker;connectomeDB2020;ConnectomeDB2025;GO_Intercell;HPA_secretome;HPMR;LOCATE;Matrisome;Membranome;OmniPath;Phobius;Ramilowski_location;TopDB;UniProt_keyword;UniProt_location;UniProt_topology;Zhong2015","47c971d2fbba4ecd0ba7485d1846a74054432a0d1a97ea3e6a79ae27d0da8094","5e4142df024fd4d5d64cc667299364982a51176076ae6a69e1069425530afafa","FROZEN_BEFORE_EXPRESSION_OUTCOMES","https://zenodo.org/records/7074291|https://omnipathdb.org/intercell"
"SDK2","NicheNet lr_network_human_21122021.rds unique from","NicheNet human LR network 2021-12-21; Zenodo 7074291","NICHENET_AND_OMNIPATH_MAPPED",2,24,"NO","YES","NO","NO","NO_OMNIPATH_SECRETED_ANNOTATION","Cellinker;ComPPI;CSPA;Membranome;OmniPath;Phobius;Ramilowski_location;Surfaceome;TopDB;UniProt_keyword;UniProt_location;UniProt_topology;Zhong2015","47c971d2fbba4ecd0ba7485d1846a74054432a0d1a97ea3e6a79ae27d0da8094","5e4142df024fd4d5d64cc667299364982a51176076ae6a69e1069425530afafa","FROZEN_BEFORE_EXPRESSION_OUTCOMES","https://zenodo.org/records/7074291|https://omnipathdb.org/intercell"
"SECTM1","NicheNet lr_network_human_21122021.rds unique from","NicheNet human LR network 2021-12-21; Zenodo 7074291","NICHENET_AND_OMNIPATH_MAPPED",1,40,"YES","YES","YES","YES","OMNIPATH_SECRETED_ANNOTATION","Almen2009;ComPPI;connectomeDB2020;ConnectomeDB2025;GO_Intercell;HPA_secretome;LOCATE;MatrixDB;Membranome;OmniPath;Phobius;Ramilowski_location;Surfaceome;UniProt_keyword;UniProt_location;UniProt_topology","47c971d2fbba4ecd0ba7485d1846a74054432a0d1a97ea3e6a79ae27d0da8094","5e4142df024fd4d5d64cc667299364982a51176076ae6a69e1069425530afafa","FROZEN_BEFORE_EXPRESSION_OUTCOMES","https://zenodo.org/records/7074291|https://omnipathdb.org/intercell"
"SELE","NicheNet lr_network_human_21122021.rds unique from","NicheNet human LR network 2021-12-21; Zenodo 7074291","NICHENET_AND_OMNIPATH_MAPPED",4,44,"YES","YES","NO","YES","NO_OMNIPATH_SECRETED_ANNOTATION","Almen2009;CellChatDB;Cellinker;CellPhoneDB;ComPPI;connectomeDB2020;ConnectomeDB2025;DGIdb;GO_Intercell;HGNC;HPMR;LOCATE;Membranome;OmniPath;Phobius;Ramilowski_location;Surfaceome;TopDB;UniProt_keyword;UniProt_location;UniProt_topology;Zhong2015","47c971d2fbba4ecd0ba7485d1846a74054432a0d1a97ea3e6a79ae27d0da8094","5e4142df024fd4d5d64cc667299364982a51176076ae6a69e1069425530afafa","FROZEN_BEFORE_EXPRESSION_OUTCOMES","https://zenodo.org/records/7074291|https://omnipathdb.org/intercell"
"SELL","NicheNet lr_network_human_21122021.rds unique from","NicheNet human LR network 2021-12-21; Zenodo 7074291","NICHENET_AND_OMNIPATH_MAPPED",4,60,"YES","YES","NO","YES","NO_OMNIPATH_SECRETED_ANNOTATION","Baccin2019;CellChatDB;Cellinker;CellPhoneDB;CellTalkDB;ComPPI;connectomeDB2020;ConnectomeDB2025;CSPA;DGIdb;EMBRACE;GO_Intercell;HGNC;HPMR;ICELLNET;iTALK;LOCATE;LRdb;MatrixDB;Membranome;OmniPath;Phobius;Ramilowski2015;Surfaceome;talklr;TopDB;UniProt_keyword;UniProt_location;UniProt_topology;Zhong2015","47c971d2fbba4ecd0ba7485d1846a74054432a0d1a97ea3e6a79ae27d0da8094","5e4142df024fd4d5d64cc667299364982a51176076ae6a69e1069425530afafa","FROZEN_BEFORE_EXPRESSION_OUTCOMES","https://zenodo.org/records/7074291|https://omnipathdb.org/intercell"
"SELP","NicheNet lr_network_human_21122021.rds unique from","NicheNet human LR network 2021-12-21; Zenodo 7074291","NICHENET_AND_OMNIPATH_MAPPED",1,68,"YES","YES","NO","YES","NO_OMNIPATH_SECRETED_ANNOTATION","Almen2009;Baccin2019;CellChatDB;Cellinker;CellPhoneDB;CellTalkDB;ComPPI;connectomeDB2020;ConnectomeDB2025;CSPA;DGIdb;GO_Intercell;Guide2Pharma;HGNC;HPMR;ICELLNET;iTALK;LOCATE;LRdb;Membranome;OmniPath;Phobius;Ramilowski_location;Ramilowski2015;scConnect;Surfaceome;talklr;TopDB;UniProt_keyword;UniProt_location;UniProt_topology;Zhong2015","47c971d2fbba4ecd0ba7485d1846a74054432a0d1a97ea3e6a79ae27d0da8094","5e4142df024fd4d5d64cc667299364982a51176076ae6a69e1069425530afafa","FROZEN_BEFORE_EXPRESSION_OUTCOMES","https://zenodo.org/records/7074291|https://omnipathdb.org/intercell"
"SELPLG","NicheNet lr_network_human_21122021.rds unique from","NicheNet human LR network 2021-12-21; Zenodo 7074291","NICHENET_AND_OMNIPATH_MAPPED",3,36,"YES","YES","NO","YES","NO_OMNIPATH_SECRETED_ANNOTATION","Almen2009;CellChatDB;Cellinker;CellPhoneDB;connectomeDB2020;ConnectomeDB2025;CSPA;HPMR;LOCATE;Membranome;OmniPath;Phobius;Ramilowski_location;Surfaceome;TopDB;UniProt_keyword;UniProt_location;UniProt_topology;Zhong2015","47c971d2fbba4ecd0ba7485d1846a74054432a0d1a97ea3e6a79ae27d0da8094","5e4142df024fd4d5d64cc667299364982a51176076ae6a69e1069425530afafa","FROZEN_BEFORE_EXPRESSION_OUTCOMES","https://zenodo.org/records/7074291|https://omnipathdb.org/intercell"
"SEMA3A","NicheNet lr_network_human_21122021.rds unique from","NicheNet human LR network 2021-12-21; Zenodo 7074291","NICHENET_AND_OMNIPATH_MAPPED",6,32,"YES","YES","YES","YES","OMNIPATH_SECRETED_ANNOTATION","Baccin2019;CellChatDB;Cellinker;CellPhoneDB;CellTalkDB;ComPPI;connectomeDB2020;ConnectomeDB2025;EMBRACE;GO_Intercell;HPA_secretome;HPMR;ICELLNET;iTALK;LOCATE;LRdb;Matrisome;OmniPath;Ramilowski2015;talklr;UniProt_keyword;UniProt_location","47c971d2fbba4ecd0ba7485d1846a74054432a0d1a97ea3e6a79ae27d0da8094","5e4142df024fd4d5d64cc667299364982a51176076ae6a69e1069425530afafa","FROZEN_BEFORE_EXPRESSION_OUTCOMES","https://zenodo.org/records/7074291|https://omnipathdb.org/intercell"
"SEMA3B","NicheNet lr_network_human_21122021.rds unique from","NicheNet human LR network 2021-12-21; Zenodo 7074291","NICHENET_AND_OMNIPATH_MAPPED",6,28,"YES","YES","YES","YES","OMNIPATH_SECRETED_ANNOTATION","CellCellInteractions;CellChatDB;Cellinker;CellTalkDB;connectomeDB2020;ConnectomeDB2025;GO_Intercell;HPA_secretome;ICELLNET;iTALK;LRdb;Matrisome;OmniPath;Ramilowski2015;talklr;UniProt_keyword;UniProt_location","47c971d2fbba4ecd0ba7485d1846a74054432a0d1a97ea3e6a79ae27d0da8094","5e4142df024fd4d5d64cc667299364982a51176076ae6a69e1069425530afafa","FROZEN_BEFORE_EXPRESSION_OUTCOMES","https://zenodo.org/records/7074291|https://omnipathdb.org/intercell"
"SEMA3C","NicheNet lr_network_human_21122021.rds unique from","NicheNet human LR network 2021-12-21; Zenodo 7074291","NICHENET_AND_OMNIPATH_MAPPED",7,37,"YES","YES","YES","YES","OMNIPATH_SECRETED_ANNOTATION","Baccin2019;CellCellInteractions;CellChatDB;Cellinker;CellPhoneDB;CellTalkDB;ComPPI;connectomeDB2020;ConnectomeDB2025;EMBRACE;GO_Intercell;HPA_secretome;HPMR;ICELLNET;iTALK;LOCATE;LRdb;Matrisome;OmniPath;Ramilowski2015;talklr;UniProt_keyword;UniProt_location","47c971d2fbba4ecd0ba7485d1846a74054432a0d1a97ea3e6a79ae27d0da8094","5e4142df024fd4d5d64cc667299364982a51176076ae6a69e1069425530afafa","FROZEN_BEFORE_EXPRESSION_OUTCOMES","https://zenodo.org/records/7074291|https://omnipathdb.org/intercell"
"SEMA3D","NicheNet lr_network_human_21122021.rds unique from","NicheNet human LR network 2021-12-21; Zenodo 7074291","NICHENET_AND_OMNIPATH_MAPPED",7,32,"YES","YES","YES","YES","OMNIPATH_SECRETED_ANNOTATION","Almen2009;Baccin2019;CellCellInteractions;CellChatDB;Cellinker;CellTalkDB;connectomeDB2020;ConnectomeDB2025;EMBRACE;GO_Intercell;HPA_secretome;iTALK;LRdb;Matrisome;MatrixDB;OmniPath;Phobius;Ramilowski2015;talklr;UniProt_keyword;UniProt_location","47c971d2fbba4ecd0ba7485d1846a74054432a0d1a97ea3e6a79ae27d0da8094","5e4142df024fd4d5d64cc667299364982a51176076ae6a69e1069425530afafa","FROZEN_BEFORE_EXPRESSION_OUTCOMES","https://zenodo.org/records/7074291|https://omnipathdb.org/intercell"
"SEMA3E","NicheNet lr_network_human_21122021.rds unique from","NicheNet human LR network 2021-12-21; Zenodo 7074291","NICHENET_AND_OMNIPATH_MAPPED",3,34,"YES","YES","YES","YES","OMNIPATH_SECRETED_ANNOTATION","Baccin2019;CellCellInteractions;CellChatDB;Cellinker;CellPhoneDB;CellTalkDB;ComPPI;connectomeDB2020;ConnectomeDB2025;EMBRACE;GO_Intercell;HPA_secretome;HPMR;ICELLNET;iTALK;LOCATE;LRdb;Matrisome;OmniPath;Ramilowski2015;talklr;UniProt_keyword;UniProt_location","47c971d2fbba4ecd0ba7485d1846a74054432a0d1a97ea3e6a79ae27d0da8094","5e4142df024fd4d5d64cc667299364982a51176076ae6a69e1069425530afafa","FROZEN_BEFORE_EXPRESSION_OUTCOMES","https://zenodo.org/records/7074291|https://omnipathdb.org/intercell"
"SEMA3F","NicheNet lr_network_human_21122021.rds unique from","NicheNet human LR network 2021-12-21; Zenodo 7074291","NICHENET_AND_OMNIPATH_MAPPED",6,28,"YES","YES","YES","YES","OMNIPATH_SECRETED_ANNOTATION","Baccin2019;CellChatDB;Cellinker;CellPhoneDB;CellTalkDB;connectomeDB2020;ConnectomeDB2025;EMBRACE;GO_Intercell;HPA_secretome;HPMR;ICELLNET;iTALK;LRdb;Matrisome;OmniPath;Ramilowski2015;talklr;UniProt_keyword;UniProt_location","47c971d2fbba4ecd0ba7485d1846a74054432a0d1a97ea3e6a79ae27d0da8094","5e4142df024fd4d5d64cc667299364982a51176076ae6a69e1069425530afafa","FROZEN_BEFORE_EXPRESSION_OUTCOMES","https://zenodo.org/records/7074291|https://omnipathdb.org/intercell"
"SEMA3G","NicheNet lr_network_human_21122021.rds unique from","NicheNet human LR network 2021-12-21; Zenodo 7074291","NICHENET_AND_OMNIPATH_MAPPED",8,28,"YES","YES","YES","YES","OMNIPATH_SECRETED_ANNOTATION","Baccin2019;CellCellInteractions;CellChatDB;Cellinker;CellTalkDB;connectomeDB2020;ConnectomeDB2025;EMBRACE;GO_Intercell;HPA_secretome;ICELLNET;iTALK;LRdb;Matrisome;OmniPath;Ramilowski2015;talklr;UniProt_keyword;UniProt_location","47c971d2fbba4ecd0ba7485d1846a74054432a0d1a97ea3e6a79ae27d0da8094","5e4142df024fd4d5d64cc667299364982a51176076ae6a69e1069425530afafa","FROZEN_BEFORE_EXPRESSION_OUTCOMES","https://zenodo.org/records/7074291|https://omnipathdb.org/intercell"
"SEMA4A","NicheNet lr_network_human_21122021.rds unique from","NicheNet human LR network 2021-12-21; Zenodo 7074291","NICHENET_AND_OMNIPATH_MAPPED",9,44,"YES","YES","YES","YES","OMNIPATH_SECRETED_ANNOTATION","Almen2009;Baccin2019;CellCellInteractions;CellChatDB;Cellinker;CellPhoneDB;ComPPI;connectomeDB2020;ConnectomeDB2025;CSPA;HGNC;LOCATE;Membranome;OmniPath;Phobius;Ramilowski_location;Surfaceome;TopDB;UniProt_keyword;UniProt_location;UniProt_topology","47c971d2fbba4ecd0ba7485d1846a74054432a0d1a97ea3e6a79ae27d0da8094","5e4142df024fd4d5d64cc667299364982a51176076ae6a69e1069425530afafa","FROZEN_BEFORE_EXPRESSION_OUTCOMES","https://zenodo.org/records/7074291|https://omnipathdb.org/intercell"
"SEMA4B","NicheNet lr_network_human_21122021.rds unique from","NicheNet human LR network 2021-12-21; Zenodo 7074291","NICHENET_AND_OMNIPATH_MAPPED",3,41,"YES","YES","NO","NO","NO_OMNIPATH_SECRETED_ANNOTATION","Baccin2019;CellCellInteractions;Cellinker;CellTalkDB;ComPPI;connectomeDB2020;ConnectomeDB2025;CSPA;EMBRACE;HGNC;ICELLNET;iTALK;LOCATE;LRdb;Matrisome;Membranome;OmniPath;Phobius;Ramilowski_location;Ramilowski2015;Surfaceome;talklr;TopDB;UniProt_keyword;UniProt_location;UniProt_topology","47c971d2fbba4ecd0ba7485d1846a74054432a0d1a97ea3e6a79ae27d0da8094","5e4142df024fd4d5d64cc667299364982a51176076ae6a69e1069425530afafa","FROZEN_BEFORE_EXPRESSION_OUTCOMES","https://zenodo.org/records/7074291|https://omnipathdb.org/intercell"
"SEMA4C","NicheNet lr_network_human_21122021.rds unique from","NicheNet human LR network 2021-12-21; Zenodo 7074291","NICHENET_AND_OMNIPATH_MAPPED",2,39,"YES","YES","NO","YES","NO_OMNIPATH_SECRETED_ANNOTATION","Almen2009;Baccin2019;CellCellInteractions;CellChatDB;Cellinker;CellPhoneDB;connectomeDB2020;ConnectomeDB2025;CSPA;GO_Intercell;HGNC;LOCATE;Membranome;OmniPath;Phobius;Ramilowski_location;Surfaceome;TopDB;UniProt_keyword;UniProt_location;UniProt_topology","47c971d2fbba4ecd0ba7485d1846a74054432a0d1a97ea3e6a79ae27d0da8094","5e4142df024fd4d5d64cc667299364982a51176076ae6a69e1069425530afafa","FROZEN_BEFORE_EXPRESSION_OUTCOMES","https://zenodo.org/records/7074291|https://omnipathdb.org/intercell"
"SEMA4D","NicheNet lr_network_human_21122021.rds unique from","NicheNet human LR network 2021-12-21; Zenodo 7074291","NICHENET_AND_OMNIPATH_MAPPED",6,48,"YES","YES","YES","YES","OMNIPATH_SECRETED_ANNOTATION","Almen2009;Baccin2019;CellCellInteractions;CellChatDB;Cellinker;CellPhoneDB;ComPPI;connectomeDB2020;ConnectomeDB2025;CSPA;GO_Intercell;HGNC;HPMR;Membranome;OmniPath;Phobius;Ramilowski_location;scConnect;Surfaceome;TopDB;UniProt_keyword;UniProt_location;UniProt_topology","47c971d2fbba4ecd0ba7485d1846a74054432a0d1a97ea3e6a79ae27d0da8094","5e4142df024fd4d5d64cc667299364982a51176076ae6a69e1069425530afafa","FROZEN_BEFORE_EXPRESSION_OUTCOMES","https://zenodo.org/records/7074291|https://omnipathdb.org/intercell"
"SEMA4F","NicheNet lr_network_human_21122021.rds unique from","NicheNet human LR network 2021-12-21; Zenodo 7074291","NICHENET_AND_OMNIPATH_MAPPED",2,33,"YES","YES","NO","NO","NO_OMNIPATH_SECRETED_ANNOTATION","Almen2009;Baccin2019;CellCellInteractions;Cellinker;ComPPI;CSPA;GO_Intercell;HGNC;LOCATE;Membranome;OmniPath;Phobius;Ramilowski_location;Surfaceome;UniProt_keyword;UniProt_location;UniProt_topology","47c971d2fbba4ecd0ba7485d1846a74054432a0d1a97ea3e6a79ae27d0da8094","5e4142df024fd4d5d64cc667299364982a51176076ae6a69e1069425530afafa","FROZEN_BEFORE_EXPRESSION_OUTCOMES","https://zenodo.org/records/7074291|https://omnipathdb.org/intercell"
"SEMA4G","NicheNet lr_network_human_21122021.rds unique from","NicheNet human LR network 2021-12-21; Zenodo 7074291","NICHENET_AND_OMNIPATH_MAPPED",3,36,"YES","YES","NO","NO","NO_OMNIPATH_SECRETED_ANNOTATION","Almen2009;Baccin2019;CellCellInteractions;CellChatDB;Cellinker;CellPhoneDB;connectomeDB2020;ConnectomeDB2025;CSPA;HGNC;Membranome;OmniPath;Phobius;Ramilowski_location;Surfaceome;UniProt_keyword;UniProt_location;UniProt_topology","47c971d2fbba4ecd0ba7485d1846a74054432a0d1a97ea3e6a79ae27d0da8094","5e4142df024fd4d5d64cc667299364982a51176076ae6a69e1069425530afafa","FROZEN_BEFORE_EXPRESSION_OUTCOMES","https://zenodo.org/records/7074291|https://omnipathdb.org/intercell"
"SEMA5A","NicheNet lr_network_human_21122021.rds unique from","NicheNet human LR network 2021-12-21; Zenodo 7074291","NICHENET_AND_OMNIPATH_MAPPED",5,49,"YES","YES","NO","YES","NO_OMNIPATH_SECRETED_ANNOTATION","Almen2009;CellCellInteractions;CellChatDB;Cellinker;CellPhoneDB;CellTalkDB;connectomeDB2020;ConnectomeDB2025;CSPA;GO_Intercell;HGNC;HPMR;ICELLNET;iTALK;LRdb;Matrisome;Membranome;OmniPath;Phobius;Ramilowski_location;Ramilowski2015;Surfaceome;talklr;TopDB;UniProt_keyword;UniProt_location;UniProt_topology","47c971d2fbba4ecd0ba7485d1846a74054432a0d1a97ea3e6a79ae27d0da8094","5e4142df024fd4d5d64cc667299364982a51176076ae6a69e1069425530afafa","FROZEN_BEFORE_EXPRESSION_OUTCOMES","https://zenodo.org/records/7074291|https://omnipathdb.org/intercell"
"SEMA5B","NicheNet lr_network_human_21122021.rds unique from","NicheNet human LR network 2021-12-21; Zenodo 7074291","NICHENET_AND_OMNIPATH_MAPPED",2,24,"YES","YES","NO","NO","NO_OMNIPATH_SECRETED_ANNOTATION","CellCellInteractions;CellChatDB;Cellinker;ComPPI;HGNC;Matrisome;Membranome;OmniPath;Phobius;Ramilowski_location;Surfaceome;UniProt_keyword;UniProt_location;UniProt_topology","47c971d2fbba4ecd0ba7485d1846a74054432a0d1a97ea3e6a79ae27d0da8094","5e4142df024fd4d5d64cc667299364982a51176076ae6a69e1069425530afafa","FROZEN_BEFORE_EXPRESSION_OUTCOMES","https://zenodo.org/records/7074291|https://omnipathdb.org/intercell"
"SEMA6A","NicheNet lr_network_human_21122021.rds unique from","NicheNet human LR network 2021-12-21; Zenodo 7074291","NICHENET_AND_OMNIPATH_MAPPED",2,41,"YES","YES","NO","YES","NO_OMNIPATH_SECRETED_ANNOTATION","Almen2009;Baccin2019;CellCellInteractions;CellChatDB;Cellinker;CellPhoneDB;ComPPI;connectomeDB2020;ConnectomeDB2025;GO_Intercell;HGNC;LOCATE;Membranome;OmniPath;Phobius;Ramilowski_location;Surfaceome;TopDB;UniProt_keyword;UniProt_location;UniProt_topology","47c971d2fbba4ecd0ba7485d1846a74054432a0d1a97ea3e6a79ae27d0da8094","5e4142df024fd4d5d64cc667299364982a51176076ae6a69e1069425530afafa","FROZEN_BEFORE_EXPRESSION_OUTCOMES","https://zenodo.org/records/7074291|https://omnipathdb.org/intercell"
"SEMA6B","NicheNet lr_network_human_21122021.rds unique from","NicheNet human LR network 2021-12-21; Zenodo 7074291","NICHENET_AND_OMNIPATH_MAPPED",2,36,"YES","YES","NO","NO","NO_OMNIPATH_SECRETED_ANNOTATION","Almen2009;CellCellInteractions;CellChatDB;Cellinker;connectomeDB2020;ConnectomeDB2025;CSPA;HGNC;ICELLNET;Matrisome;Membranome;OmniPath;Phobius;Ramilowski_location;Surfaceome;UniProt_keyword;UniProt_location;UniProt_topology","47c971d2fbba4ecd0ba7485d1846a74054432a0d1a97ea3e6a79ae27d0da8094","5e4142df024fd4d5d64cc667299364982a51176076ae6a69e1069425530afafa","FROZEN_BEFORE_EXPRESSION_OUTCOMES","https://zenodo.org/records/7074291|https://omnipathdb.org/intercell"
"SEMA6C","NicheNet lr_network_human_21122021.rds unique from","NicheNet human LR network 2021-12-21; Zenodo 7074291","NICHENET_AND_OMNIPATH_MAPPED",1,31,"YES","YES","NO","NO","NO_OMNIPATH_SECRETED_ANNOTATION","Almen2009;CellCellInteractions;Cellinker;ConnectomeDB2025;HGNC;LOCATE;Matrisome;Membranome;OmniPath;Phobius;Ramilowski_location;Surfaceome;UniProt_keyword;UniProt_location;UniProt_topology","47c971d2fbba4ecd0ba7485d1846a74054432a0d1a97ea3e6a79ae27d0da8094","5e4142df024fd4d5d64cc667299364982a51176076ae6a69e1069425530afafa","FROZEN_BEFORE_EXPRESSION_OUTCOMES","https://zenodo.org/records/7074291|https://omnipathdb.org/intercell"
"SEMA6D","NicheNet lr_network_human_21122021.rds unique from","NicheNet human LR network 2021-12-21; Zenodo 7074291","NICHENET_AND_OMNIPATH_MAPPED",6,51,"YES","YES","NO","YES","NO_OMNIPATH_SECRETED_ANNOTATION","Almen2009;Baccin2019;CellChatDB;Cellinker;CellPhoneDB;CellTalkDB;connectomeDB2020;ConnectomeDB2025;EMBRACE;GO_Intercell;HGNC;ICELLNET;iTALK;LOCATE;LRdb;Matrisome;Membranome;OmniPath;Phobius;Ramilowski_location;Ramilowski2015;Surfaceome;talklr;UniProt_keyword;UniProt_location;UniProt_topology","47c971d2fbba4ecd0ba7485d1846a74054432a0d1a97ea3e6a79ae27d0da8094","5e4142df024fd4d5d64cc667299364982a51176076ae6a69e1069425530afafa","FROZEN_BEFORE_EXPRESSION_OUTCOMES","https://zenodo.org/records/7074291|https://omnipathdb.org/intercell"
"SEMA7A","NicheNet lr_network_human_21122021.rds unique from","NicheNet human LR network 2021-12-21; Zenodo 7074291","NICHENET_AND_OMNIPATH_MAPPED",4,54,"YES","YES","YES","YES","OMNIPATH_SECRETED_ANNOTATION","Baccin2019;CellCellInteractions;CellChatDB;Cellinker;CellPhoneDB;CellTalkDB;connectomeDB2020;ConnectomeDB2025;CSPA;DGIdb;EMBRACE;GO_Intercell;HGNC;HPMR;ICELLNET;iTALK;LOCATE;LRdb;Matrisome;OmniPath;Phobius;Ramilowski_location;Ramilowski2015;Surfaceome;talklr;TopDB;UniProt_location","47c971d2fbba4ecd0ba7485d1846a74054432a0d1a97ea3e6a79ae27d0da8094","5e4142df024fd4d5d64cc667299364982a51176076ae6a69e1069425530afafa","FROZEN_BEFORE_EXPRESSION_OUTCOMES","https://zenodo.org/records/7074291|https://omnipathdb.org/intercell"
"SERPINA1","NicheNet lr_network_human_21122021.rds unique from","NicheNet human LR network 2021-12-21; Zenodo 7074291","NICHENET_AND_OMNIPATH_MAPPED",2,20,"NO","YES","YES","YES","OMNIPATH_SECRETED_ANNOTATION","Cellinker;ComPPI;connectomeDB2020;ConnectomeDB2025;GO_Intercell;HPA_secretome;LOCATE;Matrisome;OmniPath;UniProt_keyword;UniProt_location","47c971d2fbba4ecd0ba7485d1846a74054432a0d1a97ea3e6a79ae27d0da8094","5e4142df024fd4d5d64cc667299364982a51176076ae6a69e1069425530afafa","FROZEN_BEFORE_EXPRESSION_OUTCOMES","https://zenodo.org/records/7074291|https://omnipathdb.org/intercell"
"SERPINA5","NicheNet lr_network_human_21122021.rds unique from","NicheNet human LR network 2021-12-21; Zenodo 7074291","NICHENET_AND_OMNIPATH_MAPPED",3,15,"NO","YES","YES","YES","OMNIPATH_SECRETED_ANNOTATION","ComPPI;DGIdb;GO_Intercell;HPA_secretome;LOCATE;Matrisome;MatrixDB;OmniPath;UniProt_keyword;UniProt_location","47c971d2fbba4ecd0ba7485d1846a74054432a0d1a97ea3e6a79ae27d0da8094","5e4142df024fd4d5d64cc667299364982a51176076ae6a69e1069425530afafa","FROZEN_BEFORE_EXPRESSION_OUTCOMES","https://zenodo.org/records/7074291|https://omnipathdb.org/intercell"
"SERPINC1","NicheNet lr_network_human_21122021.rds unique from","NicheNet human LR network 2021-12-21; Zenodo 7074291","NICHENET_AND_OMNIPATH_MAPPED",7,16,"NO","YES","YES","YES","OMNIPATH_SECRETED_ANNOTATION","Baccin2019;Cellinker;connectomeDB2020;ConnectomeDB2025;GO_Intercell;HPA_secretome;LOCATE;Matrisome;OmniPath;scConnect;UniProt_keyword;UniProt_location","47c971d2fbba4ecd0ba7485d1846a74054432a0d1a97ea3e6a79ae27d0da8094","5e4142df024fd4d5d64cc667299364982a51176076ae6a69e1069425530afafa","FROZEN_BEFORE_EXPRESSION_OUTCOMES","https://zenodo.org/records/7074291|https://omnipathdb.org/intercell"
"SERPINE1","NicheNet lr_network_human_21122021.rds unique from","NicheNet human LR network 2021-12-21; Zenodo 7074291","NICHENET_AND_OMNIPATH_MAPPED",8,14,"NO","YES","YES","YES","OMNIPATH_SECRETED_ANNOTATION","Cellinker;ComPPI;connectomeDB2020;ConnectomeDB2025;GO_Intercell;HPA_secretome;LOCATE;Matrisome;OmniPath;UniProt_keyword;UniProt_location","47c971d2fbba4ecd0ba7485d1846a74054432a0d1a97ea3e6a79ae27d0da8094","5e4142df024fd4d5d64cc667299364982a51176076ae6a69e1069425530afafa","FROZEN_BEFORE_EXPRESSION_OUTCOMES","https://zenodo.org/records/7074291|https://omnipathdb.org/intercell"
"SERPINE2","NicheNet lr_network_human_21122021.rds unique from","NicheNet human LR network 2021-12-21; Zenodo 7074291","NICHENET_AND_OMNIPATH_MAPPED",1,13,"NO","YES","YES","YES","OMNIPATH_SECRETED_ANNOTATION","Cellinker;ComPPI;connectomeDB2020;ConnectomeDB2025;GO_Intercell;HPA_secretome;Matrisome;OmniPath;UniProt_keyword;UniProt_location","47c971d2fbba4ecd0ba7485d1846a74054432a0d1a97ea3e6a79ae27d0da8094","5e4142df024fd4d5d64cc667299364982a51176076ae6a69e1069425530afafa","FROZEN_BEFORE_EXPRESSION_OUTCOMES","https://zenodo.org/records/7074291|https://omnipathdb.org/intercell"
"SERPINF1","NicheNet lr_network_human_21122021.rds unique from","NicheNet human LR network 2021-12-21; Zenodo 7074291","NICHENET_AND_OMNIPATH_MAPPED",3,22,"YES","YES","YES","YES","OMNIPATH_SECRETED_ANNOTATION","CellCall;CellChatDB;connectomeDB2020;ConnectomeDB2025;GO_Intercell;Guide2Pharma;HPA_secretome;ICELLNET;LOCATE;Matrisome;OmniPath;UniProt_keyword;UniProt_location","47c971d2fbba4ecd0ba7485d1846a74054432a0d1a97ea3e6a79ae27d0da8094","5e4142df024fd4d5d64cc667299364982a51176076ae6a69e1069425530afafa","FROZEN_BEFORE_EXPRESSION_OUTCOMES","https://zenodo.org/records/7074291|https://omnipathdb.org/intercell"
"SERPING1","NicheNet lr_network_human_21122021.rds unique from","NicheNet human LR network 2021-12-21; Zenodo 7074291","NICHENET_AND_OMNIPATH_MAPPED",5,15,"NO","YES","YES","YES","OMNIPATH_SECRETED_ANNOTATION","Baccin2019;Cellinker;ComPPI;connectomeDB2020;ConnectomeDB2025;GO_Intercell;HPA_secretome;LOCATE;Matrisome;OmniPath;UniProt_keyword;UniProt_location","47c971d2fbba4ecd0ba7485d1846a74054432a0d1a97ea3e6a79ae27d0da8094","5e4142df024fd4d5d64cc667299364982a51176076ae6a69e1069425530afafa","FROZEN_BEFORE_EXPRESSION_OUTCOMES","https://zenodo.org/records/7074291|https://omnipathdb.org/intercell"
"SFRP1","NicheNet lr_network_human_21122021.rds unique from","NicheNet human LR network 2021-12-21; Zenodo 7074291","NICHENET_AND_OMNIPATH_MAPPED",2,26,"YES","YES","YES","YES","OMNIPATH_SECRETED_ANNOTATION","Baccin2019;CellCellInteractions;CellChatDB;Cellinker;ComPPI;connectomeDB2020;ConnectomeDB2025;GO_Intercell;HGNC;HPA_secretome;LOCATE;Matrisome;MatrixDB;OmniPath;UniProt_keyword;UniProt_location","47c971d2fbba4ecd0ba7485d1846a74054432a0d1a97ea3e6a79ae27d0da8094","5e4142df024fd4d5d64cc667299364982a51176076ae6a69e1069425530afafa","FROZEN_BEFORE_EXPRESSION_OUTCOMES","https://zenodo.org/records/7074291|https://omnipathdb.org/intercell"
"SFRP2","NicheNet lr_network_human_21122021.rds unique from","NicheNet human LR network 2021-12-21; Zenodo 7074291","NICHENET_AND_OMNIPATH_MAPPED",1,27,"YES","YES","YES","YES","OMNIPATH_SECRETED_ANNOTATION","CellCall;CellCellInteractions;CellChatDB;Cellinker;CellPhoneDB;CellTalkDB;ComPPI;connectomeDB2020;ConnectomeDB2025;GO_Intercell;HGNC;HPA_secretome;LOCATE;Matrisome;MatrixDB;OmniPath;UniProt_keyword;UniProt_location","47c971d2fbba4ecd0ba7485d1846a74054432a0d1a97ea3e6a79ae27d0da8094","5e4142df024fd4d5d64cc667299364982a51176076ae6a69e1069425530afafa","FROZEN_BEFORE_EXPRESSION_OUTCOMES","https://zenodo.org/records/7074291|https://omnipathdb.org/intercell"
"SFTPA1","NicheNet lr_network_human_21122021.rds unique from","NicheNet human LR network 2021-12-21; Zenodo 7074291","NICHENET_AND_OMNIPATH_MAPPED",1,32,"YES","YES","YES","YES","OMNIPATH_SECRETED_ANNOTATION","CellCellInteractions;Cellinker;CellTalkDB;connectomeDB2020;ConnectomeDB2025;GO_Intercell;HGNC;HPA_secretome;ICELLNET;iTALK;LRdb;MatrixDB;OmniPath;Ramilowski_location;Ramilowski2015;talklr;UniProt_keyword;UniProt_location","47c971d2fbba4ecd0ba7485d1846a74054432a0d1a97ea3e6a79ae27d0da8094","5e4142df024fd4d5d64cc667299364982a51176076ae6a69e1069425530afafa","FROZEN_BEFORE_EXPRESSION_OUTCOMES","https://zenodo.org/records/7074291|https://omnipathdb.org/intercell"
"SFTPA2","NicheNet lr_network_human_21122021.rds unique from","NicheNet human LR network 2021-12-21; Zenodo 7074291","NICHENET_AND_OMNIPATH_MAPPED",1,21,"NO","YES","YES","YES","OMNIPATH_SECRETED_ANNOTATION","CellCellInteractions;Cellinker;connectomeDB2020;ConnectomeDB2025;GO_Intercell;HGNC;HPA_secretome;MatrixDB;OmniPath;Ramilowski_location;UniProt_keyword;UniProt_location","47c971d2fbba4ecd0ba7485d1846a74054432a0d1a97ea3e6a79ae27d0da8094","5e4142df024fd4d5d64cc667299364982a51176076ae6a69e1069425530afafa","FROZEN_BEFORE_EXPRESSION_OUTCOMES","https://zenodo.org/records/7074291|https://omnipathdb.org/intercell"
"SFTPD","NicheNet lr_network_human_21122021.rds unique from","NicheNet human LR network 2021-12-21; Zenodo 7074291","NICHENET_AND_OMNIPATH_MAPPED",3,28,"YES","YES","YES","YES","OMNIPATH_SECRETED_ANNOTATION","CellChatDB;Cellinker;CellPhoneDB;CellTalkDB;connectomeDB2020;ConnectomeDB2025;GO_Intercell;HGNC;HPA_secretome;ICELLNET;iTALK;LRdb;OmniPath;Ramilowski_location;UniProt_keyword;UniProt_location","47c971d2fbba4ecd0ba7485d1846a74054432a0d1a97ea3e6a79ae27d0da8094","5e4142df024fd4d5d64cc667299364982a51176076ae6a69e1069425530afafa","FROZEN_BEFORE_EXPRESSION_OUTCOMES","https://zenodo.org/records/7074291|https://omnipathdb.org/intercell"
"SHBG","NicheNet lr_network_human_21122021.rds unique from","NicheNet human LR network 2021-12-21; Zenodo 7074291","NICHENET_AND_OMNIPATH_MAPPED",3,11,"NO","YES","YES","YES","OMNIPATH_SECRETED_ANNOTATION","Baccin2019;Cellinker;ConnectomeDB2025;HPA_secretome;LOCATE;MatrixDB;OmniPath;UniProt_keyword;UniProt_location","47c971d2fbba4ecd0ba7485d1846a74054432a0d1a97ea3e6a79ae27d0da8094","5e4142df024fd4d5d64cc667299364982a51176076ae6a69e1069425530afafa","FROZEN_BEFORE_EXPRESSION_OUTCOMES","https://zenodo.org/records/7074291|https://omnipathdb.org/intercell"
"SHH","NicheNet lr_network_human_21122021.rds unique from","NicheNet human LR network 2021-12-21; Zenodo 7074291","NICHENET_AND_OMNIPATH_MAPPED",7,47,"YES","YES","YES","YES","OMNIPATH_SECRETED_ANNOTATION","Baccin2019;CellCall;CellChatDB;Cellinker;CellPhoneDB;CellTalkDB;connectomeDB2020;ConnectomeDB2025;EMBRACE;GO_Intercell;HGNC;HPMR;ICELLNET;iTALK;Kirouac2010;LOCATE;LRdb;Matrisome;OmniPath;Ramilowski2015;SignaLink_function;talklr;UniProt_keyword;UniProt_location","47c971d2fbba4ecd0ba7485d1846a74054432a0d1a97ea3e6a79ae27d0da8094","5e4142df024fd4d5d64cc667299364982a51176076ae6a69e1069425530afafa","FROZEN_BEFORE_EXPRESSION_OUTCOMES","https://zenodo.org/records/7074291|https://omnipathdb.org/intercell"
"SHISA4","NicheNet lr_network_human_21122021.rds unique from","NicheNet human LR network 2021-12-21; Zenodo 7074291","NICHENET_AND_OMNIPATH_MAPPED",1,19,"NO","YES","NO","NO","NO_OMNIPATH_SECRETED_ANNOTATION","Almen2009;Cellinker;Membranome;OmniPath;Phobius;Ramilowski_location;Surfaceome;UniProt_keyword;UniProt_location;UniProt_topology","47c971d2fbba4ecd0ba7485d1846a74054432a0d1a97ea3e6a79ae27d0da8094","5e4142df024fd4d5d64cc667299364982a51176076ae6a69e1069425530afafa","FROZEN_BEFORE_EXPRESSION_OUTCOMES","https://zenodo.org/records/7074291|https://omnipathdb.org/intercell"
"SI","NicheNet lr_network_human_21122021.rds unique from","NicheNet human LR network 2021-12-21; Zenodo 7074291","NICHENET_AND_OMNIPATH_MAPPED",5,19,"NO","NO","NO","NO","NO_OMNIPATH_SECRETED_ANNOTATION","Almen2009;ComPPI;GO_Intercell;OmniPath;Phobius;Ramilowski_location;TopDB;UniProt_keyword;UniProt_location;UniProt_topology","47c971d2fbba4ecd0ba7485d1846a74054432a0d1a97ea3e6a79ae27d0da8094","5e4142df024fd4d5d64cc667299364982a51176076ae6a69e1069425530afafa","FROZEN_BEFORE_EXPRESSION_OUTCOMES","https://zenodo.org/records/7074291|https://omnipathdb.org/intercell"
"SIGLEC1","NicheNet lr_network_human_21122021.rds unique from","NicheNet human LR network 2021-12-21; Zenodo 7074291","NICHENET_AND_OMNIPATH_MAPPED",3,42,"YES","YES","YES","YES","OMNIPATH_SECRETED_ANNOTATION","Almen2009;CellChatDB;Cellinker;CellPhoneDB;connectomeDB2020;ConnectomeDB2025;CSPA;GO_Intercell;HGNC;LOCATE;MatrixDB;Membranome;OmniPath;Phobius;Surfaceome;UniProt_keyword;UniProt_location;UniProt_topology","47c971d2fbba4ecd0ba7485d1846a74054432a0d1a97ea3e6a79ae27d0da8094","5e4142df024fd4d5d64cc667299364982a51176076ae6a69e1069425530afafa","FROZEN_BEFORE_EXPRESSION_OUTCOMES","https://zenodo.org/records/7074291|https://omnipathdb.org/intercell"
"SIGLEC12","NicheNet lr_network_human_21122021.rds unique from","NicheNet human LR network 2021-12-21; Zenodo 7074291","NICHENET_AND_OMNIPATH_MAPPED",1,24,"NO","YES","NO","NO","NO_OMNIPATH_SECRETED_ANNOTATION","Almen2009;Cellinker;CSPA;HGNC;Membranome;OmniPath;Phobius;Ramilowski_location;Surfaceome;UniProt_keyword;UniProt_location;UniProt_topology","47c971d2fbba4ecd0ba7485d1846a74054432a0d1a97ea3e6a79ae27d0da8094","5e4142df024fd4d5d64cc667299364982a51176076ae6a69e1069425530afafa","FROZEN_BEFORE_EXPRESSION_OUTCOMES","https://zenodo.org/records/7074291|https://omnipathdb.org/intercell"
"SIGLEC14","NicheNet lr_network_human_21122021.rds unique from","NicheNet human LR network 2021-12-21; Zenodo 7074291","NICHENET_AND_OMNIPATH_MAPPED",2,25,"NO","YES","NO","NO","NO_OMNIPATH_SECRETED_ANNOTATION","Almen2009;Cellinker;GO_Intercell;HGNC;Membranome;OmniPath;Phobius;Ramilowski_location;Surfaceome;UniProt_keyword;UniProt_location;UniProt_topology","47c971d2fbba4ecd0ba7485d1846a74054432a0d1a97ea3e6a79ae27d0da8094","5e4142df024fd4d5d64cc667299364982a51176076ae6a69e1069425530afafa","FROZEN_BEFORE_EXPRESSION_OUTCOMES","https://zenodo.org/records/7074291|https://omnipathdb.org/intercell"
"SIGLEC15","NicheNet lr_network_human_21122021.rds unique from","NicheNet human LR network 2021-12-21; Zenodo 7074291","NICHENET_AND_OMNIPATH_MAPPED",7,31,"YES","YES","NO","NO","NO_OMNIPATH_SECRETED_ANNOTATION","Almen2009;Cellinker;CellPhoneDB;ConnectomeDB2025;HGNC;ICELLNET;LOCATE;Membranome;OmniPath;Phobius;Ramilowski_location;Surfaceome;UniProt_keyword;UniProt_location;UniProt_topology","47c971d2fbba4ecd0ba7485d1846a74054432a0d1a97ea3e6a79ae27d0da8094","5e4142df024fd4d5d64cc667299364982a51176076ae6a69e1069425530afafa","FROZEN_BEFORE_EXPRESSION_OUTCOMES","https://zenodo.org/records/7074291|https://omnipathdb.org/intercell"
"SIGLEC5","NicheNet lr_network_human_21122021.rds unique from","NicheNet human LR network 2021-12-21; Zenodo 7074291","NICHENET_AND_OMNIPATH_MAPPED",4,32,"NO","YES","NO","NO","NO_OMNIPATH_SECRETED_ANNOTATION","Almen2009;Cellinker;connectomeDB2020;ConnectomeDB2025;CSPA;GO_Intercell;HGNC;ICELLNET;Membranome;OmniPath;Phobius;Ramilowski_location;Surfaceome;TopDB;UniProt_keyword;UniProt_location;UniProt_topology","47c971d2fbba4ecd0ba7485d1846a74054432a0d1a97ea3e6a79ae27d0da8094","5e4142df024fd4d5d64cc667299364982a51176076ae6a69e1069425530afafa","FROZEN_BEFORE_EXPRESSION_OUTCOMES","https://zenodo.org/records/7074291|https://omnipathdb.org/intercell"
"SIGLEC6","NicheNet lr_network_human_21122021.rds unique from","NicheNet human LR network 2021-12-21; Zenodo 7074291","NICHENET_AND_OMNIPATH_MAPPED",3,31,"NO","YES","YES","YES","OMNIPATH_SECRETED_ANNOTATION","Cellinker;ConnectomeDB2025;CSPA;GO_Intercell;HGNC;LOCATE;MatrixDB;Membranome;OmniPath;Phobius;Ramilowski_location;Surfaceome;UniProt_keyword;UniProt_location;UniProt_topology","47c971d2fbba4ecd0ba7485d1846a74054432a0d1a97ea3e6a79ae27d0da8094","5e4142df024fd4d5d64cc667299364982a51176076ae6a69e1069425530afafa","FROZEN_BEFORE_EXPRESSION_OUTCOMES","https://zenodo.org/records/7074291|https://omnipathdb.org/intercell"
"SIGLEC7","NicheNet lr_network_human_21122021.rds unique from","NicheNet human LR network 2021-12-21; Zenodo 7074291","NICHENET_AND_OMNIPATH_MAPPED",15,23,"NO","YES","NO","NO","NO_OMNIPATH_SECRETED_ANNOTATION","Almen2009;Cellinker;ConnectomeDB2025;CSPA;Membranome;OmniPath;Phobius;Ramilowski_location;Surfaceome;TopDB;UniProt_keyword;UniProt_location;UniProt_topology","47c971d2fbba4ecd0ba7485d1846a74054432a0d1a97ea3e6a79ae27d0da8094","5e4142df024fd4d5d64cc667299364982a51176076ae6a69e1069425530afafa","FROZEN_BEFORE_EXPRESSION_OUTCOMES","https://zenodo.org/records/7074291|https://omnipathdb.org/intercell"
"SIGLEC8","NicheNet lr_network_human_21122021.rds unique from","NicheNet human LR network 2021-12-21; Zenodo 7074291","NICHENET_AND_OMNIPATH_MAPPED",18,23,"NO","YES","NO","YES","NO_OMNIPATH_SECRETED_ANNOTATION","Almen2009;Cellinker;GO_Intercell;Membranome;OmniPath;Phobius;Ramilowski_location;Surfaceome;TopDB;UniProt_keyword;UniProt_location;UniProt_topology","47c971d2fbba4ecd0ba7485d1846a74054432a0d1a97ea3e6a79ae27d0da8094","5e4142df024fd4d5d64cc667299364982a51176076ae6a69e1069425530afafa","FROZEN_BEFORE_EXPRESSION_OUTCOMES","https://zenodo.org/records/7074291|https://omnipathdb.org/intercell"
"SIGLEC9","NicheNet lr_network_human_21122021.rds unique from","NicheNet human LR network 2021-12-21; Zenodo 7074291","NICHENET_AND_OMNIPATH_MAPPED",11,35,"YES","YES","NO","YES","NO_OMNIPATH_SECRETED_ANNOTATION","Almen2009;Cellinker;connectomeDB2020;ConnectomeDB2025;CSPA;GO_Intercell;HGNC;ICELLNET;Membranome;OmniPath;Phobius;Ramilowski_location;Surfaceome;UniProt_keyword;UniProt_location;UniProt_topology","47c971d2fbba4ecd0ba7485d1846a74054432a0d1a97ea3e6a79ae27d0da8094","5e4142df024fd4d5d64cc667299364982a51176076ae6a69e1069425530afafa","FROZEN_BEFORE_EXPRESSION_OUTCOMES","https://zenodo.org/records/7074291|https://omnipathdb.org/intercell"
"SIRPA","NicheNet lr_network_human_21122021.rds unique from","NicheNet human LR network 2021-12-21; Zenodo 7074291","NICHENET_AND_OMNIPATH_MAPPED",5,46,"YES","YES","NO","YES","NO_OMNIPATH_SECRETED_ANNOTATION","Adhesome;Cellinker;CellPhoneDB;CellTalkDB;ComPPI;connectomeDB2020;ConnectomeDB2025;CSPA;GO_Intercell;Guide2Pharma;HGNC;ICELLNET;iTALK;LOCATE;LRdb;Membranome;OmniPath;Phobius;Ramilowski_location;scConnect;Surfaceome;TopDB;UniProt_keyword;UniProt_location;UniProt_topology","47c971d2fbba4ecd0ba7485d1846a74054432a0d1a97ea3e6a79ae27d0da8094","5e4142df024fd4d5d64cc667299364982a51176076ae6a69e1069425530afafa","FROZEN_BEFORE_EXPRESSION_OUTCOMES","https://zenodo.org/records/7074291|https://omnipathdb.org/intercell"
"SIRPB2","NicheNet lr_network_human_21122021.rds unique from","NicheNet human LR network 2021-12-21; Zenodo 7074291","NICHENET_AND_OMNIPATH_MAPPED",1,20,"YES","YES","YES","YES","OMNIPATH_SECRETED_ANNOTATION","Almen2009;connectomeDB2020;ConnectomeDB2025;Membranome;OmniPath;Phobius;Ramilowski_location;Surfaceome;UniProt_keyword;UniProt_location;UniProt_topology","47c971d2fbba4ecd0ba7485d1846a74054432a0d1a97ea3e6a79ae27d0da8094","5e4142df024fd4d5d64cc667299364982a51176076ae6a69e1069425530afafa","FROZEN_BEFORE_EXPRESSION_OUTCOMES","https://zenodo.org/records/7074291|https://omnipathdb.org/intercell"
"SIRPG","NicheNet lr_network_human_21122021.rds unique from","NicheNet human LR network 2021-12-21; Zenodo 7074291","NICHENET_AND_OMNIPATH_MAPPED",2,43,"YES","YES","NO","YES","NO_OMNIPATH_SECRETED_ANNOTATION","Almen2009;CellChatDB;Cellinker;CellPhoneDB;connectomeDB2020;ConnectomeDB2025;CSPA;GO_Intercell;HGNC;ICELLNET;iTALK;LOCATE;LRdb;Membranome;OmniPath;Phobius;Ramilowski_location;Surfaceome;TopDB;UniProt_keyword;UniProt_location;UniProt_topology","47c971d2fbba4ecd0ba7485d1846a74054432a0d1a97ea3e6a79ae27d0da8094","5e4142df024fd4d5d64cc667299364982a51176076ae6a69e1069425530afafa","FROZEN_BEFORE_EXPRESSION_OUTCOMES","https://zenodo.org/records/7074291|https://omnipathdb.org/intercell"
"SLAMF6","NicheNet lr_network_human_21122021.rds unique from","NicheNet human LR network 2021-12-21; Zenodo 7074291","NICHENET_AND_OMNIPATH_MAPPED",1,44,"YES","YES","NO","YES","NO_OMNIPATH_SECRETED_ANNOTATION","Almen2009;CellCellInteractions;Cellinker;connectomeDB2020;ConnectomeDB2025;CSPA;DGIdb;HGNC;ICELLNET;LOCATE;Membranome;OmniPath;Phobius;Ramilowski_location;Surfaceome;TopDB;UniProt_keyword;UniProt_location;UniProt_topology","47c971d2fbba4ecd0ba7485d1846a74054432a0d1a97ea3e6a79ae27d0da8094","5e4142df024fd4d5d64cc667299364982a51176076ae6a69e1069425530afafa","FROZEN_BEFORE_EXPRESSION_OUTCOMES","https://zenodo.org/records/7074291|https://omnipathdb.org/intercell"
"SLAMF7","NicheNet lr_network_human_21122021.rds unique from","NicheNet human LR network 2021-12-21; Zenodo 7074291","NICHENET_AND_OMNIPATH_MAPPED",1,40,"YES","YES","YES","YES","OMNIPATH_SECRETED_ANNOTATION","Almen2009;CellCellInteractions;Cellinker;ComPPI;connectomeDB2020;ConnectomeDB2025;CSPA;DGIdb;LOCATE;Membranome;OmniPath;Phobius;Ramilowski_location;scConnect;Surfaceome;TopDB;UniProt_keyword;UniProt_location;UniProt_topology","47c971d2fbba4ecd0ba7485d1846a74054432a0d1a97ea3e6a79ae27d0da8094","5e4142df024fd4d5d64cc667299364982a51176076ae6a69e1069425530afafa","FROZEN_BEFORE_EXPRESSION_OUTCOMES","https://zenodo.org/records/7074291|https://omnipathdb.org/intercell"
"SLC6A8","NicheNet lr_network_human_21122021.rds unique from","NicheNet human LR network 2021-12-21; Zenodo 7074291","NICHENET_AND_OMNIPATH_MAPPED",1,25,"YES","YES","YES","YES","OMNIPATH_SECRETED_ANNOTATION","Cellinker;CellPhoneDB;LOCATE;OmniPath;Phobius;Ramilowski_location;scConnect;Surfaceome;UniProt_keyword;UniProt_location;UniProt_topology","47c971d2fbba4ecd0ba7485d1846a74054432a0d1a97ea3e6a79ae27d0da8094","5e4142df024fd4d5d64cc667299364982a51176076ae6a69e1069425530afafa","FROZEN_BEFORE_EXPRESSION_OUTCOMES","https://zenodo.org/records/7074291|https://omnipathdb.org/intercell"
"SLIT1","NicheNet lr_network_human_21122021.rds unique from","NicheNet human LR network 2021-12-21; Zenodo 7074291","NICHENET_AND_OMNIPATH_MAPPED",5,33,"YES","YES","YES","YES","OMNIPATH_SECRETED_ANNOTATION","Baccin2019;CellChatDB;Cellinker;CellPhoneDB;CellTalkDB;connectomeDB2020;ConnectomeDB2025;EMBRACE;GO_Intercell;HPA_secretome;HPMR;ICELLNET;iTALK;LRdb;Matrisome;MatrixDB;OmniPath;Ramilowski2015;talklr;UniProt_keyword;UniProt_location","47c971d2fbba4ecd0ba7485d1846a74054432a0d1a97ea3e6a79ae27d0da8094","5e4142df024fd4d5d64cc667299364982a51176076ae6a69e1069425530afafa","FROZEN_BEFORE_EXPRESSION_OUTCOMES","https://zenodo.org/records/7074291|https://omnipathdb.org/intercell"
"SLIT2","NicheNet lr_network_human_21122021.rds unique from","NicheNet human LR network 2021-12-21; Zenodo 7074291","NICHENET_AND_OMNIPATH_MAPPED",5,27,"YES","YES","YES","YES","OMNIPATH_SECRETED_ANNOTATION","CellChatDB;Cellinker;CellPhoneDB;CellTalkDB;ComPPI;connectomeDB2020;ConnectomeDB2025;GO_Intercell;HPA_secretome;HPMR;iTALK;LOCATE;LRdb;Matrisome;OmniPath;Ramilowski2015;talklr;UniProt_keyword;UniProt_location","47c971d2fbba4ecd0ba7485d1846a74054432a0d1a97ea3e6a79ae27d0da8094","5e4142df024fd4d5d64cc667299364982a51176076ae6a69e1069425530afafa","FROZEN_BEFORE_EXPRESSION_OUTCOMES","https://zenodo.org/records/7074291|https://omnipathdb.org/intercell"
"SLIT3","NicheNet lr_network_human_21122021.rds unique from","NicheNet human LR network 2021-12-21; Zenodo 7074291","NICHENET_AND_OMNIPATH_MAPPED",3,23,"YES","YES","YES","YES","OMNIPATH_SECRETED_ANNOTATION","Cellinker;CellTalkDB;ComPPI;connectomeDB2020;ConnectomeDB2025;EMBRACE;GO_Intercell;HPA_secretome;iTALK;LRdb;Matrisome;MatrixDB;OmniPath;Ramilowski2015;talklr;UniProt_keyword;UniProt_location","47c971d2fbba4ecd0ba7485d1846a74054432a0d1a97ea3e6a79ae27d0da8094","5e4142df024fd4d5d64cc667299364982a51176076ae6a69e1069425530afafa","FROZEN_BEFORE_EXPRESSION_OUTCOMES","https://zenodo.org/records/7074291|https://omnipathdb.org/intercell"
"SLITRK1","NicheNet lr_network_human_21122021.rds unique from","NicheNet human LR network 2021-12-21; Zenodo 7074291","NICHENET_AND_OMNIPATH_MAPPED",4,40,"YES","YES","YES","YES","OMNIPATH_SECRETED_ANNOTATION","Almen2009;CellChatDB;Cellinker;CellPhoneDB;connectomeDB2020;ConnectomeDB2025;HGNC;HPA_secretome;LOCATE;Membranome;OmniPath;Phobius;Ramilowski_location;Surfaceome;TopDB;UniProt_keyword;UniProt_location;UniProt_topology","47c971d2fbba4ecd0ba7485d1846a74054432a0d1a97ea3e6a79ae27d0da8094","5e4142df024fd4d5d64cc667299364982a51176076ae6a69e1069425530afafa","FROZEN_BEFORE_EXPRESSION_OUTCOMES","https://zenodo.org/records/7074291|https://omnipathdb.org/intercell"
"SLITRK2","NicheNet lr_network_human_21122021.rds unique from","NicheNet human LR network 2021-12-21; Zenodo 7074291","NICHENET_AND_OMNIPATH_MAPPED",2,34,"YES","YES","NO","NO","NO_OMNIPATH_SECRETED_ANNOTATION","Almen2009;CellChatDB;Cellinker;CellPhoneDB;connectomeDB2020;ConnectomeDB2025;CSPA;HGNC;Membranome;OmniPath;Phobius;Ramilowski_location;Surfaceome;UniProt_keyword;UniProt_location;UniProt_topology","47c971d2fbba4ecd0ba7485d1846a74054432a0d1a97ea3e6a79ae27d0da8094","5e4142df024fd4d5d64cc667299364982a51176076ae6a69e1069425530afafa","FROZEN_BEFORE_EXPRESSION_OUTCOMES","https://zenodo.org/records/7074291|https://omnipathdb.org/intercell"
"SLITRK3","NicheNet lr_network_human_21122021.rds unique from","NicheNet human LR network 2021-12-21; Zenodo 7074291","NICHENET_AND_OMNIPATH_MAPPED",2,37,"YES","YES","NO","NO","NO_OMNIPATH_SECRETED_ANNOTATION","Almen2009;CellChatDB;Cellinker;CellPhoneDB;ComPPI;connectomeDB2020;ConnectomeDB2025;CSPA;HGNC;LOCATE;Membranome;OmniPath;Phobius;Ramilowski_location;Surfaceome;UniProt_keyword;UniProt_location;UniProt_topology","47c971d2fbba4ecd0ba7485d1846a74054432a0d1a97ea3e6a79ae27d0da8094","5e4142df024fd4d5d64cc667299364982a51176076ae6a69e1069425530afafa","FROZEN_BEFORE_EXPRESSION_OUTCOMES","https://zenodo.org/records/7074291|https://omnipathdb.org/intercell"
"SLITRK4","NicheNet lr_network_human_21122021.rds unique from","NicheNet human LR network 2021-12-21; Zenodo 7074291","NICHENET_AND_OMNIPATH_MAPPED",2,32,"YES","YES","NO","NO","NO_OMNIPATH_SECRETED_ANNOTATION","Almen2009;CellChatDB;Cellinker;CellPhoneDB;ComPPI;CSPA;HGNC;ICELLNET;Membranome;OmniPath;Phobius;Ramilowski_location;Surfaceome;UniProt_keyword;UniProt_location;UniProt_topology","47c971d2fbba4ecd0ba7485d1846a74054432a0d1a97ea3e6a79ae27d0da8094","5e4142df024fd4d5d64cc667299364982a51176076ae6a69e1069425530afafa","FROZEN_BEFORE_EXPRESSION_OUTCOMES","https://zenodo.org/records/7074291|https://omnipathdb.org/intercell"
"SLITRK5","NicheNet lr_network_human_21122021.rds unique from","NicheNet human LR network 2021-12-21; Zenodo 7074291","NICHENET_AND_OMNIPATH_MAPPED",1,31,"YES","YES","NO","NO","NO_OMNIPATH_SECRETED_ANNOTATION","Almen2009;CellCellInteractions;CellChatDB;CellPhoneDB;ComPPI;connectomeDB2020;ConnectomeDB2025;HGNC;LOCATE;Membranome;OmniPath;Phobius;Ramilowski_location;Surfaceome;UniProt_keyword;UniProt_location;UniProt_topology","47c971d2fbba4ecd0ba7485d1846a74054432a0d1a97ea3e6a79ae27d0da8094","5e4142df024fd4d5d64cc667299364982a51176076ae6a69e1069425530afafa","FROZEN_BEFORE_EXPRESSION_OUTCOMES","https://zenodo.org/records/7074291|https://omnipathdb.org/intercell"
"SLITRK6","NicheNet lr_network_human_21122021.rds unique from","NicheNet human LR network 2021-12-21; Zenodo 7074291","NICHENET_AND_OMNIPATH_MAPPED",2,33,"YES","YES","NO","NO","NO_OMNIPATH_SECRETED_ANNOTATION","Almen2009;CellChatDB;Cellinker;CellPhoneDB;connectomeDB2020;ConnectomeDB2025;CSPA;HGNC;Membranome;OmniPath;Phobius;Ramilowski_location;Surfaceome;UniProt_keyword;UniProt_location;UniProt_topology","47c971d2fbba4ecd0ba7485d1846a74054432a0d1a97ea3e6a79ae27d0da8094","5e4142df024fd4d5d64cc667299364982a51176076ae6a69e1069425530afafa","FROZEN_BEFORE_EXPRESSION_OUTCOMES","https://zenodo.org/records/7074291|https://omnipathdb.org/intercell"
"SLPI","NicheNet lr_network_human_21122021.rds unique from","NicheNet human LR network 2021-12-21; Zenodo 7074291","NICHENET_AND_OMNIPATH_MAPPED",2,17,"NO","YES","YES","YES","OMNIPATH_SECRETED_ANNOTATION","Baccin2019;CellCellInteractions;connectomeDB2020;ConnectomeDB2025;GO_Intercell;HGNC;HPA_secretome;Matrisome;MatrixDB;OmniPath;UniProt_keyword;UniProt_location","47c971d2fbba4ecd0ba7485d1846a74054432a0d1a97ea3e6a79ae27d0da8094","5e4142df024fd4d5d64cc667299364982a51176076ae6a69e1069425530afafa","FROZEN_BEFORE_EXPRESSION_OUTCOMES","https://zenodo.org/records/7074291|https://omnipathdb.org/intercell"
"SLURP1","NicheNet lr_network_human_21122021.rds unique from","NicheNet human LR network 2021-12-21; Zenodo 7074291","NICHENET_AND_OMNIPATH_MAPPED",7,20,"YES","YES","YES","YES","OMNIPATH_SECRETED_ANNOTATION","CellChatDB;Cellinker;CellTalkDB;connectomeDB2020;ConnectomeDB2025;GO_Intercell;HPA_secretome;MatrixDB;OmniPath;UniProt_keyword;UniProt_location","47c971d2fbba4ecd0ba7485d1846a74054432a0d1a97ea3e6a79ae27d0da8094","5e4142df024fd4d5d64cc667299364982a51176076ae6a69e1069425530afafa","FROZEN_BEFORE_EXPRESSION_OUTCOMES","https://zenodo.org/records/7074291|https://omnipathdb.org/intercell"
"SLURP2","NicheNet lr_network_human_21122021.rds unique from","NicheNet human LR network 2021-12-21; Zenodo 7074291","NICHENET_AND_OMNIPATH_MAPPED",5,21,"YES","YES","YES","YES","OMNIPATH_SECRETED_ANNOTATION","Almen2009;CellChatDB;Cellinker;ConnectomeDB2025;GO_Intercell;HPA_secretome;MatrixDB;OmniPath;Surfaceome;UniProt_keyword;UniProt_location","47c971d2fbba4ecd0ba7485d1846a74054432a0d1a97ea3e6a79ae27d0da8094","5e4142df024fd4d5d64cc667299364982a51176076ae6a69e1069425530afafa","FROZEN_BEFORE_EXPRESSION_OUTCOMES","https://zenodo.org/records/7074291|https://omnipathdb.org/intercell"
"SNX14","NicheNet lr_network_human_21122021.rds unique from","NicheNet human LR network 2021-12-21; Zenodo 7074291","NICHENET_AND_OMNIPATH_MAPPED",1,20,"YES","YES","YES","YES","OMNIPATH_SECRETED_ANNOTATION","Almen2009;Cellinker;ComPPI;GO_Intercell;LOCATE;OmniPath;Phobius;Ramilowski_location;TopDB;UniProt_keyword;UniProt_location;UniProt_topology","47c971d2fbba4ecd0ba7485d1846a74054432a0d1a97ea3e6a79ae27d0da8094","5e4142df024fd4d5d64cc667299364982a51176076ae6a69e1069425530afafa","FROZEN_BEFORE_EXPRESSION_OUTCOMES","https://zenodo.org/records/7074291|https://omnipathdb.org/intercell"
"SORL1","NicheNet lr_network_human_21122021.rds unique from","NicheNet human LR network 2021-12-21; Zenodo 7074291","NICHENET_AND_OMNIPATH_MAPPED",1,38,"YES","YES","YES","YES","OMNIPATH_SECRETED_ANNOTATION","Almen2009;Cellinker;CellPhoneDB;ComPPI;connectomeDB2020;ConnectomeDB2025;CSPA;GO_Intercell;HPA_secretome;HPMR;OmniPath;Phobius;Ramilowski_location;Surfaceome;TopDB;UniProt_keyword;UniProt_location;UniProt_topology","47c971d2fbba4ecd0ba7485d1846a74054432a0d1a97ea3e6a79ae27d0da8094","5e4142df024fd4d5d64cc667299364982a51176076ae6a69e1069425530afafa","FROZEN_BEFORE_EXPRESSION_OUTCOMES","https://zenodo.org/records/7074291|https://omnipathdb.org/intercell"
"SOST","NicheNet lr_network_human_21122021.rds unique from","NicheNet human LR network 2021-12-21; Zenodo 7074291","NICHENET_AND_OMNIPATH_MAPPED",3,34,"YES","YES","YES","YES","OMNIPATH_SECRETED_ANNOTATION","Baccin2019;CellCall;CellCellInteractions;CellChatDB;Cellinker;CellTalkDB;connectomeDB2020;ConnectomeDB2025;EMBRACE;GO_Intercell;HGNC;HPA_secretome;ICELLNET;iTALK;LRdb;MatrixDB;OmniPath;Ramilowski_location;Ramilowski2015;talklr;UniProt_keyword;UniProt_location","47c971d2fbba4ecd0ba7485d1846a74054432a0d1a97ea3e6a79ae27d0da8094","5e4142df024fd4d5d64cc667299364982a51176076ae6a69e1069425530afafa","FROZEN_BEFORE_EXPRESSION_OUTCOMES","https://zenodo.org/records/7074291|https://omnipathdb.org/intercell"
"SOSTDC1","NicheNet lr_network_human_21122021.rds unique from","NicheNet human LR network 2021-12-21; Zenodo 7074291","NICHENET_AND_OMNIPATH_MAPPED",3,21,"YES","YES","YES","YES","OMNIPATH_SECRETED_ANNOTATION","CellChatDB;CellPhoneDB;CellTalkDB;connectomeDB2020;ConnectomeDB2025;GO_Intercell;HGNC;HPA_secretome;LOCATE;MatrixDB;OmniPath;UniProt_keyword;UniProt_location","47c971d2fbba4ecd0ba7485d1846a74054432a0d1a97ea3e6a79ae27d0da8094","5e4142df024fd4d5d64cc667299364982a51176076ae6a69e1069425530afafa","FROZEN_BEFORE_EXPRESSION_OUTCOMES","https://zenodo.org/records/7074291|https://omnipathdb.org/intercell"
"SPAG11B","NicheNet lr_network_human_21122021.rds unique from","NicheNet human LR network 2021-12-21; Zenodo 7074291","NICHENET_AND_OMNIPATH_MAPPED",1,10,"YES","YES","YES","YES","OMNIPATH_SECRETED_ANNOTATION","HPA_secretome;LOCATE;MatrixDB;OmniPath;scConnect;UniProt_keyword;UniProt_location","47c971d2fbba4ecd0ba7485d1846a74054432a0d1a97ea3e6a79ae27d0da8094","5e4142df024fd4d5d64cc667299364982a51176076ae6a69e1069425530afafa","FROZEN_BEFORE_EXPRESSION_OUTCOMES","https://zenodo.org/records/7074291|https://omnipathdb.org/intercell"
"SPARC","NicheNet lr_network_human_21122021.rds unique from","NicheNet human LR network 2021-12-21; Zenodo 7074291","NICHENET_AND_OMNIPATH_MAPPED",2,24,"YES","YES","YES","YES","OMNIPATH_SECRETED_ANNOTATION","CellChatDB;Cellinker;ComPPI;ConnectomeDB2025;GO_Intercell;HGNC;HPA_secretome;LOCATE;Matrisome;OmniPath;Ramilowski_location;UniProt_keyword;UniProt_location","47c971d2fbba4ecd0ba7485d1846a74054432a0d1a97ea3e6a79ae27d0da8094","5e4142df024fd4d5d64cc667299364982a51176076ae6a69e1069425530afafa","FROZEN_BEFORE_EXPRESSION_OUTCOMES","https://zenodo.org/records/7074291|https://omnipathdb.org/intercell"
"SPINK1","NicheNet lr_network_human_21122021.rds unique from","NicheNet human LR network 2021-12-21; Zenodo 7074291","NICHENET_AND_OMNIPATH_MAPPED",2,14,"NO","NO","YES","YES","OMNIPATH_SECRETED_ANNOTATION","Baccin2019;Cellinker;connectomeDB2020;ConnectomeDB2025;GO_Intercell;HGNC;HPA_secretome;LOCATE;OmniPath;UniProt_keyword;UniProt_location","47c971d2fbba4ecd0ba7485d1846a74054432a0d1a97ea3e6a79ae27d0da8094","5e4142df024fd4d5d64cc667299364982a51176076ae6a69e1069425530afafa","FROZEN_BEFORE_EXPRESSION_OUTCOMES","https://zenodo.org/records/7074291|https://omnipathdb.org/intercell"
"SPINT1","NicheNet lr_network_human_21122021.rds unique from","NicheNet human LR network 2021-12-21; Zenodo 7074291","NICHENET_AND_OMNIPATH_MAPPED",1,26,"NO","NO","YES","YES","OMNIPATH_SECRETED_ANNOTATION","Almen2009;Cellinker;ComPPI;GO_Intercell;HPA_secretome;LOCATE;Membranome;OmniPath;Phobius;Ramilowski_location;TopDB;UniProt_keyword;UniProt_location","47c971d2fbba4ecd0ba7485d1846a74054432a0d1a97ea3e6a79ae27d0da8094","5e4142df024fd4d5d64cc667299364982a51176076ae6a69e1069425530afafa","FROZEN_BEFORE_EXPRESSION_OUTCOMES","https://zenodo.org/records/7074291|https://omnipathdb.org/intercell"
"SPN","NicheNet lr_network_human_21122021.rds unique from","NicheNet human LR network 2021-12-21; Zenodo 7074291","NICHENET_AND_OMNIPATH_MAPPED",1,46,"YES","YES","NO","YES","NO_OMNIPATH_SECRETED_ANNOTATION","Almen2009;CellCellInteractions;CellChatDB;Cellinker;CellPhoneDB;CellTalkDB;connectomeDB2020;ConnectomeDB2025;DGIdb;GO_Intercell;ICELLNET;LOCATE;LRdb;MatrixDB;MCAM;Membranome;OmniPath;Phobius;Ramilowski_location;Surfaceome;TopDB;UniProt_keyword;UniProt_location;UniProt_topology","47c971d2fbba4ecd0ba7485d1846a74054432a0d1a97ea3e6a79ae27d0da8094","5e4142df024fd4d5d64cc667299364982a51176076ae6a69e1069425530afafa","FROZEN_BEFORE_EXPRESSION_OUTCOMES","https://zenodo.org/records/7074291|https://omnipathdb.org/intercell"
"SPON1","NicheNet lr_network_human_21122021.rds unique from","NicheNet human LR network 2021-12-21; Zenodo 7074291","NICHENET_AND_OMNIPATH_MAPPED",2,17,"YES","YES","YES","YES","OMNIPATH_SECRETED_ANNOTATION","ComPPI;connectomeDB2020;ConnectomeDB2025;GO_Intercell;HPA_secretome;Matrisome;OmniPath;UniProt_keyword;UniProt_location","47c971d2fbba4ecd0ba7485d1846a74054432a0d1a97ea3e6a79ae27d0da8094","5e4142df024fd4d5d64cc667299364982a51176076ae6a69e1069425530afafa","FROZEN_BEFORE_EXPRESSION_OUTCOMES","https://zenodo.org/records/7074291|https://omnipathdb.org/intercell"
"SPON2","NicheNet lr_network_human_21122021.rds unique from","NicheNet human LR network 2021-12-21; Zenodo 7074291","NICHENET_AND_OMNIPATH_MAPPED",5,21,"YES","YES","YES","YES","OMNIPATH_SECRETED_ANNOTATION","CellTalkDB;ComPPI;connectomeDB2020;ConnectomeDB2025;EMBRACE;HPA_secretome;ICELLNET;iTALK;LOCATE;Matrisome;OmniPath;UniProt_keyword;UniProt_location","47c971d2fbba4ecd0ba7485d1846a74054432a0d1a97ea3e6a79ae27d0da8094","5e4142df024fd4d5d64cc667299364982a51176076ae6a69e1069425530afafa","FROZEN_BEFORE_EXPRESSION_OUTCOMES","https://zenodo.org/records/7074291|https://omnipathdb.org/intercell"
"SPP1","NicheNet lr_network_human_21122021.rds unique from","NicheNet human LR network 2021-12-21; Zenodo 7074291","NICHENET_AND_OMNIPATH_MAPPED",11,28,"YES","YES","YES","YES","OMNIPATH_SECRETED_ANNOTATION","CellChatDB;Cellinker;CellPhoneDB;CellTalkDB;connectomeDB2020;ConnectomeDB2025;GO_Intercell;HGNC;HPA_secretome;ICELLNET;iTALK;LRdb;Matrisome;OmniPath;Ramilowski2015;talklr;UniProt_keyword;UniProt_location","47c971d2fbba4ecd0ba7485d1846a74054432a0d1a97ea3e6a79ae27d0da8094","5e4142df024fd4d5d64cc667299364982a51176076ae6a69e1069425530afafa","FROZEN_BEFORE_EXPRESSION_OUTCOMES","https://zenodo.org/records/7074291|https://omnipathdb.org/intercell"
"SPX","NicheNet lr_network_human_21122021.rds unique from","NicheNet human LR network 2021-12-21; Zenodo 7074291","NICHENET_AND_OMNIPATH_MAPPED",2,21,"YES","YES","YES","YES","OMNIPATH_SECRETED_ANNOTATION","CellPhoneDB;CellTalkDB;connectomeDB2020;ConnectomeDB2025;GO_Intercell;Guide2Pharma;HPA_secretome;ICELLNET;MatrixDB;OmniPath;UniProt_keyword;UniProt_location","47c971d2fbba4ecd0ba7485d1846a74054432a0d1a97ea3e6a79ae27d0da8094","5e4142df024fd4d5d64cc667299364982a51176076ae6a69e1069425530afafa","FROZEN_BEFORE_EXPRESSION_OUTCOMES","https://zenodo.org/records/7074291|https://omnipathdb.org/intercell"
"SST","NicheNet lr_network_human_21122021.rds unique from","NicheNet human LR network 2021-12-21; Zenodo 7074291","NICHENET_AND_OMNIPATH_MAPPED",5,33,"YES","YES","YES","YES","OMNIPATH_SECRETED_ANNOTATION","Baccin2019;CellCall;CellChatDB;Cellinker;CellPhoneDB;CellTalkDB;connectomeDB2020;ConnectomeDB2025;DGIdb;EMBRACE;GO_Intercell;Guide2Pharma;HPA_secretome;HPMR;iTALK;LOCATE;LRdb;OmniPath;Ramilowski2015;scConnect;talklr;UniProt_keyword;UniProt_location","47c971d2fbba4ecd0ba7485d1846a74054432a0d1a97ea3e6a79ae27d0da8094","5e4142df024fd4d5d64cc667299364982a51176076ae6a69e1069425530afafa","FROZEN_BEFORE_EXPRESSION_OUTCOMES","https://zenodo.org/records/7074291|https://omnipathdb.org/intercell"
"ST14","NicheNet lr_network_human_21122021.rds unique from","NicheNet human LR network 2021-12-21; Zenodo 7074291","NICHENET_AND_OMNIPATH_MAPPED",2,29,"NO","YES","NO","YES","NO_OMNIPATH_SECRETED_ANNOTATION","Almen2009;Cellinker;ComPPI;connectomeDB2020;DGIdb;LOCATE;Matrisome;OmniPath;Phobius;Ramilowski_location;TopDB;UniProt_keyword;UniProt_location;UniProt_topology","47c971d2fbba4ecd0ba7485d1846a74054432a0d1a97ea3e6a79ae27d0da8094","5e4142df024fd4d5d64cc667299364982a51176076ae6a69e1069425530afafa","FROZEN_BEFORE_EXPRESSION_OUTCOMES","https://zenodo.org/records/7074291|https://omnipathdb.org/intercell"
"ST6GAL1","NicheNet lr_network_human_21122021.rds unique from","NicheNet human LR network 2021-12-21; Zenodo 7074291","NICHENET_AND_OMNIPATH_MAPPED",2,26,"YES","YES","YES","YES","OMNIPATH_SECRETED_ANNOTATION","Cellinker;connectomeDB2020;ConnectomeDB2025;GO_Intercell;HPA_secretome;LOCATE;OmniPath;TopDB;UniProt_keyword;UniProt_location;UniProt_topology","47c971d2fbba4ecd0ba7485d1846a74054432a0d1a97ea3e6a79ae27d0da8094","5e4142df024fd4d5d64cc667299364982a51176076ae6a69e1069425530afafa","FROZEN_BEFORE_EXPRESSION_OUTCOMES","https://zenodo.org/records/7074291|https://omnipathdb.org/intercell"
"STX1A","NicheNet lr_network_human_21122021.rds unique from","NicheNet human LR network 2021-12-21; Zenodo 7074291","NICHENET_AND_OMNIPATH_MAPPED",2,29,"NO","YES","YES","YES","OMNIPATH_SECRETED_ANNOTATION","Almen2009;Cellinker;connectomeDB2020;GO_Intercell;ICELLNET;LOCATE;MatrixDB;OmniPath;Phobius;Ramilowski_location;UniProt_keyword;UniProt_location;UniProt_topology","47c971d2fbba4ecd0ba7485d1846a74054432a0d1a97ea3e6a79ae27d0da8094","5e4142df024fd4d5d64cc667299364982a51176076ae6a69e1069425530afafa","FROZEN_BEFORE_EXPRESSION_OUTCOMES","https://zenodo.org/records/7074291|https://omnipathdb.org/intercell"
"SYT1","NicheNet lr_network_human_21122021.rds unique from","NicheNet human LR network 2021-12-21; Zenodo 7074291","NICHENET_AND_OMNIPATH_MAPPED",5,22,"NO","YES","NO","NO","NO_OMNIPATH_SECRETED_ANNOTATION","Almen2009;Cellinker;ComPPI;GO_Intercell;LOCATE;OmniPath;Phobius;Ramilowski_location;TopDB;UniProt_keyword;UniProt_location;UniProt_topology","47c971d2fbba4ecd0ba7485d1846a74054432a0d1a97ea3e6a79ae27d0da8094","5e4142df024fd4d5d64cc667299364982a51176076ae6a69e1069425530afafa","FROZEN_BEFORE_EXPRESSION_OUTCOMES","https://zenodo.org/records/7074291|https://omnipathdb.org/intercell"
"TAC1","NicheNet lr_network_human_21122021.rds unique from","NicheNet human LR network 2021-12-21; Zenodo 7074291","NICHENET_AND_OMNIPATH_MAPPED",3,29,"YES","YES","YES","YES","OMNIPATH_SECRETED_ANNOTATION","Baccin2019;CellChatDB;Cellinker;CellPhoneDB;CellTalkDB;connectomeDB2020;ConnectomeDB2025;EMBRACE;GO_Intercell;Guide2Pharma;HPA_secretome;HPMR;iTALK;Kirouac2010;LOCATE;LRdb;OmniPath;Ramilowski2015;scConnect;talklr;UniProt_keyword;UniProt_location","47c971d2fbba4ecd0ba7485d1846a74054432a0d1a97ea3e6a79ae27d0da8094","5e4142df024fd4d5d64cc667299364982a51176076ae6a69e1069425530afafa","FROZEN_BEFORE_EXPRESSION_OUTCOMES","https://zenodo.org/records/7074291|https://omnipathdb.org/intercell"
"TAC3","NicheNet lr_network_human_21122021.rds unique from","NicheNet human LR network 2021-12-21; Zenodo 7074291","NICHENET_AND_OMNIPATH_MAPPED",3,26,"YES","YES","YES","YES","OMNIPATH_SECRETED_ANNOTATION","Baccin2019;CellChatDB;Cellinker;CellPhoneDB;CellTalkDB;ComPPI;connectomeDB2020;ConnectomeDB2025;EMBRACE;Guide2Pharma;HPA_secretome;iTALK;LRdb;OmniPath;Ramilowski2015;scConnect;talklr;UniProt_keyword;UniProt_location","47c971d2fbba4ecd0ba7485d1846a74054432a0d1a97ea3e6a79ae27d0da8094","5e4142df024fd4d5d64cc667299364982a51176076ae6a69e1069425530afafa","FROZEN_BEFORE_EXPRESSION_OUTCOMES","https://zenodo.org/records/7074291|https://omnipathdb.org/intercell"
"TAC4","NicheNet lr_network_human_21122021.rds unique from","NicheNet human LR network 2021-12-21; Zenodo 7074291","NICHENET_AND_OMNIPATH_MAPPED",3,23,"YES","YES","YES","YES","OMNIPATH_SECRETED_ANNOTATION","Baccin2019;CellChatDB;Cellinker;CellTalkDB;connectomeDB2020;ConnectomeDB2025;EMBRACE;HPA_secretome;iTALK;LRdb;MatrixDB;OmniPath;Ramilowski2015;scConnect;talklr;UniProt_keyword;UniProt_location","47c971d2fbba4ecd0ba7485d1846a74054432a0d1a97ea3e6a79ae27d0da8094","5e4142df024fd4d5d64cc667299364982a51176076ae6a69e1069425530afafa","FROZEN_BEFORE_EXPRESSION_OUTCOMES","https://zenodo.org/records/7074291|https://omnipathdb.org/intercell"
"TAFA4","NicheNet lr_network_human_21122021.rds unique from","NicheNet human LR network 2021-12-21; Zenodo 7074291","NICHENET_AND_OMNIPATH_MAPPED",1,18,"YES","YES","YES","YES","OMNIPATH_SECRETED_ANNOTATION","CellChatDB;CellPhoneDB;connectomeDB2020;ConnectomeDB2025;GO_Intercell;HGNC;HPA_secretome;MatrixDB;OmniPath;UniProt_keyword;UniProt_location","47c971d2fbba4ecd0ba7485d1846a74054432a0d1a97ea3e6a79ae27d0da8094","5e4142df024fd4d5d64cc667299364982a51176076ae6a69e1069425530afafa","FROZEN_BEFORE_EXPRESSION_OUTCOMES","https://zenodo.org/records/7074291|https://omnipathdb.org/intercell"
"TARM1","NicheNet lr_network_human_21122021.rds unique from","NicheNet human LR network 2021-12-21; Zenodo 7074291","NICHENET_AND_OMNIPATH_MAPPED",2,20,"NO","YES","NO","NO","NO_OMNIPATH_SECRETED_ANNOTATION","Cellinker;GO_Intercell;Membranome;OmniPath;Phobius;Ramilowski_location;Surfaceome;UniProt_keyword;UniProt_location;UniProt_topology","47c971d2fbba4ecd0ba7485d1846a74054432a0d1a97ea3e6a79ae27d0da8094","5e4142df024fd4d5d64cc667299364982a51176076ae6a69e1069425530afafa","FROZEN_BEFORE_EXPRESSION_OUTCOMES","https://zenodo.org/records/7074291|https://omnipathdb.org/intercell"
"TCN1","NicheNet lr_network_human_21122021.rds unique from","NicheNet human LR network 2021-12-21; Zenodo 7074291","NICHENET_AND_OMNIPATH_MAPPED",1,13,"YES","YES","YES","YES","OMNIPATH_SECRETED_ANNOTATION","connectomeDB2020;GO_Intercell;HPA_secretome;LOCATE;MatrixDB;OmniPath;UniProt_keyword;UniProt_location","47c971d2fbba4ecd0ba7485d1846a74054432a0d1a97ea3e6a79ae27d0da8094","5e4142df024fd4d5d64cc667299364982a51176076ae6a69e1069425530afafa","FROZEN_BEFORE_EXPRESSION_OUTCOMES","https://zenodo.org/records/7074291|https://omnipathdb.org/intercell"
"TCN2","NicheNet lr_network_human_21122021.rds unique from","NicheNet human LR network 2021-12-21; Zenodo 7074291","NICHENET_AND_OMNIPATH_MAPPED",2,11,"NO","NO","YES","YES","OMNIPATH_SECRETED_ANNOTATION","ComPPI;ConnectomeDB2025;DGIdb;GO_Intercell;HPA_secretome;LOCATE;OmniPath;UniProt_keyword;UniProt_location","47c971d2fbba4ecd0ba7485d1846a74054432a0d1a97ea3e6a79ae27d0da8094","5e4142df024fd4d5d64cc667299364982a51176076ae6a69e1069425530afafa","FROZEN_BEFORE_EXPRESSION_OUTCOMES","https://zenodo.org/records/7074291|https://omnipathdb.org/intercell"
"TCTN1","NicheNet lr_network_human_21122021.rds unique from","NicheNet human LR network 2021-12-21; Zenodo 7074291","NICHENET_AND_OMNIPATH_MAPPED",4,15,"NO","YES","YES","YES","OMNIPATH_SECRETED_ANNOTATION","Cellinker;ComPPI;connectomeDB2020;GO_Intercell;MatrixDB;OmniPath;UniProt_keyword;UniProt_location","47c971d2fbba4ecd0ba7485d1846a74054432a0d1a97ea3e6a79ae27d0da8094","5e4142df024fd4d5d64cc667299364982a51176076ae6a69e1069425530afafa","FROZEN_BEFORE_EXPRESSION_OUTCOMES","https://zenodo.org/records/7074291|https://omnipathdb.org/intercell"
"TCTN3","NicheNet lr_network_human_21122021.rds unique from","NicheNet human LR network 2021-12-21; Zenodo 7074291","NICHENET_AND_OMNIPATH_MAPPED",1,19,"NO","YES","NO","NO","NO_OMNIPATH_SECRETED_ANNOTATION","Cellinker;ComPPI;GO_Intercell;LOCATE;Membranome;OmniPath;Phobius;Ramilowski_location;Surfaceome;UniProt_keyword;UniProt_location;UniProt_topology","47c971d2fbba4ecd0ba7485d1846a74054432a0d1a97ea3e6a79ae27d0da8094","5e4142df024fd4d5d64cc667299364982a51176076ae6a69e1069425530afafa","FROZEN_BEFORE_EXPRESSION_OUTCOMES","https://zenodo.org/records/7074291|https://omnipathdb.org/intercell"
"TDGF1","NicheNet lr_network_human_21122021.rds unique from","NicheNet human LR network 2021-12-21; Zenodo 7074291","NICHENET_ONLY_NOT_OMNIPATH_MAPPED",7,0,"NOT_MAPPED","NOT_MAPPED","NOT_MAPPED","NOT_MAPPED",,"","47c971d2fbba4ecd0ba7485d1846a74054432a0d1a97ea3e6a79ae27d0da8094","5e4142df024fd4d5d64cc667299364982a51176076ae6a69e1069425530afafa","FROZEN_BEFORE_EXPRESSION_OUTCOMES","https://zenodo.org/records/7074291|https://omnipathdb.org/intercell"
"TDGF1P3","NicheNet lr_network_human_21122021.rds unique from","NicheNet human LR network 2021-12-21; Zenodo 7074291","NICHENET_ONLY_NOT_OMNIPATH_MAPPED",1,0,"NOT_MAPPED","NOT_MAPPED","NOT_MAPPED","NOT_MAPPED",,"","47c971d2fbba4ecd0ba7485d1846a74054432a0d1a97ea3e6a79ae27d0da8094","5e4142df024fd4d5d64cc667299364982a51176076ae6a69e1069425530afafa","FROZEN_BEFORE_EXPRESSION_OUTCOMES","https://zenodo.org/records/7074291|https://omnipathdb.org/intercell"
"TECTB","NicheNet lr_network_human_21122021.rds unique from","NicheNet human LR network 2021-12-21; Zenodo 7074291","NICHENET_AND_OMNIPATH_MAPPED",1,27,"NO","YES","YES","YES","OMNIPATH_SECRETED_ANNOTATION","CellCellInteractions;Cellinker;CellTalkDB;ConnectomeDB2025;GO_Intercell;HPA_secretome;LOCATE;Matrisome;MatrixDB;OmniPath;Ramilowski_location;Surfaceome;UniProt_keyword;UniProt_location","47c971d2fbba4ecd0ba7485d1846a74054432a0d1a97ea3e6a79ae27d0da8094","5e4142df024fd4d5d64cc667299364982a51176076ae6a69e1069425530afafa","FROZEN_BEFORE_EXPRESSION_OUTCOMES","https://zenodo.org/records/7074291|https://omnipathdb.org/intercell"
"TEX101","NicheNet lr_network_human_21122021.rds unique from","NicheNet human LR network 2021-12-21; Zenodo 7074291","NICHENET_AND_OMNIPATH_MAPPED",1,22,"NO","YES","YES","YES","OMNIPATH_SECRETED_ANNOTATION","Cellinker;ComPPI;GO_Intercell;HPA_secretome;MatrixDB;OmniPath;Surfaceome;UniProt_keyword;UniProt_location","47c971d2fbba4ecd0ba7485d1846a74054432a0d1a97ea3e6a79ae27d0da8094","5e4142df024fd4d5d64cc667299364982a51176076ae6a69e1069425530afafa","FROZEN_BEFORE_EXPRESSION_OUTCOMES","https://zenodo.org/records/7074291|https://omnipathdb.org/intercell"
"TF","NicheNet lr_network_human_21122021.rds unique from","NicheNet human LR network 2021-12-21; Zenodo 7074291","NICHENET_AND_OMNIPATH_MAPPED",2,30,"YES","YES","YES","YES","OMNIPATH_SECRETED_ANNOTATION","Baccin2019;Cellinker;CellPhoneDB;CellTalkDB;ComPPI;connectomeDB2020;ConnectomeDB2025;GO_Intercell;HPA_secretome;HPMR;iTALK;LOCATE;LRdb;OmniPath;Ramilowski2015;talklr;UniProt_keyword;UniProt_location","47c971d2fbba4ecd0ba7485d1846a74054432a0d1a97ea3e6a79ae27d0da8094","5e4142df024fd4d5d64cc667299364982a51176076ae6a69e1069425530afafa","FROZEN_BEFORE_EXPRESSION_OUTCOMES","https://zenodo.org/records/7074291|https://omnipathdb.org/intercell"
"TFF1","NicheNet lr_network_human_21122021.rds unique from","NicheNet human LR network 2021-12-21; Zenodo 7074291","NICHENET_AND_OMNIPATH_MAPPED",2,16,"YES","YES","YES","YES","OMNIPATH_SECRETED_ANNOTATION","CellTalkDB;ConnectomeDB2025;DGIdb;GO_Intercell;HPA_secretome;LOCATE;OmniPath;UniProt_keyword;UniProt_location","47c971d2fbba4ecd0ba7485d1846a74054432a0d1a97ea3e6a79ae27d0da8094","5e4142df024fd4d5d64cc667299364982a51176076ae6a69e1069425530afafa","FROZEN_BEFORE_EXPRESSION_OUTCOMES","https://zenodo.org/records/7074291|https://omnipathdb.org/intercell"
"TFF2","NicheNet lr_network_human_21122021.rds unique from","NicheNet human LR network 2021-12-21; Zenodo 7074291","NICHENET_AND_OMNIPATH_MAPPED",1,14,"YES","YES","YES","YES","OMNIPATH_SECRETED_ANNOTATION","CellTalkDB;connectomeDB2020;ConnectomeDB2025;HPA_secretome;LOCATE;MatrixDB;OmniPath;UniProt_keyword;UniProt_location","47c971d2fbba4ecd0ba7485d1846a74054432a0d1a97ea3e6a79ae27d0da8094","5e4142df024fd4d5d64cc667299364982a51176076ae6a69e1069425530afafa","FROZEN_BEFORE_EXPRESSION_OUTCOMES","https://zenodo.org/records/7074291|https://omnipathdb.org/intercell"
"TFPI","NicheNet lr_network_human_21122021.rds unique from","NicheNet human LR network 2021-12-21; Zenodo 7074291","NICHENET_AND_OMNIPATH_MAPPED",5,21,"YES","YES","YES","YES","OMNIPATH_SECRETED_ANNOTATION","Baccin2019;Cellinker;ComPPI;connectomeDB2020;ConnectomeDB2025;GO_Intercell;HPA_secretome;OmniPath;Surfaceome;UniProt_keyword;UniProt_location","47c971d2fbba4ecd0ba7485d1846a74054432a0d1a97ea3e6a79ae27d0da8094","5e4142df024fd4d5d64cc667299364982a51176076ae6a69e1069425530afafa","FROZEN_BEFORE_EXPRESSION_OUTCOMES","https://zenodo.org/records/7074291|https://omnipathdb.org/intercell"
"TG","NicheNet lr_network_human_21122021.rds unique from","NicheNet human LR network 2021-12-21; Zenodo 7074291","NICHENET_AND_OMNIPATH_MAPPED",3,26,"YES","YES","YES","YES","OMNIPATH_SECRETED_ANNOTATION","Baccin2019;CellPhoneDB;CellTalkDB;connectomeDB2020;ConnectomeDB2025;DGIdb;EMBRACE;GO_Intercell;HPA_secretome;iTALK;LOCATE;LRdb;OmniPath;Ramilowski2015;talklr;UniProt_keyword;UniProt_location","47c971d2fbba4ecd0ba7485d1846a74054432a0d1a97ea3e6a79ae27d0da8094","5e4142df024fd4d5d64cc667299364982a51176076ae6a69e1069425530afafa","FROZEN_BEFORE_EXPRESSION_OUTCOMES","https://zenodo.org/records/7074291|https://omnipathdb.org/intercell"
"TGFA","NicheNet lr_network_human_21122021.rds unique from","NicheNet human LR network 2021-12-21; Zenodo 7074291","NICHENET_AND_OMNIPATH_MAPPED",6,72,"YES","YES","YES","YES","OMNIPATH_SECRETED_ANNOTATION","Almen2009;Baccin2019;CellCall;CellChatDB;Cellinker;CellPhoneDB;CellTalkDB;ComPPI;connectomeDB2020;ConnectomeDB2025;DGIdb;EMBRACE;GO_Intercell;Guide2Pharma;HPA_secretome;ICELLNET;iTALK;Kirouac2010;LOCATE;LRdb;Matrisome;Membranome;OmniPath;Phobius;Ramilowski_location;Ramilowski2015;scConnect;SignaLink_function;Surfaceome;talklr;TopDB;UniProt_keyword;UniProt_location;UniProt_topology","47c971d2fbba4ecd0ba7485d1846a74054432a0d1a97ea3e6a79ae27d0da8094","5e4142df024fd4d5d64cc667299364982a51176076ae6a69e1069425530afafa","FROZEN_BEFORE_EXPRESSION_OUTCOMES","https://zenodo.org/records/7074291|https://omnipathdb.org/intercell"
"TGFB1","NicheNet lr_network_human_21122021.rds unique from","NicheNet human LR network 2021-12-21; Zenodo 7074291","NICHENET_AND_OMNIPATH_MAPPED",13,51,"YES","YES","YES","YES","OMNIPATH_SECRETED_ANNOTATION","Baccin2019;CellCall;CellChatDB;Cellinker;CellPhoneDB;CellTalkDB;ComPPI;connectomeDB2020;ConnectomeDB2025;DGIdb;EMBRACE;GO_Intercell;Guide2Pharma;HGNC;HPA_secretome;HPMR;ICELLNET;iTALK;Kirouac2010;LOCATE;LRdb;Matrisome;OmniPath;Ramilowski2015;scConnect;SignaLink_function;talklr;UniProt_keyword;UniProt_location","47c971d2fbba4ecd0ba7485d1846a74054432a0d1a97ea3e6a79ae27d0da8094","5e4142df024fd4d5d64cc667299364982a51176076ae6a69e1069425530afafa","FROZEN_BEFORE_EXPRESSION_OUTCOMES","https://zenodo.org/records/7074291|https://omnipathdb.org/intercell"
"TGFB2","NicheNet lr_network_human_21122021.rds unique from","NicheNet human LR network 2021-12-21; Zenodo 7074291","NICHENET_AND_OMNIPATH_MAPPED",7,48,"YES","YES","YES","YES","OMNIPATH_SECRETED_ANNOTATION","Baccin2019;CellCall;CellChatDB;Cellinker;CellPhoneDB;CellTalkDB;ComPPI;connectomeDB2020;ConnectomeDB2025;DGIdb;EMBRACE;GO_Intercell;Guide2Pharma;HGNC;HPA_secretome;HPMR;ICELLNET;iTALK;Kirouac2010;LOCATE;LRdb;Matrisome;OmniPath;Ramilowski2015;scConnect;SignaLink_function;talklr;UniProt_keyword;UniProt_location","47c971d2fbba4ecd0ba7485d1846a74054432a0d1a97ea3e6a79ae27d0da8094","5e4142df024fd4d5d64cc667299364982a51176076ae6a69e1069425530afafa","FROZEN_BEFORE_EXPRESSION_OUTCOMES","https://zenodo.org/records/7074291|https://omnipathdb.org/intercell"
"TGFB3","NicheNet lr_network_human_21122021.rds unique from","NicheNet human LR network 2021-12-21; Zenodo 7074291","NICHENET_AND_OMNIPATH_MAPPED",8,50,"YES","YES","YES","YES","OMNIPATH_SECRETED_ANNOTATION","CellCall;CellChatDB;Cellinker;CellPhoneDB;CellTalkDB;ComPPI;connectomeDB2020;ConnectomeDB2025;DGIdb;GO_Intercell;Guide2Pharma;HGNC;HPA_secretome;ICELLNET;iTALK;Kirouac2010;LOCATE;LRdb;Matrisome;OmniPath;Ramilowski2015;scConnect;SignaLink_function;talklr;UniProt_keyword;UniProt_location","47c971d2fbba4ecd0ba7485d1846a74054432a0d1a97ea3e6a79ae27d0da8094","5e4142df024fd4d5d64cc667299364982a51176076ae6a69e1069425530afafa","FROZEN_BEFORE_EXPRESSION_OUTCOMES","https://zenodo.org/records/7074291|https://omnipathdb.org/intercell"
"TGFBI","NicheNet lr_network_human_21122021.rds unique from","NicheNet human LR network 2021-12-21; Zenodo 7074291","NICHENET_AND_OMNIPATH_MAPPED",11,20,"YES","YES","YES","YES","OMNIPATH_SECRETED_ANNOTATION","ConnectomeDB2025;GO_Intercell;HPA_secretome;LOCATE;Matrisome;OmniPath;Ramilowski_location;UniProt_keyword;UniProt_location;Zhong2015","47c971d2fbba4ecd0ba7485d1846a74054432a0d1a97ea3e6a79ae27d0da8094","5e4142df024fd4d5d64cc667299364982a51176076ae6a69e1069425530afafa","FROZEN_BEFORE_EXPRESSION_OUTCOMES","https://zenodo.org/records/7074291|https://omnipathdb.org/intercell"
"TGM2","NicheNet lr_network_human_21122021.rds unique from","NicheNet human LR network 2021-12-21; Zenodo 7074291","NICHENET_AND_OMNIPATH_MAPPED",8,29,"YES","YES","YES","YES","OMNIPATH_SECRETED_ANNOTATION","Baccin2019;CellChatDB;Cellinker;ComPPI;connectomeDB2020;ConnectomeDB2025;GO_Intercell;HPMR;LOCATE;Matrisome;OmniPath;scConnect;UniProt_keyword;UniProt_location","47c971d2fbba4ecd0ba7485d1846a74054432a0d1a97ea3e6a79ae27d0da8094","5e4142df024fd4d5d64cc667299364982a51176076ae6a69e1069425530afafa","FROZEN_BEFORE_EXPRESSION_OUTCOMES","https://zenodo.org/records/7074291|https://omnipathdb.org/intercell"
"TGOLN2","NicheNet lr_network_human_21122021.rds unique from","NicheNet human LR network 2021-12-21; Zenodo 7074291","NICHENET_AND_OMNIPATH_MAPPED",1,25,"NO","YES","NO","NO","NO_OMNIPATH_SECRETED_ANNOTATION","Almen2009;Cellinker;ComPPI;GO_Intercell;LOCATE;OmniPath;Phobius;Ramilowski_location;Surfaceome;TopDB;UniProt_keyword;UniProt_location;UniProt_topology","47c971d2fbba4ecd0ba7485d1846a74054432a0d1a97ea3e6a79ae27d0da8094","5e4142df024fd4d5d64cc667299364982a51176076ae6a69e1069425530afafa","FROZEN_BEFORE_EXPRESSION_OUTCOMES","https://zenodo.org/records/7074291|https://omnipathdb.org/intercell"
"THBS1","NicheNet lr_network_human_21122021.rds unique from","NicheNet human LR network 2021-12-21; Zenodo 7074291","NICHENET_AND_OMNIPATH_MAPPED",13,45,"YES","YES","YES","YES","OMNIPATH_SECRETED_ANNOTATION","CellChatDB;Cellinker;CellPhoneDB;CellTalkDB;ComPPI;connectomeDB2020;ConnectomeDB2025;DGIdb;GO_Intercell;Guide2Pharma;HPA_secretome;HPMR;ICELLNET;iTALK;LOCATE;LRdb;Matrisome;OmniPath;Ramilowski2015;talklr;UniProt_keyword;UniProt_location;Zhong2015","47c971d2fbba4ecd0ba7485d1846a74054432a0d1a97ea3e6a79ae27d0da8094","5e4142df024fd4d5d64cc667299364982a51176076ae6a69e1069425530afafa","FROZEN_BEFORE_EXPRESSION_OUTCOMES","https://zenodo.org/records/7074291|https://omnipathdb.org/intercell"
"THBS2","NicheNet lr_network_human_21122021.rds unique from","NicheNet human LR network 2021-12-21; Zenodo 7074291","NICHENET_AND_OMNIPATH_MAPPED",12,32,"YES","YES","YES","YES","OMNIPATH_SECRETED_ANNOTATION","Baccin2019;CellChatDB;Cellinker;CellTalkDB;ComPPI;connectomeDB2020;ConnectomeDB2025;EMBRACE;GO_Intercell;HPA_secretome;iTALK;LOCATE;LRdb;Matrisome;OmniPath;Ramilowski2015;talklr;Zhong2015","47c971d2fbba4ecd0ba7485d1846a74054432a0d1a97ea3e6a79ae27d0da8094","5e4142df024fd4d5d64cc667299364982a51176076ae6a69e1069425530afafa","FROZEN_BEFORE_EXPRESSION_OUTCOMES","https://zenodo.org/records/7074291|https://omnipathdb.org/intercell"
"THBS4","NicheNet lr_network_human_21122021.rds unique from","NicheNet human LR network 2021-12-21; Zenodo 7074291","NICHENET_AND_OMNIPATH_MAPPED",8,26,"YES","YES","YES","YES","OMNIPATH_SECRETED_ANNOTATION","CellChatDB;Cellinker;ComPPI;ConnectomeDB2025;DGIdb;GO_Intercell;HPA_secretome;LOCATE;Matrisome;MCAM;OmniPath;UniProt_keyword;UniProt_location;Zhong2015","47c971d2fbba4ecd0ba7485d1846a74054432a0d1a97ea3e6a79ae27d0da8094","5e4142df024fd4d5d64cc667299364982a51176076ae6a69e1069425530afafa","FROZEN_BEFORE_EXPRESSION_OUTCOMES","https://zenodo.org/records/7074291|https://omnipathdb.org/intercell"
"THPO","NicheNet lr_network_human_21122021.rds unique from","NicheNet human LR network 2021-12-21; Zenodo 7074291","NICHENET_AND_OMNIPATH_MAPPED",1,38,"YES","YES","YES","YES","OMNIPATH_SECRETED_ANNOTATION","CellCall;CellChatDB;Cellinker;CellPhoneDB;CellTalkDB;connectomeDB2020;ConnectomeDB2025;DGIdb;GO_Intercell;Guide2Pharma;HPA_secretome;ICELLNET;iTALK;Kirouac2010;LOCATE;LRdb;Matrisome;OmniPath;Ramilowski2015;scConnect;SignaLink_function;talklr;UniProt_keyword;UniProt_location","47c971d2fbba4ecd0ba7485d1846a74054432a0d1a97ea3e6a79ae27d0da8094","5e4142df024fd4d5d64cc667299364982a51176076ae6a69e1069425530afafa","FROZEN_BEFORE_EXPRESSION_OUTCOMES","https://zenodo.org/records/7074291|https://omnipathdb.org/intercell"
"THY1","NicheNet lr_network_human_21122021.rds unique from","NicheNet human LR network 2021-12-21; Zenodo 7074291","NICHENET_AND_OMNIPATH_MAPPED",6,44,"YES","YES","NO","YES","NO_OMNIPATH_SECRETED_ANNOTATION","Adhesome;CellCellInteractions;CellChatDB;Cellinker;CellPhoneDB;CellTalkDB;ComPPI;connectomeDB2020;ConnectomeDB2025;CSPA;DGIdb;GO_Intercell;HGNC;ICELLNET;LRdb;MatrixDB;OmniPath;Ramilowski_location;Surfaceome;TopDB;UniProt_location;Zhong2015","47c971d2fbba4ecd0ba7485d1846a74054432a0d1a97ea3e6a79ae27d0da8094","5e4142df024fd4d5d64cc667299364982a51176076ae6a69e1069425530afafa","FROZEN_BEFORE_EXPRESSION_OUTCOMES","https://zenodo.org/records/7074291|https://omnipathdb.org/intercell"
"TIGIT","NicheNet lr_network_human_21122021.rds unique from","NicheNet human LR network 2021-12-21; Zenodo 7074291","NICHENET_AND_OMNIPATH_MAPPED",6,39,"YES","YES","NO","YES","NO_OMNIPATH_SECRETED_ANNOTATION","Almen2009;CellCellInteractions;CellChatDB;Cellinker;CellPhoneDB;connectomeDB2020;ConnectomeDB2025;CSPA;GO_Intercell;ICELLNET;Membranome;OmniPath;Phobius;Ramilowski_location;scConnect;Surfaceome;TopDB;UniProt_keyword;UniProt_location;UniProt_topology","47c971d2fbba4ecd0ba7485d1846a74054432a0d1a97ea3e6a79ae27d0da8094","5e4142df024fd4d5d64cc667299364982a51176076ae6a69e1069425530afafa","FROZEN_BEFORE_EXPRESSION_OUTCOMES","https://zenodo.org/records/7074291|https://omnipathdb.org/intercell"
"TIMD4","NicheNet lr_network_human_21122021.rds unique from","NicheNet human LR network 2021-12-21; Zenodo 7074291","NICHENET_AND_OMNIPATH_MAPPED",2,33,"YES","YES","YES","YES","OMNIPATH_SECRETED_ANNOTATION","Almen2009;Cellinker;connectomeDB2020;ConnectomeDB2025;Membranome;OmniPath;Phobius;Ramilowski_location;Surfaceome;TopDB;UniProt_keyword;UniProt_location;UniProt_topology","47c971d2fbba4ecd0ba7485d1846a74054432a0d1a97ea3e6a79ae27d0da8094","5e4142df024fd4d5d64cc667299364982a51176076ae6a69e1069425530afafa","FROZEN_BEFORE_EXPRESSION_OUTCOMES","https://zenodo.org/records/7074291|https://omnipathdb.org/intercell"
"TIMP1","NicheNet lr_network_human_21122021.rds unique from","NicheNet human LR network 2021-12-21; Zenodo 7074291","NICHENET_AND_OMNIPATH_MAPPED",5,16,"NO","YES","YES","YES","OMNIPATH_SECRETED_ANNOTATION","Baccin2019;Cellinker;connectomeDB2020;ConnectomeDB2025;GO_Intercell;HGNC;HPA_secretome;LOCATE;Matrisome;OmniPath;UniProt_keyword;UniProt_location","47c971d2fbba4ecd0ba7485d1846a74054432a0d1a97ea3e6a79ae27d0da8094","5e4142df024fd4d5d64cc667299364982a51176076ae6a69e1069425530afafa","FROZEN_BEFORE_EXPRESSION_OUTCOMES","https://zenodo.org/records/7074291|https://omnipathdb.org/intercell"
"TIMP2","NicheNet lr_network_human_21122021.rds unique from","NicheNet human LR network 2021-12-21; Zenodo 7074291","NICHENET_AND_OMNIPATH_MAPPED",5,15,"NO","YES","YES","YES","OMNIPATH_SECRETED_ANNOTATION","Cellinker;connectomeDB2020;ConnectomeDB2025;GO_Intercell;HGNC;HPA_secretome;LOCATE;Matrisome;OmniPath;UniProt_keyword;UniProt_location","47c971d2fbba4ecd0ba7485d1846a74054432a0d1a97ea3e6a79ae27d0da8094","5e4142df024fd4d5d64cc667299364982a51176076ae6a69e1069425530afafa","FROZEN_BEFORE_EXPRESSION_OUTCOMES","https://zenodo.org/records/7074291|https://omnipathdb.org/intercell"
"TIMP3","NicheNet lr_network_human_21122021.rds unique from","NicheNet human LR network 2021-12-21; Zenodo 7074291","NICHENET_AND_OMNIPATH_MAPPED",10,19,"NO","YES","YES","YES","OMNIPATH_SECRETED_ANNOTATION","Baccin2019;Cellinker;connectomeDB2020;ConnectomeDB2025;GO_Intercell;HGNC;HPA_secretome;LOCATE;Matrisome;OmniPath;UniProt_keyword;UniProt_location","47c971d2fbba4ecd0ba7485d1846a74054432a0d1a97ea3e6a79ae27d0da8094","5e4142df024fd4d5d64cc667299364982a51176076ae6a69e1069425530afafa","FROZEN_BEFORE_EXPRESSION_OUTCOMES","https://zenodo.org/records/7074291|https://omnipathdb.org/intercell"
"TMEM190","NicheNet lr_network_human_21122021.rds unique from","NicheNet human LR network 2021-12-21; Zenodo 7074291","NICHENET_AND_OMNIPATH_MAPPED",1,14,"NO","NO","NO","NO","NO_OMNIPATH_SECRETED_ANNOTATION","Almen2009;GO_Intercell;Membranome;OmniPath;Phobius;Ramilowski_location;UniProt_keyword;UniProt_location;UniProt_topology","47c971d2fbba4ecd0ba7485d1846a74054432a0d1a97ea3e6a79ae27d0da8094","5e4142df024fd4d5d64cc667299364982a51176076ae6a69e1069425530afafa","FROZEN_BEFORE_EXPRESSION_OUTCOMES","https://zenodo.org/records/7074291|https://omnipathdb.org/intercell"
"TMPRSS6","NicheNet lr_network_human_21122021.rds unique from","NicheNet human LR network 2021-12-21; Zenodo 7074291","NICHENET_AND_OMNIPATH_MAPPED",1,29,"YES","YES","NO","YES","NO_OMNIPATH_SECRETED_ANNOTATION","Almen2009;Cellinker;ConnectomeDB2025;LOCATE;OmniPath;Phobius;Ramilowski_location;Surfaceome;UniProt_keyword;UniProt_location;UniProt_topology","47c971d2fbba4ecd0ba7485d1846a74054432a0d1a97ea3e6a79ae27d0da8094","5e4142df024fd4d5d64cc667299364982a51176076ae6a69e1069425530afafa","FROZEN_BEFORE_EXPRESSION_OUTCOMES","https://zenodo.org/records/7074291|https://omnipathdb.org/intercell"
"TNC","NicheNet lr_network_human_21122021.rds unique from","NicheNet human LR network 2021-12-21; Zenodo 7074291","NICHENET_AND_OMNIPATH_MAPPED",13,34,"YES","YES","YES","YES","OMNIPATH_SECRETED_ANNOTATION","Baccin2019;CellChatDB;Cellinker;CellPhoneDB;CellTalkDB;connectomeDB2020;ConnectomeDB2025;EMBRACE;GO_Intercell;HPA_secretome;ICELLNET;iTALK;LRdb;Matrisome;OmniPath;Ramilowski_location;Ramilowski2015;talklr;UniProt_keyword;UniProt_location;Zhong2015","47c971d2fbba4ecd0ba7485d1846a74054432a0d1a97ea3e6a79ae27d0da8094","5e4142df024fd4d5d64cc667299364982a51176076ae6a69e1069425530afafa","FROZEN_BEFORE_EXPRESSION_OUTCOMES","https://zenodo.org/records/7074291|https://omnipathdb.org/intercell"
"TNF","NicheNet lr_network_human_21122021.rds unique from","NicheNet human LR network 2021-12-21; Zenodo 7074291","NICHENET_AND_OMNIPATH_MAPPED",5,68,"YES","YES","YES","YES","OMNIPATH_SECRETED_ANNOTATION","Almen2009;Baccin2019;CellCall;CellChatDB;Cellinker;CellPhoneDB;CellTalkDB;connectomeDB2020;ConnectomeDB2025;DGIdb;EMBRACE;GO_Intercell;Guide2Pharma;HGNC;HPA_secretome;HPMR;ICELLNET;iTALK;Kirouac2010;LOCATE;LRdb;Matrisome;OmniPath;Phobius;Ramilowski_location;Ramilowski2015;scConnect;talklr;TopDB;UniProt_keyword;UniProt_location;UniProt_topology","47c971d2fbba4ecd0ba7485d1846a74054432a0d1a97ea3e6a79ae27d0da8094","5e4142df024fd4d5d64cc667299364982a51176076ae6a69e1069425530afafa","FROZEN_BEFORE_EXPRESSION_OUTCOMES","https://zenodo.org/records/7074291|https://omnipathdb.org/intercell"
"TNFRSF14","NicheNet lr_network_human_21122021.rds unique from","NicheNet human LR network 2021-12-21; Zenodo 7074291","NICHENET_AND_OMNIPATH_MAPPED",5,71,"YES","YES","NO","YES","NO_OMNIPATH_SECRETED_ANNOTATION","Almen2009;Baccin2019;CellCall;CellCellInteractions;CellChatDB;Cellinker;CellPhoneDB;CellTalkDB;ComPPI;connectomeDB2020;ConnectomeDB2025;CSPA;DGIdb;EMBRACE;GO_Intercell;Guide2Pharma;HGNC;HPMR;ICELLNET;iTALK;Kirouac2010;LOCATE;LRdb;Membranome;OmniPath;Phobius;Ramilowski_location;Ramilowski2015;scConnect;Surfaceome;talklr;TopDB;UniProt_keyword;UniProt_location;UniProt_topology","47c971d2fbba4ecd0ba7485d1846a74054432a0d1a97ea3e6a79ae27d0da8094","5e4142df024fd4d5d64cc667299364982a51176076ae6a69e1069425530afafa","FROZEN_BEFORE_EXPRESSION_OUTCOMES","https://zenodo.org/records/7074291|https://omnipathdb.org/intercell"
"TNFSF10","NicheNet lr_network_human_21122021.rds unique from","NicheNet human LR network 2021-12-21; Zenodo 7074291","NICHENET_AND_OMNIPATH_MAPPED",5,64,"YES","YES","YES","YES","OMNIPATH_SECRETED_ANNOTATION","Almen2009;Baccin2019;CellCall;CellChatDB;Cellinker;CellPhoneDB;CellTalkDB;ComPPI;connectomeDB2020;ConnectomeDB2025;EMBRACE;GO_Intercell;Guide2Pharma;HGNC;HPA_secretome;HPMR;ICELLNET;iTALK;Kirouac2010;LOCATE;LRdb;Matrisome;OmniPath;Phobius;Ramilowski_location;Ramilowski2015;scConnect;talklr;TopDB;UniProt_keyword;UniProt_location;UniProt_topology","47c971d2fbba4ecd0ba7485d1846a74054432a0d1a97ea3e6a79ae27d0da8094","5e4142df024fd4d5d64cc667299364982a51176076ae6a69e1069425530afafa","FROZEN_BEFORE_EXPRESSION_OUTCOMES","https://zenodo.org/records/7074291|https://omnipathdb.org/intercell"
"TNFSF11","NicheNet lr_network_human_21122021.rds unique from","NicheNet human LR network 2021-12-21; Zenodo 7074291","NICHENET_AND_OMNIPATH_MAPPED",2,64,"YES","YES","YES","YES","OMNIPATH_SECRETED_ANNOTATION","Almen2009;Baccin2019;CellCall;CellChatDB;Cellinker;CellPhoneDB;CellTalkDB;ComPPI;connectomeDB2020;ConnectomeDB2025;EMBRACE;GO_Intercell;Guide2Pharma;HGNC;HPA_secretome;HPMR;ICELLNET;iTALK;Kirouac2010;LOCATE;LRdb;Matrisome;OmniPath;Phobius;Ramilowski_location;Ramilowski2015;scConnect;Surfaceome;talklr;TopDB;UniProt_keyword;UniProt_location;UniProt_topology","47c971d2fbba4ecd0ba7485d1846a74054432a0d1a97ea3e6a79ae27d0da8094","5e4142df024fd4d5d64cc667299364982a51176076ae6a69e1069425530afafa","FROZEN_BEFORE_EXPRESSION_OUTCOMES","https://zenodo.org/records/7074291|https://omnipathdb.org/intercell"
"TNFSF12","NicheNet lr_network_human_21122021.rds unique from","NicheNet human LR network 2021-12-21; Zenodo 7074291","NICHENET_AND_OMNIPATH_MAPPED",4,60,"YES","YES","YES","YES","OMNIPATH_SECRETED_ANNOTATION","Baccin2019;CellChatDB;Cellinker;CellPhoneDB;CellTalkDB;ComPPI;connectomeDB2020;ConnectomeDB2025;EMBRACE;GO_Intercell;Guide2Pharma;HGNC;HPA_secretome;HPMR;ICELLNET;iTALK;LOCATE;LRdb;Matrisome;MatrixDB;OmniPath;Ramilowski2015;scConnect;talklr;TopDB;UniProt_keyword;UniProt_location;UniProt_topology","47c971d2fbba4ecd0ba7485d1846a74054432a0d1a97ea3e6a79ae27d0da8094","5e4142df024fd4d5d64cc667299364982a51176076ae6a69e1069425530afafa","FROZEN_BEFORE_EXPRESSION_OUTCOMES","https://zenodo.org/records/7074291|https://omnipathdb.org/intercell"
"TNFSF13","NicheNet lr_network_human_21122021.rds unique from","NicheNet human LR network 2021-12-21; Zenodo 7074291","NICHENET_AND_OMNIPATH_MAPPED",7,53,"YES","YES","YES","YES","OMNIPATH_SECRETED_ANNOTATION","Almen2009;CellChatDB;Cellinker;CellPhoneDB;CellTalkDB;ComPPI;connectomeDB2020;ConnectomeDB2025;GO_Intercell;Guide2Pharma;HGNC;HPA_secretome;HPMR;ICELLNET;iTALK;Kirouac2010;LOCATE;LRdb;Matrisome;MatrixDB;OmniPath;Phobius;Ramilowski_location;Ramilowski2015;scConnect;talklr;TopDB;UniProt_keyword;UniProt_location","47c971d2fbba4ecd0ba7485d1846a74054432a0d1a97ea3e6a79ae27d0da8094","5e4142df024fd4d5d64cc667299364982a51176076ae6a69e1069425530afafa","FROZEN_BEFORE_EXPRESSION_OUTCOMES","https://zenodo.org/records/7074291|https://omnipathdb.org/intercell"
"TNFSF13B","NicheNet lr_network_human_21122021.rds unique from","NicheNet human LR network 2021-12-21; Zenodo 7074291","NICHENET_AND_OMNIPATH_MAPPED",3,68,"YES","YES","YES","YES","OMNIPATH_SECRETED_ANNOTATION","Almen2009;Baccin2019;CellCall;CellChatDB;Cellinker;CellPhoneDB;CellTalkDB;ComPPI;connectomeDB2020;ConnectomeDB2025;EMBRACE;GO_Intercell;Guide2Pharma;HGNC;HPA_secretome;HPMR;ICELLNET;iTALK;Kirouac2010;LOCATE;LRdb;Matrisome;OmniPath;Phobius;Ramilowski_location;Ramilowski2015;scConnect;Surfaceome;talklr;TopDB;UniProt_keyword;UniProt_location;UniProt_topology","47c971d2fbba4ecd0ba7485d1846a74054432a0d1a97ea3e6a79ae27d0da8094","5e4142df024fd4d5d64cc667299364982a51176076ae6a69e1069425530afafa","FROZEN_BEFORE_EXPRESSION_OUTCOMES","https://zenodo.org/records/7074291|https://omnipathdb.org/intercell"
"TNFSF14","NicheNet lr_network_human_21122021.rds unique from","NicheNet human LR network 2021-12-21; Zenodo 7074291","NICHENET_AND_OMNIPATH_MAPPED",3,64,"YES","YES","YES","YES","OMNIPATH_SECRETED_ANNOTATION","Almen2009;Baccin2019;CellCall;CellChatDB;Cellinker;CellPhoneDB;CellTalkDB;connectomeDB2020;ConnectomeDB2025;EMBRACE;GO_Intercell;Guide2Pharma;HGNC;HPA_secretome;HPMR;ICELLNET;iTALK;Kirouac2010;LOCATE;LRdb;Matrisome;OmniPath;Phobius;Ramilowski_location;Ramilowski2015;scConnect;talklr;TopDB;UniProt_keyword;UniProt_location;UniProt_topology","47c971d2fbba4ecd0ba7485d1846a74054432a0d1a97ea3e6a79ae27d0da8094","5e4142df024fd4d5d64cc667299364982a51176076ae6a69e1069425530afafa","FROZEN_BEFORE_EXPRESSION_OUTCOMES","https://zenodo.org/records/7074291|https://omnipathdb.org/intercell"
"TNFSF15","NicheNet lr_network_human_21122021.rds unique from","NicheNet human LR network 2021-12-21; Zenodo 7074291","NICHENET_AND_OMNIPATH_MAPPED",2,59,"YES","YES","YES","YES","OMNIPATH_SECRETED_ANNOTATION","Almen2009;CellChatDB;Cellinker;CellPhoneDB;CellTalkDB;ComPPI;connectomeDB2020;ConnectomeDB2025;GO_Intercell;Guide2Pharma;HGNC;HPA_secretome;HPMR;ICELLNET;iTALK;Kirouac2010;LRdb;Matrisome;OmniPath;Phobius;Ramilowski_location;Ramilowski2015;scConnect;Surfaceome;talklr;TopDB;UniProt_keyword;UniProt_location;UniProt_topology","47c971d2fbba4ecd0ba7485d1846a74054432a0d1a97ea3e6a79ae27d0da8094","5e4142df024fd4d5d64cc667299364982a51176076ae6a69e1069425530afafa","FROZEN_BEFORE_EXPRESSION_OUTCOMES","https://zenodo.org/records/7074291|https://omnipathdb.org/intercell"
"TNFSF18","NicheNet lr_network_human_21122021.rds unique from","NicheNet human LR network 2021-12-21; Zenodo 7074291","NICHENET_AND_OMNIPATH_MAPPED",1,49,"YES","YES","YES","YES","OMNIPATH_SECRETED_ANNOTATION","Baccin2019;CellChatDB;Cellinker;CellPhoneDB;CellTalkDB;connectomeDB2020;ConnectomeDB2025;CSPA;EMBRACE;GO_Intercell;Guide2Pharma;HGNC;HPMR;ICELLNET;iTALK;Kirouac2010;LRdb;Matrisome;OmniPath;Phobius;Ramilowski_location;Ramilowski2015;scConnect;Surfaceome;talklr;TopDB;UniProt_keyword;UniProt_location;UniProt_topology","47c971d2fbba4ecd0ba7485d1846a74054432a0d1a97ea3e6a79ae27d0da8094","5e4142df024fd4d5d64cc667299364982a51176076ae6a69e1069425530afafa","FROZEN_BEFORE_EXPRESSION_OUTCOMES","https://zenodo.org/records/7074291|https://omnipathdb.org/intercell"
"TNFSF4","NicheNet lr_network_human_21122021.rds unique from","NicheNet human LR network 2021-12-21; Zenodo 7074291","NICHENET_AND_OMNIPATH_MAPPED",2,51,"YES","YES","YES","YES","OMNIPATH_SECRETED_ANNOTATION","Almen2009;Baccin2019;CellChatDB;Cellinker;CellPhoneDB;CellTalkDB;ComPPI;connectomeDB2020;ConnectomeDB2025;EMBRACE;GO_Intercell;Guide2Pharma;HGNC;HPMR;ICELLNET;iTALK;Kirouac2010;LOCATE;LRdb;Matrisome;OmniPath;Phobius;Ramilowski_location;Ramilowski2015;scConnect;Surfaceome;talklr;TopDB;UniProt_keyword;UniProt_location;UniProt_topology","47c971d2fbba4ecd0ba7485d1846a74054432a0d1a97ea3e6a79ae27d0da8094","5e4142df024fd4d5d64cc667299364982a51176076ae6a69e1069425530afafa","FROZEN_BEFORE_EXPRESSION_OUTCOMES","https://zenodo.org/records/7074291|https://omnipathdb.org/intercell"
"TNFSF8","NicheNet lr_network_human_21122021.rds unique from","NicheNet human LR network 2021-12-21; Zenodo 7074291","NICHENET_AND_OMNIPATH_MAPPED",1,50,"YES","YES","YES","YES","OMNIPATH_SECRETED_ANNOTATION","Almen2009;Baccin2019;CellChatDB;Cellinker;CellPhoneDB;CellTalkDB;connectomeDB2020;ConnectomeDB2025;EMBRACE;GO_Intercell;Guide2Pharma;HGNC;HPMR;ICELLNET;iTALK;Kirouac2010;LOCATE;LRdb;Matrisome;MatrixDB;OmniPath;Phobius;Ramilowski_location;Ramilowski2015;scConnect;Surfaceome;talklr;UniProt_keyword;UniProt_location;UniProt_topology","47c971d2fbba4ecd0ba7485d1846a74054432a0d1a97ea3e6a79ae27d0da8094","5e4142df024fd4d5d64cc667299364982a51176076ae6a69e1069425530afafa","FROZEN_BEFORE_EXPRESSION_OUTCOMES","https://zenodo.org/records/7074291|https://omnipathdb.org/intercell"
"TNFSF9","NicheNet lr_network_human_21122021.rds unique from","NicheNet human LR network 2021-12-21; Zenodo 7074291","NICHENET_AND_OMNIPATH_MAPPED",4,51,"YES","YES","YES","YES","OMNIPATH_SECRETED_ANNOTATION","Almen2009;Baccin2019;CellChatDB;Cellinker;CellPhoneDB;CellTalkDB;connectomeDB2020;ConnectomeDB2025;EMBRACE;GO_Intercell;Guide2Pharma;HGNC;HPMR;ICELLNET;iTALK;LOCATE;LRdb;Matrisome;OmniPath;Phobius;Ramilowski_location;Ramilowski2015;scConnect;talklr;TopDB;UniProt_keyword;UniProt_location;UniProt_topology","47c971d2fbba4ecd0ba7485d1846a74054432a0d1a97ea3e6a79ae27d0da8094","5e4142df024fd4d5d64cc667299364982a51176076ae6a69e1069425530afafa","FROZEN_BEFORE_EXPRESSION_OUTCOMES","https://zenodo.org/records/7074291|https://omnipathdb.org/intercell"
"TNN","NicheNet lr_network_human_21122021.rds unique from","NicheNet human LR network 2021-12-21; Zenodo 7074291","NICHENET_AND_OMNIPATH_MAPPED",9,16,"NO","YES","YES","YES","OMNIPATH_SECRETED_ANNOTATION","CellCellInteractions;CellChatDB;HPA_secretome;LOCATE;Matrisome;MatrixDB;OmniPath;Ramilowski_location;UniProt_keyword;UniProt_location;Zhong2015","47c971d2fbba4ecd0ba7485d1846a74054432a0d1a97ea3e6a79ae27d0da8094","5e4142df024fd4d5d64cc667299364982a51176076ae6a69e1069425530afafa","FROZEN_BEFORE_EXPRESSION_OUTCOMES","https://zenodo.org/records/7074291|https://omnipathdb.org/intercell"
"TNR","NicheNet lr_network_human_21122021.rds unique from","NicheNet human LR network 2021-12-21; Zenodo 7074291","NICHENET_AND_OMNIPATH_MAPPED",9,19,"YES","YES","YES","YES","OMNIPATH_SECRETED_ANNOTATION","CellChatDB;Cellinker;ConnectomeDB2025;HPA_secretome;LOCATE;Matrisome;OmniPath;Ramilowski_location;UniProt_keyword;UniProt_location;Zhong2015","47c971d2fbba4ecd0ba7485d1846a74054432a0d1a97ea3e6a79ae27d0da8094","5e4142df024fd4d5d64cc667299364982a51176076ae6a69e1069425530afafa","FROZEN_BEFORE_EXPRESSION_OUTCOMES","https://zenodo.org/records/7074291|https://omnipathdb.org/intercell"
"TNXB","NicheNet lr_network_human_21122021.rds unique from","NicheNet human LR network 2021-12-21; Zenodo 7074291","NICHENET_AND_OMNIPATH_MAPPED",9,21,"NO","YES","YES","YES","OMNIPATH_SECRETED_ANNOTATION","CellCellInteractions;CellChatDB;ComPPI;GO_Intercell;HPA_secretome;LOCATE;Matrisome;MatrixDB;MCAM;OmniPath;Ramilowski_location;UniProt_keyword;UniProt_location;Zhong2015","47c971d2fbba4ecd0ba7485d1846a74054432a0d1a97ea3e6a79ae27d0da8094","5e4142df024fd4d5d64cc667299364982a51176076ae6a69e1069425530afafa","FROZEN_BEFORE_EXPRESSION_OUTCOMES","https://zenodo.org/records/7074291|https://omnipathdb.org/intercell"
"TPH1","NicheNet lr_network_human_21122021.rds unique from","NicheNet human LR network 2021-12-21; Zenodo 7074291","NICHENET_AND_OMNIPATH_MAPPED",12,7,"NO","NO","NO","YES","NO_OMNIPATH_SECRETED_ANNOTATION","ComPPI;GO_Intercell;HPMR;OmniPath;scConnect","47c971d2fbba4ecd0ba7485d1846a74054432a0d1a97ea3e6a79ae27d0da8094","5e4142df024fd4d5d64cc667299364982a51176076ae6a69e1069425530afafa","FROZEN_BEFORE_EXPRESSION_OUTCOMES","https://zenodo.org/records/7074291|https://omnipathdb.org/intercell"
"TPO","NicheNet lr_network_human_21122021.rds unique from","NicheNet human LR network 2021-12-21; Zenodo 7074291","NICHENET_AND_OMNIPATH_MAPPED",1,32,"YES","YES","YES","YES","OMNIPATH_SECRETED_ANNOTATION","Almen2009;Cellinker;CellTalkDB;LOCATE;Matrisome;Membranome;OmniPath;Phobius;Ramilowski_location;scConnect;Surfaceome;UniProt_keyword;UniProt_location;UniProt_topology","47c971d2fbba4ecd0ba7485d1846a74054432a0d1a97ea3e6a79ae27d0da8094","5e4142df024fd4d5d64cc667299364982a51176076ae6a69e1069425530afafa","FROZEN_BEFORE_EXPRESSION_OUTCOMES","https://zenodo.org/records/7074291|https://omnipathdb.org/intercell"
"TPSAB1","NicheNet lr_network_human_21122021.rds unique from","NicheNet human LR network 2021-12-21; Zenodo 7074291","NICHENET_AND_OMNIPATH_MAPPED",1,14,"YES","YES","YES","YES","OMNIPATH_SECRETED_ANNOTATION","Cellinker;ComPPI;HPA_secretome;LOCATE;OmniPath;scConnect;UniProt_keyword;UniProt_location","47c971d2fbba4ecd0ba7485d1846a74054432a0d1a97ea3e6a79ae27d0da8094","5e4142df024fd4d5d64cc667299364982a51176076ae6a69e1069425530afafa","FROZEN_BEFORE_EXPRESSION_OUTCOMES","https://zenodo.org/records/7074291|https://omnipathdb.org/intercell"
"TPSB2","NicheNet lr_network_human_21122021.rds unique from","NicheNet human LR network 2021-12-21; Zenodo 7074291","NICHENET_AND_OMNIPATH_MAPPED",1,10,"YES","YES","YES","YES","OMNIPATH_SECRETED_ANNOTATION","ComPPI;ConnectomeDB2025;HPA_secretome;OmniPath;UniProt_keyword;UniProt_location","47c971d2fbba4ecd0ba7485d1846a74054432a0d1a97ea3e6a79ae27d0da8094","5e4142df024fd4d5d64cc667299364982a51176076ae6a69e1069425530afafa","FROZEN_BEFORE_EXPRESSION_OUTCOMES","https://zenodo.org/records/7074291|https://omnipathdb.org/intercell"
"TPSG1","NicheNet lr_network_human_21122021.rds unique from","NicheNet human LR network 2021-12-21; Zenodo 7074291","NICHENET_AND_OMNIPATH_MAPPED",1,24,"NO","YES","NO","YES","NO_OMNIPATH_SECRETED_ANNOTATION","Cellinker;LOCATE;MatrixDB;Membranome;OmniPath;Phobius;scConnect;Surfaceome;UniProt_keyword;UniProt_location;UniProt_topology","47c971d2fbba4ecd0ba7485d1846a74054432a0d1a97ea3e6a79ae27d0da8094","5e4142df024fd4d5d64cc667299364982a51176076ae6a69e1069425530afafa","FROZEN_BEFORE_EXPRESSION_OUTCOMES","https://zenodo.org/records/7074291|https://omnipathdb.org/intercell"
"TRAF2","NicheNet lr_network_human_21122021.rds unique from","NicheNet human LR network 2021-12-21; Zenodo 7074291","NICHENET_AND_OMNIPATH_MAPPED",2,17,"YES","YES","NO","YES","NO_OMNIPATH_SECRETED_ANNOTATION","Baccin2019;Cellinker;ComPPI;GO_Intercell;HPMR;OmniPath;UniProt_location","47c971d2fbba4ecd0ba7485d1846a74054432a0d1a97ea3e6a79ae27d0da8094","5e4142df024fd4d5d64cc667299364982a51176076ae6a69e1069425530afafa","FROZEN_BEFORE_EXPRESSION_OUTCOMES","https://zenodo.org/records/7074291|https://omnipathdb.org/intercell"
"TREML1","NicheNet lr_network_human_21122021.rds unique from","NicheNet human LR network 2021-12-21; Zenodo 7074291","NICHENET_AND_OMNIPATH_MAPPED",1,32,"NO","YES","NO","NO","NO_OMNIPATH_SECRETED_ANNOTATION","Almen2009;CellCellInteractions;Cellinker;GO_Intercell;LOCATE;Membranome;OmniPath;Phobius;Ramilowski_location;TopDB;UniProt_keyword;UniProt_location;UniProt_topology","47c971d2fbba4ecd0ba7485d1846a74054432a0d1a97ea3e6a79ae27d0da8094","5e4142df024fd4d5d64cc667299364982a51176076ae6a69e1069425530afafa","FROZEN_BEFORE_EXPRESSION_OUTCOMES","https://zenodo.org/records/7074291|https://omnipathdb.org/intercell"
"TREML4","NicheNet lr_network_human_21122021.rds unique from","NicheNet human LR network 2021-12-21; Zenodo 7074291","NICHENET_AND_OMNIPATH_MAPPED",1,23,"YES","YES","YES","YES","OMNIPATH_SECRETED_ANNOTATION","Almen2009;Cellinker;GO_Intercell;HPA_secretome;MatrixDB;Membranome;OmniPath;Phobius;Ramilowski_location;UniProt_keyword;UniProt_location","47c971d2fbba4ecd0ba7485d1846a74054432a0d1a97ea3e6a79ae27d0da8094","5e4142df024fd4d5d64cc667299364982a51176076ae6a69e1069425530afafa","FROZEN_BEFORE_EXPRESSION_OUTCOMES","https://zenodo.org/records/7074291|https://omnipathdb.org/intercell"
"TRH","NicheNet lr_network_human_21122021.rds unique from","NicheNet human LR network 2021-12-21; Zenodo 7074291","NICHENET_AND_OMNIPATH_MAPPED",1,32,"YES","YES","YES","YES","OMNIPATH_SECRETED_ANNOTATION","Baccin2019;CellChatDB;Cellinker;CellPhoneDB;CellTalkDB;ComPPI;connectomeDB2020;ConnectomeDB2025;EMBRACE;GO_Intercell;HPA_secretome;HPMR;iTALK;LOCATE;LRdb;MatrixDB;OmniPath;Ramilowski2015;scConnect;talklr;UniProt_keyword;UniProt_location","47c971d2fbba4ecd0ba7485d1846a74054432a0d1a97ea3e6a79ae27d0da8094","5e4142df024fd4d5d64cc667299364982a51176076ae6a69e1069425530afafa","FROZEN_BEFORE_EXPRESSION_OUTCOMES","https://zenodo.org/records/7074291|https://omnipathdb.org/intercell"
"TSHB","NicheNet lr_network_human_21122021.rds unique from","NicheNet human LR network 2021-12-21; Zenodo 7074291","NICHENET_AND_OMNIPATH_MAPPED",10,30,"YES","YES","YES","YES","OMNIPATH_SECRETED_ANNOTATION","CellCall;CellChatDB;Cellinker;CellPhoneDB;CellTalkDB;ComPPI;connectomeDB2020;ConnectomeDB2025;DGIdb;GO_Intercell;Guide2Pharma;HPA_secretome;HPMR;iTALK;LOCATE;LRdb;OmniPath;Ramilowski2015;talklr;UniProt_keyword;UniProt_location","47c971d2fbba4ecd0ba7485d1846a74054432a0d1a97ea3e6a79ae27d0da8094","5e4142df024fd4d5d64cc667299364982a51176076ae6a69e1069425530afafa","FROZEN_BEFORE_EXPRESSION_OUTCOMES","https://zenodo.org/records/7074291|https://omnipathdb.org/intercell"
"TSLP","NicheNet lr_network_human_21122021.rds unique from","NicheNet human LR network 2021-12-21; Zenodo 7074291","NICHENET_AND_OMNIPATH_MAPPED",2,39,"YES","YES","YES","YES","OMNIPATH_SECRETED_ANNOTATION","Baccin2019;CellCall;CellChatDB;Cellinker;CellPhoneDB;CellTalkDB;ComPPI;connectomeDB2020;ConnectomeDB2025;EMBRACE;GO_Intercell;Guide2Pharma;HPA_secretome;ICELLNET;iTALK;Kirouac2010;LOCATE;LRdb;OmniPath;Ramilowski2015;scConnect;SignaLink_function;talklr;TopDB;UniProt_keyword;UniProt_location","47c971d2fbba4ecd0ba7485d1846a74054432a0d1a97ea3e6a79ae27d0da8094","5e4142df024fd4d5d64cc667299364982a51176076ae6a69e1069425530afafa","FROZEN_BEFORE_EXPRESSION_OUTCOMES","https://zenodo.org/records/7074291|https://omnipathdb.org/intercell"
"TSPAN3","NicheNet lr_network_human_21122021.rds unique from","NicheNet human LR network 2021-12-21; Zenodo 7074291","NICHENET_AND_OMNIPATH_MAPPED",2,16,"NO","YES","NO","NO","NO_OMNIPATH_SECRETED_ANNOTATION","Cellinker;ComPPI;OmniPath;Phobius;Ramilowski_location;Surfaceome;TopDB;UniProt_keyword;UniProt_location;UniProt_topology","47c971d2fbba4ecd0ba7485d1846a74054432a0d1a97ea3e6a79ae27d0da8094","5e4142df024fd4d5d64cc667299364982a51176076ae6a69e1069425530afafa","FROZEN_BEFORE_EXPRESSION_OUTCOMES","https://zenodo.org/records/7074291|https://omnipathdb.org/intercell"
"TSPAN33","NicheNet lr_network_human_21122021.rds unique from","NicheNet human LR network 2021-12-21; Zenodo 7074291","NICHENET_AND_OMNIPATH_MAPPED",2,18,"NO","YES","NO","NO","NO_OMNIPATH_SECRETED_ANNOTATION","Cellinker;ComPPI;GO_Intercell;OmniPath;Phobius;Ramilowski_location;Surfaceome;UniProt_keyword;UniProt_location;UniProt_topology","47c971d2fbba4ecd0ba7485d1846a74054432a0d1a97ea3e6a79ae27d0da8094","5e4142df024fd4d5d64cc667299364982a51176076ae6a69e1069425530afafa","FROZEN_BEFORE_EXPRESSION_OUTCOMES","https://zenodo.org/records/7074291|https://omnipathdb.org/intercell"
"TSPAN5","NicheNet lr_network_human_21122021.rds unique from","NicheNet human LR network 2021-12-21; Zenodo 7074291","NICHENET_AND_OMNIPATH_MAPPED",1,21,"NO","YES","NO","YES","NO_OMNIPATH_SECRETED_ANNOTATION","Cellinker;GO_Intercell;HPMR;MCAM;OmniPath;Phobius;Ramilowski_location;Surfaceome;UniProt_keyword;UniProt_location;UniProt_topology","47c971d2fbba4ecd0ba7485d1846a74054432a0d1a97ea3e6a79ae27d0da8094","5e4142df024fd4d5d64cc667299364982a51176076ae6a69e1069425530afafa","FROZEN_BEFORE_EXPRESSION_OUTCOMES","https://zenodo.org/records/7074291|https://omnipathdb.org/intercell"
"TTR","NicheNet lr_network_human_21122021.rds unique from","NicheNet human LR network 2021-12-21; Zenodo 7074291","NICHENET_AND_OMNIPATH_MAPPED",2,16,"YES","YES","YES","YES","OMNIPATH_SECRETED_ANNOTATION","ComPPI;DGIdb;GO_Intercell;HPA_secretome;LOCATE;OmniPath;scConnect;UniProt_keyword;UniProt_location","47c971d2fbba4ecd0ba7485d1846a74054432a0d1a97ea3e6a79ae27d0da8094","5e4142df024fd4d5d64cc667299364982a51176076ae6a69e1069425530afafa","FROZEN_BEFORE_EXPRESSION_OUTCOMES","https://zenodo.org/records/7074291|https://omnipathdb.org/intercell"
"TYROBP","NicheNet lr_network_human_21122021.rds unique from","NicheNet human LR network 2021-12-21; Zenodo 7074291","NICHENET_AND_OMNIPATH_MAPPED",2,32,"YES","YES","NO","YES","NO_OMNIPATH_SECRETED_ANNOTATION","Almen2009;Baccin2019;Cellinker;CellPhoneDB;connectomeDB2020;ConnectomeDB2025;GO_Intercell;LOCATE;Membranome;OmniPath;Phobius;Ramilowski_location;TopDB;UniProt_keyword;UniProt_location;UniProt_topology","47c971d2fbba4ecd0ba7485d1846a74054432a0d1a97ea3e6a79ae27d0da8094","5e4142df024fd4d5d64cc667299364982a51176076ae6a69e1069425530afafa","FROZEN_BEFORE_EXPRESSION_OUTCOMES","https://zenodo.org/records/7074291|https://omnipathdb.org/intercell"
"UCN","NicheNet lr_network_human_21122021.rds unique from","NicheNet human LR network 2021-12-21; Zenodo 7074291","NICHENET_AND_OMNIPATH_MAPPED",3,34,"YES","YES","YES","YES","OMNIPATH_SECRETED_ANNOTATION","Baccin2019;CellChatDB;Cellinker;CellPhoneDB;CellTalkDB;connectomeDB2020;ConnectomeDB2025;GO_Intercell;Guide2Pharma;HPA_secretome;iTALK;LOCATE;LRdb;MatrixDB;OmniPath;Ramilowski2015;scConnect;talklr;UniProt_keyword;UniProt_location","47c971d2fbba4ecd0ba7485d1846a74054432a0d1a97ea3e6a79ae27d0da8094","5e4142df024fd4d5d64cc667299364982a51176076ae6a69e1069425530afafa","FROZEN_BEFORE_EXPRESSION_OUTCOMES","https://zenodo.org/records/7074291|https://omnipathdb.org/intercell"
"UCN2","NicheNet lr_network_human_21122021.rds unique from","NicheNet human LR network 2021-12-21; Zenodo 7074291","NICHENET_AND_OMNIPATH_MAPPED",4,31,"YES","YES","YES","YES","OMNIPATH_SECRETED_ANNOTATION","Baccin2019;CellChatDB;Cellinker;CellPhoneDB;CellTalkDB;ComPPI;connectomeDB2020;ConnectomeDB2025;DGIdb;EMBRACE;GO_Intercell;Guide2Pharma;HPA_secretome;iTALK;LRdb;MatrixDB;OmniPath;Ramilowski2015;scConnect;talklr;UniProt_keyword;UniProt_location","47c971d2fbba4ecd0ba7485d1846a74054432a0d1a97ea3e6a79ae27d0da8094","5e4142df024fd4d5d64cc667299364982a51176076ae6a69e1069425530afafa","FROZEN_BEFORE_EXPRESSION_OUTCOMES","https://zenodo.org/records/7074291|https://omnipathdb.org/intercell"
"UCN3","NicheNet lr_network_human_21122021.rds unique from","NicheNet human LR network 2021-12-21; Zenodo 7074291","NICHENET_AND_OMNIPATH_MAPPED",3,30,"YES","YES","YES","YES","OMNIPATH_SECRETED_ANNOTATION","Baccin2019;CellChatDB;Cellinker;CellPhoneDB;CellTalkDB;ComPPI;connectomeDB2020;ConnectomeDB2025;DGIdb;GO_Intercell;Guide2Pharma;HPA_secretome;iTALK;LRdb;MatrixDB;OmniPath;Ramilowski2015;scConnect;talklr;UniProt_keyword;UniProt_location","47c971d2fbba4ecd0ba7485d1846a74054432a0d1a97ea3e6a79ae27d0da8094","5e4142df024fd4d5d64cc667299364982a51176076ae6a69e1069425530afafa","FROZEN_BEFORE_EXPRESSION_OUTCOMES","https://zenodo.org/records/7074291|https://omnipathdb.org/intercell"
"ULBP2","NicheNet lr_network_human_21122021.rds unique from","NicheNet human LR network 2021-12-21; Zenodo 7074291","NICHENET_AND_OMNIPATH_MAPPED",2,59,"YES","YES","YES","YES","OMNIPATH_SECRETED_ANNOTATION","Almen2009;CellChatDB;Cellinker;CellPhoneDB;CellTalkDB;ComPPI;connectomeDB2020;ConnectomeDB2025;CSPA;DGIdb;GO_Intercell;HPA_secretome;HPMR;ICELLNET;iTALK;LRdb;MatrixDB;OmniPath;Phobius;Ramilowski_location;Ramilowski2015;Surfaceome;talklr;UniProt_keyword;UniProt_location","47c971d2fbba4ecd0ba7485d1846a74054432a0d1a97ea3e6a79ae27d0da8094","5e4142df024fd4d5d64cc667299364982a51176076ae6a69e1069425530afafa","FROZEN_BEFORE_EXPRESSION_OUTCOMES","https://zenodo.org/records/7074291|https://omnipathdb.org/intercell"
"ULBP3","NicheNet lr_network_human_21122021.rds unique from","NicheNet human LR network 2021-12-21; Zenodo 7074291","NICHENET_AND_OMNIPATH_MAPPED",4,32,"YES","YES","NO","YES","NO_OMNIPATH_SECRETED_ANNOTATION","CellChatDB;Cellinker;CellPhoneDB;CellTalkDB;connectomeDB2020;ConnectomeDB2025;CSPA;DGIdb;ICELLNET;LOCATE;OmniPath;Ramilowski_location;Surfaceome;UniProt_location","47c971d2fbba4ecd0ba7485d1846a74054432a0d1a97ea3e6a79ae27d0da8094","5e4142df024fd4d5d64cc667299364982a51176076ae6a69e1069425530afafa","FROZEN_BEFORE_EXPRESSION_OUTCOMES","https://zenodo.org/records/7074291|https://omnipathdb.org/intercell"
"UTS2","NicheNet lr_network_human_21122021.rds unique from","NicheNet human LR network 2021-12-21; Zenodo 7074291","NICHENET_AND_OMNIPATH_MAPPED",1,32,"YES","YES","YES","YES","OMNIPATH_SECRETED_ANNOTATION","Baccin2019;CellChatDB;Cellinker;CellPhoneDB;CellTalkDB;ComPPI;connectomeDB2020;ConnectomeDB2025;DGIdb;GO_Intercell;Guide2Pharma;HPA_secretome;HPMR;iTALK;LRdb;MatrixDB;OmniPath;Ramilowski2015;scConnect;talklr;UniProt_keyword;UniProt_location","47c971d2fbba4ecd0ba7485d1846a74054432a0d1a97ea3e6a79ae27d0da8094","5e4142df024fd4d5d64cc667299364982a51176076ae6a69e1069425530afafa","FROZEN_BEFORE_EXPRESSION_OUTCOMES","https://zenodo.org/records/7074291|https://omnipathdb.org/intercell"
"UTS2B","NicheNet lr_network_human_21122021.rds unique from","NicheNet human LR network 2021-12-21; Zenodo 7074291","NICHENET_AND_OMNIPATH_MAPPED",2,27,"YES","YES","YES","YES","OMNIPATH_SECRETED_ANNOTATION","Baccin2019;CellChatDB;Cellinker;CellPhoneDB;CellTalkDB;connectomeDB2020;ConnectomeDB2025;DGIdb;GO_Intercell;Guide2Pharma;HPA_secretome;iTALK;LRdb;OmniPath;Ramilowski2015;scConnect;talklr;UniProt_keyword;UniProt_location","47c971d2fbba4ecd0ba7485d1846a74054432a0d1a97ea3e6a79ae27d0da8094","5e4142df024fd4d5d64cc667299364982a51176076ae6a69e1069425530afafa","FROZEN_BEFORE_EXPRESSION_OUTCOMES","https://zenodo.org/records/7074291|https://omnipathdb.org/intercell"
"UXS1","NicheNet lr_network_human_21122021.rds unique from","NicheNet human LR network 2021-12-21; Zenodo 7074291","NICHENET_AND_OMNIPATH_MAPPED",1,10,"NO","NO","NO","NO","NO_OMNIPATH_SECRETED_ANNOTATION","ComPPI;GO_Intercell;LOCATE;OmniPath;TopDB;UniProt_keyword;UniProt_location;UniProt_topology","47c971d2fbba4ecd0ba7485d1846a74054432a0d1a97ea3e6a79ae27d0da8094","5e4142df024fd4d5d64cc667299364982a51176076ae6a69e1069425530afafa","FROZEN_BEFORE_EXPRESSION_OUTCOMES","https://zenodo.org/records/7074291|https://omnipathdb.org/intercell"
"VCAM1","NicheNet lr_network_human_21122021.rds unique from","NicheNet human LR network 2021-12-21; Zenodo 7074291","NICHENET_AND_OMNIPATH_MAPPED",8,63,"YES","YES","YES","YES","OMNIPATH_SECRETED_ANNOTATION","Almen2009;CellCellInteractions;CellChatDB;Cellinker;CellPhoneDB;CellTalkDB;ComPPI;connectomeDB2020;ConnectomeDB2025;CSPA;DGIdb;GO_Intercell;HGNC;HPMR;ICELLNET;iTALK;Kirouac2010;LOCATE;LRdb;Membranome;OmniPath;Phobius;Ramilowski2015;Surfaceome;talklr;TopDB;UniProt_keyword;UniProt_location;UniProt_topology;Zhong2015","47c971d2fbba4ecd0ba7485d1846a74054432a0d1a97ea3e6a79ae27d0da8094","5e4142df024fd4d5d64cc667299364982a51176076ae6a69e1069425530afafa","FROZEN_BEFORE_EXPRESSION_OUTCOMES","https://zenodo.org/records/7074291|https://omnipathdb.org/intercell"
"VCAN","NicheNet lr_network_human_21122021.rds unique from","NicheNet human LR network 2021-12-21; Zenodo 7074291","NICHENET_AND_OMNIPATH_MAPPED",8,33,"YES","YES","YES","YES","OMNIPATH_SECRETED_ANNOTATION","Cellinker;CellTalkDB;ComPPI;connectomeDB2020;ConnectomeDB2025;GO_Intercell;HGNC;HPA_secretome;ICELLNET;iTALK;LRdb;Matrisome;OmniPath;Ramilowski_location;Ramilowski2015;talklr;UniProt_keyword;UniProt_location;Zhong2015","47c971d2fbba4ecd0ba7485d1846a74054432a0d1a97ea3e6a79ae27d0da8094","5e4142df024fd4d5d64cc667299364982a51176076ae6a69e1069425530afafa","FROZEN_BEFORE_EXPRESSION_OUTCOMES","https://zenodo.org/records/7074291|https://omnipathdb.org/intercell"
"VEGFA","NicheNet lr_network_human_21122021.rds unique from","NicheNet human LR network 2021-12-21; Zenodo 7074291","NICHENET_AND_OMNIPATH_MAPPED",5,46,"YES","YES","YES","YES","OMNIPATH_SECRETED_ANNOTATION","CellCall;CellChatDB;Cellinker;CellPhoneDB;CellTalkDB;ComPPI;connectomeDB2020;ConnectomeDB2025;DGIdb;GO_Intercell;Guide2Pharma;HGNC;HPA_secretome;HPMR;ICELLNET;iTALK;Kirouac2010;LOCATE;LRdb;Matrisome;OmniPath;Ramilowski2015;scConnect;talklr;UniProt_keyword;UniProt_location","47c971d2fbba4ecd0ba7485d1846a74054432a0d1a97ea3e6a79ae27d0da8094","5e4142df024fd4d5d64cc667299364982a51176076ae6a69e1069425530afafa","FROZEN_BEFORE_EXPRESSION_OUTCOMES","https://zenodo.org/records/7074291|https://omnipathdb.org/intercell"
"VEGFB","NicheNet lr_network_human_21122021.rds unique from","NicheNet human LR network 2021-12-21; Zenodo 7074291","NICHENET_AND_OMNIPATH_MAPPED",4,44,"YES","YES","YES","YES","OMNIPATH_SECRETED_ANNOTATION","Baccin2019;CellCall;CellChatDB;Cellinker;CellPhoneDB;CellTalkDB;connectomeDB2020;ConnectomeDB2025;DGIdb;EMBRACE;GO_Intercell;Guide2Pharma;HGNC;HPA_secretome;ICELLNET;iTALK;Kirouac2010;LOCATE;LRdb;Matrisome;OmniPath;Ramilowski2015;scConnect;SignaLink_function;talklr;UniProt_keyword;UniProt_location","47c971d2fbba4ecd0ba7485d1846a74054432a0d1a97ea3e6a79ae27d0da8094","5e4142df024fd4d5d64cc667299364982a51176076ae6a69e1069425530afafa","FROZEN_BEFORE_EXPRESSION_OUTCOMES","https://zenodo.org/records/7074291|https://omnipathdb.org/intercell"
"VEGFC","NicheNet lr_network_human_21122021.rds unique from","NicheNet human LR network 2021-12-21; Zenodo 7074291","NICHENET_AND_OMNIPATH_MAPPED",4,44,"YES","YES","YES","YES","OMNIPATH_SECRETED_ANNOTATION","Baccin2019;CellCall;CellChatDB;Cellinker;CellPhoneDB;CellTalkDB;connectomeDB2020;ConnectomeDB2025;DGIdb;EMBRACE;GO_Intercell;Guide2Pharma;HGNC;HPA_secretome;HPMR;ICELLNET;iTALK;Kirouac2010;LOCATE;LRdb;Matrisome;OmniPath;Ramilowski2015;scConnect;talklr;UniProt_keyword;UniProt_location","47c971d2fbba4ecd0ba7485d1846a74054432a0d1a97ea3e6a79ae27d0da8094","5e4142df024fd4d5d64cc667299364982a51176076ae6a69e1069425530afafa","FROZEN_BEFORE_EXPRESSION_OUTCOMES","https://zenodo.org/records/7074291|https://omnipathdb.org/intercell"
"VEGFD","NicheNet lr_network_human_21122021.rds unique from","NicheNet human LR network 2021-12-21; Zenodo 7074291","NICHENET_AND_OMNIPATH_MAPPED",10,37,"YES","YES","YES","YES","OMNIPATH_SECRETED_ANNOTATION","CellCall;CellChatDB;Cellinker;CellPhoneDB;CellTalkDB;connectomeDB2020;ConnectomeDB2025;DGIdb;GO_Intercell;Guide2Pharma;HGNC;HPA_secretome;ICELLNET;iTALK;LOCATE;Matrisome;OmniPath;Ramilowski2015;scConnect;talklr;UniProt_keyword;UniProt_location","47c971d2fbba4ecd0ba7485d1846a74054432a0d1a97ea3e6a79ae27d0da8094","5e4142df024fd4d5d64cc667299364982a51176076ae6a69e1069425530afafa","FROZEN_BEFORE_EXPRESSION_OUTCOMES","https://zenodo.org/records/7074291|https://omnipathdb.org/intercell"
"VGF","NicheNet lr_network_human_21122021.rds unique from","NicheNet human LR network 2021-12-21; Zenodo 7074291","NICHENET_AND_OMNIPATH_MAPPED",1,17,"YES","YES","YES","YES","OMNIPATH_SECRETED_ANNOTATION","ComPPI;DGIdb;GO_Intercell;HPA_secretome;MatrixDB;OmniPath;UniProt_keyword;UniProt_location","47c971d2fbba4ecd0ba7485d1846a74054432a0d1a97ea3e6a79ae27d0da8094","5e4142df024fd4d5d64cc667299364982a51176076ae6a69e1069425530afafa","FROZEN_BEFORE_EXPRESSION_OUTCOMES","https://zenodo.org/records/7074291|https://omnipathdb.org/intercell"
"VIP","NicheNet lr_network_human_21122021.rds unique from","NicheNet human LR network 2021-12-21; Zenodo 7074291","NICHENET_AND_OMNIPATH_MAPPED",4,30,"YES","YES","YES","YES","OMNIPATH_SECRETED_ANNOTATION","CellCall;CellChatDB;Cellinker;CellPhoneDB;CellTalkDB;connectomeDB2020;ConnectomeDB2025;DGIdb;GO_Intercell;Guide2Pharma;HPA_secretome;HPMR;iTALK;LOCATE;LRdb;OmniPath;Ramilowski2015;scConnect;talklr;UniProt_keyword;UniProt_location","47c971d2fbba4ecd0ba7485d1846a74054432a0d1a97ea3e6a79ae27d0da8094","5e4142df024fd4d5d64cc667299364982a51176076ae6a69e1069425530afafa","FROZEN_BEFORE_EXPRESSION_OUTCOMES","https://zenodo.org/records/7074291|https://omnipathdb.org/intercell"
"VSIG10","NicheNet lr_network_human_21122021.rds unique from","NicheNet human LR network 2021-12-21; Zenodo 7074291","NICHENET_AND_OMNIPATH_MAPPED",1,23,"NO","YES","NO","NO","NO_OMNIPATH_SECRETED_ANNOTATION","Almen2009;Cellinker;ComPPI;CSPA;LOCATE;Membranome;OmniPath;Phobius;Ramilowski_location;Surfaceome;UniProt_keyword;UniProt_location;UniProt_topology","47c971d2fbba4ecd0ba7485d1846a74054432a0d1a97ea3e6a79ae27d0da8094","5e4142df024fd4d5d64cc667299364982a51176076ae6a69e1069425530afafa","FROZEN_BEFORE_EXPRESSION_OUTCOMES","https://zenodo.org/records/7074291|https://omnipathdb.org/intercell"
"VSIG4","NicheNet lr_network_human_21122021.rds unique from","NicheNet human LR network 2021-12-21; Zenodo 7074291","NICHENET_AND_OMNIPATH_MAPPED",1,21,"NO","YES","NO","NO","NO_OMNIPATH_SECRETED_ANNOTATION","Almen2009;Cellinker;LOCATE;Membranome;OmniPath;Phobius;Ramilowski_location;TopDB;UniProt_keyword;UniProt_location;UniProt_topology","47c971d2fbba4ecd0ba7485d1846a74054432a0d1a97ea3e6a79ae27d0da8094","5e4142df024fd4d5d64cc667299364982a51176076ae6a69e1069425530afafa","FROZEN_BEFORE_EXPRESSION_OUTCOMES","https://zenodo.org/records/7074291|https://omnipathdb.org/intercell"
"VSIR","NicheNet lr_network_human_21122021.rds unique from","NicheNet human LR network 2021-12-21; Zenodo 7074291","NICHENET_AND_OMNIPATH_MAPPED",2,38,"YES","YES","NO","YES","NO_OMNIPATH_SECRETED_ANNOTATION","CellChatDB;Cellinker;CellPhoneDB;CellTalkDB;ComPPI;connectomeDB2020;ConnectomeDB2025;CSPA;HGNC;ICELLNET;LOCATE;Membranome;OmniPath;Phobius;Ramilowski_location;scConnect;Surfaceome;TopDB;UniProt_keyword;UniProt_location;UniProt_topology","47c971d2fbba4ecd0ba7485d1846a74054432a0d1a97ea3e6a79ae27d0da8094","5e4142df024fd4d5d64cc667299364982a51176076ae6a69e1069425530afafa","FROZEN_BEFORE_EXPRESSION_OUTCOMES","https://zenodo.org/records/7074291|https://omnipathdb.org/intercell"
"VSTM1","NicheNet lr_network_human_21122021.rds unique from","NicheNet human LR network 2021-12-21; Zenodo 7074291","NICHENET_AND_OMNIPATH_MAPPED",2,27,"YES","YES","YES","YES","OMNIPATH_SECRETED_ANNOTATION","Almen2009;CellCellInteractions;ComPPI;CSPA;GO_Intercell;HPA_secretome;MatrixDB;Membranome;OmniPath;Phobius;Ramilowski_location;Surfaceome;UniProt_keyword;UniProt_location;UniProt_topology","47c971d2fbba4ecd0ba7485d1846a74054432a0d1a97ea3e6a79ae27d0da8094","5e4142df024fd4d5d64cc667299364982a51176076ae6a69e1069425530afafa","FROZEN_BEFORE_EXPRESSION_OUTCOMES","https://zenodo.org/records/7074291|https://omnipathdb.org/intercell"
"VSTM4","NicheNet lr_network_human_21122021.rds unique from","NicheNet human LR network 2021-12-21; Zenodo 7074291","NICHENET_AND_OMNIPATH_MAPPED",1,29,"NO","YES","YES","YES","OMNIPATH_SECRETED_ANNOTATION","Almen2009;Cellinker;ComPPI;CSPA;HPA_secretome;MatrixDB;Membranome;OmniPath;Phobius;Ramilowski_location;Surfaceome;UniProt_keyword;UniProt_location;UniProt_topology","47c971d2fbba4ecd0ba7485d1846a74054432a0d1a97ea3e6a79ae27d0da8094","5e4142df024fd4d5d64cc667299364982a51176076ae6a69e1069425530afafa","FROZEN_BEFORE_EXPRESSION_OUTCOMES","https://zenodo.org/records/7074291|https://omnipathdb.org/intercell"
"VTCN1","NicheNet lr_network_human_21122021.rds unique from","NicheNet human LR network 2021-12-21; Zenodo 7074291","NICHENET_AND_OMNIPATH_MAPPED",1,25,"YES","YES","NO","YES","NO_OMNIPATH_SECRETED_ANNOTATION","Cellinker;connectomeDB2020;ConnectomeDB2025;DGIdb;HGNC;LOCATE;Membranome;OmniPath;Phobius;Ramilowski_location;Surfaceome;TopDB;UniProt_keyword;UniProt_location;UniProt_topology","47c971d2fbba4ecd0ba7485d1846a74054432a0d1a97ea3e6a79ae27d0da8094","5e4142df024fd4d5d64cc667299364982a51176076ae6a69e1069425530afafa","FROZEN_BEFORE_EXPRESSION_OUTCOMES","https://zenodo.org/records/7074291|https://omnipathdb.org/intercell"
"VTN","NicheNet lr_network_human_21122021.rds unique from","NicheNet human LR network 2021-12-21; Zenodo 7074291","NICHENET_AND_OMNIPATH_MAPPED",13,31,"YES","YES","YES","YES","OMNIPATH_SECRETED_ANNOTATION","Baccin2019;CellChatDB;Cellinker;CellPhoneDB;CellTalkDB;ComPPI;connectomeDB2020;ConnectomeDB2025;EMBRACE;GO_Intercell;HPA_secretome;ICELLNET;iTALK;LOCATE;LRdb;Matrisome;OmniPath;Ramilowski2015;talklr;UniProt_keyword;UniProt_location","47c971d2fbba4ecd0ba7485d1846a74054432a0d1a97ea3e6a79ae27d0da8094","5e4142df024fd4d5d64cc667299364982a51176076ae6a69e1069425530afafa","FROZEN_BEFORE_EXPRESSION_OUTCOMES","https://zenodo.org/records/7074291|https://omnipathdb.org/intercell"
"VWF","NicheNet lr_network_human_21122021.rds unique from","NicheNet human LR network 2021-12-21; Zenodo 7074291","NICHENET_AND_OMNIPATH_MAPPED",10,33,"YES","YES","YES","YES","OMNIPATH_SECRETED_ANNOTATION","CellChatDB;Cellinker;CellPhoneDB;CellTalkDB;ComPPI;connectomeDB2020;ConnectomeDB2025;GO_Intercell;HPA_secretome;ICELLNET;iTALK;LOCATE;LRdb;Matrisome;OmniPath;Ramilowski_location;Ramilowski2015;talklr;UniProt_keyword;UniProt_location","47c971d2fbba4ecd0ba7485d1846a74054432a0d1a97ea3e6a79ae27d0da8094","5e4142df024fd4d5d64cc667299364982a51176076ae6a69e1069425530afafa","FROZEN_BEFORE_EXPRESSION_OUTCOMES","https://zenodo.org/records/7074291|https://omnipathdb.org/intercell"
"WBP1","NicheNet lr_network_human_21122021.rds unique from","NicheNet human LR network 2021-12-21; Zenodo 7074291","NICHENET_AND_OMNIPATH_MAPPED",1,13,"NO","YES","NO","NO","NO_OMNIPATH_SECRETED_ANNOTATION","Cellinker;ComPPI;LOCATE;OmniPath;Phobius;Ramilowski_location;TopDB","47c971d2fbba4ecd0ba7485d1846a74054432a0d1a97ea3e6a79ae27d0da8094","5e4142df024fd4d5d64cc667299364982a51176076ae6a69e1069425530afafa","FROZEN_BEFORE_EXPRESSION_OUTCOMES","https://zenodo.org/records/7074291|https://omnipathdb.org/intercell"
"WFIKKN2","NicheNet lr_network_human_21122021.rds unique from","NicheNet human LR network 2021-12-21; Zenodo 7074291","NICHENET_AND_OMNIPATH_MAPPED",3,20,"YES","YES","YES","YES","OMNIPATH_SECRETED_ANNOTATION","Cellinker;ConnectomeDB2025;GO_Intercell;HGNC;HPA_secretome;ICELLNET;Matrisome;OmniPath;UniProt_keyword;UniProt_location","47c971d2fbba4ecd0ba7485d1846a74054432a0d1a97ea3e6a79ae27d0da8094","5e4142df024fd4d5d64cc667299364982a51176076ae6a69e1069425530afafa","FROZEN_BEFORE_EXPRESSION_OUTCOMES","https://zenodo.org/records/7074291|https://omnipathdb.org/intercell"
"WIF1","NicheNet lr_network_human_21122021.rds unique from","NicheNet human LR network 2021-12-21; Zenodo 7074291","NICHENET_AND_OMNIPATH_MAPPED",1,17,"YES","YES","YES","YES","OMNIPATH_SECRETED_ANNOTATION","CellChatDB;CellPhoneDB;CellTalkDB;GO_Intercell;HPA_secretome;ICELLNET;Matrisome;MatrixDB;OmniPath;UniProt_keyword;UniProt_location","47c971d2fbba4ecd0ba7485d1846a74054432a0d1a97ea3e6a79ae27d0da8094","5e4142df024fd4d5d64cc667299364982a51176076ae6a69e1069425530afafa","FROZEN_BEFORE_EXPRESSION_OUTCOMES","https://zenodo.org/records/7074291|https://omnipathdb.org/intercell"
"WNT1","NicheNet lr_network_human_21122021.rds unique from","NicheNet human LR network 2021-12-21; Zenodo 7074291","NICHENET_AND_OMNIPATH_MAPPED",8,47,"YES","YES","YES","YES","OMNIPATH_SECRETED_ANNOTATION","Baccin2019;CellCall;CellCellInteractions;CellChatDB;Cellinker;CellPhoneDB;CellTalkDB;ComPPI;connectomeDB2020;ConnectomeDB2025;EMBRACE;GO_Intercell;HGNC;HPA_secretome;HPMR;ICELLNET;iTALK;Kirouac2010;LOCATE;LRdb;Matrisome;MatrixDB;OmniPath;Ramilowski2015;SignaLink_function;talklr;UniProt_keyword;UniProt_location;Zhong2015","47c971d2fbba4ecd0ba7485d1846a74054432a0d1a97ea3e6a79ae27d0da8094","5e4142df024fd4d5d64cc667299364982a51176076ae6a69e1069425530afafa","FROZEN_BEFORE_EXPRESSION_OUTCOMES","https://zenodo.org/records/7074291|https://omnipathdb.org/intercell"
"WNT10A","NicheNet lr_network_human_21122021.rds unique from","NicheNet human LR network 2021-12-21; Zenodo 7074291","NICHENET_AND_OMNIPATH_MAPPED",12,26,"YES","YES","YES","YES","OMNIPATH_SECRETED_ANNOTATION","CellCall;CellChatDB;Cellinker;CellPhoneDB;connectomeDB2020;ConnectomeDB2025;GO_Intercell;HGNC;HPA_secretome;ICELLNET;Kirouac2010;Matrisome;OmniPath;UniProt_keyword;UniProt_location","47c971d2fbba4ecd0ba7485d1846a74054432a0d1a97ea3e6a79ae27d0da8094","5e4142df024fd4d5d64cc667299364982a51176076ae6a69e1069425530afafa","FROZEN_BEFORE_EXPRESSION_OUTCOMES","https://zenodo.org/records/7074291|https://omnipathdb.org/intercell"
"WNT10B","NicheNet lr_network_human_21122021.rds unique from","NicheNet human LR network 2021-12-21; Zenodo 7074291","NICHENET_AND_OMNIPATH_MAPPED",12,26,"YES","YES","YES","YES","OMNIPATH_SECRETED_ANNOTATION","CellCall;CellCellInteractions;CellChatDB;Cellinker;connectomeDB2020;ConnectomeDB2025;GO_Intercell;HGNC;HPA_secretome;ICELLNET;Matrisome;MatrixDB;OmniPath;SignaLink_function;UniProt_keyword;UniProt_location","47c971d2fbba4ecd0ba7485d1846a74054432a0d1a97ea3e6a79ae27d0da8094","5e4142df024fd4d5d64cc667299364982a51176076ae6a69e1069425530afafa","FROZEN_BEFORE_EXPRESSION_OUTCOMES","https://zenodo.org/records/7074291|https://omnipathdb.org/intercell"
"WNT11","NicheNet lr_network_human_21122021.rds unique from","NicheNet human LR network 2021-12-21; Zenodo 7074291","NICHENET_AND_OMNIPATH_MAPPED",7,38,"YES","YES","YES","YES","OMNIPATH_SECRETED_ANNOTATION","Baccin2019;CellCall;CellCellInteractions;CellChatDB;Cellinker;CellPhoneDB;CellTalkDB;ComPPI;connectomeDB2020;ConnectomeDB2025;EMBRACE;GO_Intercell;HGNC;HPA_secretome;iTALK;Kirouac2010;LRdb;Matrisome;MatrixDB;OmniPath;Ramilowski2015;talklr;UniProt_keyword;UniProt_location","47c971d2fbba4ecd0ba7485d1846a74054432a0d1a97ea3e6a79ae27d0da8094","5e4142df024fd4d5d64cc667299364982a51176076ae6a69e1069425530afafa","FROZEN_BEFORE_EXPRESSION_OUTCOMES","https://zenodo.org/records/7074291|https://omnipathdb.org/intercell"
"WNT16","NicheNet lr_network_human_21122021.rds unique from","NicheNet human LR network 2021-12-21; Zenodo 7074291","NICHENET_AND_OMNIPATH_MAPPED",12,37,"YES","YES","YES","YES","OMNIPATH_SECRETED_ANNOTATION","CellCall;CellCellInteractions;CellChatDB;Cellinker;CellPhoneDB;CellTalkDB;ComPPI;connectomeDB2020;ConnectomeDB2025;EMBRACE;GO_Intercell;HGNC;HPA_secretome;iTALK;Kirouac2010;LOCATE;Matrisome;MatrixDB;OmniPath;SignaLink_function;UniProt_keyword;UniProt_location","47c971d2fbba4ecd0ba7485d1846a74054432a0d1a97ea3e6a79ae27d0da8094","5e4142df024fd4d5d64cc667299364982a51176076ae6a69e1069425530afafa","FROZEN_BEFORE_EXPRESSION_OUTCOMES","https://zenodo.org/records/7074291|https://omnipathdb.org/intercell"
"WNT2","NicheNet lr_network_human_21122021.rds unique from","NicheNet human LR network 2021-12-21; Zenodo 7074291","NICHENET_AND_OMNIPATH_MAPPED",10,40,"YES","YES","YES","YES","OMNIPATH_SECRETED_ANNOTATION","Baccin2019;CellCall;CellCellInteractions;CellChatDB;Cellinker;CellPhoneDB;CellTalkDB;ComPPI;connectomeDB2020;ConnectomeDB2025;GO_Intercell;HGNC;HPA_secretome;ICELLNET;iTALK;Kirouac2010;LRdb;Matrisome;MatrixDB;OmniPath;Ramilowski2015;SignaLink_function;talklr;UniProt_keyword;UniProt_location","47c971d2fbba4ecd0ba7485d1846a74054432a0d1a97ea3e6a79ae27d0da8094","5e4142df024fd4d5d64cc667299364982a51176076ae6a69e1069425530afafa","FROZEN_BEFORE_EXPRESSION_OUTCOMES","https://zenodo.org/records/7074291|https://omnipathdb.org/intercell"
"WNT2B","NicheNet lr_network_human_21122021.rds unique from","NicheNet human LR network 2021-12-21; Zenodo 7074291","NICHENET_AND_OMNIPATH_MAPPED",12,40,"YES","YES","YES","YES","OMNIPATH_SECRETED_ANNOTATION","Almen2009;CellCall;CellCellInteractions;CellChatDB;Cellinker;CellPhoneDB;CellTalkDB;ComPPI;connectomeDB2020;ConnectomeDB2025;GO_Intercell;HGNC;HPA_secretome;ICELLNET;LOCATE;LRdb;Matrisome;MatrixDB;OmniPath;Phobius;Ramilowski_location;TopDB;UniProt_keyword;UniProt_location","47c971d2fbba4ecd0ba7485d1846a74054432a0d1a97ea3e6a79ae27d0da8094","5e4142df024fd4d5d64cc667299364982a51176076ae6a69e1069425530afafa","FROZEN_BEFORE_EXPRESSION_OUTCOMES","https://zenodo.org/records/7074291|https://omnipathdb.org/intercell"
"WNT3","NicheNet lr_network_human_21122021.rds unique from","NicheNet human LR network 2021-12-21; Zenodo 7074291","NICHENET_AND_OMNIPATH_MAPPED",6,37,"YES","YES","YES","YES","OMNIPATH_SECRETED_ANNOTATION","Baccin2019;CellCall;CellChatDB;Cellinker;CellPhoneDB;CellTalkDB;connectomeDB2020;ConnectomeDB2025;EMBRACE;GO_Intercell;HGNC;HPA_secretome;ICELLNET;iTALK;Kirouac2010;LRdb;Matrisome;OmniPath;Ramilowski2015;talklr;UniProt_keyword;UniProt_location","47c971d2fbba4ecd0ba7485d1846a74054432a0d1a97ea3e6a79ae27d0da8094","5e4142df024fd4d5d64cc667299364982a51176076ae6a69e1069425530afafa","FROZEN_BEFORE_EXPRESSION_OUTCOMES","https://zenodo.org/records/7074291|https://omnipathdb.org/intercell"
"WNT3A","NicheNet lr_network_human_21122021.rds unique from","NicheNet human LR network 2021-12-21; Zenodo 7074291","NICHENET_AND_OMNIPATH_MAPPED",12,44,"YES","YES","YES","YES","OMNIPATH_SECRETED_ANNOTATION","Baccin2019;CellCall;CellChatDB;Cellinker;CellPhoneDB;CellTalkDB;connectomeDB2020;ConnectomeDB2025;EMBRACE;GO_Intercell;Guide2Pharma;HGNC;HPA_secretome;ICELLNET;iTALK;LRdb;Matrisome;OmniPath;Ramilowski2015;scConnect;SignaLink_function;talklr;UniProt_keyword;UniProt_location;Zhong2015","47c971d2fbba4ecd0ba7485d1846a74054432a0d1a97ea3e6a79ae27d0da8094","5e4142df024fd4d5d64cc667299364982a51176076ae6a69e1069425530afafa","FROZEN_BEFORE_EXPRESSION_OUTCOMES","https://zenodo.org/records/7074291|https://omnipathdb.org/intercell"
"WNT4","NicheNet lr_network_human_21122021.rds unique from","NicheNet human LR network 2021-12-21; Zenodo 7074291","NICHENET_AND_OMNIPATH_MAPPED",14,42,"YES","YES","YES","YES","OMNIPATH_SECRETED_ANNOTATION","Baccin2019;CellCall;CellChatDB;Cellinker;CellPhoneDB;CellTalkDB;ComPPI;connectomeDB2020;ConnectomeDB2025;EMBRACE;GO_Intercell;Guide2Pharma;HGNC;HPA_secretome;HPMR;ICELLNET;iTALK;Kirouac2010;LRdb;Matrisome;OmniPath;Ramilowski2015;scConnect;SignaLink_function;talklr;UniProt_keyword;UniProt_location","47c971d2fbba4ecd0ba7485d1846a74054432a0d1a97ea3e6a79ae27d0da8094","5e4142df024fd4d5d64cc667299364982a51176076ae6a69e1069425530afafa","FROZEN_BEFORE_EXPRESSION_OUTCOMES","https://zenodo.org/records/7074291|https://omnipathdb.org/intercell"
"WNT5A","NicheNet lr_network_human_21122021.rds unique from","NicheNet human LR network 2021-12-21; Zenodo 7074291","NICHENET_AND_OMNIPATH_MAPPED",14,44,"YES","YES","YES","YES","OMNIPATH_SECRETED_ANNOTATION","Baccin2019;CellCall;CellChatDB;Cellinker;CellPhoneDB;CellTalkDB;connectomeDB2020;ConnectomeDB2025;EMBRACE;GO_Intercell;Guide2Pharma;HGNC;HPA_secretome;HPMR;ICELLNET;iTALK;Kirouac2010;LRdb;Matrisome;OmniPath;Ramilowski2015;scConnect;SignaLink_function;talklr;UniProt_keyword;UniProt_location","47c971d2fbba4ecd0ba7485d1846a74054432a0d1a97ea3e6a79ae27d0da8094","5e4142df024fd4d5d64cc667299364982a51176076ae6a69e1069425530afafa","FROZEN_BEFORE_EXPRESSION_OUTCOMES","https://zenodo.org/records/7074291|https://omnipathdb.org/intercell"
"WNT5B","NicheNet lr_network_human_21122021.rds unique from","NicheNet human LR network 2021-12-21; Zenodo 7074291","NICHENET_AND_OMNIPATH_MAPPED",12,34,"YES","YES","YES","YES","OMNIPATH_SECRETED_ANNOTATION","CellCall;CellChatDB;Cellinker;CellPhoneDB;CellTalkDB;ComPPI;connectomeDB2020;ConnectomeDB2025;GO_Intercell;HGNC;HPA_secretome;ICELLNET;Kirouac2010;LOCATE;Matrisome;OmniPath;UniProt_keyword;UniProt_location","47c971d2fbba4ecd0ba7485d1846a74054432a0d1a97ea3e6a79ae27d0da8094","5e4142df024fd4d5d64cc667299364982a51176076ae6a69e1069425530afafa","FROZEN_BEFORE_EXPRESSION_OUTCOMES","https://zenodo.org/records/7074291|https://omnipathdb.org/intercell"
"WNT6","NicheNet lr_network_human_21122021.rds unique from","NicheNet human LR network 2021-12-21; Zenodo 7074291","NICHENET_AND_OMNIPATH_MAPPED",12,31,"YES","YES","YES","YES","OMNIPATH_SECRETED_ANNOTATION","CellCall;CellCellInteractions;CellChatDB;Cellinker;CellPhoneDB;CellTalkDB;connectomeDB2020;ConnectomeDB2025;GO_Intercell;HGNC;HPA_secretome;Kirouac2010;Matrisome;MatrixDB;OmniPath;UniProt_keyword;UniProt_location","47c971d2fbba4ecd0ba7485d1846a74054432a0d1a97ea3e6a79ae27d0da8094","5e4142df024fd4d5d64cc667299364982a51176076ae6a69e1069425530afafa","FROZEN_BEFORE_EXPRESSION_OUTCOMES","https://zenodo.org/records/7074291|https://omnipathdb.org/intercell"
"WNT7A","NicheNet lr_network_human_21122021.rds unique from","NicheNet human LR network 2021-12-21; Zenodo 7074291","NICHENET_AND_OMNIPATH_MAPPED",5,43,"YES","YES","YES","YES","OMNIPATH_SECRETED_ANNOTATION","Baccin2019;CellCall;CellChatDB;Cellinker;CellPhoneDB;CellTalkDB;connectomeDB2020;ConnectomeDB2025;EMBRACE;GO_Intercell;HGNC;HPA_secretome;HPMR;ICELLNET;iTALK;Kirouac2010;LOCATE;LRdb;Matrisome;OmniPath;Ramilowski2015;SignaLink_function;talklr;UniProt_keyword;UniProt_location","47c971d2fbba4ecd0ba7485d1846a74054432a0d1a97ea3e6a79ae27d0da8094","5e4142df024fd4d5d64cc667299364982a51176076ae6a69e1069425530afafa","FROZEN_BEFORE_EXPRESSION_OUTCOMES","https://zenodo.org/records/7074291|https://omnipathdb.org/intercell"
"WNT7B","NicheNet lr_network_human_21122021.rds unique from","NicheNet human LR network 2021-12-21; Zenodo 7074291","NICHENET_AND_OMNIPATH_MAPPED",14,40,"YES","YES","YES","YES","OMNIPATH_SECRETED_ANNOTATION","Baccin2019;CellCall;CellChatDB;Cellinker;CellPhoneDB;CellTalkDB;connectomeDB2020;ConnectomeDB2025;EMBRACE;GO_Intercell;HGNC;HPA_secretome;HPMR;ICELLNET;iTALK;LOCATE;LRdb;Matrisome;OmniPath;Ramilowski2015;talklr;UniProt_keyword;UniProt_location","47c971d2fbba4ecd0ba7485d1846a74054432a0d1a97ea3e6a79ae27d0da8094","5e4142df024fd4d5d64cc667299364982a51176076ae6a69e1069425530afafa","FROZEN_BEFORE_EXPRESSION_OUTCOMES","https://zenodo.org/records/7074291|https://omnipathdb.org/intercell"
"WNT8A","NicheNet lr_network_human_21122021.rds unique from","NicheNet human LR network 2021-12-21; Zenodo 7074291","NICHENET_AND_OMNIPATH_MAPPED",12,30,"YES","YES","YES","YES","OMNIPATH_SECRETED_ANNOTATION","CellCall;CellCellInteractions;CellChatDB;Cellinker;CellPhoneDB;CellTalkDB;connectomeDB2020;ConnectomeDB2025;GO_Intercell;HGNC;HPA_secretome;ICELLNET;Kirouac2010;Matrisome;MatrixDB;OmniPath;SignaLink_function;UniProt_keyword;UniProt_location","47c971d2fbba4ecd0ba7485d1846a74054432a0d1a97ea3e6a79ae27d0da8094","5e4142df024fd4d5d64cc667299364982a51176076ae6a69e1069425530afafa","FROZEN_BEFORE_EXPRESSION_OUTCOMES","https://zenodo.org/records/7074291|https://omnipathdb.org/intercell"
"WNT8B","NicheNet lr_network_human_21122021.rds unique from","NicheNet human LR network 2021-12-21; Zenodo 7074291","NICHENET_AND_OMNIPATH_MAPPED",12,26,"YES","YES","YES","YES","OMNIPATH_SECRETED_ANNOTATION","CellCall;CellCellInteractions;CellChatDB;Cellinker;CellPhoneDB;CellTalkDB;ConnectomeDB2025;GO_Intercell;HGNC;HPA_secretome;ICELLNET;Kirouac2010;Matrisome;MatrixDB;OmniPath;UniProt_keyword;UniProt_location","47c971d2fbba4ecd0ba7485d1846a74054432a0d1a97ea3e6a79ae27d0da8094","5e4142df024fd4d5d64cc667299364982a51176076ae6a69e1069425530afafa","FROZEN_BEFORE_EXPRESSION_OUTCOMES","https://zenodo.org/records/7074291|https://omnipathdb.org/intercell"
"WNT9A","NicheNet lr_network_human_21122021.rds unique from","NicheNet human LR network 2021-12-21; Zenodo 7074291","NICHENET_AND_OMNIPATH_MAPPED",14,29,"YES","YES","YES","YES","OMNIPATH_SECRETED_ANNOTATION","CellCall;CellCellInteractions;CellChatDB;Cellinker;CellPhoneDB;connectomeDB2020;ConnectomeDB2025;GO_Intercell;HGNC;HPA_secretome;ICELLNET;Kirouac2010;LOCATE;Matrisome;MatrixDB;OmniPath;UniProt_keyword;UniProt_location","47c971d2fbba4ecd0ba7485d1846a74054432a0d1a97ea3e6a79ae27d0da8094","5e4142df024fd4d5d64cc667299364982a51176076ae6a69e1069425530afafa","FROZEN_BEFORE_EXPRESSION_OUTCOMES","https://zenodo.org/records/7074291|https://omnipathdb.org/intercell"
"WNT9B","NicheNet lr_network_human_21122021.rds unique from","NicheNet human LR network 2021-12-21; Zenodo 7074291","NICHENET_AND_OMNIPATH_MAPPED",13,28,"YES","YES","YES","YES","OMNIPATH_SECRETED_ANNOTATION","CellCall;CellCellInteractions;CellChatDB;Cellinker;CellPhoneDB;CellTalkDB;connectomeDB2020;ConnectomeDB2025;GO_Intercell;HGNC;HPA_secretome;ICELLNET;Kirouac2010;Matrisome;MatrixDB;OmniPath;UniProt_keyword;UniProt_location","47c971d2fbba4ecd0ba7485d1846a74054432a0d1a97ea3e6a79ae27d0da8094","5e4142df024fd4d5d64cc667299364982a51176076ae6a69e1069425530afafa","FROZEN_BEFORE_EXPRESSION_OUTCOMES","https://zenodo.org/records/7074291|https://omnipathdb.org/intercell"
"XCL1","NicheNet lr_network_human_21122021.rds unique from","NicheNet human LR network 2021-12-21; Zenodo 7074291","NICHENET_AND_OMNIPATH_MAPPED",2,38,"YES","YES","YES","YES","OMNIPATH_SECRETED_ANNOTATION","Baccin2019;CellCall;CellChatDB;Cellinker;CellPhoneDB;CellTalkDB;connectomeDB2020;ConnectomeDB2025;GO_Intercell;Guide2Pharma;HGNC;HPA_secretome;HPMR;ICELLNET;iTALK;Kirouac2010;LOCATE;LRdb;Matrisome;OmniPath;Ramilowski2015;scConnect;talklr;UniProt_keyword;UniProt_location","47c971d2fbba4ecd0ba7485d1846a74054432a0d1a97ea3e6a79ae27d0da8094","5e4142df024fd4d5d64cc667299364982a51176076ae6a69e1069425530afafa","FROZEN_BEFORE_EXPRESSION_OUTCOMES","https://zenodo.org/records/7074291|https://omnipathdb.org/intercell"
"XCL2","NicheNet lr_network_human_21122021.rds unique from","NicheNet human LR network 2021-12-21; Zenodo 7074291","NICHENET_AND_OMNIPATH_MAPPED",1,36,"YES","YES","YES","YES","OMNIPATH_SECRETED_ANNOTATION","Baccin2019;CellCall;CellChatDB;Cellinker;CellPhoneDB;CellTalkDB;connectomeDB2020;ConnectomeDB2025;GO_Intercell;Guide2Pharma;HGNC;HPA_secretome;ICELLNET;iTALK;Kirouac2010;LRdb;Matrisome;MatrixDB;OmniPath;Ramilowski2015;scConnect;talklr;UniProt_keyword;UniProt_location","47c971d2fbba4ecd0ba7485d1846a74054432a0d1a97ea3e6a79ae27d0da8094","5e4142df024fd4d5d64cc667299364982a51176076ae6a69e1069425530afafa","FROZEN_BEFORE_EXPRESSION_OUTCOMES","https://zenodo.org/records/7074291|https://omnipathdb.org/intercell"
"YARS1","NicheNet lr_network_human_21122021.rds unique from","NicheNet human LR network 2021-12-21; Zenodo 7074291","NICHENET_AND_OMNIPATH_MAPPED",1,7,"NO","NO","NO","YES","NO_OMNIPATH_SECRETED_ANNOTATION","ComPPI;GO_Intercell;LOCATE;OmniPath;UniProt_location","47c971d2fbba4ecd0ba7485d1846a74054432a0d1a97ea3e6a79ae27d0da8094","5e4142df024fd4d5d64cc667299364982a51176076ae6a69e1069425530afafa","FROZEN_BEFORE_EXPRESSION_OUTCOMES","https://zenodo.org/records/7074291|https://omnipathdb.org/intercell"
"ZDHHC5","NicheNet lr_network_human_21122021.rds unique from","NicheNet human LR network 2021-12-21; Zenodo 7074291","NICHENET_AND_OMNIPATH_MAPPED",1,18,"NO","YES","NO","NO","NO_OMNIPATH_SECRETED_ANNOTATION","ComPPI;CSPA;GO_Intercell;OmniPath;Phobius;Ramilowski_location;Surfaceome;UniProt_keyword;UniProt_location;UniProt_topology","47c971d2fbba4ecd0ba7485d1846a74054432a0d1a97ea3e6a79ae27d0da8094","5e4142df024fd4d5d64cc667299364982a51176076ae6a69e1069425530afafa","FROZEN_BEFORE_EXPRESSION_OUTCOMES","https://zenodo.org/records/7074291|https://omnipathdb.org/intercell"
"ZG16B","NicheNet lr_network_human_21122021.rds unique from","NicheNet human LR network 2021-12-21; Zenodo 7074291","NICHENET_AND_OMNIPATH_MAPPED",5,21,"YES","YES","YES","YES","OMNIPATH_SECRETED_ANNOTATION","Cellinker;ComPPI;connectomeDB2020;ConnectomeDB2025;GO_Intercell;HPA_secretome;OmniPath;Ramilowski_location;UniProt_keyword;UniProt_location","47c971d2fbba4ecd0ba7485d1846a74054432a0d1a97ea3e6a79ae27d0da8094","5e4142df024fd4d5d64cc667299364982a51176076ae6a69e1069425530afafa","FROZEN_BEFORE_EXPRESSION_OUTCOMES","https://zenodo.org/records/7074291|https://omnipathdb.org/intercell"
"ZNRF3","NicheNet lr_network_human_21122021.rds unique from","NicheNet human LR network 2021-12-21; Zenodo 7074291","NICHENET_AND_OMNIPATH_MAPPED",6,21,"NO","YES","NO","NO","NO_OMNIPATH_SECRETED_ANNOTATION","Almen2009;CellChatDB;Cellinker;connectomeDB2020;ConnectomeDB2025;Membranome;OmniPath;Phobius;Ramilowski_location;TopDB;UniProt_keyword;UniProt_location;UniProt_topology","47c971d2fbba4ecd0ba7485d1846a74054432a0d1a97ea3e6a79ae27d0da8094","5e4142df024fd4d5d64cc667299364982a51176076ae6a69e1069425530afafa","FROZEN_BEFORE_EXPRESSION_OUTCOMES","https://zenodo.org/records/7074291|https://omnipathdb.org/intercell"
"ZP3","NicheNet lr_network_human_21122021.rds unique from","NicheNet human LR network 2021-12-21; Zenodo 7074291","NICHENET_AND_OMNIPATH_MAPPED",3,48,"YES","YES","YES","YES","OMNIPATH_SECRETED_ANNOTATION","Almen2009;Baccin2019;CellCellInteractions;Cellinker;CellTalkDB;connectomeDB2020;ConnectomeDB2025;EMBRACE;GO_Intercell;HGNC;HPA_secretome;iTALK;LOCATE;LRdb;Matrisome;Membranome;OmniPath;Phobius;Ramilowski_location;Ramilowski2015;Surfaceome;talklr;TopDB;UniProt_keyword;UniProt_location;UniProt_topology","47c971d2fbba4ecd0ba7485d1846a74054432a0d1a97ea3e6a79ae27d0da8094","5e4142df024fd4d5d64cc667299364982a51176076ae6a69e1069425530afafa","FROZEN_BEFORE_EXPRESSION_OUTCOMES","https://zenodo.org/records/7074291|https://omnipathdb.org/intercell"
"ZPBP2","NicheNet lr_network_human_21122021.rds unique from","NicheNet human LR network 2021-12-21; Zenodo 7074291","NICHENET_AND_OMNIPATH_MAPPED",1,12,"YES","YES","YES","YES","OMNIPATH_SECRETED_ANNOTATION","Cellinker;GO_Intercell;HPA_secretome;MatrixDB;OmniPath;UniProt_keyword;UniProt_location","47c971d2fbba4ecd0ba7485d1846a74054432a0d1a97ea3e6a79ae27d0da8094","5e4142df024fd4d5d64cc667299364982a51176076ae6a69e1069425530afafa","FROZEN_BEFORE_EXPRESSION_OUTCOMES","https://zenodo.org/records/7074291|https://omnipathdb.org/intercell"
