gene,sender_evidence_level,baseline_datasets,licensing_dataset,gse182158_supported_donor_n,gse199071_supported_donor_n,total_supported_donor_n,baseline_classification,licensing_class,secreted_annotation,extracellular_annotation,P1_PARACRINE_CORE,P2_EXTRACELLULAR_EXTENDED,P3_FULL_LR_SENSITIVITY,primary_scope,protein_topology,topology_audit_status,huc_wj_msc_ev_protein_evidence,soluble_cm_protein_evidence,protein_source_classification,protein_evidence_datasets,phase4_eligible,phase4a_best_tier,manuscript_facing_sender_interpretation,source_url
ADAM12,S1,GSE182158;GSE199071,GSE117837,2,4,6,ROBUST_BASELINE_SENDER,LICENSING_CONSISTENT_UP,YES,YES,YES,YES,YES,P1_PARACRINE_CORE,NOT_AUDITED_PHASE4B_FROZEN17_ONLY,NOT_SYSTEMATICALLY_AUDITED,NOT_SYSTEMATICALLY_AUDITED,NOT_SYSTEMATICALLY_AUDITED,NOT_SYSTEMATICALLY_AUDITED,NOT_SYSTEMATICALLY_AUDITED,YES,TIER_C_EXTENDED_EXTRACELLULAR,TRANSCRIPTOMIC_SENDER; PROTEIN_SECRETION_NOT_SYSTEMATICALLY_TESTED,results/03_phase3/sender/frozen_phase4_sender_candidates.csv|results/04_phase4a/freeze/phase4_sender_scopes.csv|results/04_phase4b1/corrected_hucmsc_protein_source_evidence.csv
ANXA1,S1,GSE182158;GSE199071,GSE117837,2,4,6,ROBUST_BASELINE_SENDER,LICENSING_CONSISTENT_DOWN,YES,YES,YES,YES,YES,P1_PARACRINE_CORE,NOT_AUDITED_PHASE4B_FROZEN17_ONLY,NOT_SYSTEMATICALLY_AUDITED,NOT_SYSTEMATICALLY_AUDITED,NOT_SYSTEMATICALLY_AUDITED,NOT_SYSTEMATICALLY_AUDITED,NOT_SYSTEMATICALLY_AUDITED,YES,TIER_B_COMPATIBILITY_CANDIDATE,TRANSCRIPTOMIC_SENDER; PROTEIN_SECRETION_NOT_SYSTEMATICALLY_TESTED,results/03_phase3/sender/frozen_phase4_sender_candidates.csv|results/04_phase4a/freeze/phase4_sender_scopes.csv|results/04_phase4b1/corrected_hucmsc_protein_source_evidence.csv
B2M,S1,GSE182158;GSE199071,GSE117837,2,4,6,ROBUST_BASELINE_SENDER,LICENSING_CONSISTENT_UP,YES,YES,YES,YES,YES,P1_PARACRINE_CORE,NOT_AUDITED_PHASE4B_FROZEN17_ONLY,NOT_SYSTEMATICALLY_AUDITED,NOT_SYSTEMATICALLY_AUDITED,NOT_SYSTEMATICALLY_AUDITED,NOT_SYSTEMATICALLY_AUDITED,NOT_SYSTEMATICALLY_AUDITED,YES,TIER_B_COMPATIBILITY_CANDIDATE,TRANSCRIPTOMIC_SENDER; PROTEIN_SECRETION_NOT_SYSTEMATICALLY_TESTED,results/03_phase3/sender/frozen_phase4_sender_candidates.csv|results/04_phase4a/freeze/phase4_sender_scopes.csv|results/04_phase4b1/corrected_hucmsc_protein_source_evidence.csv
BTN2A1,S1,GSE182158;GSE199071,GSE117837,2,4,6,ROBUST_BASELINE_SENDER,LICENSING_CONSISTENT_UP,NO,YES,NO,YES,YES,P2_EXTRACELLULAR_EXTENDED,NOT_AUDITED_PHASE4B_FROZEN17_ONLY,NOT_SYSTEMATICALLY_AUDITED,NOT_SYSTEMATICALLY_AUDITED,NOT_SYSTEMATICALLY_AUDITED,NOT_SYSTEMATICALLY_AUDITED,NOT_SYSTEMATICALLY_AUDITED,YES,NOT_PRIORITIZED,TRANSCRIPTOMIC_SENDER; PROTEIN_SECRETION_NOT_SYSTEMATICALLY_TESTED,results/03_phase3/sender/frozen_phase4_sender_candidates.csv|results/04_phase4a/freeze/phase4_sender_scopes.csv|results/04_phase4b1/corrected_hucmsc_protein_source_evidence.csv
CCL2,S1,GSE182158;GSE199071,GSE117837,2,4,6,ROBUST_BASELINE_SENDER,LICENSING_CONSISTENT_UP,YES,YES,YES,YES,YES,P1_PARACRINE_CORE,NOT_AUDITED_PHASE4B_FROZEN17_ONLY,NOT_SYSTEMATICALLY_AUDITED,NOT_SYSTEMATICALLY_AUDITED,NOT_SYSTEMATICALLY_AUDITED,NOT_SYSTEMATICALLY_AUDITED,NOT_SYSTEMATICALLY_AUDITED,YES,TIER_B_COMPATIBILITY_CANDIDATE,TRANSCRIPTOMIC_SENDER; PROTEIN_SECRETION_NOT_SYSTEMATICALLY_TESTED,results/03_phase3/sender/frozen_phase4_sender_candidates.csv|results/04_phase4a/freeze/phase4_sender_scopes.csv|results/04_phase4b1/corrected_hucmsc_protein_source_evidence.csv
CD58,S1,GSE182158;GSE199071,GSE117837,2,4,6,ROBUST_BASELINE_SENDER,LICENSING_CONSISTENT_UP,NO,YES,NO,YES,YES,P2_EXTRACELLULAR_EXTENDED,NOT_AUDITED_PHASE4B_FROZEN17_ONLY,NOT_SYSTEMATICALLY_AUDITED,NOT_SYSTEMATICALLY_AUDITED,NOT_SYSTEMATICALLY_AUDITED,NOT_SYSTEMATICALLY_AUDITED,NOT_SYSTEMATICALLY_AUDITED,YES,TIER_B_COMPATIBILITY_CANDIDATE,TRANSCRIPTOMIC_SENDER; PROTEIN_SECRETION_NOT_SYSTEMATICALLY_TESTED,results/03_phase3/sender/frozen_phase4_sender_candidates.csv|results/04_phase4a/freeze/phase4_sender_scopes.csv|results/04_phase4b1/corrected_hucmsc_protein_source_evidence.csv
CD82,S1,GSE182158;GSE199071,GSE117837,2,3,5,ROBUST_BASELINE_SENDER,LICENSING_CONSISTENT_UP,NO,YES,NO,YES,YES,P2_EXTRACELLULAR_EXTENDED,NOT_AUDITED_PHASE4B_FROZEN17_ONLY,NOT_SYSTEMATICALLY_AUDITED,NOT_SYSTEMATICALLY_AUDITED,NOT_SYSTEMATICALLY_AUDITED,NOT_SYSTEMATICALLY_AUDITED,NOT_SYSTEMATICALLY_AUDITED,YES,TIER_C_EXTENDED_EXTRACELLULAR,TRANSCRIPTOMIC_SENDER; PROTEIN_SECRETION_NOT_SYSTEMATICALLY_TESTED,results/03_phase3/sender/frozen_phase4_sender_candidates.csv|results/04_phase4a/freeze/phase4_sender_scopes.csv|results/04_phase4b1/corrected_hucmsc_protein_source_evidence.csv
CD9,S1,GSE182158;GSE199071,GSE117837,2,4,6,ROBUST_BASELINE_SENDER,LICENSING_CONSISTENT_DOWN,YES,YES,YES,YES,YES,P1_PARACRINE_CORE,NOT_AUDITED_PHASE4B_FROZEN17_ONLY,NOT_SYSTEMATICALLY_AUDITED,NOT_SYSTEMATICALLY_AUDITED,NOT_SYSTEMATICALLY_AUDITED,NOT_SYSTEMATICALLY_AUDITED,NOT_SYSTEMATICALLY_AUDITED,YES,TIER_B_COMPATIBILITY_CANDIDATE,TRANSCRIPTOMIC_SENDER; PROTEIN_SECRETION_NOT_SYSTEMATICALLY_TESTED,results/03_phase3/sender/frozen_phase4_sender_candidates.csv|results/04_phase4a/freeze/phase4_sender_scopes.csv|results/04_phase4b1/corrected_hucmsc_protein_source_evidence.csv
CDH13,S1,GSE182158;GSE199071,GSE117837,2,4,6,ROBUST_BASELINE_SENDER,LICENSING_CONSISTENT_DOWN,NO,YES,NO,YES,YES,P2_EXTRACELLULAR_EXTENDED,NOT_AUDITED_PHASE4B_FROZEN17_ONLY,NOT_SYSTEMATICALLY_AUDITED,NOT_SYSTEMATICALLY_AUDITED,NOT_SYSTEMATICALLY_AUDITED,NOT_SYSTEMATICALLY_AUDITED,NOT_SYSTEMATICALLY_AUDITED,YES,NOT_PRIORITIZED,TRANSCRIPTOMIC_SENDER; PROTEIN_SECRETION_NOT_SYSTEMATICALLY_TESTED,results/03_phase3/sender/frozen_phase4_sender_candidates.csv|results/04_phase4a/freeze/phase4_sender_scopes.csv|results/04_phase4b1/corrected_hucmsc_protein_source_evidence.csv
CFH,S1,GSE182158;GSE199071,GSE117837,2,3,5,ROBUST_BASELINE_SENDER,LICENSING_CONSISTENT_UP,YES,YES,YES,YES,YES,P1_PARACRINE_CORE,NOT_AUDITED_PHASE4B_FROZEN17_ONLY,NOT_SYSTEMATICALLY_AUDITED,NOT_SYSTEMATICALLY_AUDITED,NOT_SYSTEMATICALLY_AUDITED,NOT_SYSTEMATICALLY_AUDITED,NOT_SYSTEMATICALLY_AUDITED,YES,TIER_B_COMPATIBILITY_CANDIDATE,TRANSCRIPTOMIC_SENDER; PROTEIN_SECRETION_NOT_SYSTEMATICALLY_TESTED,results/03_phase3/sender/frozen_phase4_sender_candidates.csv|results/04_phase4a/freeze/phase4_sender_scopes.csv|results/04_phase4b1/corrected_hucmsc_protein_source_evidence.csv
CLDN11,S1,GSE182158;GSE199071,GSE117837,2,4,6,ROBUST_BASELINE_SENDER,LICENSING_CONSISTENT_DOWN,NO,NO,NO,NO,YES,P3_FULL_LR_SENSITIVITY,NOT_AUDITED_PHASE4B_FROZEN17_ONLY,NOT_SYSTEMATICALLY_AUDITED,NOT_SYSTEMATICALLY_AUDITED,NOT_SYSTEMATICALLY_AUDITED,NOT_SYSTEMATICALLY_AUDITED,NOT_SYSTEMATICALLY_AUDITED,YES,NOT_PRIORITIZED,TRANSCRIPTOMIC_SENDER; PROTEIN_SECRETION_NOT_SYSTEMATICALLY_TESTED,results/03_phase3/sender/frozen_phase4_sender_candidates.csv|results/04_phase4a/freeze/phase4_sender_scopes.csv|results/04_phase4b1/corrected_hucmsc_protein_source_evidence.csv
COL1A1,S1,GSE182158;GSE199071,GSE117837,2,4,6,ROBUST_BASELINE_SENDER,LICENSING_CONSISTENT_DOWN,YES,YES,YES,YES,YES,P1_PARACRINE_CORE,NOT_AUDITED_PHASE4B_FROZEN17_ONLY,NOT_SYSTEMATICALLY_AUDITED,NOT_SYSTEMATICALLY_AUDITED,NOT_SYSTEMATICALLY_AUDITED,NOT_SYSTEMATICALLY_AUDITED,NOT_SYSTEMATICALLY_AUDITED,YES,TIER_C_EXTENDED_EXTRACELLULAR,TRANSCRIPTOMIC_SENDER; PROTEIN_SECRETION_NOT_SYSTEMATICALLY_TESTED,results/03_phase3/sender/frozen_phase4_sender_candidates.csv|results/04_phase4a/freeze/phase4_sender_scopes.csv|results/04_phase4b1/corrected_hucmsc_protein_source_evidence.csv
CXCL5,S1,GSE182158;GSE199071,GSE117837,2,4,6,ROBUST_BASELINE_SENDER,LICENSING_CONSISTENT_UP,YES,YES,YES,YES,YES,P1_PARACRINE_CORE,NOT_AUDITED_PHASE4B_FROZEN17_ONLY,NOT_SYSTEMATICALLY_AUDITED,NOT_SYSTEMATICALLY_AUDITED,NOT_SYSTEMATICALLY_AUDITED,NOT_SYSTEMATICALLY_AUDITED,NOT_SYSTEMATICALLY_AUDITED,YES,TIER_B_COMPATIBILITY_CANDIDATE,TRANSCRIPTOMIC_SENDER; PROTEIN_SECRETION_NOT_SYSTEMATICALLY_TESTED,results/03_phase3/sender/frozen_phase4_sender_candidates.csv|results/04_phase4a/freeze/phase4_sender_scopes.csv|results/04_phase4b1/corrected_hucmsc_protein_source_evidence.csv
DCN,S1,GSE182158;GSE199071,GSE117837,2,4,6,ROBUST_BASELINE_SENDER,LICENSING_CONSISTENT_UP,YES,YES,YES,YES,YES,P1_PARACRINE_CORE,ECM_ASSOCIATED,AUDITED_FROZEN17,YES,NO,HUCMSC_EV_PROTEIN_DIRECT,FIGUEROA2025_SUPP;PXD020948;PXD056371;YU2024_SUPP,YES,TIER_A_DIRECTIONAL_RESCUE_CANDIDATE,TRANSCRIPTOMIC_SENDER_WITH_FROZEN_PHASE4B_PROTEIN_AUDIT,results/03_phase3/sender/frozen_phase4_sender_candidates.csv|results/04_phase4a/freeze/phase4_sender_scopes.csv|results/04_phase4b1/corrected_hucmsc_protein_source_evidence.csv
FGF2,S1,GSE182158;GSE199071,GSE117837,2,4,6,ROBUST_BASELINE_SENDER,LICENSING_CONSISTENT_UP,YES,YES,YES,YES,YES,P1_PARACRINE_CORE,NOT_AUDITED_PHASE4B_FROZEN17_ONLY,NOT_SYSTEMATICALLY_AUDITED,NOT_SYSTEMATICALLY_AUDITED,NOT_SYSTEMATICALLY_AUDITED,NOT_SYSTEMATICALLY_AUDITED,NOT_SYSTEMATICALLY_AUDITED,YES,TIER_C_EXTENDED_EXTRACELLULAR,TRANSCRIPTOMIC_SENDER; PROTEIN_SECRETION_NOT_SYSTEMATICALLY_TESTED,results/03_phase3/sender/frozen_phase4_sender_candidates.csv|results/04_phase4a/freeze/phase4_sender_scopes.csv|results/04_phase4b1/corrected_hucmsc_protein_source_evidence.csv
HLA-A,S1,GSE182158;GSE199071,GSE117837,2,4,6,ROBUST_BASELINE_SENDER,LICENSING_CONSISTENT_UP,NO,YES,NO,YES,YES,P2_EXTRACELLULAR_EXTENDED,NOT_AUDITED_PHASE4B_FROZEN17_ONLY,NOT_SYSTEMATICALLY_AUDITED,NOT_SYSTEMATICALLY_AUDITED,NOT_SYSTEMATICALLY_AUDITED,NOT_SYSTEMATICALLY_AUDITED,NOT_SYSTEMATICALLY_AUDITED,YES,TIER_B_COMPATIBILITY_CANDIDATE,TRANSCRIPTOMIC_SENDER; PROTEIN_SECRETION_NOT_SYSTEMATICALLY_TESTED,results/03_phase3/sender/frozen_phase4_sender_candidates.csv|results/04_phase4a/freeze/phase4_sender_scopes.csv|results/04_phase4b1/corrected_hucmsc_protein_source_evidence.csv
HLA-B,S1,GSE182158;GSE199071,GSE117837,2,4,6,ROBUST_BASELINE_SENDER,LICENSING_CONSISTENT_UP,NO,YES,NO,YES,YES,P2_EXTRACELLULAR_EXTENDED,NOT_AUDITED_PHASE4B_FROZEN17_ONLY,NOT_SYSTEMATICALLY_AUDITED,NOT_SYSTEMATICALLY_AUDITED,NOT_SYSTEMATICALLY_AUDITED,NOT_SYSTEMATICALLY_AUDITED,NOT_SYSTEMATICALLY_AUDITED,YES,TIER_B_COMPATIBILITY_CANDIDATE,TRANSCRIPTOMIC_SENDER; PROTEIN_SECRETION_NOT_SYSTEMATICALLY_TESTED,results/03_phase3/sender/frozen_phase4_sender_candidates.csv|results/04_phase4a/freeze/phase4_sender_scopes.csv|results/04_phase4b1/corrected_hucmsc_protein_source_evidence.csv
HLA-C,S1,GSE182158;GSE199071,GSE117837,2,4,6,ROBUST_BASELINE_SENDER,LICENSING_CONSISTENT_UP,NO,YES,NO,YES,YES,P2_EXTRACELLULAR_EXTENDED,NOT_AUDITED_PHASE4B_FROZEN17_ONLY,NOT_SYSTEMATICALLY_AUDITED,NOT_SYSTEMATICALLY_AUDITED,NOT_SYSTEMATICALLY_AUDITED,NOT_SYSTEMATICALLY_AUDITED,NOT_SYSTEMATICALLY_AUDITED,YES,TIER_B_COMPATIBILITY_CANDIDATE,TRANSCRIPTOMIC_SENDER; PROTEIN_SECRETION_NOT_SYSTEMATICALLY_TESTED,results/03_phase3/sender/frozen_phase4_sender_candidates.csv|results/04_phase4a/freeze/phase4_sender_scopes.csv|results/04_phase4b1/corrected_hucmsc_protein_source_evidence.csv
HLA-E,S1,GSE182158;GSE199071,GSE117837,2,4,6,ROBUST_BASELINE_SENDER,LICENSING_CONSISTENT_UP,YES,YES,YES,YES,YES,P1_PARACRINE_CORE,NOT_AUDITED_PHASE4B_FROZEN17_ONLY,NOT_SYSTEMATICALLY_AUDITED,NOT_SYSTEMATICALLY_AUDITED,NOT_SYSTEMATICALLY_AUDITED,NOT_SYSTEMATICALLY_AUDITED,NOT_SYSTEMATICALLY_AUDITED,YES,NOT_PRIORITIZED,TRANSCRIPTOMIC_SENDER; PROTEIN_SECRETION_NOT_SYSTEMATICALLY_TESTED,results/03_phase3/sender/frozen_phase4_sender_candidates.csv|results/04_phase4a/freeze/phase4_sender_scopes.csv|results/04_phase4b1/corrected_hucmsc_protein_source_evidence.csv
IL15,S1,GSE182158;GSE199071,GSE117837,2,3,5,ROBUST_BASELINE_SENDER,LICENSING_CONSISTENT_UP,YES,YES,YES,YES,YES,P1_PARACRINE_CORE,NOT_AUDITED_PHASE4B_FROZEN17_ONLY,NOT_SYSTEMATICALLY_AUDITED,NOT_SYSTEMATICALLY_AUDITED,NOT_SYSTEMATICALLY_AUDITED,NOT_SYSTEMATICALLY_AUDITED,NOT_SYSTEMATICALLY_AUDITED,YES,TIER_B_COMPATIBILITY_CANDIDATE,TRANSCRIPTOMIC_SENDER; PROTEIN_SECRETION_NOT_SYSTEMATICALLY_TESTED,results/03_phase3/sender/frozen_phase4_sender_candidates.csv|results/04_phase4a/freeze/phase4_sender_scopes.csv|results/04_phase4b1/corrected_hucmsc_protein_source_evidence.csv
LAMB1,S1,GSE182158;GSE199071,GSE117837,2,4,6,ROBUST_BASELINE_SENDER,LICENSING_CONSISTENT_DOWN,YES,YES,YES,YES,YES,P1_PARACRINE_CORE,NOT_AUDITED_PHASE4B_FROZEN17_ONLY,NOT_SYSTEMATICALLY_AUDITED,NOT_SYSTEMATICALLY_AUDITED,NOT_SYSTEMATICALLY_AUDITED,NOT_SYSTEMATICALLY_AUDITED,NOT_SYSTEMATICALLY_AUDITED,YES,TIER_C_EXTENDED_EXTRACELLULAR,TRANSCRIPTOMIC_SENDER; PROTEIN_SECRETION_NOT_SYSTEMATICALLY_TESTED,results/03_phase3/sender/frozen_phase4_sender_candidates.csv|results/04_phase4a/freeze/phase4_sender_scopes.csv|results/04_phase4b1/corrected_hucmsc_protein_source_evidence.csv
LGALS3BP,S1,GSE182158;GSE199071,GSE117837,2,4,6,ROBUST_BASELINE_SENDER,LICENSING_CONSISTENT_UP,YES,YES,YES,YES,YES,P1_PARACRINE_CORE,NOT_AUDITED_PHASE4B_FROZEN17_ONLY,NOT_SYSTEMATICALLY_AUDITED,NOT_SYSTEMATICALLY_AUDITED,NOT_SYSTEMATICALLY_AUDITED,NOT_SYSTEMATICALLY_AUDITED,NOT_SYSTEMATICALLY_AUDITED,YES,TIER_B_COMPATIBILITY_CANDIDATE,TRANSCRIPTOMIC_SENDER; PROTEIN_SECRETION_NOT_SYSTEMATICALLY_TESTED,results/03_phase3/sender/frozen_phase4_sender_candidates.csv|results/04_phase4a/freeze/phase4_sender_scopes.csv|results/04_phase4b1/corrected_hucmsc_protein_source_evidence.csv
MDK,S1,GSE182158;GSE199071,GSE117837,2,4,6,ROBUST_BASELINE_SENDER,LICENSING_CONSISTENT_UP,YES,YES,YES,YES,YES,P1_PARACRINE_CORE,CANONICAL_SOLUBLE_SECRETED,AUDITED_FROZEN17,YES,NO,HUCMSC_EV_PROTEIN_DIRECT,PXD020948;PXD056371,YES,TIER_A_DIRECTIONAL_RESCUE_CANDIDATE,TRANSCRIPTOMIC_SENDER_WITH_FROZEN_PHASE4B_PROTEIN_AUDIT,results/03_phase3/sender/frozen_phase4_sender_candidates.csv|results/04_phase4a/freeze/phase4_sender_scopes.csv|results/04_phase4b1/corrected_hucmsc_protein_source_evidence.csv
MSN,S1,GSE182158;GSE199071,GSE117837,2,4,6,ROBUST_BASELINE_SENDER,LICENSING_CONSISTENT_UP,NO,YES,NO,YES,YES,P2_EXTRACELLULAR_EXTENDED,NOT_AUDITED_PHASE4B_FROZEN17_ONLY,NOT_SYSTEMATICALLY_AUDITED,NOT_SYSTEMATICALLY_AUDITED,NOT_SYSTEMATICALLY_AUDITED,NOT_SYSTEMATICALLY_AUDITED,NOT_SYSTEMATICALLY_AUDITED,YES,TIER_B_COMPATIBILITY_CANDIDATE,TRANSCRIPTOMIC_SENDER; PROTEIN_SECRETION_NOT_SYSTEMATICALLY_TESTED,results/03_phase3/sender/frozen_phase4_sender_candidates.csv|results/04_phase4a/freeze/phase4_sender_scopes.csv|results/04_phase4b1/corrected_hucmsc_protein_source_evidence.csv
MXRA8,S1,GSE182158;GSE199071,GSE117837,2,4,6,ROBUST_BASELINE_SENDER,LICENSING_CONSISTENT_DOWN,NO,NO,NO,NO,YES,P3_FULL_LR_SENSITIVITY,NOT_AUDITED_PHASE4B_FROZEN17_ONLY,NOT_SYSTEMATICALLY_AUDITED,NOT_SYSTEMATICALLY_AUDITED,NOT_SYSTEMATICALLY_AUDITED,NOT_SYSTEMATICALLY_AUDITED,NOT_SYSTEMATICALLY_AUDITED,YES,TIER_B_COMPATIBILITY_CANDIDATE,TRANSCRIPTOMIC_SENDER; PROTEIN_SECRETION_NOT_SYSTEMATICALLY_TESTED,results/03_phase3/sender/frozen_phase4_sender_candidates.csv|results/04_phase4a/freeze/phase4_sender_scopes.csv|results/04_phase4b1/corrected_hucmsc_protein_source_evidence.csv
NAMPT,S1,GSE182158;GSE199071,GSE117837,2,4,6,ROBUST_BASELINE_SENDER,LICENSING_CONSISTENT_UP,YES,YES,YES,YES,YES,P1_PARACRINE_CORE,INTRACELLULAR_OR_QUESTIONABLE_PARACRINE,AUDITED_FROZEN17,YES,NO,HUCMSC_EV_PROTEIN_DIRECT,PXD056371;YU2024_SUPP,YES,TIER_A_DIRECTIONAL_RESCUE_CANDIDATE,TRANSCRIPTOMIC_SENDER_WITH_FROZEN_PHASE4B_PROTEIN_AUDIT,results/03_phase3/sender/frozen_phase4_sender_candidates.csv|results/04_phase4a/freeze/phase4_sender_scopes.csv|results/04_phase4b1/corrected_hucmsc_protein_source_evidence.csv
NID2,S1,GSE182158;GSE199071,GSE117837,2,4,6,ROBUST_BASELINE_SENDER,LICENSING_CONSISTENT_DOWN,YES,YES,YES,YES,YES,P1_PARACRINE_CORE,NOT_AUDITED_PHASE4B_FROZEN17_ONLY,NOT_SYSTEMATICALLY_AUDITED,NOT_SYSTEMATICALLY_AUDITED,NOT_SYSTEMATICALLY_AUDITED,NOT_SYSTEMATICALLY_AUDITED,NOT_SYSTEMATICALLY_AUDITED,YES,NOT_PRIORITIZED,TRANSCRIPTOMIC_SENDER; PROTEIN_SECRETION_NOT_SYSTEMATICALLY_TESTED,results/03_phase3/sender/frozen_phase4_sender_candidates.csv|results/04_phase4a/freeze/phase4_sender_scopes.csv|results/04_phase4b1/corrected_hucmsc_protein_source_evidence.csv
PDGFC,S1,GSE182158;GSE199071,GSE117837,2,4,6,ROBUST_BASELINE_SENDER,LICENSING_CONSISTENT_DOWN,YES,YES,YES,YES,YES,P1_PARACRINE_CORE,NOT_AUDITED_PHASE4B_FROZEN17_ONLY,NOT_SYSTEMATICALLY_AUDITED,NOT_SYSTEMATICALLY_AUDITED,NOT_SYSTEMATICALLY_AUDITED,NOT_SYSTEMATICALLY_AUDITED,NOT_SYSTEMATICALLY_AUDITED,YES,TIER_C_EXTENDED_EXTRACELLULAR,TRANSCRIPTOMIC_SENDER; PROTEIN_SECRETION_NOT_SYSTEMATICALLY_TESTED,results/03_phase3/sender/frozen_phase4_sender_candidates.csv|results/04_phase4a/freeze/phase4_sender_scopes.csv|results/04_phase4b1/corrected_hucmsc_protein_source_evidence.csv
PTN,S1,GSE182158;GSE199071,GSE117837,2,4,6,ROBUST_BASELINE_SENDER,LICENSING_CONSISTENT_UP,YES,YES,YES,YES,YES,P1_PARACRINE_CORE,NOT_AUDITED_PHASE4B_FROZEN17_ONLY,NOT_SYSTEMATICALLY_AUDITED,NOT_SYSTEMATICALLY_AUDITED,NOT_SYSTEMATICALLY_AUDITED,NOT_SYSTEMATICALLY_AUDITED,NOT_SYSTEMATICALLY_AUDITED,YES,TIER_B_COMPATIBILITY_CANDIDATE,TRANSCRIPTOMIC_SENDER; PROTEIN_SECRETION_NOT_SYSTEMATICALLY_TESTED,results/03_phase3/sender/frozen_phase4_sender_candidates.csv|results/04_phase4a/freeze/phase4_sender_scopes.csv|results/04_phase4b1/corrected_hucmsc_protein_source_evidence.csv
ROBO1,S1,GSE182158;GSE199071,GSE117837,2,4,6,ROBUST_BASELINE_SENDER,LICENSING_CONSISTENT_UP,NO,YES,NO,YES,YES,P2_EXTRACELLULAR_EXTENDED,NOT_AUDITED_PHASE4B_FROZEN17_ONLY,NOT_SYSTEMATICALLY_AUDITED,NOT_SYSTEMATICALLY_AUDITED,NOT_SYSTEMATICALLY_AUDITED,NOT_SYSTEMATICALLY_AUDITED,NOT_SYSTEMATICALLY_AUDITED,YES,NOT_PRIORITIZED,TRANSCRIPTOMIC_SENDER; PROTEIN_SECRETION_NOT_SYSTEMATICALLY_TESTED,results/03_phase3/sender/frozen_phase4_sender_candidates.csv|results/04_phase4a/freeze/phase4_sender_scopes.csv|results/04_phase4b1/corrected_hucmsc_protein_source_evidence.csv
SDC2,S1,GSE182158;GSE199071,GSE117837,2,4,6,ROBUST_BASELINE_SENDER,LICENSING_CONSISTENT_DOWN,NO,YES,NO,YES,YES,P2_EXTRACELLULAR_EXTENDED,NOT_AUDITED_PHASE4B_FROZEN17_ONLY,NOT_SYSTEMATICALLY_AUDITED,NOT_SYSTEMATICALLY_AUDITED,NOT_SYSTEMATICALLY_AUDITED,NOT_SYSTEMATICALLY_AUDITED,NOT_SYSTEMATICALLY_AUDITED,YES,TIER_B_COMPATIBILITY_CANDIDATE,TRANSCRIPTOMIC_SENDER; PROTEIN_SECRETION_NOT_SYSTEMATICALLY_TESTED,results/03_phase3/sender/frozen_phase4_sender_candidates.csv|results/04_phase4a/freeze/phase4_sender_scopes.csv|results/04_phase4b1/corrected_hucmsc_protein_source_evidence.csv
SERPINE1,S1,GSE182158;GSE199071,GSE117837,2,4,6,ROBUST_BASELINE_SENDER,LICENSING_CONSISTENT_UP,YES,YES,YES,YES,YES,P1_PARACRINE_CORE,CANONICAL_SOLUBLE_SECRETED,AUDITED_FROZEN17,YES,NO,HUCMSC_EV_PROTEIN_DIRECT,FIGUEROA2025_SUPP;PXD020948;PXD056371;YU2024_SUPP,YES,TIER_A_DIRECTIONAL_RESCUE_CANDIDATE,TRANSCRIPTOMIC_SENDER_WITH_FROZEN_PHASE4B_PROTEIN_AUDIT,results/03_phase3/sender/frozen_phase4_sender_candidates.csv|results/04_phase4a/freeze/phase4_sender_scopes.csv|results/04_phase4b1/corrected_hucmsc_protein_source_evidence.csv
SLIT2,S1,GSE182158;GSE199071,GSE117837,2,4,6,ROBUST_BASELINE_SENDER,LICENSING_CONSISTENT_UP,YES,YES,YES,YES,YES,P1_PARACRINE_CORE,NOT_AUDITED_PHASE4B_FROZEN17_ONLY,NOT_SYSTEMATICALLY_AUDITED,NOT_SYSTEMATICALLY_AUDITED,NOT_SYSTEMATICALLY_AUDITED,NOT_SYSTEMATICALLY_AUDITED,NOT_SYSTEMATICALLY_AUDITED,YES,TIER_C_EXTENDED_EXTRACELLULAR,TRANSCRIPTOMIC_SENDER; PROTEIN_SECRETION_NOT_SYSTEMATICALLY_TESTED,results/03_phase3/sender/frozen_phase4_sender_candidates.csv|results/04_phase4a/freeze/phase4_sender_scopes.csv|results/04_phase4b1/corrected_hucmsc_protein_source_evidence.csv
SPON2,S1,GSE182158;GSE199071,GSE117837,2,4,6,ROBUST_BASELINE_SENDER,LICENSING_CONSISTENT_DOWN,YES,YES,YES,YES,YES,P1_PARACRINE_CORE,NOT_AUDITED_PHASE4B_FROZEN17_ONLY,NOT_SYSTEMATICALLY_AUDITED,NOT_SYSTEMATICALLY_AUDITED,NOT_SYSTEMATICALLY_AUDITED,NOT_SYSTEMATICALLY_AUDITED,NOT_SYSTEMATICALLY_AUDITED,YES,TIER_B_COMPATIBILITY_CANDIDATE,TRANSCRIPTOMIC_SENDER; PROTEIN_SECRETION_NOT_SYSTEMATICALLY_TESTED,results/03_phase3/sender/frozen_phase4_sender_candidates.csv|results/04_phase4a/freeze/phase4_sender_scopes.csv|results/04_phase4b1/corrected_hucmsc_protein_source_evidence.csv
TCTN1,S1,GSE182158;GSE199071,GSE117837,2,4,6,ROBUST_BASELINE_SENDER,LICENSING_CONSISTENT_DOWN,YES,YES,YES,YES,YES,P1_PARACRINE_CORE,NOT_AUDITED_PHASE4B_FROZEN17_ONLY,NOT_SYSTEMATICALLY_AUDITED,NOT_SYSTEMATICALLY_AUDITED,NOT_SYSTEMATICALLY_AUDITED,NOT_SYSTEMATICALLY_AUDITED,NOT_SYSTEMATICALLY_AUDITED,YES,TIER_B_COMPATIBILITY_CANDIDATE,TRANSCRIPTOMIC_SENDER; PROTEIN_SECRETION_NOT_SYSTEMATICALLY_TESTED,results/03_phase3/sender/frozen_phase4_sender_candidates.csv|results/04_phase4a/freeze/phase4_sender_scopes.csv|results/04_phase4b1/corrected_hucmsc_protein_source_evidence.csv
THBS2,S1,GSE182158;GSE199071,GSE117837,2,4,6,ROBUST_BASELINE_SENDER,LICENSING_CONSISTENT_DOWN,YES,YES,YES,YES,YES,P1_PARACRINE_CORE,NOT_AUDITED_PHASE4B_FROZEN17_ONLY,NOT_SYSTEMATICALLY_AUDITED,NOT_SYSTEMATICALLY_AUDITED,NOT_SYSTEMATICALLY_AUDITED,NOT_SYSTEMATICALLY_AUDITED,NOT_SYSTEMATICALLY_AUDITED,YES,TIER_C_EXTENDED_EXTRACELLULAR,TRANSCRIPTOMIC_SENDER; PROTEIN_SECRETION_NOT_SYSTEMATICALLY_TESTED,results/03_phase3/sender/frozen_phase4_sender_candidates.csv|results/04_phase4a/freeze/phase4_sender_scopes.csv|results/04_phase4b1/corrected_hucmsc_protein_source_evidence.csv
TSPAN5,S1,GSE182158;GSE199071,GSE117837,2,4,6,ROBUST_BASELINE_SENDER,LICENSING_CONSISTENT_DOWN,NO,YES,NO,YES,YES,P2_EXTRACELLULAR_EXTENDED,NOT_AUDITED_PHASE4B_FROZEN17_ONLY,NOT_SYSTEMATICALLY_AUDITED,NOT_SYSTEMATICALLY_AUDITED,NOT_SYSTEMATICALLY_AUDITED,NOT_SYSTEMATICALLY_AUDITED,NOT_SYSTEMATICALLY_AUDITED,YES,TIER_B_COMPATIBILITY_CANDIDATE,TRANSCRIPTOMIC_SENDER; PROTEIN_SECRETION_NOT_SYSTEMATICALLY_TESTED,results/03_phase3/sender/frozen_phase4_sender_candidates.csv|results/04_phase4a/freeze/phase4_sender_scopes.csv|results/04_phase4b1/corrected_hucmsc_protein_source_evidence.csv
VEGFC,S1,GSE182158;GSE199071,GSE117837,2,4,6,ROBUST_BASELINE_SENDER,LICENSING_CONSISTENT_UP,YES,YES,YES,YES,YES,P1_PARACRINE_CORE,NOT_AUDITED_PHASE4B_FROZEN17_ONLY,NOT_SYSTEMATICALLY_AUDITED,NOT_SYSTEMATICALLY_AUDITED,NOT_SYSTEMATICALLY_AUDITED,NOT_SYSTEMATICALLY_AUDITED,NOT_SYSTEMATICALLY_AUDITED,YES,TIER_B_COMPATIBILITY_CANDIDATE,TRANSCRIPTOMIC_SENDER; PROTEIN_SECRETION_NOT_SYSTEMATICALLY_TESTED,results/03_phase3/sender/frozen_phase4_sender_candidates.csv|results/04_phase4a/freeze/phase4_sender_scopes.csv|results/04_phase4b1/corrected_hucmsc_protein_source_evidence.csv
ADAM10,S2,GSE182158;GSE199071,GSE117837,2,4,6,ROBUST_BASELINE_SENDER,NO_CLEAR_LICENSING_EFFECT,NO,YES,NO,YES,YES,P2_EXTRACELLULAR_EXTENDED,NOT_AUDITED_PHASE4B_FROZEN17_ONLY,NOT_SYSTEMATICALLY_AUDITED,NOT_SYSTEMATICALLY_AUDITED,NOT_SYSTEMATICALLY_AUDITED,NOT_SYSTEMATICALLY_AUDITED,NOT_SYSTEMATICALLY_AUDITED,YES,TIER_B_COMPATIBILITY_CANDIDATE,TRANSCRIPTOMIC_SENDER; PROTEIN_SECRETION_NOT_SYSTEMATICALLY_TESTED,results/03_phase3/sender/frozen_phase4_sender_candidates.csv|results/04_phase4a/freeze/phase4_sender_scopes.csv|results/04_phase4b1/corrected_hucmsc_protein_source_evidence.csv
ADAM15,S2,GSE182158;GSE199071,GSE117837,2,4,6,ROBUST_BASELINE_SENDER,PASSAGE_DEPENDENT,NO,YES,NO,YES,YES,P2_EXTRACELLULAR_EXTENDED,NOT_AUDITED_PHASE4B_FROZEN17_ONLY,NOT_SYSTEMATICALLY_AUDITED,NOT_SYSTEMATICALLY_AUDITED,NOT_SYSTEMATICALLY_AUDITED,NOT_SYSTEMATICALLY_AUDITED,NOT_SYSTEMATICALLY_AUDITED,YES,TIER_C_EXTENDED_EXTRACELLULAR,TRANSCRIPTOMIC_SENDER; PROTEIN_SECRETION_NOT_SYSTEMATICALLY_TESTED,results/03_phase3/sender/frozen_phase4_sender_candidates.csv|results/04_phase4a/freeze/phase4_sender_scopes.csv|results/04_phase4b1/corrected_hucmsc_protein_source_evidence.csv
ADAM17,S2,GSE182158;GSE199071,GSE117837,2,4,6,ROBUST_BASELINE_SENDER,NO_CLEAR_LICENSING_EFFECT,YES,YES,YES,YES,YES,P1_PARACRINE_CORE,MEMBRANE_ASSOCIATED,AUDITED_FROZEN17,NO,NO,NO_PROTEIN_SOURCE_EVIDENCE,NONE,YES,TIER_A_DIRECTIONAL_RESCUE_CANDIDATE,TRANSCRIPTOMIC_SENDER_WITH_FROZEN_PHASE4B_PROTEIN_AUDIT,results/03_phase3/sender/frozen_phase4_sender_candidates.csv|results/04_phase4a/freeze/phase4_sender_scopes.csv|results/04_phase4b1/corrected_hucmsc_protein_source_evidence.csv
ADAM9,S2,GSE182158;GSE199071,GSE117837,2,4,6,ROBUST_BASELINE_SENDER,NO_CLEAR_LICENSING_EFFECT,YES,YES,YES,YES,YES,P1_PARACRINE_CORE,NOT_AUDITED_PHASE4B_FROZEN17_ONLY,NOT_SYSTEMATICALLY_AUDITED,NOT_SYSTEMATICALLY_AUDITED,NOT_SYSTEMATICALLY_AUDITED,NOT_SYSTEMATICALLY_AUDITED,NOT_SYSTEMATICALLY_AUDITED,YES,TIER_C_EXTENDED_EXTRACELLULAR,TRANSCRIPTOMIC_SENDER; PROTEIN_SECRETION_NOT_SYSTEMATICALLY_TESTED,results/03_phase3/sender/frozen_phase4_sender_candidates.csv|results/04_phase4a/freeze/phase4_sender_scopes.csv|results/04_phase4b1/corrected_hucmsc_protein_source_evidence.csv
ADGRE5,S2,GSE182158;GSE199071,GSE117837,2,4,6,ROBUST_BASELINE_SENDER,DONOR_DEPENDENT,YES,YES,YES,YES,YES,P1_PARACRINE_CORE,NOT_AUDITED_PHASE4B_FROZEN17_ONLY,NOT_SYSTEMATICALLY_AUDITED,NOT_SYSTEMATICALLY_AUDITED,NOT_SYSTEMATICALLY_AUDITED,NOT_SYSTEMATICALLY_AUDITED,NOT_SYSTEMATICALLY_AUDITED,YES,TIER_B_COMPATIBILITY_CANDIDATE,TRANSCRIPTOMIC_SENDER; PROTEIN_SECRETION_NOT_SYSTEMATICALLY_TESTED,results/03_phase3/sender/frozen_phase4_sender_candidates.csv|results/04_phase4a/freeze/phase4_sender_scopes.csv|results/04_phase4b1/corrected_hucmsc_protein_source_evidence.csv
ADM,S2,GSE182158;GSE199071,GSE117837,2,4,6,ROBUST_BASELINE_SENDER,PASSAGE_DEPENDENT,YES,YES,YES,YES,YES,P1_PARACRINE_CORE,NOT_AUDITED_PHASE4B_FROZEN17_ONLY,NOT_SYSTEMATICALLY_AUDITED,NOT_SYSTEMATICALLY_AUDITED,NOT_SYSTEMATICALLY_AUDITED,NOT_SYSTEMATICALLY_AUDITED,NOT_SYSTEMATICALLY_AUDITED,YES,TIER_B_COMPATIBILITY_CANDIDATE,TRANSCRIPTOMIC_SENDER; PROTEIN_SECRETION_NOT_SYSTEMATICALLY_TESTED,results/03_phase3/sender/frozen_phase4_sender_candidates.csv|results/04_phase4a/freeze/phase4_sender_scopes.csv|results/04_phase4b1/corrected_hucmsc_protein_source_evidence.csv
AGRN,S2,GSE182158;GSE199071,GSE117837,2,4,6,ROBUST_BASELINE_SENDER,NO_CLEAR_LICENSING_EFFECT,YES,YES,YES,YES,YES,P1_PARACRINE_CORE,ECM_ASSOCIATED,AUDITED_FROZEN17,YES,NO,HUCMSC_EV_PROTEIN_DIRECT,FIGUEROA2025_SUPP;PXD020948;PXD056371;YU2024_SUPP,YES,TIER_A_DIRECTIONAL_RESCUE_CANDIDATE,TRANSCRIPTOMIC_SENDER_WITH_FROZEN_PHASE4B_PROTEIN_AUDIT,results/03_phase3/sender/frozen_phase4_sender_candidates.csv|results/04_phase4a/freeze/phase4_sender_scopes.csv|results/04_phase4b1/corrected_hucmsc_protein_source_evidence.csv
AIMP1,S2,GSE182158;GSE199071,GSE117837,2,4,6,ROBUST_BASELINE_SENDER,NO_CLEAR_LICENSING_EFFECT,YES,YES,YES,YES,YES,P1_PARACRINE_CORE,NOT_AUDITED_PHASE4B_FROZEN17_ONLY,NOT_SYSTEMATICALLY_AUDITED,NOT_SYSTEMATICALLY_AUDITED,NOT_SYSTEMATICALLY_AUDITED,NOT_SYSTEMATICALLY_AUDITED,NOT_SYSTEMATICALLY_AUDITED,YES,NOT_PRIORITIZED,TRANSCRIPTOMIC_SENDER; PROTEIN_SECRETION_NOT_SYSTEMATICALLY_TESTED,results/03_phase3/sender/frozen_phase4_sender_candidates.csv|results/04_phase4a/freeze/phase4_sender_scopes.csv|results/04_phase4b1/corrected_hucmsc_protein_source_evidence.csv
ALCAM,S2,GSE182158;GSE199071,GSE117837,2,4,6,ROBUST_BASELINE_SENDER,NO_CLEAR_LICENSING_EFFECT,YES,YES,YES,YES,YES,P1_PARACRINE_CORE,NOT_AUDITED_PHASE4B_FROZEN17_ONLY,NOT_SYSTEMATICALLY_AUDITED,NOT_SYSTEMATICALLY_AUDITED,NOT_SYSTEMATICALLY_AUDITED,NOT_SYSTEMATICALLY_AUDITED,NOT_SYSTEMATICALLY_AUDITED,YES,TIER_B_COMPATIBILITY_CANDIDATE,TRANSCRIPTOMIC_SENDER; PROTEIN_SECRETION_NOT_SYSTEMATICALLY_TESTED,results/03_phase3/sender/frozen_phase4_sender_candidates.csv|results/04_phase4a/freeze/phase4_sender_scopes.csv|results/04_phase4b1/corrected_hucmsc_protein_source_evidence.csv
ANGPT1,S2,GSE182158;GSE199071,GSE117837,2,4,6,ROBUST_BASELINE_SENDER,PASSAGE_DEPENDENT,YES,YES,YES,YES,YES,P1_PARACRINE_CORE,NOT_AUDITED_PHASE4B_FROZEN17_ONLY,NOT_SYSTEMATICALLY_AUDITED,NOT_SYSTEMATICALLY_AUDITED,NOT_SYSTEMATICALLY_AUDITED,NOT_SYSTEMATICALLY_AUDITED,NOT_SYSTEMATICALLY_AUDITED,YES,TIER_B_COMPATIBILITY_CANDIDATE,TRANSCRIPTOMIC_SENDER; PROTEIN_SECRETION_NOT_SYSTEMATICALLY_TESTED,results/03_phase3/sender/frozen_phase4_sender_candidates.csv|results/04_phase4a/freeze/phase4_sender_scopes.csv|results/04_phase4b1/corrected_hucmsc_protein_source_evidence.csv
ANGPTL4,S2,GSE182158;GSE199071,GSE117837,2,4,6,ROBUST_BASELINE_SENDER,PASSAGE_DEPENDENT,YES,YES,YES,YES,YES,P1_PARACRINE_CORE,NOT_AUDITED_PHASE4B_FROZEN17_ONLY,NOT_SYSTEMATICALLY_AUDITED,NOT_SYSTEMATICALLY_AUDITED,NOT_SYSTEMATICALLY_AUDITED,NOT_SYSTEMATICALLY_AUDITED,NOT_SYSTEMATICALLY_AUDITED,YES,TIER_B_COMPATIBILITY_CANDIDATE,TRANSCRIPTOMIC_SENDER; PROTEIN_SECRETION_NOT_SYSTEMATICALLY_TESTED,results/03_phase3/sender/frozen_phase4_sender_candidates.csv|results/04_phase4a/freeze/phase4_sender_scopes.csv|results/04_phase4b1/corrected_hucmsc_protein_source_evidence.csv
ANPEP,S2,GSE182158;GSE199071,GSE117837,2,4,6,ROBUST_BASELINE_SENDER,PASSAGE_DEPENDENT,YES,YES,YES,YES,YES,P1_PARACRINE_CORE,NOT_AUDITED_PHASE4B_FROZEN17_ONLY,NOT_SYSTEMATICALLY_AUDITED,NOT_SYSTEMATICALLY_AUDITED,NOT_SYSTEMATICALLY_AUDITED,NOT_SYSTEMATICALLY_AUDITED,NOT_SYSTEMATICALLY_AUDITED,YES,NOT_PRIORITIZED,TRANSCRIPTOMIC_SENDER; PROTEIN_SECRETION_NOT_SYSTEMATICALLY_TESTED,results/03_phase3/sender/frozen_phase4_sender_candidates.csv|results/04_phase4a/freeze/phase4_sender_scopes.csv|results/04_phase4b1/corrected_hucmsc_protein_source_evidence.csv
ANTXR1,S2,GSE182158;GSE199071,GSE117837,2,4,6,ROBUST_BASELINE_SENDER,PASSAGE_DEPENDENT,NO,YES,NO,YES,YES,P2_EXTRACELLULAR_EXTENDED,NOT_AUDITED_PHASE4B_FROZEN17_ONLY,NOT_SYSTEMATICALLY_AUDITED,NOT_SYSTEMATICALLY_AUDITED,NOT_SYSTEMATICALLY_AUDITED,NOT_SYSTEMATICALLY_AUDITED,NOT_SYSTEMATICALLY_AUDITED,YES,NOT_PRIORITIZED,TRANSCRIPTOMIC_SENDER; PROTEIN_SECRETION_NOT_SYSTEMATICALLY_TESTED,results/03_phase3/sender/frozen_phase4_sender_candidates.csv|results/04_phase4a/freeze/phase4_sender_scopes.csv|results/04_phase4b1/corrected_hucmsc_protein_source_evidence.csv
ANXA2,S2,GSE182158;GSE199071,GSE117837,2,4,6,ROBUST_BASELINE_SENDER,NO_CLEAR_LICENSING_EFFECT,YES,YES,YES,YES,YES,P1_PARACRINE_CORE,NOT_AUDITED_PHASE4B_FROZEN17_ONLY,NOT_SYSTEMATICALLY_AUDITED,NOT_SYSTEMATICALLY_AUDITED,NOT_SYSTEMATICALLY_AUDITED,NOT_SYSTEMATICALLY_AUDITED,NOT_SYSTEMATICALLY_AUDITED,YES,TIER_B_COMPATIBILITY_CANDIDATE,TRANSCRIPTOMIC_SENDER; PROTEIN_SECRETION_NOT_SYSTEMATICALLY_TESTED,results/03_phase3/sender/frozen_phase4_sender_candidates.csv|results/04_phase4a/freeze/phase4_sender_scopes.csv|results/04_phase4b1/corrected_hucmsc_protein_source_evidence.csv
APOO,S2,GSE182158;GSE199071,GSE117837,2,4,6,ROBUST_BASELINE_SENDER,PASSAGE_DEPENDENT,YES,YES,YES,YES,YES,P1_PARACRINE_CORE,NOT_AUDITED_PHASE4B_FROZEN17_ONLY,NOT_SYSTEMATICALLY_AUDITED,NOT_SYSTEMATICALLY_AUDITED,NOT_SYSTEMATICALLY_AUDITED,NOT_SYSTEMATICALLY_AUDITED,NOT_SYSTEMATICALLY_AUDITED,YES,NOT_PRIORITIZED,TRANSCRIPTOMIC_SENDER; PROTEIN_SECRETION_NOT_SYSTEMATICALLY_TESTED,results/03_phase3/sender/frozen_phase4_sender_candidates.csv|results/04_phase4a/freeze/phase4_sender_scopes.csv|results/04_phase4b1/corrected_hucmsc_protein_source_evidence.csv
APP,S2,GSE182158;GSE199071,GSE117837,2,4,6,ROBUST_BASELINE_SENDER,NO_CLEAR_LICENSING_EFFECT,YES,YES,YES,YES,YES,P1_PARACRINE_CORE,NOT_AUDITED_PHASE4B_FROZEN17_ONLY,NOT_SYSTEMATICALLY_AUDITED,NOT_SYSTEMATICALLY_AUDITED,NOT_SYSTEMATICALLY_AUDITED,NOT_SYSTEMATICALLY_AUDITED,NOT_SYSTEMATICALLY_AUDITED,YES,TIER_B_COMPATIBILITY_CANDIDATE,TRANSCRIPTOMIC_SENDER; PROTEIN_SECRETION_NOT_SYSTEMATICALLY_TESTED,results/03_phase3/sender/frozen_phase4_sender_candidates.csv|results/04_phase4a/freeze/phase4_sender_scopes.csv|results/04_phase4b1/corrected_hucmsc_protein_source_evidence.csv
ARF1,S2,GSE182158;GSE199071,GSE117837,2,4,6,ROBUST_BASELINE_SENDER,PASSAGE_DEPENDENT,NO,YES,NO,YES,YES,P2_EXTRACELLULAR_EXTENDED,NOT_AUDITED_PHASE4B_FROZEN17_ONLY,NOT_SYSTEMATICALLY_AUDITED,NOT_SYSTEMATICALLY_AUDITED,NOT_SYSTEMATICALLY_AUDITED,NOT_SYSTEMATICALLY_AUDITED,NOT_SYSTEMATICALLY_AUDITED,YES,TIER_B_COMPATIBILITY_CANDIDATE,TRANSCRIPTOMIC_SENDER; PROTEIN_SECRETION_NOT_SYSTEMATICALLY_TESTED,results/03_phase3/sender/frozen_phase4_sender_candidates.csv|results/04_phase4a/freeze/phase4_sender_scopes.csv|results/04_phase4b1/corrected_hucmsc_protein_source_evidence.csv
ATP1B1,S2,GSE182158;GSE199071,GSE117837,2,4,6,ROBUST_BASELINE_SENDER,PASSAGE_DEPENDENT,NO,YES,NO,YES,YES,P2_EXTRACELLULAR_EXTENDED,NOT_AUDITED_PHASE4B_FROZEN17_ONLY,NOT_SYSTEMATICALLY_AUDITED,NOT_SYSTEMATICALLY_AUDITED,NOT_SYSTEMATICALLY_AUDITED,NOT_SYSTEMATICALLY_AUDITED,NOT_SYSTEMATICALLY_AUDITED,YES,TIER_B_COMPATIBILITY_CANDIDATE,TRANSCRIPTOMIC_SENDER; PROTEIN_SECRETION_NOT_SYSTEMATICALLY_TESTED,results/03_phase3/sender/frozen_phase4_sender_candidates.csv|results/04_phase4a/freeze/phase4_sender_scopes.csv|results/04_phase4b1/corrected_hucmsc_protein_source_evidence.csv
BACE1,S2,GSE182158;GSE199071,GSE117837,2,4,6,ROBUST_BASELINE_SENDER,NO_CLEAR_LICENSING_EFFECT,NO,YES,NO,YES,YES,P2_EXTRACELLULAR_EXTENDED,NOT_AUDITED_PHASE4B_FROZEN17_ONLY,NOT_SYSTEMATICALLY_AUDITED,NOT_SYSTEMATICALLY_AUDITED,NOT_SYSTEMATICALLY_AUDITED,NOT_SYSTEMATICALLY_AUDITED,NOT_SYSTEMATICALLY_AUDITED,YES,TIER_C_EXTENDED_EXTRACELLULAR,TRANSCRIPTOMIC_SENDER; PROTEIN_SECRETION_NOT_SYSTEMATICALLY_TESTED,results/03_phase3/sender/frozen_phase4_sender_candidates.csv|results/04_phase4a/freeze/phase4_sender_scopes.csv|results/04_phase4b1/corrected_hucmsc_protein_source_evidence.csv
BACE2,S2,GSE182158;GSE199071,GSE117837,2,3,5,ROBUST_BASELINE_SENDER,NO_CLEAR_LICENSING_EFFECT,NO,YES,NO,YES,YES,P2_EXTRACELLULAR_EXTENDED,NOT_AUDITED_PHASE4B_FROZEN17_ONLY,NOT_SYSTEMATICALLY_AUDITED,NOT_SYSTEMATICALLY_AUDITED,NOT_SYSTEMATICALLY_AUDITED,NOT_SYSTEMATICALLY_AUDITED,NOT_SYSTEMATICALLY_AUDITED,YES,TIER_C_EXTENDED_EXTRACELLULAR,TRANSCRIPTOMIC_SENDER; PROTEIN_SECRETION_NOT_SYSTEMATICALLY_TESTED,results/03_phase3/sender/frozen_phase4_sender_candidates.csv|results/04_phase4a/freeze/phase4_sender_scopes.csv|results/04_phase4b1/corrected_hucmsc_protein_source_evidence.csv
BDNF,S2,GSE182158;GSE199071,GSE117837,2,4,6,ROBUST_BASELINE_SENDER,NO_CLEAR_LICENSING_EFFECT,YES,YES,YES,YES,YES,P1_PARACRINE_CORE,NOT_AUDITED_PHASE4B_FROZEN17_ONLY,NOT_SYSTEMATICALLY_AUDITED,NOT_SYSTEMATICALLY_AUDITED,NOT_SYSTEMATICALLY_AUDITED,NOT_SYSTEMATICALLY_AUDITED,NOT_SYSTEMATICALLY_AUDITED,YES,TIER_B_COMPATIBILITY_CANDIDATE,TRANSCRIPTOMIC_SENDER; PROTEIN_SECRETION_NOT_SYSTEMATICALLY_TESTED,results/03_phase3/sender/frozen_phase4_sender_candidates.csv|results/04_phase4a/freeze/phase4_sender_scopes.csv|results/04_phase4b1/corrected_hucmsc_protein_source_evidence.csv
BGN,S2,GSE182158;GSE199071,GSE117837,2,4,6,ROBUST_BASELINE_SENDER,DONOR_DEPENDENT,YES,YES,YES,YES,YES,P1_PARACRINE_CORE,NOT_AUDITED_PHASE4B_FROZEN17_ONLY,NOT_SYSTEMATICALLY_AUDITED,NOT_SYSTEMATICALLY_AUDITED,NOT_SYSTEMATICALLY_AUDITED,NOT_SYSTEMATICALLY_AUDITED,NOT_SYSTEMATICALLY_AUDITED,YES,TIER_B_COMPATIBILITY_CANDIDATE,TRANSCRIPTOMIC_SENDER; PROTEIN_SECRETION_NOT_SYSTEMATICALLY_TESTED,results/03_phase3/sender/frozen_phase4_sender_candidates.csv|results/04_phase4a/freeze/phase4_sender_scopes.csv|results/04_phase4b1/corrected_hucmsc_protein_source_evidence.csv
BMP1,S2,GSE182158;GSE199071,GSE117837,2,4,6,ROBUST_BASELINE_SENDER,PASSAGE_DEPENDENT,YES,YES,YES,YES,YES,P1_PARACRINE_CORE,NOT_AUDITED_PHASE4B_FROZEN17_ONLY,NOT_SYSTEMATICALLY_AUDITED,NOT_SYSTEMATICALLY_AUDITED,NOT_SYSTEMATICALLY_AUDITED,NOT_SYSTEMATICALLY_AUDITED,NOT_SYSTEMATICALLY_AUDITED,YES,TIER_B_COMPATIBILITY_CANDIDATE,TRANSCRIPTOMIC_SENDER; PROTEIN_SECRETION_NOT_SYSTEMATICALLY_TESTED,results/03_phase3/sender/frozen_phase4_sender_candidates.csv|results/04_phase4a/freeze/phase4_sender_scopes.csv|results/04_phase4b1/corrected_hucmsc_protein_source_evidence.csv
CA12,S2,GSE182158;GSE199071,GSE117837,2,4,6,ROBUST_BASELINE_SENDER,DONOR_DEPENDENT,NO,YES,NO,YES,YES,P2_EXTRACELLULAR_EXTENDED,NOT_AUDITED_PHASE4B_FROZEN17_ONLY,NOT_SYSTEMATICALLY_AUDITED,NOT_SYSTEMATICALLY_AUDITED,NOT_SYSTEMATICALLY_AUDITED,NOT_SYSTEMATICALLY_AUDITED,NOT_SYSTEMATICALLY_AUDITED,YES,NOT_PRIORITIZED,TRANSCRIPTOMIC_SENDER; PROTEIN_SECRETION_NOT_SYSTEMATICALLY_TESTED,results/03_phase3/sender/frozen_phase4_sender_candidates.csv|results/04_phase4a/freeze/phase4_sender_scopes.csv|results/04_phase4b1/corrected_hucmsc_protein_source_evidence.csv
CALM1,S2,GSE182158;GSE199071,GSE117837,2,4,6,ROBUST_BASELINE_SENDER,NO_CLEAR_LICENSING_EFFECT,NO,YES,NO,YES,YES,P2_EXTRACELLULAR_EXTENDED,NOT_AUDITED_PHASE4B_FROZEN17_ONLY,NOT_SYSTEMATICALLY_AUDITED,NOT_SYSTEMATICALLY_AUDITED,NOT_SYSTEMATICALLY_AUDITED,NOT_SYSTEMATICALLY_AUDITED,NOT_SYSTEMATICALLY_AUDITED,YES,TIER_B_COMPATIBILITY_CANDIDATE,TRANSCRIPTOMIC_SENDER; PROTEIN_SECRETION_NOT_SYSTEMATICALLY_TESTED,results/03_phase3/sender/frozen_phase4_sender_candidates.csv|results/04_phase4a/freeze/phase4_sender_scopes.csv|results/04_phase4b1/corrected_hucmsc_protein_source_evidence.csv
CALM2,S2,GSE182158;GSE199071,GSE117837,2,4,6,ROBUST_BASELINE_SENDER,DONOR_DEPENDENT,NO,NO,NO,NO,YES,P3_FULL_LR_SENSITIVITY,NOT_AUDITED_PHASE4B_FROZEN17_ONLY,NOT_SYSTEMATICALLY_AUDITED,NOT_SYSTEMATICALLY_AUDITED,NOT_SYSTEMATICALLY_AUDITED,NOT_SYSTEMATICALLY_AUDITED,NOT_SYSTEMATICALLY_AUDITED,YES,TIER_B_COMPATIBILITY_CANDIDATE,TRANSCRIPTOMIC_SENDER; PROTEIN_SECRETION_NOT_SYSTEMATICALLY_TESTED,results/03_phase3/sender/frozen_phase4_sender_candidates.csv|results/04_phase4a/freeze/phase4_sender_scopes.csv|results/04_phase4b1/corrected_hucmsc_protein_source_evidence.csv
CALM3,S2,GSE182158;GSE199071,GSE117837,2,4,6,ROBUST_BASELINE_SENDER,NO_CLEAR_LICENSING_EFFECT,NO,NO,NO,NO,YES,P3_FULL_LR_SENSITIVITY,NOT_AUDITED_PHASE4B_FROZEN17_ONLY,NOT_SYSTEMATICALLY_AUDITED,NOT_SYSTEMATICALLY_AUDITED,NOT_SYSTEMATICALLY_AUDITED,NOT_SYSTEMATICALLY_AUDITED,NOT_SYSTEMATICALLY_AUDITED,YES,TIER_B_COMPATIBILITY_CANDIDATE,TRANSCRIPTOMIC_SENDER; PROTEIN_SECRETION_NOT_SYSTEMATICALLY_TESTED,results/03_phase3/sender/frozen_phase4_sender_candidates.csv|results/04_phase4a/freeze/phase4_sender_scopes.csv|results/04_phase4b1/corrected_hucmsc_protein_source_evidence.csv
CALR,S2,GSE182158;GSE199071,GSE117837,2,4,6,ROBUST_BASELINE_SENDER,NO_CLEAR_LICENSING_EFFECT,YES,YES,YES,YES,YES,P1_PARACRINE_CORE,NOT_AUDITED_PHASE4B_FROZEN17_ONLY,NOT_SYSTEMATICALLY_AUDITED,NOT_SYSTEMATICALLY_AUDITED,NOT_SYSTEMATICALLY_AUDITED,NOT_SYSTEMATICALLY_AUDITED,NOT_SYSTEMATICALLY_AUDITED,YES,TIER_B_COMPATIBILITY_CANDIDATE,TRANSCRIPTOMIC_SENDER; PROTEIN_SECRETION_NOT_SYSTEMATICALLY_TESTED,results/03_phase3/sender/frozen_phase4_sender_candidates.csv|results/04_phase4a/freeze/phase4_sender_scopes.csv|results/04_phase4b1/corrected_hucmsc_protein_source_evidence.csv
CD320,S2,GSE182158;GSE199071,GSE117837,2,4,6,ROBUST_BASELINE_SENDER,DONOR_DEPENDENT,NO,NO,NO,NO,YES,P3_FULL_LR_SENSITIVITY,NOT_AUDITED_PHASE4B_FROZEN17_ONLY,NOT_SYSTEMATICALLY_AUDITED,NOT_SYSTEMATICALLY_AUDITED,NOT_SYSTEMATICALLY_AUDITED,NOT_SYSTEMATICALLY_AUDITED,NOT_SYSTEMATICALLY_AUDITED,YES,TIER_B_COMPATIBILITY_CANDIDATE,TRANSCRIPTOMIC_SENDER; PROTEIN_SECRETION_NOT_SYSTEMATICALLY_TESTED,results/03_phase3/sender/frozen_phase4_sender_candidates.csv|results/04_phase4a/freeze/phase4_sender_scopes.csv|results/04_phase4b1/corrected_hucmsc_protein_source_evidence.csv
CD44,S2,GSE182158;GSE199071,GSE117837,2,4,6,ROBUST_BASELINE_SENDER,PASSAGE_DEPENDENT,YES,YES,YES,YES,YES,P1_PARACRINE_CORE,NOT_AUDITED_PHASE4B_FROZEN17_ONLY,NOT_SYSTEMATICALLY_AUDITED,NOT_SYSTEMATICALLY_AUDITED,NOT_SYSTEMATICALLY_AUDITED,NOT_SYSTEMATICALLY_AUDITED,NOT_SYSTEMATICALLY_AUDITED,YES,TIER_B_COMPATIBILITY_CANDIDATE,TRANSCRIPTOMIC_SENDER; PROTEIN_SECRETION_NOT_SYSTEMATICALLY_TESTED,results/03_phase3/sender/frozen_phase4_sender_candidates.csv|results/04_phase4a/freeze/phase4_sender_scopes.csv|results/04_phase4b1/corrected_hucmsc_protein_source_evidence.csv
CD47,S2,GSE182158;GSE199071,GSE117837,2,4,6,ROBUST_BASELINE_SENDER,NO_CLEAR_LICENSING_EFFECT,NO,YES,NO,YES,YES,P2_EXTRACELLULAR_EXTENDED,NOT_AUDITED_PHASE4B_FROZEN17_ONLY,NOT_SYSTEMATICALLY_AUDITED,NOT_SYSTEMATICALLY_AUDITED,NOT_SYSTEMATICALLY_AUDITED,NOT_SYSTEMATICALLY_AUDITED,NOT_SYSTEMATICALLY_AUDITED,YES,TIER_B_COMPATIBILITY_CANDIDATE,TRANSCRIPTOMIC_SENDER; PROTEIN_SECRETION_NOT_SYSTEMATICALLY_TESTED,results/03_phase3/sender/frozen_phase4_sender_candidates.csv|results/04_phase4a/freeze/phase4_sender_scopes.csv|results/04_phase4b1/corrected_hucmsc_protein_source_evidence.csv
CD55,S2,GSE182158;GSE199071,GSE117837,2,4,6,ROBUST_BASELINE_SENDER,PASSAGE_DEPENDENT,YES,YES,YES,YES,YES,P1_PARACRINE_CORE,NOT_AUDITED_PHASE4B_FROZEN17_ONLY,NOT_SYSTEMATICALLY_AUDITED,NOT_SYSTEMATICALLY_AUDITED,NOT_SYSTEMATICALLY_AUDITED,NOT_SYSTEMATICALLY_AUDITED,NOT_SYSTEMATICALLY_AUDITED,YES,TIER_B_COMPATIBILITY_CANDIDATE,TRANSCRIPTOMIC_SENDER; PROTEIN_SECRETION_NOT_SYSTEMATICALLY_TESTED,results/03_phase3/sender/frozen_phase4_sender_candidates.csv|results/04_phase4a/freeze/phase4_sender_scopes.csv|results/04_phase4b1/corrected_hucmsc_protein_source_evidence.csv
CD59,S2,GSE182158;GSE199071,GSE117837,2,4,6,ROBUST_BASELINE_SENDER,PASSAGE_DEPENDENT,YES,YES,YES,YES,YES,P1_PARACRINE_CORE,NOT_AUDITED_PHASE4B_FROZEN17_ONLY,NOT_SYSTEMATICALLY_AUDITED,NOT_SYSTEMATICALLY_AUDITED,NOT_SYSTEMATICALLY_AUDITED,NOT_SYSTEMATICALLY_AUDITED,NOT_SYSTEMATICALLY_AUDITED,YES,TIER_B_COMPATIBILITY_CANDIDATE,TRANSCRIPTOMIC_SENDER; PROTEIN_SECRETION_NOT_SYSTEMATICALLY_TESTED,results/03_phase3/sender/frozen_phase4_sender_candidates.csv|results/04_phase4a/freeze/phase4_sender_scopes.csv|results/04_phase4b1/corrected_hucmsc_protein_source_evidence.csv
CD99,S2,GSE182158;GSE199071,GSE117837,2,4,6,ROBUST_BASELINE_SENDER,NO_CLEAR_LICENSING_EFFECT,YES,YES,YES,YES,YES,P1_PARACRINE_CORE,NOT_AUDITED_PHASE4B_FROZEN17_ONLY,NOT_SYSTEMATICALLY_AUDITED,NOT_SYSTEMATICALLY_AUDITED,NOT_SYSTEMATICALLY_AUDITED,NOT_SYSTEMATICALLY_AUDITED,NOT_SYSTEMATICALLY_AUDITED,YES,TIER_B_COMPATIBILITY_CANDIDATE,TRANSCRIPTOMIC_SENDER; PROTEIN_SECRETION_NOT_SYSTEMATICALLY_TESTED,results/03_phase3/sender/frozen_phase4_sender_candidates.csv|results/04_phase4a/freeze/phase4_sender_scopes.csv|results/04_phase4b1/corrected_hucmsc_protein_source_evidence.csv
CDH2,S2,GSE182158;GSE199071,GSE117837,2,4,6,ROBUST_BASELINE_SENDER,NO_CLEAR_LICENSING_EFFECT,NO,NO,NO,NO,YES,P3_FULL_LR_SENSITIVITY,NOT_AUDITED_PHASE4B_FROZEN17_ONLY,NOT_SYSTEMATICALLY_AUDITED,NOT_SYSTEMATICALLY_AUDITED,NOT_SYSTEMATICALLY_AUDITED,NOT_SYSTEMATICALLY_AUDITED,NOT_SYSTEMATICALLY_AUDITED,YES,TIER_C_EXTENDED_EXTRACELLULAR,TRANSCRIPTOMIC_SENDER; PROTEIN_SECRETION_NOT_SYSTEMATICALLY_TESTED,results/03_phase3/sender/frozen_phase4_sender_candidates.csv|results/04_phase4a/freeze/phase4_sender_scopes.csv|results/04_phase4b1/corrected_hucmsc_protein_source_evidence.csv
CIB1,S2,GSE182158;GSE199071,GSE117837,2,4,6,ROBUST_BASELINE_SENDER,PASSAGE_DEPENDENT,NO,NO,NO,NO,YES,P3_FULL_LR_SENSITIVITY,NOT_AUDITED_PHASE4B_FROZEN17_ONLY,NOT_SYSTEMATICALLY_AUDITED,NOT_SYSTEMATICALLY_AUDITED,NOT_SYSTEMATICALLY_AUDITED,NOT_SYSTEMATICALLY_AUDITED,NOT_SYSTEMATICALLY_AUDITED,YES,NOT_PRIORITIZED,TRANSCRIPTOMIC_SENDER; PROTEIN_SECRETION_NOT_SYSTEMATICALLY_TESTED,results/03_phase3/sender/frozen_phase4_sender_candidates.csv|results/04_phase4a/freeze/phase4_sender_scopes.csv|results/04_phase4b1/corrected_hucmsc_protein_source_evidence.csv
CKLF,S2,GSE182158;GSE199071,GSE117837,2,4,6,ROBUST_BASELINE_SENDER,DONOR_DEPENDENT,YES,YES,YES,YES,YES,P1_PARACRINE_CORE,NOT_AUDITED_PHASE4B_FROZEN17_ONLY,NOT_SYSTEMATICALLY_AUDITED,NOT_SYSTEMATICALLY_AUDITED,NOT_SYSTEMATICALLY_AUDITED,NOT_SYSTEMATICALLY_AUDITED,NOT_SYSTEMATICALLY_AUDITED,YES,TIER_B_COMPATIBILITY_CANDIDATE,TRANSCRIPTOMIC_SENDER; PROTEIN_SECRETION_NOT_SYSTEMATICALLY_TESTED,results/03_phase3/sender/frozen_phase4_sender_candidates.csv|results/04_phase4a/freeze/phase4_sender_scopes.csv|results/04_phase4b1/corrected_hucmsc_protein_source_evidence.csv
CLEC11A,S2,GSE182158;GSE199071,GSE117837,2,4,6,ROBUST_BASELINE_SENDER,NO_CLEAR_LICENSING_EFFECT,YES,YES,YES,YES,YES,P1_PARACRINE_CORE,NOT_AUDITED_PHASE4B_FROZEN17_ONLY,NOT_SYSTEMATICALLY_AUDITED,NOT_SYSTEMATICALLY_AUDITED,NOT_SYSTEMATICALLY_AUDITED,NOT_SYSTEMATICALLY_AUDITED,NOT_SYSTEMATICALLY_AUDITED,YES,TIER_B_COMPATIBILITY_CANDIDATE,TRANSCRIPTOMIC_SENDER; PROTEIN_SECRETION_NOT_SYSTEMATICALLY_TESTED,results/03_phase3/sender/frozen_phase4_sender_candidates.csv|results/04_phase4a/freeze/phase4_sender_scopes.csv|results/04_phase4b1/corrected_hucmsc_protein_source_evidence.csv
CLMP,S2,GSE182158;GSE199071,GSE117837,2,4,6,ROBUST_BASELINE_SENDER,NO_CLEAR_LICENSING_EFFECT,NO,NO,NO,NO,YES,P3_FULL_LR_SENSITIVITY,NOT_AUDITED_PHASE4B_FROZEN17_ONLY,NOT_SYSTEMATICALLY_AUDITED,NOT_SYSTEMATICALLY_AUDITED,NOT_SYSTEMATICALLY_AUDITED,NOT_SYSTEMATICALLY_AUDITED,NOT_SYSTEMATICALLY_AUDITED,YES,TIER_B_COMPATIBILITY_CANDIDATE,TRANSCRIPTOMIC_SENDER; PROTEIN_SECRETION_NOT_SYSTEMATICALLY_TESTED,results/03_phase3/sender/frozen_phase4_sender_candidates.csv|results/04_phase4a/freeze/phase4_sender_scopes.csv|results/04_phase4b1/corrected_hucmsc_protein_source_evidence.csv
CLU,S2,GSE182158;GSE199071,GSE117837,2,4,6,ROBUST_BASELINE_SENDER,DONOR_DEPENDENT,YES,YES,YES,YES,YES,P1_PARACRINE_CORE,NOT_AUDITED_PHASE4B_FROZEN17_ONLY,NOT_SYSTEMATICALLY_AUDITED,NOT_SYSTEMATICALLY_AUDITED,NOT_SYSTEMATICALLY_AUDITED,NOT_SYSTEMATICALLY_AUDITED,NOT_SYSTEMATICALLY_AUDITED,YES,TIER_B_COMPATIBILITY_CANDIDATE,TRANSCRIPTOMIC_SENDER; PROTEIN_SECRETION_NOT_SYSTEMATICALLY_TESTED,results/03_phase3/sender/frozen_phase4_sender_candidates.csv|results/04_phase4a/freeze/phase4_sender_scopes.csv|results/04_phase4b1/corrected_hucmsc_protein_source_evidence.csv
COL12A1,S2,GSE182158;GSE199071,GSE117837,2,4,6,ROBUST_BASELINE_SENDER,PASSAGE_DEPENDENT,YES,YES,YES,YES,YES,P1_PARACRINE_CORE,NOT_AUDITED_PHASE4B_FROZEN17_ONLY,NOT_SYSTEMATICALLY_AUDITED,NOT_SYSTEMATICALLY_AUDITED,NOT_SYSTEMATICALLY_AUDITED,NOT_SYSTEMATICALLY_AUDITED,NOT_SYSTEMATICALLY_AUDITED,YES,TIER_B_COMPATIBILITY_CANDIDATE,TRANSCRIPTOMIC_SENDER; PROTEIN_SECRETION_NOT_SYSTEMATICALLY_TESTED,results/03_phase3/sender/frozen_phase4_sender_candidates.csv|results/04_phase4a/freeze/phase4_sender_scopes.csv|results/04_phase4b1/corrected_hucmsc_protein_source_evidence.csv
COL16A1,S2,GSE182158;GSE199071,GSE117837,2,3,5,ROBUST_BASELINE_SENDER,PASSAGE_DEPENDENT,YES,YES,YES,YES,YES,P1_PARACRINE_CORE,NOT_AUDITED_PHASE4B_FROZEN17_ONLY,NOT_SYSTEMATICALLY_AUDITED,NOT_SYSTEMATICALLY_AUDITED,NOT_SYSTEMATICALLY_AUDITED,NOT_SYSTEMATICALLY_AUDITED,NOT_SYSTEMATICALLY_AUDITED,YES,TIER_B_COMPATIBILITY_CANDIDATE,TRANSCRIPTOMIC_SENDER; PROTEIN_SECRETION_NOT_SYSTEMATICALLY_TESTED,results/03_phase3/sender/frozen_phase4_sender_candidates.csv|results/04_phase4a/freeze/phase4_sender_scopes.csv|results/04_phase4b1/corrected_hucmsc_protein_source_evidence.csv
COL18A1,S2,GSE182158;GSE199071,GSE117837,2,4,6,ROBUST_BASELINE_SENDER,PASSAGE_DEPENDENT,YES,YES,YES,YES,YES,P1_PARACRINE_CORE,ECM_ASSOCIATED,AUDITED_FROZEN17,YES,NO,HUCMSC_EV_PROTEIN_DIRECT,PXD020948;PXD056371;YU2024_SUPP,YES,TIER_A_DIRECTIONAL_RESCUE_CANDIDATE,TRANSCRIPTOMIC_SENDER_WITH_FROZEN_PHASE4B_PROTEIN_AUDIT,results/03_phase3/sender/frozen_phase4_sender_candidates.csv|results/04_phase4a/freeze/phase4_sender_scopes.csv|results/04_phase4b1/corrected_hucmsc_protein_source_evidence.csv
COL1A2,S2,GSE182158;GSE199071,GSE117837,2,4,6,ROBUST_BASELINE_SENDER,NO_CLEAR_LICENSING_EFFECT,YES,YES,YES,YES,YES,P1_PARACRINE_CORE,NOT_AUDITED_PHASE4B_FROZEN17_ONLY,NOT_SYSTEMATICALLY_AUDITED,NOT_SYSTEMATICALLY_AUDITED,NOT_SYSTEMATICALLY_AUDITED,NOT_SYSTEMATICALLY_AUDITED,NOT_SYSTEMATICALLY_AUDITED,YES,TIER_B_COMPATIBILITY_CANDIDATE,TRANSCRIPTOMIC_SENDER; PROTEIN_SECRETION_NOT_SYSTEMATICALLY_TESTED,results/03_phase3/sender/frozen_phase4_sender_candidates.csv|results/04_phase4a/freeze/phase4_sender_scopes.csv|results/04_phase4b1/corrected_hucmsc_protein_source_evidence.csv
COL27A1,S2,GSE182158;GSE199071,GSE117837,2,3,5,ROBUST_BASELINE_SENDER,NO_CLEAR_LICENSING_EFFECT,YES,YES,YES,YES,YES,P1_PARACRINE_CORE,NOT_AUDITED_PHASE4B_FROZEN17_ONLY,NOT_SYSTEMATICALLY_AUDITED,NOT_SYSTEMATICALLY_AUDITED,NOT_SYSTEMATICALLY_AUDITED,NOT_SYSTEMATICALLY_AUDITED,NOT_SYSTEMATICALLY_AUDITED,YES,TIER_B_COMPATIBILITY_CANDIDATE,TRANSCRIPTOMIC_SENDER; PROTEIN_SECRETION_NOT_SYSTEMATICALLY_TESTED,results/03_phase3/sender/frozen_phase4_sender_candidates.csv|results/04_phase4a/freeze/phase4_sender_scopes.csv|results/04_phase4b1/corrected_hucmsc_protein_source_evidence.csv
COL3A1,S2,GSE182158;GSE199071,GSE117837,2,4,6,ROBUST_BASELINE_SENDER,DONOR_DEPENDENT,YES,YES,YES,YES,YES,P1_PARACRINE_CORE,NOT_AUDITED_PHASE4B_FROZEN17_ONLY,NOT_SYSTEMATICALLY_AUDITED,NOT_SYSTEMATICALLY_AUDITED,NOT_SYSTEMATICALLY_AUDITED,NOT_SYSTEMATICALLY_AUDITED,NOT_SYSTEMATICALLY_AUDITED,YES,TIER_B_COMPATIBILITY_CANDIDATE,TRANSCRIPTOMIC_SENDER; PROTEIN_SECRETION_NOT_SYSTEMATICALLY_TESTED,results/03_phase3/sender/frozen_phase4_sender_candidates.csv|results/04_phase4a/freeze/phase4_sender_scopes.csv|results/04_phase4b1/corrected_hucmsc_protein_source_evidence.csv
COL4A1,S2,GSE182158;GSE199071,GSE117837,2,4,6,ROBUST_BASELINE_SENDER,DONOR_DEPENDENT,YES,YES,YES,YES,YES,P1_PARACRINE_CORE,NOT_AUDITED_PHASE4B_FROZEN17_ONLY,NOT_SYSTEMATICALLY_AUDITED,NOT_SYSTEMATICALLY_AUDITED,NOT_SYSTEMATICALLY_AUDITED,NOT_SYSTEMATICALLY_AUDITED,NOT_SYSTEMATICALLY_AUDITED,YES,TIER_C_EXTENDED_EXTRACELLULAR,TRANSCRIPTOMIC_SENDER; PROTEIN_SECRETION_NOT_SYSTEMATICALLY_TESTED,results/03_phase3/sender/frozen_phase4_sender_candidates.csv|results/04_phase4a/freeze/phase4_sender_scopes.csv|results/04_phase4b1/corrected_hucmsc_protein_source_evidence.csv
COL4A2,S2,GSE182158;GSE199071,GSE117837,2,4,6,ROBUST_BASELINE_SENDER,DONOR_DEPENDENT,YES,YES,YES,YES,YES,P1_PARACRINE_CORE,NOT_AUDITED_PHASE4B_FROZEN17_ONLY,NOT_SYSTEMATICALLY_AUDITED,NOT_SYSTEMATICALLY_AUDITED,NOT_SYSTEMATICALLY_AUDITED,NOT_SYSTEMATICALLY_AUDITED,NOT_SYSTEMATICALLY_AUDITED,YES,TIER_B_COMPATIBILITY_CANDIDATE,TRANSCRIPTOMIC_SENDER; PROTEIN_SECRETION_NOT_SYSTEMATICALLY_TESTED,results/03_phase3/sender/frozen_phase4_sender_candidates.csv|results/04_phase4a/freeze/phase4_sender_scopes.csv|results/04_phase4b1/corrected_hucmsc_protein_source_evidence.csv
COL5A1,S2,GSE182158;GSE199071,GSE117837,2,4,6,ROBUST_BASELINE_SENDER,PASSAGE_DEPENDENT,YES,YES,YES,YES,YES,P1_PARACRINE_CORE,NOT_AUDITED_PHASE4B_FROZEN17_ONLY,NOT_SYSTEMATICALLY_AUDITED,NOT_SYSTEMATICALLY_AUDITED,NOT_SYSTEMATICALLY_AUDITED,NOT_SYSTEMATICALLY_AUDITED,NOT_SYSTEMATICALLY_AUDITED,YES,TIER_C_EXTENDED_EXTRACELLULAR,TRANSCRIPTOMIC_SENDER; PROTEIN_SECRETION_NOT_SYSTEMATICALLY_TESTED,results/03_phase3/sender/frozen_phase4_sender_candidates.csv|results/04_phase4a/freeze/phase4_sender_scopes.csv|results/04_phase4b1/corrected_hucmsc_protein_source_evidence.csv
COL5A2,S2,GSE182158;GSE199071,GSE117837,2,4,6,ROBUST_BASELINE_SENDER,DONOR_DEPENDENT,YES,YES,YES,YES,YES,P1_PARACRINE_CORE,NOT_AUDITED_PHASE4B_FROZEN17_ONLY,NOT_SYSTEMATICALLY_AUDITED,NOT_SYSTEMATICALLY_AUDITED,NOT_SYSTEMATICALLY_AUDITED,NOT_SYSTEMATICALLY_AUDITED,NOT_SYSTEMATICALLY_AUDITED,YES,TIER_B_COMPATIBILITY_CANDIDATE,TRANSCRIPTOMIC_SENDER; PROTEIN_SECRETION_NOT_SYSTEMATICALLY_TESTED,results/03_phase3/sender/frozen_phase4_sender_candidates.csv|results/04_phase4a/freeze/phase4_sender_scopes.csv|results/04_phase4b1/corrected_hucmsc_protein_source_evidence.csv
COL6A1,S2,GSE182158;GSE199071,GSE117837,2,4,6,ROBUST_BASELINE_SENDER,NO_CLEAR_LICENSING_EFFECT,YES,YES,YES,YES,YES,P1_PARACRINE_CORE,NOT_AUDITED_PHASE4B_FROZEN17_ONLY,NOT_SYSTEMATICALLY_AUDITED,NOT_SYSTEMATICALLY_AUDITED,NOT_SYSTEMATICALLY_AUDITED,NOT_SYSTEMATICALLY_AUDITED,NOT_SYSTEMATICALLY_AUDITED,YES,TIER_C_EXTENDED_EXTRACELLULAR,TRANSCRIPTOMIC_SENDER; PROTEIN_SECRETION_NOT_SYSTEMATICALLY_TESTED,results/03_phase3/sender/frozen_phase4_sender_candidates.csv|results/04_phase4a/freeze/phase4_sender_scopes.csv|results/04_phase4b1/corrected_hucmsc_protein_source_evidence.csv
COL6A2,S2,GSE182158;GSE199071,GSE117837,2,4,6,ROBUST_BASELINE_SENDER,PASSAGE_DEPENDENT,YES,YES,YES,YES,YES,P1_PARACRINE_CORE,NOT_AUDITED_PHASE4B_FROZEN17_ONLY,NOT_SYSTEMATICALLY_AUDITED,NOT_SYSTEMATICALLY_AUDITED,NOT_SYSTEMATICALLY_AUDITED,NOT_SYSTEMATICALLY_AUDITED,NOT_SYSTEMATICALLY_AUDITED,YES,TIER_B_COMPATIBILITY_CANDIDATE,TRANSCRIPTOMIC_SENDER; PROTEIN_SECRETION_NOT_SYSTEMATICALLY_TESTED,results/03_phase3/sender/frozen_phase4_sender_candidates.csv|results/04_phase4a/freeze/phase4_sender_scopes.csv|results/04_phase4b1/corrected_hucmsc_protein_source_evidence.csv
COL6A3,S2,GSE182158;GSE199071,GSE117837,2,4,6,ROBUST_BASELINE_SENDER,NO_CLEAR_LICENSING_EFFECT,YES,YES,YES,YES,YES,P1_PARACRINE_CORE,NOT_AUDITED_PHASE4B_FROZEN17_ONLY,NOT_SYSTEMATICALLY_AUDITED,NOT_SYSTEMATICALLY_AUDITED,NOT_SYSTEMATICALLY_AUDITED,NOT_SYSTEMATICALLY_AUDITED,NOT_SYSTEMATICALLY_AUDITED,YES,TIER_B_COMPATIBILITY_CANDIDATE,TRANSCRIPTOMIC_SENDER; PROTEIN_SECRETION_NOT_SYSTEMATICALLY_TESTED,results/03_phase3/sender/frozen_phase4_sender_candidates.csv|results/04_phase4a/freeze/phase4_sender_scopes.csv|results/04_phase4b1/corrected_hucmsc_protein_source_evidence.csv
COL8A1,S2,GSE182158;GSE199071,GSE117837,2,4,6,ROBUST_BASELINE_SENDER,PASSAGE_DEPENDENT,YES,YES,YES,YES,YES,P1_PARACRINE_CORE,NOT_AUDITED_PHASE4B_FROZEN17_ONLY,NOT_SYSTEMATICALLY_AUDITED,NOT_SYSTEMATICALLY_AUDITED,NOT_SYSTEMATICALLY_AUDITED,NOT_SYSTEMATICALLY_AUDITED,NOT_SYSTEMATICALLY_AUDITED,YES,TIER_B_COMPATIBILITY_CANDIDATE,TRANSCRIPTOMIC_SENDER; PROTEIN_SECRETION_NOT_SYSTEMATICALLY_TESTED,results/03_phase3/sender/frozen_phase4_sender_candidates.csv|results/04_phase4a/freeze/phase4_sender_scopes.csv|results/04_phase4b1/corrected_hucmsc_protein_source_evidence.csv
COPA,S2,GSE182158;GSE199071,GSE117837,2,4,6,ROBUST_BASELINE_SENDER,NO_CLEAR_LICENSING_EFFECT,YES,YES,YES,YES,YES,P1_PARACRINE_CORE,NOT_AUDITED_PHASE4B_FROZEN17_ONLY,NOT_SYSTEMATICALLY_AUDITED,NOT_SYSTEMATICALLY_AUDITED,NOT_SYSTEMATICALLY_AUDITED,NOT_SYSTEMATICALLY_AUDITED,NOT_SYSTEMATICALLY_AUDITED,YES,TIER_B_COMPATIBILITY_CANDIDATE,TRANSCRIPTOMIC_SENDER; PROTEIN_SECRETION_NOT_SYSTEMATICALLY_TESTED,results/03_phase3/sender/frozen_phase4_sender_candidates.csv|results/04_phase4a/freeze/phase4_sender_scopes.csv|results/04_phase4b1/corrected_hucmsc_protein_source_evidence.csv
CSF1,S2,GSE182158;GSE199071,GSE117837,2,4,6,ROBUST_BASELINE_SENDER,PASSAGE_DEPENDENT,YES,YES,YES,YES,YES,P1_PARACRINE_CORE,NOT_AUDITED_PHASE4B_FROZEN17_ONLY,NOT_SYSTEMATICALLY_AUDITED,NOT_SYSTEMATICALLY_AUDITED,NOT_SYSTEMATICALLY_AUDITED,NOT_SYSTEMATICALLY_AUDITED,NOT_SYSTEMATICALLY_AUDITED,YES,TIER_C_EXTENDED_EXTRACELLULAR,TRANSCRIPTOMIC_SENDER; PROTEIN_SECRETION_NOT_SYSTEMATICALLY_TESTED,results/03_phase3/sender/frozen_phase4_sender_candidates.csv|results/04_phase4a/freeze/phase4_sender_scopes.csv|results/04_phase4b1/corrected_hucmsc_protein_source_evidence.csv
CTHRC1,S2,GSE182158;GSE199071,GSE117837,2,4,6,ROBUST_BASELINE_SENDER,NO_CLEAR_LICENSING_EFFECT,YES,YES,YES,YES,YES,P1_PARACRINE_CORE,NOT_AUDITED_PHASE4B_FROZEN17_ONLY,NOT_SYSTEMATICALLY_AUDITED,NOT_SYSTEMATICALLY_AUDITED,NOT_SYSTEMATICALLY_AUDITED,NOT_SYSTEMATICALLY_AUDITED,NOT_SYSTEMATICALLY_AUDITED,YES,TIER_B_COMPATIBILITY_CANDIDATE,TRANSCRIPTOMIC_SENDER; PROTEIN_SECRETION_NOT_SYSTEMATICALLY_TESTED,results/03_phase3/sender/frozen_phase4_sender_candidates.csv|results/04_phase4a/freeze/phase4_sender_scopes.csv|results/04_phase4b1/corrected_hucmsc_protein_source_evidence.csv
CTSD,S2,GSE182158;GSE199071,GSE117837,2,4,6,ROBUST_BASELINE_SENDER,PASSAGE_DEPENDENT,YES,YES,YES,YES,YES,P1_PARACRINE_CORE,NOT_AUDITED_PHASE4B_FROZEN17_ONLY,NOT_SYSTEMATICALLY_AUDITED,NOT_SYSTEMATICALLY_AUDITED,NOT_SYSTEMATICALLY_AUDITED,NOT_SYSTEMATICALLY_AUDITED,NOT_SYSTEMATICALLY_AUDITED,YES,TIER_B_COMPATIBILITY_CANDIDATE,TRANSCRIPTOMIC_SENDER; PROTEIN_SECRETION_NOT_SYSTEMATICALLY_TESTED,results/03_phase3/sender/frozen_phase4_sender_candidates.csv|results/04_phase4a/freeze/phase4_sender_scopes.csv|results/04_phase4b1/corrected_hucmsc_protein_source_evidence.csv
CXCL1,S2,GSE182158;GSE199071,GSE117837,2,4,6,ROBUST_BASELINE_SENDER,PASSAGE_DEPENDENT,YES,YES,YES,YES,YES,P1_PARACRINE_CORE,NOT_AUDITED_PHASE4B_FROZEN17_ONLY,NOT_SYSTEMATICALLY_AUDITED,NOT_SYSTEMATICALLY_AUDITED,NOT_SYSTEMATICALLY_AUDITED,NOT_SYSTEMATICALLY_AUDITED,NOT_SYSTEMATICALLY_AUDITED,YES,TIER_B_COMPATIBILITY_CANDIDATE,TRANSCRIPTOMIC_SENDER; PROTEIN_SECRETION_NOT_SYSTEMATICALLY_TESTED,results/03_phase3/sender/frozen_phase4_sender_candidates.csv|results/04_phase4a/freeze/phase4_sender_scopes.csv|results/04_phase4b1/corrected_hucmsc_protein_source_evidence.csv
CXCL2,S2,GSE182158;GSE199071,GSE117837,2,4,6,ROBUST_BASELINE_SENDER,PASSAGE_DEPENDENT,YES,YES,YES,YES,YES,P1_PARACRINE_CORE,NOT_AUDITED_PHASE4B_FROZEN17_ONLY,NOT_SYSTEMATICALLY_AUDITED,NOT_SYSTEMATICALLY_AUDITED,NOT_SYSTEMATICALLY_AUDITED,NOT_SYSTEMATICALLY_AUDITED,NOT_SYSTEMATICALLY_AUDITED,YES,TIER_B_COMPATIBILITY_CANDIDATE,TRANSCRIPTOMIC_SENDER; PROTEIN_SECRETION_NOT_SYSTEMATICALLY_TESTED,results/03_phase3/sender/frozen_phase4_sender_candidates.csv|results/04_phase4a/freeze/phase4_sender_scopes.csv|results/04_phase4b1/corrected_hucmsc_protein_source_evidence.csv
CXCL3,S2,GSE182158;GSE199071,GSE117837,2,4,6,ROBUST_BASELINE_SENDER,PASSAGE_DEPENDENT,YES,YES,YES,YES,YES,P1_PARACRINE_CORE,NOT_AUDITED_PHASE4B_FROZEN17_ONLY,NOT_SYSTEMATICALLY_AUDITED,NOT_SYSTEMATICALLY_AUDITED,NOT_SYSTEMATICALLY_AUDITED,NOT_SYSTEMATICALLY_AUDITED,NOT_SYSTEMATICALLY_AUDITED,YES,TIER_B_COMPATIBILITY_CANDIDATE,TRANSCRIPTOMIC_SENDER; PROTEIN_SECRETION_NOT_SYSTEMATICALLY_TESTED,results/03_phase3/sender/frozen_phase4_sender_candidates.csv|results/04_phase4a/freeze/phase4_sender_scopes.csv|results/04_phase4b1/corrected_hucmsc_protein_source_evidence.csv
CXCL6,S2,GSE182158;GSE199071,GSE117837,2,4,6,ROBUST_BASELINE_SENDER,PASSAGE_DEPENDENT,YES,YES,YES,YES,YES,P1_PARACRINE_CORE,NOT_AUDITED_PHASE4B_FROZEN17_ONLY,NOT_SYSTEMATICALLY_AUDITED,NOT_SYSTEMATICALLY_AUDITED,NOT_SYSTEMATICALLY_AUDITED,NOT_SYSTEMATICALLY_AUDITED,NOT_SYSTEMATICALLY_AUDITED,YES,TIER_B_COMPATIBILITY_CANDIDATE,TRANSCRIPTOMIC_SENDER; PROTEIN_SECRETION_NOT_SYSTEMATICALLY_TESTED,results/03_phase3/sender/frozen_phase4_sender_candidates.csv|results/04_phase4a/freeze/phase4_sender_scopes.csv|results/04_phase4b1/corrected_hucmsc_protein_source_evidence.csv
DKK3,S2,GSE182158;GSE199071,GSE117837,2,4,6,ROBUST_BASELINE_SENDER,NO_CLEAR_LICENSING_EFFECT,YES,YES,YES,YES,YES,P1_PARACRINE_CORE,NOT_AUDITED_PHASE4B_FROZEN17_ONLY,NOT_SYSTEMATICALLY_AUDITED,NOT_SYSTEMATICALLY_AUDITED,NOT_SYSTEMATICALLY_AUDITED,NOT_SYSTEMATICALLY_AUDITED,NOT_SYSTEMATICALLY_AUDITED,YES,TIER_B_COMPATIBILITY_CANDIDATE,TRANSCRIPTOMIC_SENDER; PROTEIN_SECRETION_NOT_SYSTEMATICALLY_TESTED,results/03_phase3/sender/frozen_phase4_sender_candidates.csv|results/04_phase4a/freeze/phase4_sender_scopes.csv|results/04_phase4b1/corrected_hucmsc_protein_source_evidence.csv
DSC3,S2,GSE182158;GSE199071,GSE117837,2,4,6,ROBUST_BASELINE_SENDER,PASSAGE_DEPENDENT,NO,YES,NO,YES,YES,P2_EXTRACELLULAR_EXTENDED,NOT_AUDITED_PHASE4B_FROZEN17_ONLY,NOT_SYSTEMATICALLY_AUDITED,NOT_SYSTEMATICALLY_AUDITED,NOT_SYSTEMATICALLY_AUDITED,NOT_SYSTEMATICALLY_AUDITED,NOT_SYSTEMATICALLY_AUDITED,YES,NOT_PRIORITIZED,TRANSCRIPTOMIC_SENDER; PROTEIN_SECRETION_NOT_SYSTEMATICALLY_TESTED,results/03_phase3/sender/frozen_phase4_sender_candidates.csv|results/04_phase4a/freeze/phase4_sender_scopes.csv|results/04_phase4b1/corrected_hucmsc_protein_source_evidence.csv
DSG2,S2,GSE182158;GSE199071,GSE117837,2,4,6,ROBUST_BASELINE_SENDER,PASSAGE_DEPENDENT,YES,YES,YES,YES,YES,P1_PARACRINE_CORE,NOT_AUDITED_PHASE4B_FROZEN17_ONLY,NOT_SYSTEMATICALLY_AUDITED,NOT_SYSTEMATICALLY_AUDITED,NOT_SYSTEMATICALLY_AUDITED,NOT_SYSTEMATICALLY_AUDITED,NOT_SYSTEMATICALLY_AUDITED,YES,NOT_PRIORITIZED,TRANSCRIPTOMIC_SENDER; PROTEIN_SECRETION_NOT_SYSTEMATICALLY_TESTED,results/03_phase3/sender/frozen_phase4_sender_candidates.csv|results/04_phase4a/freeze/phase4_sender_scopes.csv|results/04_phase4b1/corrected_hucmsc_protein_source_evidence.csv
ECM1,S2,GSE182158;GSE199071,GSE117837,2,4,6,ROBUST_BASELINE_SENDER,DONOR_DEPENDENT,YES,YES,YES,YES,YES,P1_PARACRINE_CORE,NOT_AUDITED_PHASE4B_FROZEN17_ONLY,NOT_SYSTEMATICALLY_AUDITED,NOT_SYSTEMATICALLY_AUDITED,NOT_SYSTEMATICALLY_AUDITED,NOT_SYSTEMATICALLY_AUDITED,NOT_SYSTEMATICALLY_AUDITED,YES,NOT_PRIORITIZED,TRANSCRIPTOMIC_SENDER; PROTEIN_SECRETION_NOT_SYSTEMATICALLY_TESTED,results/03_phase3/sender/frozen_phase4_sender_candidates.csv|results/04_phase4a/freeze/phase4_sender_scopes.csv|results/04_phase4b1/corrected_hucmsc_protein_source_evidence.csv
EDIL3,S2,GSE182158;GSE199071,GSE117837,2,4,6,ROBUST_BASELINE_SENDER,DONOR_DEPENDENT,YES,YES,YES,YES,YES,P1_PARACRINE_CORE,NOT_AUDITED_PHASE4B_FROZEN17_ONLY,NOT_SYSTEMATICALLY_AUDITED,NOT_SYSTEMATICALLY_AUDITED,NOT_SYSTEMATICALLY_AUDITED,NOT_SYSTEMATICALLY_AUDITED,NOT_SYSTEMATICALLY_AUDITED,YES,TIER_B_COMPATIBILITY_CANDIDATE,TRANSCRIPTOMIC_SENDER; PROTEIN_SECRETION_NOT_SYSTEMATICALLY_TESTED,results/03_phase3/sender/frozen_phase4_sender_candidates.csv|results/04_phase4a/freeze/phase4_sender_scopes.csv|results/04_phase4b1/corrected_hucmsc_protein_source_evidence.csv
EFEMP1,S2,GSE182158;GSE199071,GSE117837,2,3,5,ROBUST_BASELINE_SENDER,PASSAGE_DEPENDENT,YES,YES,YES,YES,YES,P1_PARACRINE_CORE,NOT_AUDITED_PHASE4B_FROZEN17_ONLY,NOT_SYSTEMATICALLY_AUDITED,NOT_SYSTEMATICALLY_AUDITED,NOT_SYSTEMATICALLY_AUDITED,NOT_SYSTEMATICALLY_AUDITED,NOT_SYSTEMATICALLY_AUDITED,YES,TIER_B_COMPATIBILITY_CANDIDATE,TRANSCRIPTOMIC_SENDER; PROTEIN_SECRETION_NOT_SYSTEMATICALLY_TESTED,results/03_phase3/sender/frozen_phase4_sender_candidates.csv|results/04_phase4a/freeze/phase4_sender_scopes.csv|results/04_phase4b1/corrected_hucmsc_protein_source_evidence.csv
EFEMP2,S2,GSE182158;GSE199071,GSE117837,2,4,6,ROBUST_BASELINE_SENDER,DONOR_DEPENDENT,YES,YES,YES,YES,YES,P1_PARACRINE_CORE,NOT_AUDITED_PHASE4B_FROZEN17_ONLY,NOT_SYSTEMATICALLY_AUDITED,NOT_SYSTEMATICALLY_AUDITED,NOT_SYSTEMATICALLY_AUDITED,NOT_SYSTEMATICALLY_AUDITED,NOT_SYSTEMATICALLY_AUDITED,YES,TIER_B_COMPATIBILITY_CANDIDATE,TRANSCRIPTOMIC_SENDER; PROTEIN_SECRETION_NOT_SYSTEMATICALLY_TESTED,results/03_phase3/sender/frozen_phase4_sender_candidates.csv|results/04_phase4a/freeze/phase4_sender_scopes.csv|results/04_phase4b1/corrected_hucmsc_protein_source_evidence.csv
EFNA4,S2,GSE182158;GSE199071,GSE117837,2,3,5,ROBUST_BASELINE_SENDER,PASSAGE_DEPENDENT,YES,YES,YES,YES,YES,P1_PARACRINE_CORE,NOT_AUDITED_PHASE4B_FROZEN17_ONLY,NOT_SYSTEMATICALLY_AUDITED,NOT_SYSTEMATICALLY_AUDITED,NOT_SYSTEMATICALLY_AUDITED,NOT_SYSTEMATICALLY_AUDITED,NOT_SYSTEMATICALLY_AUDITED,YES,TIER_C_EXTENDED_EXTRACELLULAR,TRANSCRIPTOMIC_SENDER; PROTEIN_SECRETION_NOT_SYSTEMATICALLY_TESTED,results/03_phase3/sender/frozen_phase4_sender_candidates.csv|results/04_phase4a/freeze/phase4_sender_scopes.csv|results/04_phase4b1/corrected_hucmsc_protein_source_evidence.csv
EMC1,S2,GSE182158;GSE199071,GSE117837,2,4,6,ROBUST_BASELINE_SENDER,NO_CLEAR_LICENSING_EFFECT,NO,NO,NO,NO,YES,P3_FULL_LR_SENSITIVITY,NOT_AUDITED_PHASE4B_FROZEN17_ONLY,NOT_SYSTEMATICALLY_AUDITED,NOT_SYSTEMATICALLY_AUDITED,NOT_SYSTEMATICALLY_AUDITED,NOT_SYSTEMATICALLY_AUDITED,NOT_SYSTEMATICALLY_AUDITED,YES,TIER_B_COMPATIBILITY_CANDIDATE,TRANSCRIPTOMIC_SENDER; PROTEIN_SECRETION_NOT_SYSTEMATICALLY_TESTED,results/03_phase3/sender/frozen_phase4_sender_candidates.csv|results/04_phase4a/freeze/phase4_sender_scopes.csv|results/04_phase4b1/corrected_hucmsc_protein_source_evidence.csv
ENG,S2,GSE182158;GSE199071,GSE117837,2,4,6,ROBUST_BASELINE_SENDER,PASSAGE_DEPENDENT,NO,YES,NO,YES,YES,P2_EXTRACELLULAR_EXTENDED,NOT_AUDITED_PHASE4B_FROZEN17_ONLY,NOT_SYSTEMATICALLY_AUDITED,NOT_SYSTEMATICALLY_AUDITED,NOT_SYSTEMATICALLY_AUDITED,NOT_SYSTEMATICALLY_AUDITED,NOT_SYSTEMATICALLY_AUDITED,YES,TIER_B_COMPATIBILITY_CANDIDATE,TRANSCRIPTOMIC_SENDER; PROTEIN_SECRETION_NOT_SYSTEMATICALLY_TESTED,results/03_phase3/sender/frozen_phase4_sender_candidates.csv|results/04_phase4a/freeze/phase4_sender_scopes.csv|results/04_phase4b1/corrected_hucmsc_protein_source_evidence.csv
ENPP1,S2,GSE182158;GSE199071,GSE117837,2,4,6,ROBUST_BASELINE_SENDER,PASSAGE_DEPENDENT,YES,YES,YES,YES,YES,P1_PARACRINE_CORE,EXTRACELLULAR_ENZYME,AUDITED_FROZEN17,YES,NO,HUCMSC_EV_PROTEIN_DIRECT,PXD020948;YU2024_SUPP,YES,TIER_A_DIRECTIONAL_RESCUE_CANDIDATE,TRANSCRIPTOMIC_SENDER_WITH_FROZEN_PHASE4B_PROTEIN_AUDIT,results/03_phase3/sender/frozen_phase4_sender_candidates.csv|results/04_phase4a/freeze/phase4_sender_scopes.csv|results/04_phase4b1/corrected_hucmsc_protein_source_evidence.csv
EXOC3-AS1,S2,GSE182158;GSE199071,GSE117837,2,4,6,ROBUST_BASELINE_SENDER,PASSAGE_DEPENDENT,YES,YES,YES,YES,YES,P1_PARACRINE_CORE,NOT_AUDITED_PHASE4B_FROZEN17_ONLY,NOT_SYSTEMATICALLY_AUDITED,NOT_SYSTEMATICALLY_AUDITED,NOT_SYSTEMATICALLY_AUDITED,NOT_SYSTEMATICALLY_AUDITED,NOT_SYSTEMATICALLY_AUDITED,YES,NOT_PRIORITIZED,TRANSCRIPTOMIC_SENDER; PROTEIN_SECRETION_NOT_SYSTEMATICALLY_TESTED,results/03_phase3/sender/frozen_phase4_sender_candidates.csv|results/04_phase4a/freeze/phase4_sender_scopes.csv|results/04_phase4b1/corrected_hucmsc_protein_source_evidence.csv
EZR,S2,GSE182158;GSE199071,GSE117837,2,4,6,ROBUST_BASELINE_SENDER,NO_CLEAR_LICENSING_EFFECT,NO,YES,NO,YES,YES,P2_EXTRACELLULAR_EXTENDED,NOT_AUDITED_PHASE4B_FROZEN17_ONLY,NOT_SYSTEMATICALLY_AUDITED,NOT_SYSTEMATICALLY_AUDITED,NOT_SYSTEMATICALLY_AUDITED,NOT_SYSTEMATICALLY_AUDITED,NOT_SYSTEMATICALLY_AUDITED,YES,TIER_B_COMPATIBILITY_CANDIDATE,TRANSCRIPTOMIC_SENDER; PROTEIN_SECRETION_NOT_SYSTEMATICALLY_TESTED,results/03_phase3/sender/frozen_phase4_sender_candidates.csv|results/04_phase4a/freeze/phase4_sender_scopes.csv|results/04_phase4b1/corrected_hucmsc_protein_source_evidence.csv
FAM3C,S2,GSE182158;GSE199071,GSE117837,2,4,6,ROBUST_BASELINE_SENDER,NO_CLEAR_LICENSING_EFFECT,YES,YES,YES,YES,YES,P1_PARACRINE_CORE,NOT_AUDITED_PHASE4B_FROZEN17_ONLY,NOT_SYSTEMATICALLY_AUDITED,NOT_SYSTEMATICALLY_AUDITED,NOT_SYSTEMATICALLY_AUDITED,NOT_SYSTEMATICALLY_AUDITED,NOT_SYSTEMATICALLY_AUDITED,YES,TIER_B_COMPATIBILITY_CANDIDATE,TRANSCRIPTOMIC_SENDER; PROTEIN_SECRETION_NOT_SYSTEMATICALLY_TESTED,results/03_phase3/sender/frozen_phase4_sender_candidates.csv|results/04_phase4a/freeze/phase4_sender_scopes.csv|results/04_phase4b1/corrected_hucmsc_protein_source_evidence.csv
FAP,S2,GSE182158;GSE199071,GSE117837,2,4,6,ROBUST_BASELINE_SENDER,PASSAGE_DEPENDENT,YES,YES,YES,YES,YES,P1_PARACRINE_CORE,NOT_AUDITED_PHASE4B_FROZEN17_ONLY,NOT_SYSTEMATICALLY_AUDITED,NOT_SYSTEMATICALLY_AUDITED,NOT_SYSTEMATICALLY_AUDITED,NOT_SYSTEMATICALLY_AUDITED,NOT_SYSTEMATICALLY_AUDITED,YES,TIER_B_COMPATIBILITY_CANDIDATE,TRANSCRIPTOMIC_SENDER; PROTEIN_SECRETION_NOT_SYSTEMATICALLY_TESTED,results/03_phase3/sender/frozen_phase4_sender_candidates.csv|results/04_phase4a/freeze/phase4_sender_scopes.csv|results/04_phase4b1/corrected_hucmsc_protein_source_evidence.csv
FBLN1,S2,GSE182158;GSE199071,GSE117837,2,4,6,ROBUST_BASELINE_SENDER,DONOR_DEPENDENT,YES,YES,YES,YES,YES,P1_PARACRINE_CORE,NOT_AUDITED_PHASE4B_FROZEN17_ONLY,NOT_SYSTEMATICALLY_AUDITED,NOT_SYSTEMATICALLY_AUDITED,NOT_SYSTEMATICALLY_AUDITED,NOT_SYSTEMATICALLY_AUDITED,NOT_SYSTEMATICALLY_AUDITED,YES,TIER_B_COMPATIBILITY_CANDIDATE,TRANSCRIPTOMIC_SENDER; PROTEIN_SECRETION_NOT_SYSTEMATICALLY_TESTED,results/03_phase3/sender/frozen_phase4_sender_candidates.csv|results/04_phase4a/freeze/phase4_sender_scopes.csv|results/04_phase4b1/corrected_hucmsc_protein_source_evidence.csv
FBN1,S2,GSE182158;GSE199071,GSE117837,2,4,6,ROBUST_BASELINE_SENDER,DONOR_DEPENDENT,YES,YES,YES,YES,YES,P1_PARACRINE_CORE,NOT_AUDITED_PHASE4B_FROZEN17_ONLY,NOT_SYSTEMATICALLY_AUDITED,NOT_SYSTEMATICALLY_AUDITED,NOT_SYSTEMATICALLY_AUDITED,NOT_SYSTEMATICALLY_AUDITED,NOT_SYSTEMATICALLY_AUDITED,YES,TIER_B_COMPATIBILITY_CANDIDATE,TRANSCRIPTOMIC_SENDER; PROTEIN_SECRETION_NOT_SYSTEMATICALLY_TESTED,results/03_phase3/sender/frozen_phase4_sender_candidates.csv|results/04_phase4a/freeze/phase4_sender_scopes.csv|results/04_phase4b1/corrected_hucmsc_protein_source_evidence.csv
FGF7,S2,GSE182158;GSE199071,GSE117837,2,3,5,ROBUST_BASELINE_SENDER,PASSAGE_DEPENDENT,YES,YES,YES,YES,YES,P1_PARACRINE_CORE,NOT_AUDITED_PHASE4B_FROZEN17_ONLY,NOT_SYSTEMATICALLY_AUDITED,NOT_SYSTEMATICALLY_AUDITED,NOT_SYSTEMATICALLY_AUDITED,NOT_SYSTEMATICALLY_AUDITED,NOT_SYSTEMATICALLY_AUDITED,YES,TIER_B_COMPATIBILITY_CANDIDATE,TRANSCRIPTOMIC_SENDER; PROTEIN_SECRETION_NOT_SYSTEMATICALLY_TESTED,results/03_phase3/sender/frozen_phase4_sender_candidates.csv|results/04_phase4a/freeze/phase4_sender_scopes.csv|results/04_phase4b1/corrected_hucmsc_protein_source_evidence.csv
FLRT2,S2,GSE182158;GSE199071,GSE117837,2,4,6,ROBUST_BASELINE_SENDER,PASSAGE_DEPENDENT,YES,YES,YES,YES,YES,P1_PARACRINE_CORE,NOT_AUDITED_PHASE4B_FROZEN17_ONLY,NOT_SYSTEMATICALLY_AUDITED,NOT_SYSTEMATICALLY_AUDITED,NOT_SYSTEMATICALLY_AUDITED,NOT_SYSTEMATICALLY_AUDITED,NOT_SYSTEMATICALLY_AUDITED,YES,TIER_B_COMPATIBILITY_CANDIDATE,TRANSCRIPTOMIC_SENDER; PROTEIN_SECRETION_NOT_SYSTEMATICALLY_TESTED,results/03_phase3/sender/frozen_phase4_sender_candidates.csv|results/04_phase4a/freeze/phase4_sender_scopes.csv|results/04_phase4b1/corrected_hucmsc_protein_source_evidence.csv
FN1,S2,GSE182158;GSE199071,GSE117837,2,4,6,ROBUST_BASELINE_SENDER,NO_CLEAR_LICENSING_EFFECT,YES,YES,YES,YES,YES,P1_PARACRINE_CORE,NOT_AUDITED_PHASE4B_FROZEN17_ONLY,NOT_SYSTEMATICALLY_AUDITED,NOT_SYSTEMATICALLY_AUDITED,NOT_SYSTEMATICALLY_AUDITED,NOT_SYSTEMATICALLY_AUDITED,NOT_SYSTEMATICALLY_AUDITED,YES,TIER_C_EXTENDED_EXTRACELLULAR,TRANSCRIPTOMIC_SENDER; PROTEIN_SECRETION_NOT_SYSTEMATICALLY_TESTED,results/03_phase3/sender/frozen_phase4_sender_candidates.csv|results/04_phase4a/freeze/phase4_sender_scopes.csv|results/04_phase4b1/corrected_hucmsc_protein_source_evidence.csv
FURIN,S2,GSE182158;GSE199071,GSE117837,2,4,6,ROBUST_BASELINE_SENDER,PASSAGE_DEPENDENT,YES,YES,YES,YES,YES,P1_PARACRINE_CORE,SHED_SOLUBLE_FORM,AUDITED_FROZEN17,NO,NO,NO_PROTEIN_SOURCE_EVIDENCE,NONE,YES,TIER_A_DIRECTIONAL_RESCUE_CANDIDATE,TRANSCRIPTOMIC_SENDER_WITH_FROZEN_PHASE4B_PROTEIN_AUDIT,results/03_phase3/sender/frozen_phase4_sender_candidates.csv|results/04_phase4a/freeze/phase4_sender_scopes.csv|results/04_phase4b1/corrected_hucmsc_protein_source_evidence.csv
GAS6,S2,GSE182158;GSE199071,GSE117837,2,4,6,ROBUST_BASELINE_SENDER,PASSAGE_DEPENDENT,YES,YES,YES,YES,YES,P1_PARACRINE_CORE,NOT_AUDITED_PHASE4B_FROZEN17_ONLY,NOT_SYSTEMATICALLY_AUDITED,NOT_SYSTEMATICALLY_AUDITED,NOT_SYSTEMATICALLY_AUDITED,NOT_SYSTEMATICALLY_AUDITED,NOT_SYSTEMATICALLY_AUDITED,YES,TIER_C_EXTENDED_EXTRACELLULAR,TRANSCRIPTOMIC_SENDER; PROTEIN_SECRETION_NOT_SYSTEMATICALLY_TESTED,results/03_phase3/sender/frozen_phase4_sender_candidates.csv|results/04_phase4a/freeze/phase4_sender_scopes.csv|results/04_phase4b1/corrected_hucmsc_protein_source_evidence.csv
GDF11,S2,GSE182158;GSE199071,GSE117837,2,4,6,ROBUST_BASELINE_SENDER,PASSAGE_DEPENDENT,YES,YES,YES,YES,YES,P1_PARACRINE_CORE,CANONICAL_SOLUBLE_SECRETED,AUDITED_FROZEN17,YES,NO,HUCMSC_EV_PROTEIN_DIRECT,YU2024_SUPP,YES,TIER_A_DIRECTIONAL_RESCUE_CANDIDATE,TRANSCRIPTOMIC_SENDER_WITH_FROZEN_PHASE4B_PROTEIN_AUDIT,results/03_phase3/sender/frozen_phase4_sender_candidates.csv|results/04_phase4a/freeze/phase4_sender_scopes.csv|results/04_phase4b1/corrected_hucmsc_protein_source_evidence.csv
GDF15,S2,GSE182158;GSE199071,GSE117837,2,4,6,ROBUST_BASELINE_SENDER,DONOR_DEPENDENT,YES,YES,YES,YES,YES,P1_PARACRINE_CORE,NOT_AUDITED_PHASE4B_FROZEN17_ONLY,NOT_SYSTEMATICALLY_AUDITED,NOT_SYSTEMATICALLY_AUDITED,NOT_SYSTEMATICALLY_AUDITED,NOT_SYSTEMATICALLY_AUDITED,NOT_SYSTEMATICALLY_AUDITED,YES,TIER_C_EXTENDED_EXTRACELLULAR,TRANSCRIPTOMIC_SENDER; PROTEIN_SECRETION_NOT_SYSTEMATICALLY_TESTED,results/03_phase3/sender/frozen_phase4_sender_candidates.csv|results/04_phase4a/freeze/phase4_sender_scopes.csv|results/04_phase4b1/corrected_hucmsc_protein_source_evidence.csv
GLG1,S2,GSE182158;GSE199071,GSE117837,2,4,6,ROBUST_BASELINE_SENDER,PASSAGE_DEPENDENT,YES,YES,YES,YES,YES,P1_PARACRINE_CORE,NOT_AUDITED_PHASE4B_FROZEN17_ONLY,NOT_SYSTEMATICALLY_AUDITED,NOT_SYSTEMATICALLY_AUDITED,NOT_SYSTEMATICALLY_AUDITED,NOT_SYSTEMATICALLY_AUDITED,NOT_SYSTEMATICALLY_AUDITED,YES,TIER_B_COMPATIBILITY_CANDIDATE,TRANSCRIPTOMIC_SENDER; PROTEIN_SECRETION_NOT_SYSTEMATICALLY_TESTED,results/03_phase3/sender/frozen_phase4_sender_candidates.csv|results/04_phase4a/freeze/phase4_sender_scopes.csv|results/04_phase4b1/corrected_hucmsc_protein_source_evidence.csv
GNAS,S2,GSE182158;GSE199071,GSE117837,2,4,6,ROBUST_BASELINE_SENDER,NO_CLEAR_LICENSING_EFFECT,YES,YES,YES,YES,YES,P1_PARACRINE_CORE,NOT_AUDITED_PHASE4B_FROZEN17_ONLY,NOT_SYSTEMATICALLY_AUDITED,NOT_SYSTEMATICALLY_AUDITED,NOT_SYSTEMATICALLY_AUDITED,NOT_SYSTEMATICALLY_AUDITED,NOT_SYSTEMATICALLY_AUDITED,YES,TIER_B_COMPATIBILITY_CANDIDATE,TRANSCRIPTOMIC_SENDER; PROTEIN_SECRETION_NOT_SYSTEMATICALLY_TESTED,results/03_phase3/sender/frozen_phase4_sender_candidates.csv|results/04_phase4a/freeze/phase4_sender_scopes.csv|results/04_phase4b1/corrected_hucmsc_protein_source_evidence.csv
GPI,S2,GSE182158;GSE199071,GSE117837,2,4,6,ROBUST_BASELINE_SENDER,NO_CLEAR_LICENSING_EFFECT,YES,YES,YES,YES,YES,P1_PARACRINE_CORE,NOT_AUDITED_PHASE4B_FROZEN17_ONLY,NOT_SYSTEMATICALLY_AUDITED,NOT_SYSTEMATICALLY_AUDITED,NOT_SYSTEMATICALLY_AUDITED,NOT_SYSTEMATICALLY_AUDITED,NOT_SYSTEMATICALLY_AUDITED,YES,TIER_B_COMPATIBILITY_CANDIDATE,TRANSCRIPTOMIC_SENDER; PROTEIN_SECRETION_NOT_SYSTEMATICALLY_TESTED,results/03_phase3/sender/frozen_phase4_sender_candidates.csv|results/04_phase4a/freeze/phase4_sender_scopes.csv|results/04_phase4b1/corrected_hucmsc_protein_source_evidence.csv
GRN,S2,GSE182158;GSE199071,GSE117837,2,4,6,ROBUST_BASELINE_SENDER,PASSAGE_DEPENDENT,YES,YES,YES,YES,YES,P1_PARACRINE_CORE,CANONICAL_SOLUBLE_SECRETED,AUDITED_FROZEN17,YES,NO,HUCMSC_EV_PROTEIN_DIRECT,PXD056371;YU2024_SUPP,YES,TIER_A_DIRECTIONAL_RESCUE_CANDIDATE,TRANSCRIPTOMIC_SENDER_WITH_FROZEN_PHASE4B_PROTEIN_AUDIT,results/03_phase3/sender/frozen_phase4_sender_candidates.csv|results/04_phase4a/freeze/phase4_sender_scopes.csv|results/04_phase4b1/corrected_hucmsc_protein_source_evidence.csv
GSTP1,S2,GSE182158;GSE199071,GSE117837,2,4,6,ROBUST_BASELINE_SENDER,NO_CLEAR_LICENSING_EFFECT,NO,YES,NO,YES,YES,P2_EXTRACELLULAR_EXTENDED,NOT_AUDITED_PHASE4B_FROZEN17_ONLY,NOT_SYSTEMATICALLY_AUDITED,NOT_SYSTEMATICALLY_AUDITED,NOT_SYSTEMATICALLY_AUDITED,NOT_SYSTEMATICALLY_AUDITED,NOT_SYSTEMATICALLY_AUDITED,YES,NOT_PRIORITIZED,TRANSCRIPTOMIC_SENDER; PROTEIN_SECRETION_NOT_SYSTEMATICALLY_TESTED,results/03_phase3/sender/frozen_phase4_sender_candidates.csv|results/04_phase4a/freeze/phase4_sender_scopes.csv|results/04_phase4b1/corrected_hucmsc_protein_source_evidence.csv
HAS2,S2,GSE182158;GSE199071,GSE117837,2,4,6,ROBUST_BASELINE_SENDER,DONOR_DEPENDENT,NO,YES,NO,YES,YES,P2_EXTRACELLULAR_EXTENDED,NOT_AUDITED_PHASE4B_FROZEN17_ONLY,NOT_SYSTEMATICALLY_AUDITED,NOT_SYSTEMATICALLY_AUDITED,NOT_SYSTEMATICALLY_AUDITED,NOT_SYSTEMATICALLY_AUDITED,NOT_SYSTEMATICALLY_AUDITED,YES,TIER_B_COMPATIBILITY_CANDIDATE,TRANSCRIPTOMIC_SENDER; PROTEIN_SECRETION_NOT_SYSTEMATICALLY_TESTED,results/03_phase3/sender/frozen_phase4_sender_candidates.csv|results/04_phase4a/freeze/phase4_sender_scopes.csv|results/04_phase4b1/corrected_hucmsc_protein_source_evidence.csv
HEBP1,S2,GSE182158;GSE199071,GSE117837,2,4,6,ROBUST_BASELINE_SENDER,NO_CLEAR_LICENSING_EFFECT,YES,YES,YES,YES,YES,P1_PARACRINE_CORE,NOT_AUDITED_PHASE4B_FROZEN17_ONLY,NOT_SYSTEMATICALLY_AUDITED,NOT_SYSTEMATICALLY_AUDITED,NOT_SYSTEMATICALLY_AUDITED,NOT_SYSTEMATICALLY_AUDITED,NOT_SYSTEMATICALLY_AUDITED,YES,TIER_B_COMPATIBILITY_CANDIDATE,TRANSCRIPTOMIC_SENDER; PROTEIN_SECRETION_NOT_SYSTEMATICALLY_TESTED,results/03_phase3/sender/frozen_phase4_sender_candidates.csv|results/04_phase4a/freeze/phase4_sender_scopes.csv|results/04_phase4b1/corrected_hucmsc_protein_source_evidence.csv
HMGB1,S2,GSE182158;GSE199071,GSE117837,2,4,6,ROBUST_BASELINE_SENDER,NO_CLEAR_LICENSING_EFFECT,YES,YES,YES,YES,YES,P1_PARACRINE_CORE,NOT_AUDITED_PHASE4B_FROZEN17_ONLY,NOT_SYSTEMATICALLY_AUDITED,NOT_SYSTEMATICALLY_AUDITED,NOT_SYSTEMATICALLY_AUDITED,NOT_SYSTEMATICALLY_AUDITED,NOT_SYSTEMATICALLY_AUDITED,YES,TIER_B_COMPATIBILITY_CANDIDATE,TRANSCRIPTOMIC_SENDER; PROTEIN_SECRETION_NOT_SYSTEMATICALLY_TESTED,results/03_phase3/sender/frozen_phase4_sender_candidates.csv|results/04_phase4a/freeze/phase4_sender_scopes.csv|results/04_phase4b1/corrected_hucmsc_protein_source_evidence.csv
HSP90B1,S2,GSE182158;GSE199071,GSE117837,2,4,6,ROBUST_BASELINE_SENDER,NO_CLEAR_LICENSING_EFFECT,NO,YES,NO,YES,YES,P2_EXTRACELLULAR_EXTENDED,NOT_AUDITED_PHASE4B_FROZEN17_ONLY,NOT_SYSTEMATICALLY_AUDITED,NOT_SYSTEMATICALLY_AUDITED,NOT_SYSTEMATICALLY_AUDITED,NOT_SYSTEMATICALLY_AUDITED,NOT_SYSTEMATICALLY_AUDITED,YES,TIER_B_COMPATIBILITY_CANDIDATE,TRANSCRIPTOMIC_SENDER; PROTEIN_SECRETION_NOT_SYSTEMATICALLY_TESTED,results/03_phase3/sender/frozen_phase4_sender_candidates.csv|results/04_phase4a/freeze/phase4_sender_scopes.csv|results/04_phase4b1/corrected_hucmsc_protein_source_evidence.csv
HSPG2,S2,GSE182158;GSE199071,GSE117837,2,4,6,ROBUST_BASELINE_SENDER,PASSAGE_DEPENDENT,YES,YES,YES,YES,YES,P1_PARACRINE_CORE,ECM_ASSOCIATED,AUDITED_FROZEN17,YES,NO,HUCMSC_EV_PROTEIN_DIRECT,FIGUEROA2025_SUPP;PXD020948;PXD056371;YU2024_SUPP,YES,TIER_A_DIRECTIONAL_RESCUE_CANDIDATE,TRANSCRIPTOMIC_SENDER_WITH_FROZEN_PHASE4B_PROTEIN_AUDIT,results/03_phase3/sender/frozen_phase4_sender_candidates.csv|results/04_phase4a/freeze/phase4_sender_scopes.csv|results/04_phase4b1/corrected_hucmsc_protein_source_evidence.csv
ICAM3,S2,GSE182158;GSE199071,GSE117837,2,4,6,ROBUST_BASELINE_SENDER,NO_CLEAR_LICENSING_EFFECT,NO,YES,NO,YES,YES,P2_EXTRACELLULAR_EXTENDED,NOT_AUDITED_PHASE4B_FROZEN17_ONLY,NOT_SYSTEMATICALLY_AUDITED,NOT_SYSTEMATICALLY_AUDITED,NOT_SYSTEMATICALLY_AUDITED,NOT_SYSTEMATICALLY_AUDITED,NOT_SYSTEMATICALLY_AUDITED,YES,TIER_C_EXTENDED_EXTRACELLULAR,TRANSCRIPTOMIC_SENDER; PROTEIN_SECRETION_NOT_SYSTEMATICALLY_TESTED,results/03_phase3/sender/frozen_phase4_sender_candidates.csv|results/04_phase4a/freeze/phase4_sender_scopes.csv|results/04_phase4b1/corrected_hucmsc_protein_source_evidence.csv
IGFBP4,S2,GSE182158;GSE199071,GSE117837,2,4,6,ROBUST_BASELINE_SENDER,PASSAGE_DEPENDENT,YES,YES,YES,YES,YES,P1_PARACRINE_CORE,NOT_AUDITED_PHASE4B_FROZEN17_ONLY,NOT_SYSTEMATICALLY_AUDITED,NOT_SYSTEMATICALLY_AUDITED,NOT_SYSTEMATICALLY_AUDITED,NOT_SYSTEMATICALLY_AUDITED,NOT_SYSTEMATICALLY_AUDITED,YES,TIER_B_COMPATIBILITY_CANDIDATE,TRANSCRIPTOMIC_SENDER; PROTEIN_SECRETION_NOT_SYSTEMATICALLY_TESTED,results/03_phase3/sender/frozen_phase4_sender_candidates.csv|results/04_phase4a/freeze/phase4_sender_scopes.csv|results/04_phase4b1/corrected_hucmsc_protein_source_evidence.csv
IGFBP7,S2,GSE182158;GSE199071,GSE117837,2,4,6,ROBUST_BASELINE_SENDER,NO_CLEAR_LICENSING_EFFECT,YES,YES,YES,YES,YES,P1_PARACRINE_CORE,NOT_AUDITED_PHASE4B_FROZEN17_ONLY,NOT_SYSTEMATICALLY_AUDITED,NOT_SYSTEMATICALLY_AUDITED,NOT_SYSTEMATICALLY_AUDITED,NOT_SYSTEMATICALLY_AUDITED,NOT_SYSTEMATICALLY_AUDITED,YES,NOT_PRIORITIZED,TRANSCRIPTOMIC_SENDER; PROTEIN_SECRETION_NOT_SYSTEMATICALLY_TESTED,results/03_phase3/sender/frozen_phase4_sender_candidates.csv|results/04_phase4a/freeze/phase4_sender_scopes.csv|results/04_phase4b1/corrected_hucmsc_protein_source_evidence.csv
IL1B,S2,GSE182158;GSE199071,GSE117837,2,4,6,ROBUST_BASELINE_SENDER,PASSAGE_DEPENDENT,YES,YES,YES,YES,YES,P1_PARACRINE_CORE,NOT_AUDITED_PHASE4B_FROZEN17_ONLY,NOT_SYSTEMATICALLY_AUDITED,NOT_SYSTEMATICALLY_AUDITED,NOT_SYSTEMATICALLY_AUDITED,NOT_SYSTEMATICALLY_AUDITED,NOT_SYSTEMATICALLY_AUDITED,YES,TIER_B_COMPATIBILITY_CANDIDATE,TRANSCRIPTOMIC_SENDER; PROTEIN_SECRETION_NOT_SYSTEMATICALLY_TESTED,results/03_phase3/sender/frozen_phase4_sender_candidates.csv|results/04_phase4a/freeze/phase4_sender_scopes.csv|results/04_phase4b1/corrected_hucmsc_protein_source_evidence.csv
IL32,S2,GSE182158;GSE199071,GSE117837,2,4,6,ROBUST_BASELINE_SENDER,PASSAGE_DEPENDENT,YES,YES,YES,YES,YES,P1_PARACRINE_CORE,NOT_AUDITED_PHASE4B_FROZEN17_ONLY,NOT_SYSTEMATICALLY_AUDITED,NOT_SYSTEMATICALLY_AUDITED,NOT_SYSTEMATICALLY_AUDITED,NOT_SYSTEMATICALLY_AUDITED,NOT_SYSTEMATICALLY_AUDITED,YES,NOT_PRIORITIZED,TRANSCRIPTOMIC_SENDER; PROTEIN_SECRETION_NOT_SYSTEMATICALLY_TESTED,results/03_phase3/sender/frozen_phase4_sender_candidates.csv|results/04_phase4a/freeze/phase4_sender_scopes.csv|results/04_phase4b1/corrected_hucmsc_protein_source_evidence.csv
INHBA,S2,GSE182158;GSE199071,GSE117837,2,4,6,ROBUST_BASELINE_SENDER,PASSAGE_DEPENDENT,YES,YES,YES,YES,YES,P1_PARACRINE_CORE,NOT_AUDITED_PHASE4B_FROZEN17_ONLY,NOT_SYSTEMATICALLY_AUDITED,NOT_SYSTEMATICALLY_AUDITED,NOT_SYSTEMATICALLY_AUDITED,NOT_SYSTEMATICALLY_AUDITED,NOT_SYSTEMATICALLY_AUDITED,YES,TIER_B_COMPATIBILITY_CANDIDATE,TRANSCRIPTOMIC_SENDER; PROTEIN_SECRETION_NOT_SYSTEMATICALLY_TESTED,results/03_phase3/sender/frozen_phase4_sender_candidates.csv|results/04_phase4a/freeze/phase4_sender_scopes.csv|results/04_phase4b1/corrected_hucmsc_protein_source_evidence.csv
ITGA4,S2,GSE182158;GSE199071,GSE117837,2,4,6,ROBUST_BASELINE_SENDER,PASSAGE_DEPENDENT,NO,YES,NO,YES,YES,P2_EXTRACELLULAR_EXTENDED,NOT_AUDITED_PHASE4B_FROZEN17_ONLY,NOT_SYSTEMATICALLY_AUDITED,NOT_SYSTEMATICALLY_AUDITED,NOT_SYSTEMATICALLY_AUDITED,NOT_SYSTEMATICALLY_AUDITED,NOT_SYSTEMATICALLY_AUDITED,YES,TIER_C_EXTENDED_EXTRACELLULAR,TRANSCRIPTOMIC_SENDER; PROTEIN_SECRETION_NOT_SYSTEMATICALLY_TESTED,results/03_phase3/sender/frozen_phase4_sender_candidates.csv|results/04_phase4a/freeze/phase4_sender_scopes.csv|results/04_phase4b1/corrected_hucmsc_protein_source_evidence.csv
ITGB1,S2,GSE182158;GSE199071,GSE117837,2,4,6,ROBUST_BASELINE_SENDER,NO_CLEAR_LICENSING_EFFECT,NO,YES,NO,YES,YES,P2_EXTRACELLULAR_EXTENDED,NOT_AUDITED_PHASE4B_FROZEN17_ONLY,NOT_SYSTEMATICALLY_AUDITED,NOT_SYSTEMATICALLY_AUDITED,NOT_SYSTEMATICALLY_AUDITED,NOT_SYSTEMATICALLY_AUDITED,NOT_SYSTEMATICALLY_AUDITED,YES,TIER_C_EXTENDED_EXTRACELLULAR,TRANSCRIPTOMIC_SENDER; PROTEIN_SECRETION_NOT_SYSTEMATICALLY_TESTED,results/03_phase3/sender/frozen_phase4_sender_candidates.csv|results/04_phase4a/freeze/phase4_sender_scopes.csv|results/04_phase4b1/corrected_hucmsc_protein_source_evidence.csv
ITM2B,S2,GSE182158;GSE199071,GSE117837,2,4,6,ROBUST_BASELINE_SENDER,NO_CLEAR_LICENSING_EFFECT,YES,YES,YES,YES,YES,P1_PARACRINE_CORE,NOT_AUDITED_PHASE4B_FROZEN17_ONLY,NOT_SYSTEMATICALLY_AUDITED,NOT_SYSTEMATICALLY_AUDITED,NOT_SYSTEMATICALLY_AUDITED,NOT_SYSTEMATICALLY_AUDITED,NOT_SYSTEMATICALLY_AUDITED,YES,TIER_B_COMPATIBILITY_CANDIDATE,TRANSCRIPTOMIC_SENDER; PROTEIN_SECRETION_NOT_SYSTEMATICALLY_TESTED,results/03_phase3/sender/frozen_phase4_sender_candidates.csv|results/04_phase4a/freeze/phase4_sender_scopes.csv|results/04_phase4b1/corrected_hucmsc_protein_source_evidence.csv
JAM3,S2,GSE182158;GSE199071,GSE117837,2,4,6,ROBUST_BASELINE_SENDER,PASSAGE_DEPENDENT,YES,YES,YES,YES,YES,P1_PARACRINE_CORE,NOT_AUDITED_PHASE4B_FROZEN17_ONLY,NOT_SYSTEMATICALLY_AUDITED,NOT_SYSTEMATICALLY_AUDITED,NOT_SYSTEMATICALLY_AUDITED,NOT_SYSTEMATICALLY_AUDITED,NOT_SYSTEMATICALLY_AUDITED,YES,TIER_B_COMPATIBILITY_CANDIDATE,TRANSCRIPTOMIC_SENDER; PROTEIN_SECRETION_NOT_SYSTEMATICALLY_TESTED,results/03_phase3/sender/frozen_phase4_sender_candidates.csv|results/04_phase4a/freeze/phase4_sender_scopes.csv|results/04_phase4b1/corrected_hucmsc_protein_source_evidence.csv
KIAA0319L,S2,GSE182158;GSE199071,GSE117837,2,4,6,ROBUST_BASELINE_SENDER,NO_CLEAR_LICENSING_EFFECT,NO,NO,NO,NO,YES,P3_FULL_LR_SENSITIVITY,NOT_AUDITED_PHASE4B_FROZEN17_ONLY,NOT_SYSTEMATICALLY_AUDITED,NOT_SYSTEMATICALLY_AUDITED,NOT_SYSTEMATICALLY_AUDITED,NOT_SYSTEMATICALLY_AUDITED,NOT_SYSTEMATICALLY_AUDITED,YES,NOT_PRIORITIZED,TRANSCRIPTOMIC_SENDER; PROTEIN_SECRETION_NOT_SYSTEMATICALLY_TESTED,results/03_phase3/sender/frozen_phase4_sender_candidates.csv|results/04_phase4a/freeze/phase4_sender_scopes.csv|results/04_phase4b1/corrected_hucmsc_protein_source_evidence.csv
LAMB2,S2,GSE182158;GSE199071,GSE117837,2,4,6,ROBUST_BASELINE_SENDER,PASSAGE_DEPENDENT,YES,YES,YES,YES,YES,P1_PARACRINE_CORE,NOT_AUDITED_PHASE4B_FROZEN17_ONLY,NOT_SYSTEMATICALLY_AUDITED,NOT_SYSTEMATICALLY_AUDITED,NOT_SYSTEMATICALLY_AUDITED,NOT_SYSTEMATICALLY_AUDITED,NOT_SYSTEMATICALLY_AUDITED,YES,TIER_C_EXTENDED_EXTRACELLULAR,TRANSCRIPTOMIC_SENDER; PROTEIN_SECRETION_NOT_SYSTEMATICALLY_TESTED,results/03_phase3/sender/frozen_phase4_sender_candidates.csv|results/04_phase4a/freeze/phase4_sender_scopes.csv|results/04_phase4b1/corrected_hucmsc_protein_source_evidence.csv
LAMC1,S2,GSE182158;GSE199071,GSE117837,2,4,6,ROBUST_BASELINE_SENDER,NO_CLEAR_LICENSING_EFFECT,YES,YES,YES,YES,YES,P1_PARACRINE_CORE,NOT_AUDITED_PHASE4B_FROZEN17_ONLY,NOT_SYSTEMATICALLY_AUDITED,NOT_SYSTEMATICALLY_AUDITED,NOT_SYSTEMATICALLY_AUDITED,NOT_SYSTEMATICALLY_AUDITED,NOT_SYSTEMATICALLY_AUDITED,YES,TIER_C_EXTENDED_EXTRACELLULAR,TRANSCRIPTOMIC_SENDER; PROTEIN_SECRETION_NOT_SYSTEMATICALLY_TESTED,results/03_phase3/sender/frozen_phase4_sender_candidates.csv|results/04_phase4a/freeze/phase4_sender_scopes.csv|results/04_phase4b1/corrected_hucmsc_protein_source_evidence.csv
LAYN,S2,GSE182158;GSE199071,GSE117837,2,4,6,ROBUST_BASELINE_SENDER,PASSAGE_DEPENDENT,NO,YES,NO,YES,YES,P2_EXTRACELLULAR_EXTENDED,NOT_AUDITED_PHASE4B_FROZEN17_ONLY,NOT_SYSTEMATICALLY_AUDITED,NOT_SYSTEMATICALLY_AUDITED,NOT_SYSTEMATICALLY_AUDITED,NOT_SYSTEMATICALLY_AUDITED,NOT_SYSTEMATICALLY_AUDITED,YES,NOT_PRIORITIZED,TRANSCRIPTOMIC_SENDER; PROTEIN_SECRETION_NOT_SYSTEMATICALLY_TESTED,results/03_phase3/sender/frozen_phase4_sender_candidates.csv|results/04_phase4a/freeze/phase4_sender_scopes.csv|results/04_phase4b1/corrected_hucmsc_protein_source_evidence.csv
LGALS1,S2,GSE182158;GSE199071,GSE117837,2,4,6,ROBUST_BASELINE_SENDER,NO_CLEAR_LICENSING_EFFECT,YES,YES,YES,YES,YES,P1_PARACRINE_CORE,NOT_AUDITED_PHASE4B_FROZEN17_ONLY,NOT_SYSTEMATICALLY_AUDITED,NOT_SYSTEMATICALLY_AUDITED,NOT_SYSTEMATICALLY_AUDITED,NOT_SYSTEMATICALLY_AUDITED,NOT_SYSTEMATICALLY_AUDITED,YES,TIER_B_COMPATIBILITY_CANDIDATE,TRANSCRIPTOMIC_SENDER; PROTEIN_SECRETION_NOT_SYSTEMATICALLY_TESTED,results/03_phase3/sender/frozen_phase4_sender_candidates.csv|results/04_phase4a/freeze/phase4_sender_scopes.csv|results/04_phase4b1/corrected_hucmsc_protein_source_evidence.csv
LGALS3,S2,GSE182158;GSE199071,GSE117837,2,4,6,ROBUST_BASELINE_SENDER,PASSAGE_DEPENDENT,YES,YES,YES,YES,YES,P1_PARACRINE_CORE,NOT_AUDITED_PHASE4B_FROZEN17_ONLY,NOT_SYSTEMATICALLY_AUDITED,NOT_SYSTEMATICALLY_AUDITED,NOT_SYSTEMATICALLY_AUDITED,NOT_SYSTEMATICALLY_AUDITED,NOT_SYSTEMATICALLY_AUDITED,YES,TIER_B_COMPATIBILITY_CANDIDATE,TRANSCRIPTOMIC_SENDER; PROTEIN_SECRETION_NOT_SYSTEMATICALLY_TESTED,results/03_phase3/sender/frozen_phase4_sender_candidates.csv|results/04_phase4a/freeze/phase4_sender_scopes.csv|results/04_phase4b1/corrected_hucmsc_protein_source_evidence.csv
LIN7A,S2,GSE182158;GSE199071,GSE117837,2,4,6,ROBUST_BASELINE_SENDER,PASSAGE_DEPENDENT,NO,NO,NO,NO,YES,P3_FULL_LR_SENSITIVITY,NOT_AUDITED_PHASE4B_FROZEN17_ONLY,NOT_SYSTEMATICALLY_AUDITED,NOT_SYSTEMATICALLY_AUDITED,NOT_SYSTEMATICALLY_AUDITED,NOT_SYSTEMATICALLY_AUDITED,NOT_SYSTEMATICALLY_AUDITED,YES,NOT_PRIORITIZED,TRANSCRIPTOMIC_SENDER; PROTEIN_SECRETION_NOT_SYSTEMATICALLY_TESTED,results/03_phase3/sender/frozen_phase4_sender_candidates.csv|results/04_phase4a/freeze/phase4_sender_scopes.csv|results/04_phase4b1/corrected_hucmsc_protein_source_evidence.csv
LIN7B,S2,GSE182158;GSE199071,GSE117837,2,4,6,ROBUST_BASELINE_SENDER,PASSAGE_DEPENDENT,NO,NO,NO,NO,YES,P3_FULL_LR_SENSITIVITY,NOT_AUDITED_PHASE4B_FROZEN17_ONLY,NOT_SYSTEMATICALLY_AUDITED,NOT_SYSTEMATICALLY_AUDITED,NOT_SYSTEMATICALLY_AUDITED,NOT_SYSTEMATICALLY_AUDITED,NOT_SYSTEMATICALLY_AUDITED,YES,NOT_PRIORITIZED,TRANSCRIPTOMIC_SENDER; PROTEIN_SECRETION_NOT_SYSTEMATICALLY_TESTED,results/03_phase3/sender/frozen_phase4_sender_candidates.csv|results/04_phase4a/freeze/phase4_sender_scopes.csv|results/04_phase4b1/corrected_hucmsc_protein_source_evidence.csv
LIN7C,S2,GSE182158;GSE199071,GSE117837,2,4,6,ROBUST_BASELINE_SENDER,NO_CLEAR_LICENSING_EFFECT,YES,YES,YES,YES,YES,P1_PARACRINE_CORE,NOT_AUDITED_PHASE4B_FROZEN17_ONLY,NOT_SYSTEMATICALLY_AUDITED,NOT_SYSTEMATICALLY_AUDITED,NOT_SYSTEMATICALLY_AUDITED,NOT_SYSTEMATICALLY_AUDITED,NOT_SYSTEMATICALLY_AUDITED,YES,TIER_B_COMPATIBILITY_CANDIDATE,TRANSCRIPTOMIC_SENDER; PROTEIN_SECRETION_NOT_SYSTEMATICALLY_TESTED,results/03_phase3/sender/frozen_phase4_sender_candidates.csv|results/04_phase4a/freeze/phase4_sender_scopes.csv|results/04_phase4b1/corrected_hucmsc_protein_source_evidence.csv
LRCH4,S2,GSE182158;GSE199071,GSE117837,2,4,6,ROBUST_BASELINE_SENDER,PASSAGE_DEPENDENT,NO,NO,NO,NO,YES,P3_FULL_LR_SENSITIVITY,NOT_AUDITED_PHASE4B_FROZEN17_ONLY,NOT_SYSTEMATICALLY_AUDITED,NOT_SYSTEMATICALLY_AUDITED,NOT_SYSTEMATICALLY_AUDITED,NOT_SYSTEMATICALLY_AUDITED,NOT_SYSTEMATICALLY_AUDITED,YES,TIER_B_COMPATIBILITY_CANDIDATE,TRANSCRIPTOMIC_SENDER; PROTEIN_SECRETION_NOT_SYSTEMATICALLY_TESTED,results/03_phase3/sender/frozen_phase4_sender_candidates.csv|results/04_phase4a/freeze/phase4_sender_scopes.csv|results/04_phase4b1/corrected_hucmsc_protein_source_evidence.csv
LRFN4,S2,GSE182158;GSE199071,GSE117837,2,4,6,ROBUST_BASELINE_SENDER,PASSAGE_DEPENDENT,NO,NO,NO,NO,YES,P3_FULL_LR_SENSITIVITY,NOT_AUDITED_PHASE4B_FROZEN17_ONLY,NOT_SYSTEMATICALLY_AUDITED,NOT_SYSTEMATICALLY_AUDITED,NOT_SYSTEMATICALLY_AUDITED,NOT_SYSTEMATICALLY_AUDITED,NOT_SYSTEMATICALLY_AUDITED,YES,TIER_B_COMPATIBILITY_CANDIDATE,TRANSCRIPTOMIC_SENDER; PROTEIN_SECRETION_NOT_SYSTEMATICALLY_TESTED,results/03_phase3/sender/frozen_phase4_sender_candidates.csv|results/04_phase4a/freeze/phase4_sender_scopes.csv|results/04_phase4b1/corrected_hucmsc_protein_source_evidence.csv
LRPAP1,S2,GSE182158;GSE199071,GSE117837,2,4,6,ROBUST_BASELINE_SENDER,DONOR_DEPENDENT,YES,YES,YES,YES,YES,P1_PARACRINE_CORE,NOT_AUDITED_PHASE4B_FROZEN17_ONLY,NOT_SYSTEMATICALLY_AUDITED,NOT_SYSTEMATICALLY_AUDITED,NOT_SYSTEMATICALLY_AUDITED,NOT_SYSTEMATICALLY_AUDITED,NOT_SYSTEMATICALLY_AUDITED,YES,TIER_B_COMPATIBILITY_CANDIDATE,TRANSCRIPTOMIC_SENDER; PROTEIN_SECRETION_NOT_SYSTEMATICALLY_TESTED,results/03_phase3/sender/frozen_phase4_sender_candidates.csv|results/04_phase4a/freeze/phase4_sender_scopes.csv|results/04_phase4b1/corrected_hucmsc_protein_source_evidence.csv
LTBP1,S2,GSE182158;GSE199071,GSE117837,2,4,6,ROBUST_BASELINE_SENDER,NO_CLEAR_LICENSING_EFFECT,YES,YES,YES,YES,YES,P1_PARACRINE_CORE,NOT_AUDITED_PHASE4B_FROZEN17_ONLY,NOT_SYSTEMATICALLY_AUDITED,NOT_SYSTEMATICALLY_AUDITED,NOT_SYSTEMATICALLY_AUDITED,NOT_SYSTEMATICALLY_AUDITED,NOT_SYSTEMATICALLY_AUDITED,YES,TIER_B_COMPATIBILITY_CANDIDATE,TRANSCRIPTOMIC_SENDER; PROTEIN_SECRETION_NOT_SYSTEMATICALLY_TESTED,results/03_phase3/sender/frozen_phase4_sender_candidates.csv|results/04_phase4a/freeze/phase4_sender_scopes.csv|results/04_phase4b1/corrected_hucmsc_protein_source_evidence.csv
LTBP3,S2,GSE182158;GSE199071,GSE117837,2,4,6,ROBUST_BASELINE_SENDER,NO_CLEAR_LICENSING_EFFECT,YES,YES,YES,YES,YES,P1_PARACRINE_CORE,NOT_AUDITED_PHASE4B_FROZEN17_ONLY,NOT_SYSTEMATICALLY_AUDITED,NOT_SYSTEMATICALLY_AUDITED,NOT_SYSTEMATICALLY_AUDITED,NOT_SYSTEMATICALLY_AUDITED,NOT_SYSTEMATICALLY_AUDITED,YES,TIER_B_COMPATIBILITY_CANDIDATE,TRANSCRIPTOMIC_SENDER; PROTEIN_SECRETION_NOT_SYSTEMATICALLY_TESTED,results/03_phase3/sender/frozen_phase4_sender_candidates.csv|results/04_phase4a/freeze/phase4_sender_scopes.csv|results/04_phase4b1/corrected_hucmsc_protein_source_evidence.csv
LUM,S2,GSE182158;GSE199071,GSE117837,2,4,6,ROBUST_BASELINE_SENDER,DONOR_DEPENDENT,YES,YES,YES,YES,YES,P1_PARACRINE_CORE,NOT_AUDITED_PHASE4B_FROZEN17_ONLY,NOT_SYSTEMATICALLY_AUDITED,NOT_SYSTEMATICALLY_AUDITED,NOT_SYSTEMATICALLY_AUDITED,NOT_SYSTEMATICALLY_AUDITED,NOT_SYSTEMATICALLY_AUDITED,YES,TIER_B_COMPATIBILITY_CANDIDATE,TRANSCRIPTOMIC_SENDER; PROTEIN_SECRETION_NOT_SYSTEMATICALLY_TESTED,results/03_phase3/sender/frozen_phase4_sender_candidates.csv|results/04_phase4a/freeze/phase4_sender_scopes.csv|results/04_phase4b1/corrected_hucmsc_protein_source_evidence.csv
MFAP2,S2,GSE182158;GSE199071,GSE117837,2,4,6,ROBUST_BASELINE_SENDER,PASSAGE_DEPENDENT,YES,YES,YES,YES,YES,P1_PARACRINE_CORE,NOT_AUDITED_PHASE4B_FROZEN17_ONLY,NOT_SYSTEMATICALLY_AUDITED,NOT_SYSTEMATICALLY_AUDITED,NOT_SYSTEMATICALLY_AUDITED,NOT_SYSTEMATICALLY_AUDITED,NOT_SYSTEMATICALLY_AUDITED,YES,NOT_PRIORITIZED,TRANSCRIPTOMIC_SENDER; PROTEIN_SECRETION_NOT_SYSTEMATICALLY_TESTED,results/03_phase3/sender/frozen_phase4_sender_candidates.csv|results/04_phase4a/freeze/phase4_sender_scopes.csv|results/04_phase4b1/corrected_hucmsc_protein_source_evidence.csv
MFGE8,S2,GSE182158;GSE199071,GSE117837,2,4,6,ROBUST_BASELINE_SENDER,PASSAGE_DEPENDENT,YES,YES,YES,YES,YES,P1_PARACRINE_CORE,NOT_AUDITED_PHASE4B_FROZEN17_ONLY,NOT_SYSTEMATICALLY_AUDITED,NOT_SYSTEMATICALLY_AUDITED,NOT_SYSTEMATICALLY_AUDITED,NOT_SYSTEMATICALLY_AUDITED,NOT_SYSTEMATICALLY_AUDITED,YES,TIER_B_COMPATIBILITY_CANDIDATE,TRANSCRIPTOMIC_SENDER; PROTEIN_SECRETION_NOT_SYSTEMATICALLY_TESTED,results/03_phase3/sender/frozen_phase4_sender_candidates.csv|results/04_phase4a/freeze/phase4_sender_scopes.csv|results/04_phase4b1/corrected_hucmsc_protein_source_evidence.csv
MICA,S2,GSE182158;GSE199071,GSE117837,2,4,6,ROBUST_BASELINE_SENDER,PASSAGE_DEPENDENT,YES,YES,YES,YES,YES,P1_PARACRINE_CORE,NOT_AUDITED_PHASE4B_FROZEN17_ONLY,NOT_SYSTEMATICALLY_AUDITED,NOT_SYSTEMATICALLY_AUDITED,NOT_SYSTEMATICALLY_AUDITED,NOT_SYSTEMATICALLY_AUDITED,NOT_SYSTEMATICALLY_AUDITED,YES,TIER_B_COMPATIBILITY_CANDIDATE,TRANSCRIPTOMIC_SENDER; PROTEIN_SECRETION_NOT_SYSTEMATICALLY_TESTED,results/03_phase3/sender/frozen_phase4_sender_candidates.csv|results/04_phase4a/freeze/phase4_sender_scopes.csv|results/04_phase4b1/corrected_hucmsc_protein_source_evidence.csv
MIF,S2,GSE182158;GSE199071,GSE117837,2,4,6,ROBUST_BASELINE_SENDER,NO_CLEAR_LICENSING_EFFECT,YES,YES,YES,YES,YES,P1_PARACRINE_CORE,NOT_AUDITED_PHASE4B_FROZEN17_ONLY,NOT_SYSTEMATICALLY_AUDITED,NOT_SYSTEMATICALLY_AUDITED,NOT_SYSTEMATICALLY_AUDITED,NOT_SYSTEMATICALLY_AUDITED,NOT_SYSTEMATICALLY_AUDITED,YES,TIER_B_COMPATIBILITY_CANDIDATE,TRANSCRIPTOMIC_SENDER; PROTEIN_SECRETION_NOT_SYSTEMATICALLY_TESTED,results/03_phase3/sender/frozen_phase4_sender_candidates.csv|results/04_phase4a/freeze/phase4_sender_scopes.csv|results/04_phase4b1/corrected_hucmsc_protein_source_evidence.csv
MMP14,S2,GSE182158;GSE199071,GSE117837,2,4,6,ROBUST_BASELINE_SENDER,PASSAGE_DEPENDENT,NO,YES,NO,YES,YES,P2_EXTRACELLULAR_EXTENDED,NOT_AUDITED_PHASE4B_FROZEN17_ONLY,NOT_SYSTEMATICALLY_AUDITED,NOT_SYSTEMATICALLY_AUDITED,NOT_SYSTEMATICALLY_AUDITED,NOT_SYSTEMATICALLY_AUDITED,NOT_SYSTEMATICALLY_AUDITED,YES,TIER_B_COMPATIBILITY_CANDIDATE,TRANSCRIPTOMIC_SENDER; PROTEIN_SECRETION_NOT_SYSTEMATICALLY_TESTED,results/03_phase3/sender/frozen_phase4_sender_candidates.csv|results/04_phase4a/freeze/phase4_sender_scopes.csv|results/04_phase4b1/corrected_hucmsc_protein_source_evidence.csv
MMP2,S2,GSE182158;GSE199071,GSE117837,2,4,6,ROBUST_BASELINE_SENDER,PASSAGE_DEPENDENT,YES,YES,YES,YES,YES,P1_PARACRINE_CORE,NOT_AUDITED_PHASE4B_FROZEN17_ONLY,NOT_SYSTEMATICALLY_AUDITED,NOT_SYSTEMATICALLY_AUDITED,NOT_SYSTEMATICALLY_AUDITED,NOT_SYSTEMATICALLY_AUDITED,NOT_SYSTEMATICALLY_AUDITED,YES,TIER_C_EXTENDED_EXTRACELLULAR,TRANSCRIPTOMIC_SENDER; PROTEIN_SECRETION_NOT_SYSTEMATICALLY_TESTED,results/03_phase3/sender/frozen_phase4_sender_candidates.csv|results/04_phase4a/freeze/phase4_sender_scopes.csv|results/04_phase4b1/corrected_hucmsc_protein_source_evidence.csv
MPDZ,S2,GSE182158;GSE199071,GSE117837,2,4,6,ROBUST_BASELINE_SENDER,NO_CLEAR_LICENSING_EFFECT,NO,NO,NO,NO,YES,P3_FULL_LR_SENSITIVITY,NOT_AUDITED_PHASE4B_FROZEN17_ONLY,NOT_SYSTEMATICALLY_AUDITED,NOT_SYSTEMATICALLY_AUDITED,NOT_SYSTEMATICALLY_AUDITED,NOT_SYSTEMATICALLY_AUDITED,NOT_SYSTEMATICALLY_AUDITED,YES,TIER_B_COMPATIBILITY_CANDIDATE,TRANSCRIPTOMIC_SENDER; PROTEIN_SECRETION_NOT_SYSTEMATICALLY_TESTED,results/03_phase3/sender/frozen_phase4_sender_candidates.csv|results/04_phase4a/freeze/phase4_sender_scopes.csv|results/04_phase4b1/corrected_hucmsc_protein_source_evidence.csv
NAALADL1,S2,GSE182158;GSE199071,GSE117837,2,4,6,ROBUST_BASELINE_SENDER,PASSAGE_DEPENDENT,NO,YES,NO,YES,YES,P2_EXTRACELLULAR_EXTENDED,NOT_AUDITED_PHASE4B_FROZEN17_ONLY,NOT_SYSTEMATICALLY_AUDITED,NOT_SYSTEMATICALLY_AUDITED,NOT_SYSTEMATICALLY_AUDITED,NOT_SYSTEMATICALLY_AUDITED,NOT_SYSTEMATICALLY_AUDITED,YES,NOT_PRIORITIZED,TRANSCRIPTOMIC_SENDER; PROTEIN_SECRETION_NOT_SYSTEMATICALLY_TESTED,results/03_phase3/sender/frozen_phase4_sender_candidates.csv|results/04_phase4a/freeze/phase4_sender_scopes.csv|results/04_phase4b1/corrected_hucmsc_protein_source_evidence.csv
NETO2,S2,GSE182158;GSE199071,GSE117837,2,4,6,ROBUST_BASELINE_SENDER,DONOR_DEPENDENT,NO,NO,NO,NO,YES,P3_FULL_LR_SENSITIVITY,NOT_AUDITED_PHASE4B_FROZEN17_ONLY,NOT_SYSTEMATICALLY_AUDITED,NOT_SYSTEMATICALLY_AUDITED,NOT_SYSTEMATICALLY_AUDITED,NOT_SYSTEMATICALLY_AUDITED,NOT_SYSTEMATICALLY_AUDITED,YES,TIER_B_COMPATIBILITY_CANDIDATE,TRANSCRIPTOMIC_SENDER; PROTEIN_SECRETION_NOT_SYSTEMATICALLY_TESTED,results/03_phase3/sender/frozen_phase4_sender_candidates.csv|results/04_phase4a/freeze/phase4_sender_scopes.csv|results/04_phase4b1/corrected_hucmsc_protein_source_evidence.csv
NID1,S2,GSE182158;GSE199071,GSE117837,2,4,6,ROBUST_BASELINE_SENDER,PASSAGE_DEPENDENT,YES,YES,YES,YES,YES,P1_PARACRINE_CORE,ECM_ASSOCIATED,AUDITED_FROZEN17,YES,NO,HUCMSC_EV_PROTEIN_DIRECT,PXD020948;PXD056371;YU2024_SUPP,YES,TIER_A_DIRECTIONAL_RESCUE_CANDIDATE,TRANSCRIPTOMIC_SENDER_WITH_FROZEN_PHASE4B_PROTEIN_AUDIT,results/03_phase3/sender/frozen_phase4_sender_candidates.csv|results/04_phase4a/freeze/phase4_sender_scopes.csv|results/04_phase4b1/corrected_hucmsc_protein_source_evidence.csv
NMB,S2,GSE182158;GSE199071,GSE117837,2,4,6,ROBUST_BASELINE_SENDER,DONOR_DEPENDENT,YES,YES,YES,YES,YES,P1_PARACRINE_CORE,NOT_AUDITED_PHASE4B_FROZEN17_ONLY,NOT_SYSTEMATICALLY_AUDITED,NOT_SYSTEMATICALLY_AUDITED,NOT_SYSTEMATICALLY_AUDITED,NOT_SYSTEMATICALLY_AUDITED,NOT_SYSTEMATICALLY_AUDITED,YES,NOT_PRIORITIZED,TRANSCRIPTOMIC_SENDER; PROTEIN_SECRETION_NOT_SYSTEMATICALLY_TESTED,results/03_phase3/sender/frozen_phase4_sender_candidates.csv|results/04_phase4a/freeze/phase4_sender_scopes.csv|results/04_phase4b1/corrected_hucmsc_protein_source_evidence.csv
NRP1,S2,GSE182158;GSE199071,GSE117837,2,4,6,ROBUST_BASELINE_SENDER,NO_CLEAR_LICENSING_EFFECT,YES,YES,YES,YES,YES,P1_PARACRINE_CORE,NOT_AUDITED_PHASE4B_FROZEN17_ONLY,NOT_SYSTEMATICALLY_AUDITED,NOT_SYSTEMATICALLY_AUDITED,NOT_SYSTEMATICALLY_AUDITED,NOT_SYSTEMATICALLY_AUDITED,NOT_SYSTEMATICALLY_AUDITED,YES,TIER_B_COMPATIBILITY_CANDIDATE,TRANSCRIPTOMIC_SENDER; PROTEIN_SECRETION_NOT_SYSTEMATICALLY_TESTED,results/03_phase3/sender/frozen_phase4_sender_candidates.csv|results/04_phase4a/freeze/phase4_sender_scopes.csv|results/04_phase4b1/corrected_hucmsc_protein_source_evidence.csv
NT5E,S2,GSE182158;GSE199071,GSE117837,2,4,6,ROBUST_BASELINE_SENDER,PASSAGE_DEPENDENT,NO,YES,NO,YES,YES,P2_EXTRACELLULAR_EXTENDED,NOT_AUDITED_PHASE4B_FROZEN17_ONLY,NOT_SYSTEMATICALLY_AUDITED,NOT_SYSTEMATICALLY_AUDITED,NOT_SYSTEMATICALLY_AUDITED,NOT_SYSTEMATICALLY_AUDITED,NOT_SYSTEMATICALLY_AUDITED,YES,NOT_PRIORITIZED,TRANSCRIPTOMIC_SENDER; PROTEIN_SECRETION_NOT_SYSTEMATICALLY_TESTED,results/03_phase3/sender/frozen_phase4_sender_candidates.csv|results/04_phase4a/freeze/phase4_sender_scopes.csv|results/04_phase4b1/corrected_hucmsc_protein_source_evidence.csv
NUCB2,S2,GSE182158;GSE199071,GSE117837,2,4,6,ROBUST_BASELINE_SENDER,NO_CLEAR_LICENSING_EFFECT,YES,YES,YES,YES,YES,P1_PARACRINE_CORE,NOT_AUDITED_PHASE4B_FROZEN17_ONLY,NOT_SYSTEMATICALLY_AUDITED,NOT_SYSTEMATICALLY_AUDITED,NOT_SYSTEMATICALLY_AUDITED,NOT_SYSTEMATICALLY_AUDITED,NOT_SYSTEMATICALLY_AUDITED,YES,TIER_B_COMPATIBILITY_CANDIDATE,TRANSCRIPTOMIC_SENDER; PROTEIN_SECRETION_NOT_SYSTEMATICALLY_TESTED,results/03_phase3/sender/frozen_phase4_sender_candidates.csv|results/04_phase4a/freeze/phase4_sender_scopes.csv|results/04_phase4b1/corrected_hucmsc_protein_source_evidence.csv
PAM,S2,GSE182158;GSE199071,GSE117837,2,4,6,ROBUST_BASELINE_SENDER,NO_CLEAR_LICENSING_EFFECT,YES,YES,YES,YES,YES,P1_PARACRINE_CORE,NOT_AUDITED_PHASE4B_FROZEN17_ONLY,NOT_SYSTEMATICALLY_AUDITED,NOT_SYSTEMATICALLY_AUDITED,NOT_SYSTEMATICALLY_AUDITED,NOT_SYSTEMATICALLY_AUDITED,NOT_SYSTEMATICALLY_AUDITED,YES,TIER_B_COMPATIBILITY_CANDIDATE,TRANSCRIPTOMIC_SENDER; PROTEIN_SECRETION_NOT_SYSTEMATICALLY_TESTED,results/03_phase3/sender/frozen_phase4_sender_candidates.csv|results/04_phase4a/freeze/phase4_sender_scopes.csv|results/04_phase4b1/corrected_hucmsc_protein_source_evidence.csv
PLAT,S2,GSE182158;GSE199071,GSE117837,2,4,6,ROBUST_BASELINE_SENDER,PASSAGE_DEPENDENT,YES,YES,YES,YES,YES,P1_PARACRINE_CORE,NOT_AUDITED_PHASE4B_FROZEN17_ONLY,NOT_SYSTEMATICALLY_AUDITED,NOT_SYSTEMATICALLY_AUDITED,NOT_SYSTEMATICALLY_AUDITED,NOT_SYSTEMATICALLY_AUDITED,NOT_SYSTEMATICALLY_AUDITED,YES,TIER_B_COMPATIBILITY_CANDIDATE,TRANSCRIPTOMIC_SENDER; PROTEIN_SECRETION_NOT_SYSTEMATICALLY_TESTED,results/03_phase3/sender/frozen_phase4_sender_candidates.csv|results/04_phase4a/freeze/phase4_sender_scopes.csv|results/04_phase4b1/corrected_hucmsc_protein_source_evidence.csv
PLTP,S2,GSE182158;GSE199071,GSE117837,2,4,6,ROBUST_BASELINE_SENDER,PASSAGE_DEPENDENT,YES,YES,YES,YES,YES,P1_PARACRINE_CORE,NOT_AUDITED_PHASE4B_FROZEN17_ONLY,NOT_SYSTEMATICALLY_AUDITED,NOT_SYSTEMATICALLY_AUDITED,NOT_SYSTEMATICALLY_AUDITED,NOT_SYSTEMATICALLY_AUDITED,NOT_SYSTEMATICALLY_AUDITED,YES,TIER_B_COMPATIBILITY_CANDIDATE,TRANSCRIPTOMIC_SENDER; PROTEIN_SECRETION_NOT_SYSTEMATICALLY_TESTED,results/03_phase3/sender/frozen_phase4_sender_candidates.csv|results/04_phase4a/freeze/phase4_sender_scopes.csv|results/04_phase4b1/corrected_hucmsc_protein_source_evidence.csv
PLXNA1,S2,GSE182158;GSE199071,GSE117837,2,4,6,ROBUST_BASELINE_SENDER,PASSAGE_DEPENDENT,NO,YES,NO,YES,YES,P2_EXTRACELLULAR_EXTENDED,NOT_AUDITED_PHASE4B_FROZEN17_ONLY,NOT_SYSTEMATICALLY_AUDITED,NOT_SYSTEMATICALLY_AUDITED,NOT_SYSTEMATICALLY_AUDITED,NOT_SYSTEMATICALLY_AUDITED,NOT_SYSTEMATICALLY_AUDITED,YES,TIER_B_COMPATIBILITY_CANDIDATE,TRANSCRIPTOMIC_SENDER; PROTEIN_SECRETION_NOT_SYSTEMATICALLY_TESTED,results/03_phase3/sender/frozen_phase4_sender_candidates.csv|results/04_phase4a/freeze/phase4_sender_scopes.csv|results/04_phase4b1/corrected_hucmsc_protein_source_evidence.csv
PRNP,S2,GSE182158;GSE199071,GSE117837,2,4,6,ROBUST_BASELINE_SENDER,PASSAGE_DEPENDENT,NO,YES,NO,YES,YES,P2_EXTRACELLULAR_EXTENDED,NOT_AUDITED_PHASE4B_FROZEN17_ONLY,NOT_SYSTEMATICALLY_AUDITED,NOT_SYSTEMATICALLY_AUDITED,NOT_SYSTEMATICALLY_AUDITED,NOT_SYSTEMATICALLY_AUDITED,NOT_SYSTEMATICALLY_AUDITED,YES,TIER_B_COMPATIBILITY_CANDIDATE,TRANSCRIPTOMIC_SENDER; PROTEIN_SECRETION_NOT_SYSTEMATICALLY_TESTED,results/03_phase3/sender/frozen_phase4_sender_candidates.csv|results/04_phase4a/freeze/phase4_sender_scopes.csv|results/04_phase4b1/corrected_hucmsc_protein_source_evidence.csv
PSAP,S2,GSE182158;GSE199071,GSE117837,2,4,6,ROBUST_BASELINE_SENDER,PASSAGE_DEPENDENT,YES,YES,YES,YES,YES,P1_PARACRINE_CORE,NOT_AUDITED_PHASE4B_FROZEN17_ONLY,NOT_SYSTEMATICALLY_AUDITED,NOT_SYSTEMATICALLY_AUDITED,NOT_SYSTEMATICALLY_AUDITED,NOT_SYSTEMATICALLY_AUDITED,NOT_SYSTEMATICALLY_AUDITED,YES,TIER_B_COMPATIBILITY_CANDIDATE,TRANSCRIPTOMIC_SENDER; PROTEIN_SECRETION_NOT_SYSTEMATICALLY_TESTED,results/03_phase3/sender/frozen_phase4_sender_candidates.csv|results/04_phase4a/freeze/phase4_sender_scopes.csv|results/04_phase4b1/corrected_hucmsc_protein_source_evidence.csv
PSEN1,S2,GSE182158;GSE199071,GSE117837,2,4,6,ROBUST_BASELINE_SENDER,PASSAGE_DEPENDENT,YES,YES,YES,YES,YES,P1_PARACRINE_CORE,INTRACELLULAR_OR_QUESTIONABLE_PARACRINE,AUDITED_FROZEN17,YES,NO,HUCMSC_EV_PROTEIN_DIRECT,YU2024_SUPP,YES,TIER_A_DIRECTIONAL_RESCUE_CANDIDATE,TRANSCRIPTOMIC_SENDER_WITH_FROZEN_PHASE4B_PROTEIN_AUDIT,results/03_phase3/sender/frozen_phase4_sender_candidates.csv|results/04_phase4a/freeze/phase4_sender_scopes.csv|results/04_phase4b1/corrected_hucmsc_protein_source_evidence.csv
PTDSS1,S2,GSE182158;GSE199071,GSE117837,2,4,6,ROBUST_BASELINE_SENDER,PASSAGE_DEPENDENT,NO,YES,NO,YES,YES,P2_EXTRACELLULAR_EXTENDED,NOT_AUDITED_PHASE4B_FROZEN17_ONLY,NOT_SYSTEMATICALLY_AUDITED,NOT_SYSTEMATICALLY_AUDITED,NOT_SYSTEMATICALLY_AUDITED,NOT_SYSTEMATICALLY_AUDITED,NOT_SYSTEMATICALLY_AUDITED,YES,TIER_B_COMPATIBILITY_CANDIDATE,TRANSCRIPTOMIC_SENDER; PROTEIN_SECRETION_NOT_SYSTEMATICALLY_TESTED,results/03_phase3/sender/frozen_phase4_sender_candidates.csv|results/04_phase4a/freeze/phase4_sender_scopes.csv|results/04_phase4b1/corrected_hucmsc_protein_source_evidence.csv
RECK,S2,GSE182158;GSE199071,GSE117837,2,4,6,ROBUST_BASELINE_SENDER,NO_CLEAR_LICENSING_EFFECT,NO,YES,NO,YES,YES,P2_EXTRACELLULAR_EXTENDED,NOT_AUDITED_PHASE4B_FROZEN17_ONLY,NOT_SYSTEMATICALLY_AUDITED,NOT_SYSTEMATICALLY_AUDITED,NOT_SYSTEMATICALLY_AUDITED,NOT_SYSTEMATICALLY_AUDITED,NOT_SYSTEMATICALLY_AUDITED,YES,TIER_C_EXTENDED_EXTRACELLULAR,TRANSCRIPTOMIC_SENDER; PROTEIN_SECRETION_NOT_SYSTEMATICALLY_TESTED,results/03_phase3/sender/frozen_phase4_sender_candidates.csv|results/04_phase4a/freeze/phase4_sender_scopes.csv|results/04_phase4b1/corrected_hucmsc_protein_source_evidence.csv
RPS19,S2,GSE182158;GSE199071,GSE117837,2,4,6,ROBUST_BASELINE_SENDER,NO_CLEAR_LICENSING_EFFECT,YES,YES,YES,YES,YES,P1_PARACRINE_CORE,NOT_AUDITED_PHASE4B_FROZEN17_ONLY,NOT_SYSTEMATICALLY_AUDITED,NOT_SYSTEMATICALLY_AUDITED,NOT_SYSTEMATICALLY_AUDITED,NOT_SYSTEMATICALLY_AUDITED,NOT_SYSTEMATICALLY_AUDITED,YES,TIER_B_COMPATIBILITY_CANDIDATE,TRANSCRIPTOMIC_SENDER; PROTEIN_SECRETION_NOT_SYSTEMATICALLY_TESTED,results/03_phase3/sender/frozen_phase4_sender_candidates.csv|results/04_phase4a/freeze/phase4_sender_scopes.csv|results/04_phase4b1/corrected_hucmsc_protein_source_evidence.csv
RTN4,S2,GSE182158;GSE199071,GSE117837,2,4,6,ROBUST_BASELINE_SENDER,NO_CLEAR_LICENSING_EFFECT,NO,YES,NO,YES,YES,P2_EXTRACELLULAR_EXTENDED,NOT_AUDITED_PHASE4B_FROZEN17_ONLY,NOT_SYSTEMATICALLY_AUDITED,NOT_SYSTEMATICALLY_AUDITED,NOT_SYSTEMATICALLY_AUDITED,NOT_SYSTEMATICALLY_AUDITED,NOT_SYSTEMATICALLY_AUDITED,YES,TIER_B_COMPATIBILITY_CANDIDATE,TRANSCRIPTOMIC_SENDER; PROTEIN_SECRETION_NOT_SYSTEMATICALLY_TESTED,results/03_phase3/sender/frozen_phase4_sender_candidates.csv|results/04_phase4a/freeze/phase4_sender_scopes.csv|results/04_phase4b1/corrected_hucmsc_protein_source_evidence.csv
S100A10,S2,GSE182158;GSE199071,GSE117837,2,4,6,ROBUST_BASELINE_SENDER,NO_CLEAR_LICENSING_EFFECT,YES,YES,YES,YES,YES,P1_PARACRINE_CORE,NOT_AUDITED_PHASE4B_FROZEN17_ONLY,NOT_SYSTEMATICALLY_AUDITED,NOT_SYSTEMATICALLY_AUDITED,NOT_SYSTEMATICALLY_AUDITED,NOT_SYSTEMATICALLY_AUDITED,NOT_SYSTEMATICALLY_AUDITED,YES,NOT_PRIORITIZED,TRANSCRIPTOMIC_SENDER; PROTEIN_SECRETION_NOT_SYSTEMATICALLY_TESTED,results/03_phase3/sender/frozen_phase4_sender_candidates.csv|results/04_phase4a/freeze/phase4_sender_scopes.csv|results/04_phase4b1/corrected_hucmsc_protein_source_evidence.csv
S100A4,S2,GSE182158;GSE199071,GSE117837,2,4,6,ROBUST_BASELINE_SENDER,NO_CLEAR_LICENSING_EFFECT,YES,YES,YES,YES,YES,P1_PARACRINE_CORE,NOT_AUDITED_PHASE4B_FROZEN17_ONLY,NOT_SYSTEMATICALLY_AUDITED,NOT_SYSTEMATICALLY_AUDITED,NOT_SYSTEMATICALLY_AUDITED,NOT_SYSTEMATICALLY_AUDITED,NOT_SYSTEMATICALLY_AUDITED,YES,TIER_B_COMPATIBILITY_CANDIDATE,TRANSCRIPTOMIC_SENDER; PROTEIN_SECRETION_NOT_SYSTEMATICALLY_TESTED,results/03_phase3/sender/frozen_phase4_sender_candidates.csv|results/04_phase4a/freeze/phase4_sender_scopes.csv|results/04_phase4b1/corrected_hucmsc_protein_source_evidence.csv
SARAF,S2,GSE182158;GSE199071,GSE117837,2,4,6,ROBUST_BASELINE_SENDER,PASSAGE_DEPENDENT,NO,NO,NO,NO,YES,P3_FULL_LR_SENSITIVITY,NOT_AUDITED_PHASE4B_FROZEN17_ONLY,NOT_SYSTEMATICALLY_AUDITED,NOT_SYSTEMATICALLY_AUDITED,NOT_SYSTEMATICALLY_AUDITED,NOT_SYSTEMATICALLY_AUDITED,NOT_SYSTEMATICALLY_AUDITED,YES,TIER_B_COMPATIBILITY_CANDIDATE,TRANSCRIPTOMIC_SENDER; PROTEIN_SECRETION_NOT_SYSTEMATICALLY_TESTED,results/03_phase3/sender/frozen_phase4_sender_candidates.csv|results/04_phase4a/freeze/phase4_sender_scopes.csv|results/04_phase4b1/corrected_hucmsc_protein_source_evidence.csv
SDC4,S2,GSE182158;GSE199071,GSE117837,2,4,6,ROBUST_BASELINE_SENDER,DONOR_DEPENDENT,YES,YES,YES,YES,YES,P1_PARACRINE_CORE,NOT_AUDITED_PHASE4B_FROZEN17_ONLY,NOT_SYSTEMATICALLY_AUDITED,NOT_SYSTEMATICALLY_AUDITED,NOT_SYSTEMATICALLY_AUDITED,NOT_SYSTEMATICALLY_AUDITED,NOT_SYSTEMATICALLY_AUDITED,YES,TIER_B_COMPATIBILITY_CANDIDATE,TRANSCRIPTOMIC_SENDER; PROTEIN_SECRETION_NOT_SYSTEMATICALLY_TESTED,results/03_phase3/sender/frozen_phase4_sender_candidates.csv|results/04_phase4a/freeze/phase4_sender_scopes.csv|results/04_phase4b1/corrected_hucmsc_protein_source_evidence.csv
SEMA3C,S2,GSE182158;GSE199071,GSE117837,2,4,6,ROBUST_BASELINE_SENDER,PASSAGE_DEPENDENT,YES,YES,YES,YES,YES,P1_PARACRINE_CORE,NOT_AUDITED_PHASE4B_FROZEN17_ONLY,NOT_SYSTEMATICALLY_AUDITED,NOT_SYSTEMATICALLY_AUDITED,NOT_SYSTEMATICALLY_AUDITED,NOT_SYSTEMATICALLY_AUDITED,NOT_SYSTEMATICALLY_AUDITED,YES,TIER_B_COMPATIBILITY_CANDIDATE,TRANSCRIPTOMIC_SENDER; PROTEIN_SECRETION_NOT_SYSTEMATICALLY_TESTED,results/03_phase3/sender/frozen_phase4_sender_candidates.csv|results/04_phase4a/freeze/phase4_sender_scopes.csv|results/04_phase4b1/corrected_hucmsc_protein_source_evidence.csv
SEMA5A,S2,GSE182158;GSE199071,GSE117837,2,4,6,ROBUST_BASELINE_SENDER,DONOR_DEPENDENT,NO,YES,NO,YES,YES,P2_EXTRACELLULAR_EXTENDED,NOT_AUDITED_PHASE4B_FROZEN17_ONLY,NOT_SYSTEMATICALLY_AUDITED,NOT_SYSTEMATICALLY_AUDITED,NOT_SYSTEMATICALLY_AUDITED,NOT_SYSTEMATICALLY_AUDITED,NOT_SYSTEMATICALLY_AUDITED,YES,TIER_B_COMPATIBILITY_CANDIDATE,TRANSCRIPTOMIC_SENDER; PROTEIN_SECRETION_NOT_SYSTEMATICALLY_TESTED,results/03_phase3/sender/frozen_phase4_sender_candidates.csv|results/04_phase4a/freeze/phase4_sender_scopes.csv|results/04_phase4b1/corrected_hucmsc_protein_source_evidence.csv
SERPINE2,S2,GSE182158;GSE199071,GSE117837,2,4,6,ROBUST_BASELINE_SENDER,PASSAGE_DEPENDENT,YES,YES,YES,YES,YES,P1_PARACRINE_CORE,NOT_AUDITED_PHASE4B_FROZEN17_ONLY,NOT_SYSTEMATICALLY_AUDITED,NOT_SYSTEMATICALLY_AUDITED,NOT_SYSTEMATICALLY_AUDITED,NOT_SYSTEMATICALLY_AUDITED,NOT_SYSTEMATICALLY_AUDITED,YES,TIER_B_COMPATIBILITY_CANDIDATE,TRANSCRIPTOMIC_SENDER; PROTEIN_SECRETION_NOT_SYSTEMATICALLY_TESTED,results/03_phase3/sender/frozen_phase4_sender_candidates.csv|results/04_phase4a/freeze/phase4_sender_scopes.csv|results/04_phase4b1/corrected_hucmsc_protein_source_evidence.csv
SHISA4,S2,GSE182158;GSE199071,GSE117837,2,4,6,ROBUST_BASELINE_SENDER,PASSAGE_DEPENDENT,NO,NO,NO,NO,YES,P3_FULL_LR_SENSITIVITY,NOT_AUDITED_PHASE4B_FROZEN17_ONLY,NOT_SYSTEMATICALLY_AUDITED,NOT_SYSTEMATICALLY_AUDITED,NOT_SYSTEMATICALLY_AUDITED,NOT_SYSTEMATICALLY_AUDITED,NOT_SYSTEMATICALLY_AUDITED,YES,TIER_B_COMPATIBILITY_CANDIDATE,TRANSCRIPTOMIC_SENDER; PROTEIN_SECRETION_NOT_SYSTEMATICALLY_TESTED,results/03_phase3/sender/frozen_phase4_sender_candidates.csv|results/04_phase4a/freeze/phase4_sender_scopes.csv|results/04_phase4b1/corrected_hucmsc_protein_source_evidence.csv
SIRPA,S2,GSE182158;GSE199071,GSE117837,2,4,6,ROBUST_BASELINE_SENDER,NO_CLEAR_LICENSING_EFFECT,NO,YES,NO,YES,YES,P2_EXTRACELLULAR_EXTENDED,NOT_AUDITED_PHASE4B_FROZEN17_ONLY,NOT_SYSTEMATICALLY_AUDITED,NOT_SYSTEMATICALLY_AUDITED,NOT_SYSTEMATICALLY_AUDITED,NOT_SYSTEMATICALLY_AUDITED,NOT_SYSTEMATICALLY_AUDITED,YES,TIER_B_COMPATIBILITY_CANDIDATE,TRANSCRIPTOMIC_SENDER; PROTEIN_SECRETION_NOT_SYSTEMATICALLY_TESTED,results/03_phase3/sender/frozen_phase4_sender_candidates.csv|results/04_phase4a/freeze/phase4_sender_scopes.csv|results/04_phase4b1/corrected_hucmsc_protein_source_evidence.csv
SNX14,S2,GSE182158;GSE199071,GSE117837,2,4,6,ROBUST_BASELINE_SENDER,NO_CLEAR_LICENSING_EFFECT,YES,YES,YES,YES,YES,P1_PARACRINE_CORE,NOT_AUDITED_PHASE4B_FROZEN17_ONLY,NOT_SYSTEMATICALLY_AUDITED,NOT_SYSTEMATICALLY_AUDITED,NOT_SYSTEMATICALLY_AUDITED,NOT_SYSTEMATICALLY_AUDITED,NOT_SYSTEMATICALLY_AUDITED,YES,NOT_PRIORITIZED,TRANSCRIPTOMIC_SENDER; PROTEIN_SECRETION_NOT_SYSTEMATICALLY_TESTED,results/03_phase3/sender/frozen_phase4_sender_candidates.csv|results/04_phase4a/freeze/phase4_sender_scopes.csv|results/04_phase4b1/corrected_hucmsc_protein_source_evidence.csv
SPARC,S2,GSE182158;GSE199071,GSE117837,2,4,6,ROBUST_BASELINE_SENDER,DONOR_DEPENDENT,YES,YES,YES,YES,YES,P1_PARACRINE_CORE,NOT_AUDITED_PHASE4B_FROZEN17_ONLY,NOT_SYSTEMATICALLY_AUDITED,NOT_SYSTEMATICALLY_AUDITED,NOT_SYSTEMATICALLY_AUDITED,NOT_SYSTEMATICALLY_AUDITED,NOT_SYSTEMATICALLY_AUDITED,YES,TIER_B_COMPATIBILITY_CANDIDATE,TRANSCRIPTOMIC_SENDER; PROTEIN_SECRETION_NOT_SYSTEMATICALLY_TESTED,results/03_phase3/sender/frozen_phase4_sender_candidates.csv|results/04_phase4a/freeze/phase4_sender_scopes.csv|results/04_phase4b1/corrected_hucmsc_protein_source_evidence.csv
TCTN3,S2,GSE182158;GSE199071,GSE117837,2,4,6,ROBUST_BASELINE_SENDER,NO_CLEAR_LICENSING_EFFECT,NO,NO,NO,NO,YES,P3_FULL_LR_SENSITIVITY,NOT_AUDITED_PHASE4B_FROZEN17_ONLY,NOT_SYSTEMATICALLY_AUDITED,NOT_SYSTEMATICALLY_AUDITED,NOT_SYSTEMATICALLY_AUDITED,NOT_SYSTEMATICALLY_AUDITED,NOT_SYSTEMATICALLY_AUDITED,YES,NOT_PRIORITIZED,TRANSCRIPTOMIC_SENDER; PROTEIN_SECRETION_NOT_SYSTEMATICALLY_TESTED,results/03_phase3/sender/frozen_phase4_sender_candidates.csv|results/04_phase4a/freeze/phase4_sender_scopes.csv|results/04_phase4b1/corrected_hucmsc_protein_source_evidence.csv
TFPI,S2,GSE182158;GSE199071,GSE117837,2,4,6,ROBUST_BASELINE_SENDER,PASSAGE_DEPENDENT,YES,YES,YES,YES,YES,P1_PARACRINE_CORE,NOT_AUDITED_PHASE4B_FROZEN17_ONLY,NOT_SYSTEMATICALLY_AUDITED,NOT_SYSTEMATICALLY_AUDITED,NOT_SYSTEMATICALLY_AUDITED,NOT_SYSTEMATICALLY_AUDITED,NOT_SYSTEMATICALLY_AUDITED,YES,TIER_B_COMPATIBILITY_CANDIDATE,TRANSCRIPTOMIC_SENDER; PROTEIN_SECRETION_NOT_SYSTEMATICALLY_TESTED,results/03_phase3/sender/frozen_phase4_sender_candidates.csv|results/04_phase4a/freeze/phase4_sender_scopes.csv|results/04_phase4b1/corrected_hucmsc_protein_source_evidence.csv
TGFB1,S2,GSE182158;GSE199071,GSE117837,2,4,6,ROBUST_BASELINE_SENDER,PASSAGE_DEPENDENT,YES,YES,YES,YES,YES,P1_PARACRINE_CORE,NOT_AUDITED_PHASE4B_FROZEN17_ONLY,NOT_SYSTEMATICALLY_AUDITED,NOT_SYSTEMATICALLY_AUDITED,NOT_SYSTEMATICALLY_AUDITED,NOT_SYSTEMATICALLY_AUDITED,NOT_SYSTEMATICALLY_AUDITED,YES,TIER_C_EXTENDED_EXTRACELLULAR,TRANSCRIPTOMIC_SENDER; PROTEIN_SECRETION_NOT_SYSTEMATICALLY_TESTED,results/03_phase3/sender/frozen_phase4_sender_candidates.csv|results/04_phase4a/freeze/phase4_sender_scopes.csv|results/04_phase4b1/corrected_hucmsc_protein_source_evidence.csv
TGFBI,S2,GSE182158;GSE199071,GSE117837,2,4,6,ROBUST_BASELINE_SENDER,PASSAGE_DEPENDENT,YES,YES,YES,YES,YES,P1_PARACRINE_CORE,NOT_AUDITED_PHASE4B_FROZEN17_ONLY,NOT_SYSTEMATICALLY_AUDITED,NOT_SYSTEMATICALLY_AUDITED,NOT_SYSTEMATICALLY_AUDITED,NOT_SYSTEMATICALLY_AUDITED,NOT_SYSTEMATICALLY_AUDITED,YES,TIER_B_COMPATIBILITY_CANDIDATE,TRANSCRIPTOMIC_SENDER; PROTEIN_SECRETION_NOT_SYSTEMATICALLY_TESTED,results/03_phase3/sender/frozen_phase4_sender_candidates.csv|results/04_phase4a/freeze/phase4_sender_scopes.csv|results/04_phase4b1/corrected_hucmsc_protein_source_evidence.csv
TGM2,S2,GSE182158;GSE199071,GSE117837,2,4,6,ROBUST_BASELINE_SENDER,NO_CLEAR_LICENSING_EFFECT,YES,YES,YES,YES,YES,P1_PARACRINE_CORE,NOT_AUDITED_PHASE4B_FROZEN17_ONLY,NOT_SYSTEMATICALLY_AUDITED,NOT_SYSTEMATICALLY_AUDITED,NOT_SYSTEMATICALLY_AUDITED,NOT_SYSTEMATICALLY_AUDITED,NOT_SYSTEMATICALLY_AUDITED,YES,TIER_B_COMPATIBILITY_CANDIDATE,TRANSCRIPTOMIC_SENDER; PROTEIN_SECRETION_NOT_SYSTEMATICALLY_TESTED,results/03_phase3/sender/frozen_phase4_sender_candidates.csv|results/04_phase4a/freeze/phase4_sender_scopes.csv|results/04_phase4b1/corrected_hucmsc_protein_source_evidence.csv
TGOLN2,S2,GSE182158;GSE199071,GSE117837,2,4,6,ROBUST_BASELINE_SENDER,NO_CLEAR_LICENSING_EFFECT,NO,NO,NO,NO,YES,P3_FULL_LR_SENSITIVITY,NOT_AUDITED_PHASE4B_FROZEN17_ONLY,NOT_SYSTEMATICALLY_AUDITED,NOT_SYSTEMATICALLY_AUDITED,NOT_SYSTEMATICALLY_AUDITED,NOT_SYSTEMATICALLY_AUDITED,NOT_SYSTEMATICALLY_AUDITED,YES,TIER_B_COMPATIBILITY_CANDIDATE,TRANSCRIPTOMIC_SENDER; PROTEIN_SECRETION_NOT_SYSTEMATICALLY_TESTED,results/03_phase3/sender/frozen_phase4_sender_candidates.csv|results/04_phase4a/freeze/phase4_sender_scopes.csv|results/04_phase4b1/corrected_hucmsc_protein_source_evidence.csv
THY1,S2,GSE182158;GSE199071,GSE117837,2,4,6,ROBUST_BASELINE_SENDER,PASSAGE_DEPENDENT,NO,YES,NO,YES,YES,P2_EXTRACELLULAR_EXTENDED,NOT_AUDITED_PHASE4B_FROZEN17_ONLY,NOT_SYSTEMATICALLY_AUDITED,NOT_SYSTEMATICALLY_AUDITED,NOT_SYSTEMATICALLY_AUDITED,NOT_SYSTEMATICALLY_AUDITED,NOT_SYSTEMATICALLY_AUDITED,YES,TIER_B_COMPATIBILITY_CANDIDATE,TRANSCRIPTOMIC_SENDER; PROTEIN_SECRETION_NOT_SYSTEMATICALLY_TESTED,results/03_phase3/sender/frozen_phase4_sender_candidates.csv|results/04_phase4a/freeze/phase4_sender_scopes.csv|results/04_phase4b1/corrected_hucmsc_protein_source_evidence.csv
TIMP1,S2,GSE182158;GSE199071,GSE117837,2,4,6,ROBUST_BASELINE_SENDER,PASSAGE_DEPENDENT,YES,YES,YES,YES,YES,P1_PARACRINE_CORE,CANONICAL_SOLUBLE_SECRETED,AUDITED_FROZEN17,YES,NO,HUCMSC_EV_PROTEIN_DIRECT,FIGUEROA2025_SUPP;PXD020948;PXD056371;YU2024_SUPP,YES,TIER_A_DIRECTIONAL_RESCUE_CANDIDATE,TRANSCRIPTOMIC_SENDER_WITH_FROZEN_PHASE4B_PROTEIN_AUDIT,results/03_phase3/sender/frozen_phase4_sender_candidates.csv|results/04_phase4a/freeze/phase4_sender_scopes.csv|results/04_phase4b1/corrected_hucmsc_protein_source_evidence.csv
TIMP2,S2,GSE182158;GSE199071,GSE117837,2,4,6,ROBUST_BASELINE_SENDER,NO_CLEAR_LICENSING_EFFECT,YES,YES,YES,YES,YES,P1_PARACRINE_CORE,CANONICAL_SOLUBLE_SECRETED,AUDITED_FROZEN17,YES,NO,HUCMSC_EV_PROTEIN_DIRECT,PXD020948;PXD056371;YU2024_SUPP,YES,TIER_A_DIRECTIONAL_RESCUE_CANDIDATE,TRANSCRIPTOMIC_SENDER_WITH_FROZEN_PHASE4B_PROTEIN_AUDIT,results/03_phase3/sender/frozen_phase4_sender_candidates.csv|results/04_phase4a/freeze/phase4_sender_scopes.csv|results/04_phase4b1/corrected_hucmsc_protein_source_evidence.csv
TNFSF12,S2,GSE182158;GSE199071,GSE117837,2,4,6,ROBUST_BASELINE_SENDER,NO_CLEAR_LICENSING_EFFECT,YES,YES,YES,YES,YES,P1_PARACRINE_CORE,NOT_AUDITED_PHASE4B_FROZEN17_ONLY,NOT_SYSTEMATICALLY_AUDITED,NOT_SYSTEMATICALLY_AUDITED,NOT_SYSTEMATICALLY_AUDITED,NOT_SYSTEMATICALLY_AUDITED,NOT_SYSTEMATICALLY_AUDITED,YES,TIER_B_COMPATIBILITY_CANDIDATE,TRANSCRIPTOMIC_SENDER; PROTEIN_SECRETION_NOT_SYSTEMATICALLY_TESTED,results/03_phase3/sender/frozen_phase4_sender_candidates.csv|results/04_phase4a/freeze/phase4_sender_scopes.csv|results/04_phase4b1/corrected_hucmsc_protein_source_evidence.csv
TSPAN3,S2,GSE182158;GSE199071,GSE117837,2,4,6,ROBUST_BASELINE_SENDER,NO_CLEAR_LICENSING_EFFECT,NO,NO,NO,NO,YES,P3_FULL_LR_SENSITIVITY,NOT_AUDITED_PHASE4B_FROZEN17_ONLY,NOT_SYSTEMATICALLY_AUDITED,NOT_SYSTEMATICALLY_AUDITED,NOT_SYSTEMATICALLY_AUDITED,NOT_SYSTEMATICALLY_AUDITED,NOT_SYSTEMATICALLY_AUDITED,YES,TIER_B_COMPATIBILITY_CANDIDATE,TRANSCRIPTOMIC_SENDER; PROTEIN_SECRETION_NOT_SYSTEMATICALLY_TESTED,results/03_phase3/sender/frozen_phase4_sender_candidates.csv|results/04_phase4a/freeze/phase4_sender_scopes.csv|results/04_phase4b1/corrected_hucmsc_protein_source_evidence.csv
ULBP2,S2,GSE182158;GSE199071,GSE117837,2,4,6,ROBUST_BASELINE_SENDER,PASSAGE_DEPENDENT,YES,YES,YES,YES,YES,P1_PARACRINE_CORE,NOT_AUDITED_PHASE4B_FROZEN17_ONLY,NOT_SYSTEMATICALLY_AUDITED,NOT_SYSTEMATICALLY_AUDITED,NOT_SYSTEMATICALLY_AUDITED,NOT_SYSTEMATICALLY_AUDITED,NOT_SYSTEMATICALLY_AUDITED,YES,TIER_B_COMPATIBILITY_CANDIDATE,TRANSCRIPTOMIC_SENDER; PROTEIN_SECRETION_NOT_SYSTEMATICALLY_TESTED,results/03_phase3/sender/frozen_phase4_sender_candidates.csv|results/04_phase4a/freeze/phase4_sender_scopes.csv|results/04_phase4b1/corrected_hucmsc_protein_source_evidence.csv
UXS1,S2,GSE182158;GSE199071,GSE117837,2,4,6,ROBUST_BASELINE_SENDER,DONOR_DEPENDENT,NO,NO,NO,NO,YES,P3_FULL_LR_SENSITIVITY,NOT_AUDITED_PHASE4B_FROZEN17_ONLY,NOT_SYSTEMATICALLY_AUDITED,NOT_SYSTEMATICALLY_AUDITED,NOT_SYSTEMATICALLY_AUDITED,NOT_SYSTEMATICALLY_AUDITED,NOT_SYSTEMATICALLY_AUDITED,YES,NOT_PRIORITIZED,TRANSCRIPTOMIC_SENDER; PROTEIN_SECRETION_NOT_SYSTEMATICALLY_TESTED,results/03_phase3/sender/frozen_phase4_sender_candidates.csv|results/04_phase4a/freeze/phase4_sender_scopes.csv|results/04_phase4b1/corrected_hucmsc_protein_source_evidence.csv
VCAN,S2,GSE182158;GSE199071,GSE117837,2,4,6,ROBUST_BASELINE_SENDER,PASSAGE_DEPENDENT,YES,YES,YES,YES,YES,P1_PARACRINE_CORE,NOT_AUDITED_PHASE4B_FROZEN17_ONLY,NOT_SYSTEMATICALLY_AUDITED,NOT_SYSTEMATICALLY_AUDITED,NOT_SYSTEMATICALLY_AUDITED,NOT_SYSTEMATICALLY_AUDITED,NOT_SYSTEMATICALLY_AUDITED,YES,TIER_B_COMPATIBILITY_CANDIDATE,TRANSCRIPTOMIC_SENDER; PROTEIN_SECRETION_NOT_SYSTEMATICALLY_TESTED,results/03_phase3/sender/frozen_phase4_sender_candidates.csv|results/04_phase4a/freeze/phase4_sender_scopes.csv|results/04_phase4b1/corrected_hucmsc_protein_source_evidence.csv
VEGFA,S2,GSE182158;GSE199071,GSE117837,2,4,6,ROBUST_BASELINE_SENDER,PASSAGE_DEPENDENT,YES,YES,YES,YES,YES,P1_PARACRINE_CORE,NOT_AUDITED_PHASE4B_FROZEN17_ONLY,NOT_SYSTEMATICALLY_AUDITED,NOT_SYSTEMATICALLY_AUDITED,NOT_SYSTEMATICALLY_AUDITED,NOT_SYSTEMATICALLY_AUDITED,NOT_SYSTEMATICALLY_AUDITED,YES,TIER_C_EXTENDED_EXTRACELLULAR,TRANSCRIPTOMIC_SENDER; PROTEIN_SECRETION_NOT_SYSTEMATICALLY_TESTED,results/03_phase3/sender/frozen_phase4_sender_candidates.csv|results/04_phase4a/freeze/phase4_sender_scopes.csv|results/04_phase4b1/corrected_hucmsc_protein_source_evidence.csv
VEGFB,S2,GSE182158;GSE199071,GSE117837,2,4,6,ROBUST_BASELINE_SENDER,NO_CLEAR_LICENSING_EFFECT,YES,YES,YES,YES,YES,P1_PARACRINE_CORE,NOT_AUDITED_PHASE4B_FROZEN17_ONLY,NOT_SYSTEMATICALLY_AUDITED,NOT_SYSTEMATICALLY_AUDITED,NOT_SYSTEMATICALLY_AUDITED,NOT_SYSTEMATICALLY_AUDITED,NOT_SYSTEMATICALLY_AUDITED,YES,TIER_C_EXTENDED_EXTRACELLULAR,TRANSCRIPTOMIC_SENDER; PROTEIN_SECRETION_NOT_SYSTEMATICALLY_TESTED,results/03_phase3/sender/frozen_phase4_sender_candidates.csv|results/04_phase4a/freeze/phase4_sender_scopes.csv|results/04_phase4b1/corrected_hucmsc_protein_source_evidence.csv
VSIG10,S2,GSE182158;GSE199071,GSE117837,2,4,6,ROBUST_BASELINE_SENDER,NO_CLEAR_LICENSING_EFFECT,NO,NO,NO,NO,YES,P3_FULL_LR_SENSITIVITY,NOT_AUDITED_PHASE4B_FROZEN17_ONLY,NOT_SYSTEMATICALLY_AUDITED,NOT_SYSTEMATICALLY_AUDITED,NOT_SYSTEMATICALLY_AUDITED,NOT_SYSTEMATICALLY_AUDITED,NOT_SYSTEMATICALLY_AUDITED,YES,TIER_B_COMPATIBILITY_CANDIDATE,TRANSCRIPTOMIC_SENDER; PROTEIN_SECRETION_NOT_SYSTEMATICALLY_TESTED,results/03_phase3/sender/frozen_phase4_sender_candidates.csv|results/04_phase4a/freeze/phase4_sender_scopes.csv|results/04_phase4b1/corrected_hucmsc_protein_source_evidence.csv
WNT5A,S2,GSE182158;GSE199071,GSE117837,2,4,6,ROBUST_BASELINE_SENDER,PASSAGE_DEPENDENT,YES,YES,YES,YES,YES,P1_PARACRINE_CORE,CANONICAL_SOLUBLE_SECRETED,AUDITED_FROZEN17,YES,NO,HUCMSC_EV_PROTEIN_DIRECT,PXD020948;YU2024_SUPP,YES,TIER_A_DIRECTIONAL_RESCUE_CANDIDATE,TRANSCRIPTOMIC_SENDER_WITH_FROZEN_PHASE4B_PROTEIN_AUDIT,results/03_phase3/sender/frozen_phase4_sender_candidates.csv|results/04_phase4a/freeze/phase4_sender_scopes.csv|results/04_phase4b1/corrected_hucmsc_protein_source_evidence.csv
ZDHHC5,S2,GSE182158;GSE199071,GSE117837,2,4,6,ROBUST_BASELINE_SENDER,PASSAGE_DEPENDENT,NO,NO,NO,NO,YES,P3_FULL_LR_SENSITIVITY,NOT_AUDITED_PHASE4B_FROZEN17_ONLY,NOT_SYSTEMATICALLY_AUDITED,NOT_SYSTEMATICALLY_AUDITED,NOT_SYSTEMATICALLY_AUDITED,NOT_SYSTEMATICALLY_AUDITED,NOT_SYSTEMATICALLY_AUDITED,YES,TIER_C_EXTENDED_EXTRACELLULAR,TRANSCRIPTOMIC_SENDER; PROTEIN_SECRETION_NOT_SYSTEMATICALLY_TESTED,results/03_phase3/sender/frozen_phase4_sender_candidates.csv|results/04_phase4a/freeze/phase4_sender_scopes.csv|results/04_phase4b1/corrected_hucmsc_protein_source_evidence.csv
