"gene","gse182_supported_donor_n","gse199_supported_donor_n","total_supported_donor_n","gse182_low_detected_donor_n","gse199_low_detected_donor_n","gse182_median_CPM","gse199_median_CPM","gse182_median_fraction","gse199_median_fraction","gse182_median_rank","gse199_median_rank","between_donor_log2cpm_sd","donor_variable_flag","baseline_classification","uc_median_rank","non_uc_median_rank","uc_minus_non_uc_rank","source_context_flag","robustness_rule","source_context_interpretation","source_url"
"A2M",0,0,0,0,0,0.00522838883448933,0,0.000129197732309558,0,0.181818181818182,0.199505358615004,0.00406972167935043,"NO","NOT_RELIABLY_EXPRESSED",0.181818181818182,0.733585858585859,-0.551767676767677,"UC_LOWER_CONTEXT","GSE182158 2/2 plus GSE199071 >=3/4 donor support; CPM>=1 and expressing fraction>=0.10","DESCRIPTIVE_ONLY_NOT_CAUSAL_NOT_REQUIRED_FOR_ROBUSTNESS","results/03_phase3/baseline/baseline_ligand_expression_by_donor.csv|config/phase3_analysis.json"
"AANAT",0,0,0,0,0,0.25229166100979,0.037186985210942,0.00630344997983748,0.000604879742790901,0.565025252525253,0.453833470733718,0.174479757392213,"NO","NOT_RELIABLY_EXPRESSED",0.565025252525253,0.462542087542088,0.102483164983165,"NO_LARGE_CONTEXT_SHIFT","GSE182158 2/2 plus GSE199071 >=3/4 donor support; CPM>=1 and expressing fraction>=0.10","DESCRIPTIVE_ONLY_NOT_CAUSAL_NOT_REQUIRED_FOR_ROBUSTNESS","results/03_phase3/baseline/baseline_ligand_expression_by_donor.csv|config/phase3_analysis.json"
"ABCA1",2,0,2,2,4,16.1860304933174,3.15201766814267,0.288148697030004,0.0452291665629532,0.815656565656566,0.723825226710635,1.1518870594207,"YES","MULTIDATASET_LOW_EXPRESSION",0.815656565656566,0.782407407407407,0.0332491582491583,"NO_LARGE_CONTEXT_SHIFT","GSE182158 2/2 plus GSE199071 >=3/4 donor support; CPM>=1 and expressing fraction>=0.10","DESCRIPTIVE_ONLY_NOT_CAUSAL_NOT_REQUIRED_FOR_ROBUSTNESS","results/03_phase3/baseline/baseline_ligand_expression_by_donor.csv|config/phase3_analysis.json"
"ACE",0,0,0,2,1,1.10219344562242,0.207809491329973,0.0270137167220917,0.00340938606915543,0.667929292929293,0.568219291014015,0.451871120512936,"NO","MULTIDATASET_LOW_EXPRESSION",0.667929292929293,0.690656565656566,-0.0227272727272727,"NO_LARGE_CONTEXT_SHIFT","GSE182158 2/2 plus GSE199071 >=3/4 donor support; CPM>=1 and expressing fraction>=0.10","DESCRIPTIVE_ONLY_NOT_CAUSAL_NOT_REQUIRED_FOR_ROBUSTNESS","results/03_phase3/baseline/baseline_ligand_expression_by_donor.csv|config/phase3_analysis.json"
"ACE2",0,0,0,0,0,0.0175081125882291,0,0.000456343170063888,0,0.226851851851852,0.199505358615004,0.0202709091152462,"NO","NOT_RELIABLY_EXPRESSED",0.226851851851852,0.222222222222222,0.00462962962962962,"NO_LARGE_CONTEXT_SHIFT","GSE182158 2/2 plus GSE199071 >=3/4 donor support; CPM>=1 and expressing fraction>=0.10","DESCRIPTIVE_ONLY_NOT_CAUSAL_NOT_REQUIRED_FOR_ROBUSTNESS","results/03_phase3/baseline/baseline_ligand_expression_by_donor.csv|config/phase3_analysis.json"
"ACP4",0,0,0,0,0,,0,,0,,0.199505358615004,0.0236586699309244,"NO","NOT_RELIABLY_EXPRESSED",,,,"NO_LARGE_CONTEXT_SHIFT","GSE182158 2/2 plus GSE199071 >=3/4 donor support; CPM>=1 and expressing fraction>=0.10","DESCRIPTIVE_ONLY_NOT_CAUSAL_NOT_REQUIRED_FOR_ROBUSTNESS","results/03_phase3/baseline/baseline_ligand_expression_by_donor.csv|config/phase3_analysis.json"
"ADAM10",2,4,6,2,4,24.2666170469326,29.4202264010333,0.439245743463658,0.357293086525886,0.86489898989899,0.858615004122012,0.171086049031239,"NO","ROBUST_BASELINE_SENDER",0.86489898989899,0.864057239057239,0.000841750841750755,"NO_LARGE_CONTEXT_SHIFT","GSE182158 2/2 plus GSE199071 >=3/4 donor support; CPM>=1 and expressing fraction>=0.10","DESCRIPTIVE_ONLY_NOT_CAUSAL_NOT_REQUIRED_FOR_ROBUSTNESS","results/03_phase3/baseline/baseline_ligand_expression_by_donor.csv|config/phase3_analysis.json"
"ADAM11",0,0,0,0,0,0.0646860118570085,0.0359281705861361,0.00160107758438846,0.000604879742790901,0.473063973063973,0.438582028029678,0.0271211059756798,"NO","NOT_RELIABLY_EXPRESSED",0.473063973063973,0.423821548821549,0.0492424242424243,"NO_LARGE_CONTEXT_SHIFT","GSE182158 2/2 plus GSE199071 >=3/4 donor support; CPM>=1 and expressing fraction>=0.10","DESCRIPTIVE_ONLY_NOT_CAUSAL_NOT_REQUIRED_FOR_ROBUSTNESS","results/03_phase3/baseline/baseline_ligand_expression_by_donor.csv|config/phase3_analysis.json"
"ADAM12",2,4,6,2,4,20.7632318021199,34.8199326873564,0.355474908130391,0.382917211624438,0.852272727272727,0.872217642209398,0.560762662415072,"YES","ROBUST_BASELINE_SENDER",0.852272727272727,0.872474747474748,-0.0202020202020202,"NO_LARGE_CONTEXT_SHIFT","GSE182158 2/2 plus GSE199071 >=3/4 donor support; CPM>=1 and expressing fraction>=0.10","DESCRIPTIVE_ONLY_NOT_CAUSAL_NOT_REQUIRED_FOR_ROBUSTNESS","results/03_phase3/baseline/baseline_ligand_expression_by_donor.csv|config/phase3_analysis.json"
"ADAM15",2,4,6,2,4,16.455693708175,19.1768771741407,0.322630478088125,0.271559337279521,0.837542087542088,0.826051112943116,0.281835713597135,"NO","ROBUST_BASELINE_SENDER",0.837542087542088,0.842171717171717,-0.00462962962962954,"NO_LARGE_CONTEXT_SHIFT","GSE182158 2/2 plus GSE199071 >=3/4 donor support; CPM>=1 and expressing fraction>=0.10","DESCRIPTIVE_ONLY_NOT_CAUSAL_NOT_REQUIRED_FOR_ROBUSTNESS","results/03_phase3/baseline/baseline_ligand_expression_by_donor.csv|config/phase3_analysis.json"
"ADAM17",2,4,6,2,4,14.9611709955058,18.9252544482303,0.298468723100389,0.268514198017541,0.833754208754209,0.825845012366035,0.211166213220155,"NO","ROBUST_BASELINE_SENDER",0.833754208754209,0.805976430976431,0.0277777777777777,"NO_LARGE_CONTEXT_SHIFT","GSE182158 2/2 plus GSE199071 >=3/4 donor support; CPM>=1 and expressing fraction>=0.10","DESCRIPTIVE_ONLY_NOT_CAUSAL_NOT_REQUIRED_FOR_ROBUSTNESS","results/03_phase3/baseline/baseline_ligand_expression_by_donor.csv|config/phase3_analysis.json"
"ADAM2",0,0,0,0,0,0.0536806103238187,0,0.00136731414383637,0,0.447390572390572,0.199505358615004,0.0440370001033485,"NO","NOT_RELIABLY_EXPRESSED",0.447390572390572,0.375,0.0723905723905724,"NO_LARGE_CONTEXT_SHIFT","GSE182158 2/2 plus GSE199071 >=3/4 donor support; CPM>=1 and expressing fraction>=0.10","DESCRIPTIVE_ONLY_NOT_CAUSAL_NOT_REQUIRED_FOR_ROBUSTNESS","results/03_phase3/baseline/baseline_ligand_expression_by_donor.csv|config/phase3_analysis.json"
"ADAM20",0,0,0,0,0,0.0465068756461928,0.0602896512222376,0.00118741161485305,0.00100406533263828,0.430345117845118,0.456306677658697,0.0472716079523232,"NO","NOT_RELIABLY_EXPRESSED",0.430345117845118,0.359006734006734,0.0713383838383839,"NO_LARGE_CONTEXT_SHIFT","GSE182158 2/2 plus GSE199071 >=3/4 donor support; CPM>=1 and expressing fraction>=0.10","DESCRIPTIVE_ONLY_NOT_CAUSAL_NOT_REQUIRED_FOR_ROBUSTNESS","results/03_phase3/baseline/baseline_ligand_expression_by_donor.csv|config/phase3_analysis.json"
"ADAM21",0,0,0,0,0,0.0793373055597205,0.0823051023805652,0.00197234097121098,0.00132963322907341,0.496843434343434,0.489694971145919,0.0533662836489617,"NO","NOT_RELIABLY_EXPRESSED",0.496843434343434,0.434343434343434,0.0625,"NO_LARGE_CONTEXT_SHIFT","GSE182158 2/2 plus GSE199071 >=3/4 donor support; CPM>=1 and expressing fraction>=0.10","DESCRIPTIVE_ONLY_NOT_CAUSAL_NOT_REQUIRED_FOR_ROBUSTNESS","results/03_phase3/baseline/baseline_ligand_expression_by_donor.csv|config/phase3_analysis.json"
"ADAM23",0,3,3,1,4,0.477792104709332,7.71047416629218,0.0113659697105305,0.112671719522468,0.61026936026936,0.764839241549876,1.29204692028977,"NO","MULTIDATASET_LOW_EXPRESSION",0.61026936026936,0.642255892255892,-0.031986531986532,"NO_LARGE_CONTEXT_SHIFT","GSE182158 2/2 plus GSE199071 >=3/4 donor support; CPM>=1 and expressing fraction>=0.10","DESCRIPTIVE_ONLY_NOT_CAUSAL_NOT_REQUIRED_FOR_ROBUSTNESS","results/03_phase3/baseline/baseline_ligand_expression_by_donor.csv|config/phase3_analysis.json"
"ADAM28",0,0,0,0,0,0.0215212040328777,0,0.00053970758694997,0,0.35479797979798,0.211871393239901,0.0229432936211635,"NO","NOT_RELIABLY_EXPRESSED",0.35479797979798,0.484427609427609,-0.12962962962963,"NO_LARGE_CONTEXT_SHIFT","GSE182158 2/2 plus GSE199071 >=3/4 donor support; CPM>=1 and expressing fraction>=0.10","DESCRIPTIVE_ONLY_NOT_CAUSAL_NOT_REQUIRED_FOR_ROBUSTNESS","results/03_phase3/baseline/baseline_ligand_expression_by_donor.csv|config/phase3_analysis.json"
"ADAM29",0,0,0,0,0,0.0127059478595754,0,0.000320558590148751,0,0.281776094276094,0.211871393239901,0.0214034578220976,"NO","NOT_RELIABLY_EXPRESSED",0.281776094276094,0.286195286195286,-0.00441919191919188,"NO_LARGE_CONTEXT_SHIFT","GSE182158 2/2 plus GSE199071 >=3/4 donor support; CPM>=1 and expressing fraction>=0.10","DESCRIPTIVE_ONLY_NOT_CAUSAL_NOT_REQUIRED_FOR_ROBUSTNESS","results/03_phase3/baseline/baseline_ligand_expression_by_donor.csv|config/phase3_analysis.json"
"ADAM7",0,0,0,0,0,0.00717373467762589,0,0.000179902528983323,0,0.216329966329966,0.199505358615004,0.00535362831784548,"NO","NOT_RELIABLY_EXPRESSED",0.216329966329966,0.195286195286195,0.021043771043771,"NO_LARGE_CONTEXT_SHIFT","GSE182158 2/2 plus GSE199071 >=3/4 donor support; CPM>=1 and expressing fraction>=0.10","DESCRIPTIVE_ONLY_NOT_CAUSAL_NOT_REQUIRED_FOR_ROBUSTNESS","results/03_phase3/baseline/baseline_ligand_expression_by_donor.csv|config/phase3_analysis.json"
"ADAM9",2,4,6,2,4,54.0651075420004,131.412355596947,0.675836497806162,0.797894089764638,0.904882154882155,0.943116240725474,0.74554035821205,"NO","ROBUST_BASELINE_SENDER",0.904882154882155,0.873316498316498,0.0315656565656566,"NO_LARGE_CONTEXT_SHIFT","GSE182158 2/2 plus GSE199071 >=3/4 donor support; CPM>=1 and expressing fraction>=0.10","DESCRIPTIVE_ONLY_NOT_CAUSAL_NOT_REQUIRED_FOR_ROBUSTNESS","results/03_phase3/baseline/baseline_ligand_expression_by_donor.csv|config/phase3_analysis.json"
"ADAMTS3",0,0,0,1,4,0.479977899972262,1.88736768298298,0.0115885494400423,0.030939677937688,0.61489898989899,0.690436933223413,0.501259076768949,"NO","MULTIDATASET_LOW_EXPRESSION",0.61489898989899,0.611952861952862,0.00294612794612792,"NO_LARGE_CONTEXT_SHIFT","GSE182158 2/2 plus GSE199071 >=3/4 donor support; CPM>=1 and expressing fraction>=0.10","DESCRIPTIVE_ONLY_NOT_CAUSAL_NOT_REQUIRED_FOR_ROBUSTNESS","results/03_phase3/baseline/baseline_ligand_expression_by_donor.csv|config/phase3_analysis.json"
"ADCYAP1",0,0,0,0,0,0.0137398206603314,0,0.000336888400254909,0,0.288510101010101,0.204451772464963,0.0232533434309591,"NO","NOT_RELIABLY_EXPRESSED",0.288510101010101,0.187710437710438,0.100799663299663,"NO_LARGE_CONTEXT_SHIFT","GSE182158 2/2 plus GSE199071 >=3/4 donor support; CPM>=1 and expressing fraction>=0.10","DESCRIPTIVE_ONLY_NOT_CAUSAL_NOT_REQUIRED_FOR_ROBUSTNESS","results/03_phase3/baseline/baseline_ligand_expression_by_donor.csv|config/phase3_analysis.json"
"ADGRB1",0,0,0,2,0,0.611236244698706,0,0.0148560238492439,0,0.628787878787879,0.199505358615004,0.365687087074914,"NO","NOT_RELIABLY_EXPRESSED",0.628787878787879,0.636784511784512,-0.007996632996633,"NO_LARGE_CONTEXT_SHIFT","GSE182158 2/2 plus GSE199071 >=3/4 donor support; CPM>=1 and expressing fraction>=0.10","DESCRIPTIVE_ONLY_NOT_CAUSAL_NOT_REQUIRED_FOR_ROBUSTNESS","results/03_phase3/baseline/baseline_ligand_expression_by_donor.csv|config/phase3_analysis.json"
"ADGRE5",2,4,6,2,4,5.88168393908983,24.3575819326071,0.131223317297245,0.287877818883848,0.769781144781145,0.842539159109646,1.0000063708795,"NO","ROBUST_BASELINE_SENDER",0.769781144781145,0.814393939393939,-0.0446127946127947,"NO_LARGE_CONTEXT_SHIFT","GSE182158 2/2 plus GSE199071 >=3/4 donor support; CPM>=1 and expressing fraction>=0.10","DESCRIPTIVE_ONLY_NOT_CAUSAL_NOT_REQUIRED_FOR_ROBUSTNESS","results/03_phase3/baseline/baseline_ligand_expression_by_donor.csv|config/phase3_analysis.json"
"ADGRF5",0,0,0,0,0,0.0104567776689787,0,0.000258395464619116,0,0.262415824915825,0.199505358615004,0.00811522783084505,"NO","NOT_RELIABLY_EXPRESSED",0.262415824915825,0.557239057239057,-0.294823232323232,"UC_LOWER_CONTEXT","GSE182158 2/2 plus GSE199071 >=3/4 donor support; CPM>=1 and expressing fraction>=0.10","DESCRIPTIVE_ONLY_NOT_CAUSAL_NOT_REQUIRED_FOR_ROBUSTNESS","results/03_phase3/baseline/baseline_ligand_expression_by_donor.csv|config/phase3_analysis.json"
"ADIPOQ",0,0,0,0,0,0.00911908052076245,0,0.000230607325657089,0,0.239478114478115,0.199505358615004,0.00714382482919286,"NO","NOT_RELIABLY_EXPRESSED",0.239478114478115,0.197811447811448,0.0416666666666667,"NO_LARGE_CONTEXT_SHIFT","GSE182158 2/2 plus GSE199071 >=3/4 donor support; CPM>=1 and expressing fraction>=0.10","DESCRIPTIVE_ONLY_NOT_CAUSAL_NOT_REQUIRED_FOR_ROBUSTNESS","results/03_phase3/baseline/baseline_ligand_expression_by_donor.csv|config/phase3_analysis.json"
"ADM",2,4,6,2,4,44.0491549479233,87.6187563414537,0.436934579827578,0.521324446448387,0.879419191919192,0.91962077493817,1.04443763230771,"YES","ROBUST_BASELINE_SENDER",0.879419191919192,0.960016835016835,-0.0805976430976431,"NO_LARGE_CONTEXT_SHIFT","GSE182158 2/2 plus GSE199071 >=3/4 donor support; CPM>=1 and expressing fraction>=0.10","DESCRIPTIVE_ONLY_NOT_CAUSAL_NOT_REQUIRED_FOR_ROBUSTNESS","results/03_phase3/baseline/baseline_ligand_expression_by_donor.csv|config/phase3_analysis.json"
"ADM2",2,0,2,2,3,5.3688495086223,1.03347555945761,0.119304124027276,0.0143516909758857,0.76473063973064,0.666529266281946,1.06355254880588,"NO","MULTIDATASET_LOW_EXPRESSION",0.76473063973064,0.629208754208754,0.135521885521886,"NO_LARGE_CONTEXT_SHIFT","GSE182158 2/2 plus GSE199071 >=3/4 donor support; CPM>=1 and expressing fraction>=0.10","DESCRIPTIVE_ONLY_NOT_CAUSAL_NOT_REQUIRED_FOR_ROBUSTNESS","results/03_phase3/baseline/baseline_ligand_expression_by_donor.csv|config/phase3_analysis.json"
"AGRN",2,4,6,2,4,5.45728849431495,14.8526288182723,0.125469182547934,0.213997521716902,0.763888888888889,0.807914262159934,0.675847566826285,"NO","ROBUST_BASELINE_SENDER",0.763888888888889,0.727693602693603,0.0361952861952861,"NO_LARGE_CONTEXT_SHIFT","GSE182158 2/2 plus GSE199071 >=3/4 donor support; CPM>=1 and expressing fraction>=0.10","DESCRIPTIVE_ONLY_NOT_CAUSAL_NOT_REQUIRED_FOR_ROBUSTNESS","results/03_phase3/baseline/baseline_ligand_expression_by_donor.csv|config/phase3_analysis.json"
"AGRP",0,0,0,0,0,0.0294249871637994,0,0.000724481597183583,0,0.381102693602694,0.211871393239901,0.0228914082108853,"NO","NOT_RELIABLY_EXPRESSED",0.381102693602694,0.273989898989899,0.107112794612795,"NO_LARGE_CONTEXT_SHIFT","GSE182158 2/2 plus GSE199071 >=3/4 donor support; CPM>=1 and expressing fraction>=0.10","DESCRIPTIVE_ONLY_NOT_CAUSAL_NOT_REQUIRED_FOR_ROBUSTNESS","results/03_phase3/baseline/baseline_ligand_expression_by_donor.csv|config/phase3_analysis.json"
"AGT",0,0,0,0,0,0.0215212040328777,0.0206363959079348,0.00053970758694997,0.000312207305650952,0.35479797979798,0.319043693322341,0.0358412777952879,"YES","NOT_RELIABLY_EXPRESSED",0.35479797979798,0.617845117845118,-0.263047138047138,"UC_LOWER_CONTEXT","GSE182158 2/2 plus GSE199071 >=3/4 donor support; CPM>=1 and expressing fraction>=0.10","DESCRIPTIVE_ONLY_NOT_CAUSAL_NOT_REQUIRED_FOR_ROBUSTNESS","results/03_phase3/baseline/baseline_ligand_expression_by_donor.csv|config/phase3_analysis.json"
"AHSG",0,0,0,0,0,0.00522838883448933,0,0.000129197732309558,0,0.181818181818182,0.199505358615004,0.00406972167935043,"NO","NOT_RELIABLY_EXPRESSED",0.181818181818182,0.196127946127946,-0.0143097643097643,"NO_LARGE_CONTEXT_SHIFT","GSE182158 2/2 plus GSE199071 >=3/4 donor support; CPM>=1 and expressing fraction>=0.10","DESCRIPTIVE_ONLY_NOT_CAUSAL_NOT_REQUIRED_FOR_ROBUSTNESS","results/03_phase3/baseline/baseline_ligand_expression_by_donor.csv|config/phase3_analysis.json"
"AIMP1",2,4,6,2,4,92.2920438500269,113.9698738183,0.858654524738449,0.790355158162812,0.926346801346801,0.935696619950536,0.205811953507677,"NO","ROBUST_BASELINE_SENDER",0.926346801346801,0.917087542087542,0.0092592592592593,"NO_LARGE_CONTEXT_SHIFT","GSE182158 2/2 plus GSE199071 >=3/4 donor support; CPM>=1 and expressing fraction>=0.10","DESCRIPTIVE_ONLY_NOT_CAUSAL_NOT_REQUIRED_FOR_ROBUSTNESS","results/03_phase3/baseline/baseline_ligand_expression_by_donor.csv|config/phase3_analysis.json"
"ALB",0,0,0,0,0,0.0240741985709346,0,0.000613329041335474,0,0.354166666666667,0.211871393239901,0.026621509674433,"NO","NOT_RELIABLY_EXPRESSED",0.354166666666667,0.286195286195286,0.0679713804713805,"NO_LARGE_CONTEXT_SHIFT","GSE182158 2/2 plus GSE199071 >=3/4 donor support; CPM>=1 and expressing fraction>=0.10","DESCRIPTIVE_ONLY_NOT_CAUSAL_NOT_REQUIRED_FOR_ROBUSTNESS","results/03_phase3/baseline/baseline_ligand_expression_by_donor.csv|config/phase3_analysis.json"
"ALCAM",2,4,6,2,4,26.98796524505,137.403870243909,0.420571413606748,0.801741489655955,0.865740740740741,0.94765045342127,1.3369311894282,"NO","ROBUST_BASELINE_SENDER",0.865740740740741,0.871632996632997,-0.00589225589225595,"NO_LARGE_CONTEXT_SHIFT","GSE182158 2/2 plus GSE199071 >=3/4 donor support; CPM>=1 and expressing fraction>=0.10","DESCRIPTIVE_ONLY_NOT_CAUSAL_NOT_REQUIRED_FOR_ROBUSTNESS","results/03_phase3/baseline/baseline_ligand_expression_by_donor.csv|config/phase3_analysis.json"
"ALKAL1",0,0,0,0,0,,0,,0,,0.199505358615004,0.0236586699309244,"NO","NOT_RELIABLY_EXPRESSED",,,,"NO_LARGE_CONTEXT_SHIFT","GSE182158 2/2 plus GSE199071 >=3/4 donor support; CPM>=1 and expressing fraction>=0.10","DESCRIPTIVE_ONLY_NOT_CAUSAL_NOT_REQUIRED_FOR_ROBUSTNESS","results/03_phase3/baseline/baseline_ligand_expression_by_donor.csv|config/phase3_analysis.json"
"ALKAL2",0,0,0,0,0,,0.0602896512222376,,0.00108486933910788,,0.482069249793899,0.0458780066881946,"NO","NOT_RELIABLY_EXPRESSED",,,,"NO_LARGE_CONTEXT_SHIFT","GSE182158 2/2 plus GSE199071 >=3/4 donor support; CPM>=1 and expressing fraction>=0.10","DESCRIPTIVE_ONLY_NOT_CAUSAL_NOT_REQUIRED_FOR_ROBUSTNESS","results/03_phase3/baseline/baseline_ligand_expression_by_donor.csv|config/phase3_analysis.json"
"ALOX5AP",2,0,2,2,0,22.6685623069011,0.411405271277239,0.370634543864584,0.00515521349456221,0.859427609427609,0.594187963726299,2.13754375116172,"NO","DATASET_SPECIFIC",0.859427609427609,0.468434343434343,0.390993265993266,"UC_HIGHER_CONTEXT","GSE182158 2/2 plus GSE199071 >=3/4 donor support; CPM>=1 and expressing fraction>=0.10","DESCRIPTIVE_ONLY_NOT_CAUSAL_NOT_REQUIRED_FOR_ROBUSTNESS","results/03_phase3/baseline/baseline_ligand_expression_by_donor.csv|config/phase3_analysis.json"
"AMBN",0,0,0,0,0,0.00747755902508607,0,0.000191360857839192,0,0.204124579124579,0.199505358615004,0.00672035901807528,"NO","NOT_RELIABLY_EXPRESSED",0.204124579124579,0.11952861952862,0.0845959595959596,"NO_LARGE_CONTEXT_SHIFT","GSE182158 2/2 plus GSE199071 >=3/4 donor support; CPM>=1 and expressing fraction>=0.10","DESCRIPTIVE_ONLY_NOT_CAUSAL_NOT_REQUIRED_FOR_ROBUSTNESS","results/03_phase3/baseline/baseline_ligand_expression_by_donor.csv|config/phase3_analysis.json"
"AMELX",0,0,0,0,0,0.00194534584313656,0,5.07047966737653e-05,0,0.100589225589226,0.199505358615004,0.00228708467680247,"NO","NOT_RELIABLY_EXPRESSED",0.100589225589226,0.116582491582492,-0.015993265993266,"NO_LARGE_CONTEXT_SHIFT","GSE182158 2/2 plus GSE199071 >=3/4 donor support; CPM>=1 and expressing fraction>=0.10","DESCRIPTIVE_ONLY_NOT_CAUSAL_NOT_REQUIRED_FOR_ROBUSTNESS","results/03_phase3/baseline/baseline_ligand_expression_by_donor.csv|config/phase3_analysis.json"
"AMELY",0,0,0,0,0,0,0,0,0,0.0536616161616162,0.199505358615004,0,"NO","NOT_RELIABLY_EXPRESSED",0.0536616161616162,0.0500841750841751,0.00357744107744108,"NO_LARGE_CONTEXT_SHIFT","GSE182158 2/2 plus GSE199071 >=3/4 donor support; CPM>=1 and expressing fraction>=0.10","DESCRIPTIVE_ONLY_NOT_CAUSAL_NOT_REQUIRED_FOR_ROBUSTNESS","results/03_phase3/baseline/baseline_ligand_expression_by_donor.csv|config/phase3_analysis.json"
"AMH",0,0,0,0,0,0.0493636945317099,0.298265815660359,0.00127249139809442,0.0048043222596878,0.400252525252525,0.575638911788953,0.169496469982287,"NO","NOT_RELIABLY_EXPRESSED",0.400252525252525,0.359006734006734,0.0412457912457913,"NO_LARGE_CONTEXT_SHIFT","GSE182158 2/2 plus GSE199071 >=3/4 donor support; CPM>=1 and expressing fraction>=0.10","DESCRIPTIVE_ONLY_NOT_CAUSAL_NOT_REQUIRED_FOR_ROBUSTNESS","results/03_phase3/baseline/baseline_ligand_expression_by_donor.csv|config/phase3_analysis.json"
"ANG",2,2,4,2,4,8.93846223455768,6.40516678223251,0.192306195839596,0.10057620132675,0.802609427609428,0.758862324814509,0.244267783643647,"NO","MULTIDATASET_LOW_EXPRESSION",0.802609427609428,0.830387205387205,-0.0277777777777778,"NO_LARGE_CONTEXT_SHIFT","GSE182158 2/2 plus GSE199071 >=3/4 donor support; CPM>=1 and expressing fraction>=0.10","DESCRIPTIVE_ONLY_NOT_CAUSAL_NOT_REQUIRED_FOR_ROBUSTNESS","results/03_phase3/baseline/baseline_ligand_expression_by_donor.csv|config/phase3_analysis.json"
"ANGPT1",2,4,6,2,4,9.90070447903872,22.2560735093052,0.199165957834305,0.270933169049072,0.808922558922559,0.833058532563891,0.664958772887304,"NO","ROBUST_BASELINE_SENDER",0.808922558922559,0.766414141414141,0.0425084175084175,"NO_LARGE_CONTEXT_SHIFT","GSE182158 2/2 plus GSE199071 >=3/4 donor support; CPM>=1 and expressing fraction>=0.10","DESCRIPTIVE_ONLY_NOT_CAUSAL_NOT_REQUIRED_FOR_ROBUSTNESS","results/03_phase3/baseline/baseline_ligand_expression_by_donor.csv|config/phase3_analysis.json"
"ANGPT2",0,0,0,2,3,1.29017064414728,0.922634626768839,0.0311497595223529,0.0158005190219952,0.679292929292929,0.663437757625721,0.249544701097736,"NO","MULTIDATASET_LOW_EXPRESSION",0.679292929292929,0.737373737373737,-0.0580808080808081,"NO_LARGE_CONTEXT_SHIFT","GSE182158 2/2 plus GSE199071 >=3/4 donor support; CPM>=1 and expressing fraction>=0.10","DESCRIPTIVE_ONLY_NOT_CAUSAL_NOT_REQUIRED_FOR_ROBUSTNESS","results/03_phase3/baseline/baseline_ligand_expression_by_donor.csv|config/phase3_analysis.json"
"ANGPT4",0,0,0,0,0,0.00778138337254625,0,0.000202819186695061,0,0.174873737373737,0.211871393239901,0.0222975874921609,"NO","NOT_RELIABLY_EXPRESSED",0.174873737373737,0.258417508417508,-0.0835437710437711,"NO_LARGE_CONTEXT_SHIFT","GSE182158 2/2 plus GSE199071 >=3/4 donor support; CPM>=1 and expressing fraction>=0.10","DESCRIPTIVE_ONLY_NOT_CAUSAL_NOT_REQUIRED_FOR_ROBUSTNESS","results/03_phase3/baseline/baseline_ligand_expression_by_donor.csv|config/phase3_analysis.json"
"ANGPTL1",2,0,2,2,1,74.1336800295239,0.360366994416036,0.561557664885711,0.00529634018057617,0.886363636363636,0.600577081615828,2.79397359534724,"YES","MULTIDATASET_LOW_EXPRESSION",0.886363636363636,0.619107744107744,0.267255892255892,"UC_HIGHER_CONTEXT","GSE182158 2/2 plus GSE199071 >=3/4 donor support; CPM>=1 and expressing fraction>=0.10","DESCRIPTIVE_ONLY_NOT_CAUSAL_NOT_REQUIRED_FOR_ROBUSTNESS","results/03_phase3/baseline/baseline_ligand_expression_by_donor.csv|config/phase3_analysis.json"
"ANGPTL2",2,0,2,2,4,36.4078166867926,2.25686698029464,0.462884968407807,0.0385372299059033,0.854377104377104,0.705688375927453,1.81559018154736,"YES","MULTIDATASET_LOW_EXPRESSION",0.854377104377104,0.890993265993266,-0.0366161616161617,"NO_LARGE_CONTEXT_SHIFT","GSE182158 2/2 plus GSE199071 >=3/4 donor support; CPM>=1 and expressing fraction>=0.10","DESCRIPTIVE_ONLY_NOT_CAUSAL_NOT_REQUIRED_FOR_ROBUSTNESS","results/03_phase3/baseline/baseline_ligand_expression_by_donor.csv|config/phase3_analysis.json"
"ANGPTL3",0,0,0,0,0,0.00522838883448933,0.0192573406575419,0.000129197732309558,0.000379650721336371,0.181818181818182,0.318425391591096,0.0383534696354552,"YES","NOT_RELIABLY_EXPRESSED",0.181818181818182,0.134259259259259,0.0475589225589226,"NO_LARGE_CONTEXT_SHIFT","GSE182158 2/2 plus GSE199071 >=3/4 donor support; CPM>=1 and expressing fraction>=0.10","DESCRIPTIVE_ONLY_NOT_CAUSAL_NOT_REQUIRED_FOR_ROBUSTNESS","results/03_phase3/baseline/baseline_ligand_expression_by_donor.csv|config/phase3_analysis.json"
"ANGPTL4",2,4,6,2,4,35.5796879855847,48.5323248034089,0.493440797254522,0.42147909201837,0.885942760942761,0.891178895300907,0.432455915807388,"YES","ROBUST_BASELINE_SENDER",0.885942760942761,0.789983164983165,0.0959595959595959,"NO_LARGE_CONTEXT_SHIFT","GSE182158 2/2 plus GSE199071 >=3/4 donor support; CPM>=1 and expressing fraction>=0.10","DESCRIPTIVE_ONLY_NOT_CAUSAL_NOT_REQUIRED_FOR_ROBUSTNESS","results/03_phase3/baseline/baseline_ligand_expression_by_donor.csv|config/phase3_analysis.json"
"ANGPTL5",0,0,0,0,0,0.0399407896634873,0.0192573406575419,0.00103042574358147,0.000156103652825476,0.371001683501684,0.323371805441055,0.039245709899348,"YES","NOT_RELIABLY_EXPRESSED",0.371001683501684,0.557659932659933,-0.186658249158249,"NO_LARGE_CONTEXT_SHIFT","GSE182158 2/2 plus GSE199071 >=3/4 donor support; CPM>=1 and expressing fraction>=0.10","DESCRIPTIVE_ONLY_NOT_CAUSAL_NOT_REQUIRED_FOR_ROBUSTNESS","results/03_phase3/baseline/baseline_ligand_expression_by_donor.csv|config/phase3_analysis.json"
"ANGPTL6",0,0,0,0,0,0.102255231571524,0.0513505085186631,0.00258738537890174,0.000861322270596985,0.510732323232323,0.434666117065128,0.0703092219139987,"NO","NOT_RELIABLY_EXPRESSED",0.510732323232323,0.432239057239057,0.078493265993266,"NO_LARGE_CONTEXT_SHIFT","GSE182158 2/2 plus GSE199071 >=3/4 donor support; CPM>=1 and expressing fraction>=0.10","DESCRIPTIVE_ONLY_NOT_CAUSAL_NOT_REQUIRED_FOR_ROBUSTNESS","results/03_phase3/baseline/baseline_ligand_expression_by_donor.csv|config/phase3_analysis.json"
"ANGPTL7",0,0,0,0,0,0.0149551180501721,0,0.000382721715678385,0,0.282617845117845,0.199505358615004,0.0133649629345163,"NO","NOT_RELIABLY_EXPRESSED",0.282617845117845,0.272727272727273,0.00989057239057239,"NO_LARGE_CONTEXT_SHIFT","GSE182158 2/2 plus GSE199071 >=3/4 donor support; CPM>=1 and expressing fraction>=0.10","DESCRIPTIVE_ONLY_NOT_CAUSAL_NOT_REQUIRED_FOR_ROBUSTNESS","results/03_phase3/baseline/baseline_ligand_expression_by_donor.csv|config/phase3_analysis.json"
"ANOS1",0,0,0,0,2,0.383917205011361,0.496603124192869,0.0093254280018155,0.00874939046086966,0.605850168350168,0.611706512778236,0.517160774024828,"NO","NOT_RELIABLY_EXPRESSED",0.605850168350168,0.574915824915825,0.0309343434343434,"NO_LARGE_CONTEXT_SHIFT","GSE182158 2/2 plus GSE199071 >=3/4 donor support; CPM>=1 and expressing fraction>=0.10","DESCRIPTIVE_ONLY_NOT_CAUSAL_NOT_REQUIRED_FOR_ROBUSTNESS","results/03_phase3/baseline/baseline_ligand_expression_by_donor.csv|config/phase3_analysis.json"
"ANPEP",2,4,6,2,4,40.9512433391821,28.0843279995025,0.588052576814583,0.352676778548503,0.894360269360269,0.854905193734543,0.342237078072171,"NO","ROBUST_BASELINE_SENDER",0.894360269360269,0.906986531986532,-0.0126262626262627,"NO_LARGE_CONTEXT_SHIFT","GSE182158 2/2 plus GSE199071 >=3/4 donor support; CPM>=1 and expressing fraction>=0.10","DESCRIPTIVE_ONLY_NOT_CAUSAL_NOT_REQUIRED_FOR_ROBUSTNESS","results/03_phase3/baseline/baseline_ligand_expression_by_donor.csv|config/phase3_analysis.json"
"ANTXR1",2,4,6,2,4,128.176211170458,33.763921609092,0.839418752687474,0.421293961036805,0.933501683501684,0.870568837592745,1.03002628282431,"YES","ROBUST_BASELINE_SENDER",0.933501683501684,0.863215488215488,0.0702861952861953,"NO_LARGE_CONTEXT_SHIFT","GSE182158 2/2 plus GSE199071 >=3/4 donor support; CPM>=1 and expressing fraction>=0.10","DESCRIPTIVE_ONLY_NOT_CAUSAL_NOT_REQUIRED_FOR_ROBUSTNESS","results/03_phase3/baseline/baseline_ligand_expression_by_donor.csv|config/phase3_analysis.json"
"ANXA1",2,4,6,2,4,379.670157476796,1224.76598972779,0.96598565826368,0.96912461298844,0.963804713804714,0.990107172300083,1.12683964511838,"NO","ROBUST_BASELINE_SENDER",0.963804713804714,0.974326599326599,-0.0105218855218856,"NO_LARGE_CONTEXT_SHIFT","GSE182158 2/2 plus GSE199071 >=3/4 donor support; CPM>=1 and expressing fraction>=0.10","DESCRIPTIVE_ONLY_NOT_CAUSAL_NOT_REQUIRED_FOR_ROBUSTNESS","results/03_phase3/baseline/baseline_ligand_expression_by_donor.csv|config/phase3_analysis.json"
"ANXA2",2,4,6,2,4,1759.02172144283,3362.50506707929,0.997870398539702,0.978005159572064,0.987794612794613,0.997938994229184,1.04085414794193,"NO","ROBUST_BASELINE_SENDER",0.987794612794613,0.99537037037037,-0.00757575757575746,"NO_LARGE_CONTEXT_SHIFT","GSE182158 2/2 plus GSE199071 >=3/4 donor support; CPM>=1 and expressing fraction>=0.10","DESCRIPTIVE_ONLY_NOT_CAUSAL_NOT_REQUIRED_FOR_ROBUSTNESS","results/03_phase3/baseline/baseline_ligand_expression_by_donor.csv|config/phase3_analysis.json"
"APELA",0,0,0,0,0,0.00747755902508607,0,0.000191360857839192,0,0.204124579124579,0.199505358615004,0.00672035901807528,"NO","NOT_RELIABLY_EXPRESSED",0.204124579124579,0.247053872053872,-0.0429292929292929,"NO_LARGE_CONTEXT_SHIFT","GSE182158 2/2 plus GSE199071 >=3/4 donor support; CPM>=1 and expressing fraction>=0.10","DESCRIPTIVE_ONLY_NOT_CAUSAL_NOT_REQUIRED_FOR_ROBUSTNESS","results/03_phase3/baseline/baseline_ligand_expression_by_donor.csv|config/phase3_analysis.json"
"APLN",0,0,0,0,3,0.0597614473699793,0.831520944939025,0.00144409171311688,0.0141570259901758,0.46506734006734,0.65436933223413,0.424716828443261,"NO","NOT_RELIABLY_EXPRESSED",0.46506734006734,0.612794612794613,-0.147727272727273,"NO_LARGE_CONTEXT_SHIFT","GSE182158 2/2 plus GSE199071 >=3/4 donor support; CPM>=1 and expressing fraction>=0.10","DESCRIPTIVE_ONLY_NOT_CAUSAL_NOT_REQUIRED_FOR_ROBUSTNESS","results/03_phase3/baseline/baseline_ligand_expression_by_donor.csv|config/phase3_analysis.json"
"APOA1",0,0,0,0,1,0.336013607386242,0.677882697032148,0.00802343309840376,0.00731450365181734,0.594486531986532,0.637881286067601,0.488886203150667,"NO","NOT_RELIABLY_EXPRESSED",0.594486531986532,0.561026936026936,0.033459595959596,"NO_LARGE_CONTEXT_SHIFT","GSE182158 2/2 plus GSE199071 >=3/4 donor support; CPM>=1 and expressing fraction>=0.10","DESCRIPTIVE_ONLY_NOT_CAUSAL_NOT_REQUIRED_FOR_ROBUSTNESS","results/03_phase3/baseline/baseline_ligand_expression_by_donor.csv|config/phase3_analysis.json"
"APOA2",0,0,0,0,0,0.0192720338422809,0,0.000426839664746571,0,0.341119528619529,0.199505358615004,0.0145988586247692,"NO","NOT_RELIABLY_EXPRESSED",0.341119528619529,0.258417508417508,0.0827020202020202,"NO_LARGE_CONTEXT_SHIFT","GSE182158 2/2 plus GSE199071 >=3/4 donor support; CPM>=1 and expressing fraction>=0.10","DESCRIPTIVE_ONLY_NOT_CAUSAL_NOT_REQUIRED_FOR_ROBUSTNESS","results/03_phase3/baseline/baseline_ligand_expression_by_donor.csv|config/phase3_analysis.json"
"APOA4",0,0,0,0,0,0,0,0,0,0.0536616161616162,0.199505358615004,0,"NO","NOT_RELIABLY_EXPRESSED",0.0536616161616162,0.174242424242424,-0.120580808080808,"NO_LARGE_CONTEXT_SHIFT","GSE182158 2/2 plus GSE199071 >=3/4 donor support; CPM>=1 and expressing fraction>=0.10","DESCRIPTIVE_ONLY_NOT_CAUSAL_NOT_REQUIRED_FOR_ROBUSTNESS","results/03_phase3/baseline/baseline_ligand_expression_by_donor.csv|config/phase3_analysis.json"
"APOA5",0,0,0,0,0,0.011064426363899,0,0.000281312122330854,0,0.256102693602694,0.211871393239901,0.0215336363246938,"NO","NOT_RELIABLY_EXPRESSED",0.256102693602694,0.273989898989899,-0.0178872053872054,"NO_LARGE_CONTEXT_SHIFT","GSE182158 2/2 plus GSE199071 >=3/4 donor support; CPM>=1 and expressing fraction>=0.10","DESCRIPTIVE_ONLY_NOT_CAUSAL_NOT_REQUIRED_FOR_ROBUSTNESS","results/03_phase3/baseline/baseline_ligand_expression_by_donor.csv|config/phase3_analysis.json"
"APOB",0,0,0,0,0,0.0968454181479495,0,0.00242868414127487,0,0.513257575757576,0.199505358615004,0.069183475451071,"NO","NOT_RELIABLY_EXPRESSED",0.513257575757576,0.512205387205387,0.00105218855218847,"NO_LARGE_CONTEXT_SHIFT","GSE182158 2/2 plus GSE199071 >=3/4 donor support; CPM>=1 and expressing fraction>=0.10","DESCRIPTIVE_ONLY_NOT_CAUSAL_NOT_REQUIRED_FOR_ROBUSTNESS","results/03_phase3/baseline/baseline_ligand_expression_by_donor.csv|config/phase3_analysis.json"
"APOC1",2,1,3,2,4,98.1418512237959,4.92761542630952,0.666264013269533,0.0775729663083987,0.91456228956229,0.744023083264633,2.08794485016426,"YES","MULTIDATASET_LOW_EXPRESSION",0.91456228956229,0.901936026936027,0.0126262626262627,"NO_LARGE_CONTEXT_SHIFT","GSE182158 2/2 plus GSE199071 >=3/4 donor support; CPM>=1 and expressing fraction>=0.10","DESCRIPTIVE_ONLY_NOT_CAUSAL_NOT_REQUIRED_FOR_ROBUSTNESS","results/03_phase3/baseline/baseline_ligand_expression_by_donor.csv|config/phase3_analysis.json"
"APOC2",0,0,0,0,0,0,0,0,0,0.0536616161616162,0.211871393239901,0.0843917143254912,"NO","NOT_RELIABLY_EXPRESSED",0.0536616161616162,0.131734006734007,-0.0780723905723906,"NO_LARGE_CONTEXT_SHIFT","GSE182158 2/2 plus GSE199071 >=3/4 donor support; CPM>=1 and expressing fraction>=0.10","DESCRIPTIVE_ONLY_NOT_CAUSAL_NOT_REQUIRED_FOR_ROBUSTNESS","results/03_phase3/baseline/baseline_ligand_expression_by_donor.csv|config/phase3_analysis.json"
"APOC3",0,0,0,0,0,0.0376916194728905,0,0.000410509854640412,0,0.384890572390572,0.204451772464963,0.0369598240352119,"NO","NOT_RELIABLY_EXPRESSED",0.384890572390572,0.314814814814815,0.0700757575757576,"NO_LARGE_CONTEXT_SHIFT","GSE182158 2/2 plus GSE199071 >=3/4 donor support; CPM>=1 and expressing fraction>=0.10","DESCRIPTIVE_ONLY_NOT_CAUSAL_NOT_REQUIRED_FOR_ROBUSTNESS","results/03_phase3/baseline/baseline_ligand_expression_by_donor.csv|config/phase3_analysis.json"
"APOC4",0,0,0,0,0,0,0,0,0,0.0536616161616162,0.211871393239901,0.0222583546778277,"NO","NOT_RELIABLY_EXPRESSED",0.0536616161616162,0.0437710437710438,0.00989057239057239,"NO_LARGE_CONTEXT_SHIFT","GSE182158 2/2 plus GSE199071 >=3/4 donor support; CPM>=1 and expressing fraction>=0.10","DESCRIPTIVE_ONLY_NOT_CAUSAL_NOT_REQUIRED_FOR_ROBUSTNESS","results/03_phase3/baseline/baseline_ligand_expression_by_donor.csv|config/phase3_analysis.json"
"APOD",0,0,0,2,0,0.987802640540313,0,0.0231965848050858,0,0.661616161616162,0.211871393239901,0.515629056180149,"NO","NOT_RELIABLY_EXPRESSED",0.661616161616162,0.760521885521886,-0.0989057239057239,"NO_LARGE_CONTEXT_SHIFT","GSE182158 2/2 plus GSE199071 >=3/4 donor support; CPM>=1 and expressing fraction>=0.10","DESCRIPTIVE_ONLY_NOT_CAUSAL_NOT_REQUIRED_FOR_ROBUSTNESS","results/03_phase3/baseline/baseline_ligand_expression_by_donor.csv|config/phase3_analysis.json"
"APOE",2,0,2,2,1,564.732078046218,0.275434344789011,0.614295317949323,0.00416738470146397,0.93476430976431,0.579760923330585,3.96114019013363,"YES","MULTIDATASET_LOW_EXPRESSION",0.93476430976431,0.965909090909091,-0.0311447811447811,"NO_LARGE_CONTEXT_SHIFT","GSE182158 2/2 plus GSE199071 >=3/4 donor support; CPM>=1 and expressing fraction>=0.10","DESCRIPTIVE_ONLY_NOT_CAUSAL_NOT_REQUIRED_FOR_ROBUSTNESS","results/03_phase3/baseline/baseline_ligand_expression_by_donor.csv|config/phase3_analysis.json"
"APOO",2,4,6,2,4,17.4221285921631,33.430398186359,0.333683988444082,0.388734094050579,0.839225589225589,0.870156636438582,0.489261441294548,"NO","ROBUST_BASELINE_SENDER",0.839225589225589,0.82449494949495,0.0147306397306397,"NO_LARGE_CONTEXT_SHIFT","GSE182158 2/2 plus GSE199071 >=3/4 donor support; CPM>=1 and expressing fraction>=0.10","DESCRIPTIVE_ONLY_NOT_CAUSAL_NOT_REQUIRED_FOR_ROBUSTNESS","results/03_phase3/baseline/baseline_ligand_expression_by_donor.csv|config/phase3_analysis.json"
"APP",2,4,6,2,4,119.733460706674,78.7942362187586,0.894676955521625,0.64127535691463,0.933501683501684,0.92085737840066,0.423414000296097,"NO","ROBUST_BASELINE_SENDER",0.933501683501684,0.938131313131313,-0.00462962962962965,"NO_LARGE_CONTEXT_SHIFT","GSE182158 2/2 plus GSE199071 >=3/4 donor support; CPM>=1 and expressing fraction>=0.10","DESCRIPTIVE_ONLY_NOT_CAUSAL_NOT_REQUIRED_FOR_ROBUSTNESS","results/03_phase3/baseline/baseline_ligand_expression_by_donor.csv|config/phase3_analysis.json"
"AREG",1,2,3,2,4,24.0985715613165,8.39370356759187,0.176044920788282,0.0819646566207954,0.830387205387206,0.773289365210223,1.55323203138611,"NO","MULTIDATASET_LOW_EXPRESSION",0.830387205387206,0.646043771043771,0.184343434343434,"NO_LARGE_CONTEXT_SHIFT","GSE182158 2/2 plus GSE199071 >=3/4 donor support; CPM>=1 and expressing fraction>=0.10","DESCRIPTIVE_ONLY_NOT_CAUSAL_NOT_REQUIRED_FOR_ROBUSTNESS","results/03_phase3/baseline/baseline_ligand_expression_by_donor.csv|config/phase3_analysis.json"
"ARF1",2,4,6,2,4,328.256204045077,437.025720697548,0.996274467054379,0.954781461491276,0.966750841750842,0.975680131904369,0.236735075863542,"NO","ROBUST_BASELINE_SENDER",0.966750841750842,0.955808080808081,0.0109427609427609,"NO_LARGE_CONTEXT_SHIFT","GSE182158 2/2 plus GSE199071 >=3/4 donor support; CPM>=1 and expressing fraction>=0.10","DESCRIPTIVE_ONLY_NOT_CAUSAL_NOT_REQUIRED_FOR_ROBUSTNESS","results/03_phase3/baseline/baseline_ligand_expression_by_donor.csv|config/phase3_analysis.json"
"ARMH4",0,0,0,0,4,,1.76288449633415,,0.0284336225221657,,0.686108821104699,0.643761301431517,"NO","NOT_RELIABLY_EXPRESSED",,,,"NO_LARGE_CONTEXT_SHIFT","GSE182158 2/2 plus GSE199071 >=3/4 donor support; CPM>=1 and expressing fraction>=0.10","DESCRIPTIVE_ONLY_NOT_CAUSAL_NOT_REQUIRED_FOR_ROBUSTNESS","results/03_phase3/baseline/baseline_ligand_expression_by_donor.csv|config/phase3_analysis.json"
"ARTN",0,0,0,0,0,0.0192720338422809,0.138910705392148,0.000477544461420336,0.00210180730539892,0.341119528619529,0.53957131079967,0.194776472878837,"NO","NOT_RELIABLY_EXPRESSED",0.341119528619529,0.348905723905724,-0.00778619528619523,"NO_LARGE_CONTEXT_SHIFT","GSE182158 2/2 plus GSE199071 >=3/4 donor support; CPM>=1 and expressing fraction>=0.10","DESCRIPTIVE_ONLY_NOT_CAUSAL_NOT_REQUIRED_FOR_ROBUSTNESS","results/03_phase3/baseline/baseline_ligand_expression_by_donor.csv|config/phase3_analysis.json"
"ASIP",0,0,0,1,0,0.571758953486979,0.0333416598571883,0.014358651185545,0.000504540867810293,0.621001683501684,0.351195383347073,0.357716709428632,"YES","NOT_RELIABLY_EXPRESSED",0.621001683501684,0.567760942760943,0.0532407407407407,"NO_LARGE_CONTEXT_SHIFT","GSE182158 2/2 plus GSE199071 >=3/4 donor support; CPM>=1 and expressing fraction>=0.10","DESCRIPTIVE_ONLY_NOT_CAUSAL_NOT_REQUIRED_FOR_ROBUSTNESS","results/03_phase3/baseline/baseline_ligand_expression_by_donor.csv|config/phase3_analysis.json"
"ATP1B1",2,4,6,2,4,45.987022805055,57.8045957952773,0.534731663370457,0.549326146638817,0.884680134680135,0.901483924154988,0.626833390340928,"YES","ROBUST_BASELINE_SENDER",0.884680134680135,0.776515151515152,0.108164983164983,"NO_LARGE_CONTEXT_SHIFT","GSE182158 2/2 plus GSE199071 >=3/4 donor support; CPM>=1 and expressing fraction>=0.10","DESCRIPTIVE_ONLY_NOT_CAUSAL_NOT_REQUIRED_FOR_ROBUSTNESS","results/03_phase3/baseline/baseline_ligand_expression_by_donor.csv|config/phase3_analysis.json"
"AVP",0,0,0,0,0,0.00358686733881295,0,8.99512644916617e-05,0,0.146464646464646,0.199505358615004,0.00268168191540828,"NO","NOT_RELIABLY_EXPRESSED",0.146464646464646,0.227693602693603,-0.0812289562289562,"NO_LARGE_CONTEXT_SHIFT","GSE182158 2/2 plus GSE199071 >=3/4 donor support; CPM>=1 and expressing fraction>=0.10","DESCRIPTIVE_ONLY_NOT_CAUSAL_NOT_REQUIRED_FOR_ROBUSTNESS","results/03_phase3/baseline/baseline_ligand_expression_by_donor.csv|config/phase3_analysis.json"
"AZGP1",0,0,0,0,0,0.105964498668712,0,0.00246793060909276,0,0.520622895622896,0.211871393239901,0.072648636767975,"NO","NOT_RELIABLY_EXPRESSED",0.520622895622896,0.260521885521886,0.26010101010101,"UC_HIGHER_CONTEXT","GSE182158 2/2 plus GSE199071 >=3/4 donor support; CPM>=1 and expressing fraction>=0.10","DESCRIPTIVE_ONLY_NOT_CAUSAL_NOT_REQUIRED_FOR_ROBUSTNESS","results/03_phase3/baseline/baseline_ligand_expression_by_donor.csv|config/phase3_analysis.json"
"B2M",2,4,6,2,4,3705.84499030088,1616.06361341095,1,0.969915074700398,0.997474747474748,0.992580379225062,0.703948192376723,"NO","ROBUST_BASELINE_SENDER",0.997474747474748,0.997895622895623,-0.000420875420875433,"NO_LARGE_CONTEXT_SHIFT","GSE182158 2/2 plus GSE199071 >=3/4 donor support; CPM>=1 and expressing fraction>=0.10","DESCRIPTIVE_ONLY_NOT_CAUSAL_NOT_REQUIRED_FOR_ROBUSTNESS","results/03_phase3/baseline/baseline_ligand_expression_by_donor.csv|config/phase3_analysis.json"
"BACE1",2,4,6,2,4,16.0780269085951,28.0178156595193,0.320819795471019,0.355729065112102,0.838383838383838,0.854905193734543,0.435182943497713,"NO","ROBUST_BASELINE_SENDER",0.838383838383838,0.845117845117845,-0.0067340067340067,"NO_LARGE_CONTEXT_SHIFT","GSE182158 2/2 plus GSE199071 >=3/4 donor support; CPM>=1 and expressing fraction>=0.10","DESCRIPTIVE_ONLY_NOT_CAUSAL_NOT_REQUIRED_FOR_ROBUSTNESS","results/03_phase3/baseline/baseline_ligand_expression_by_donor.csv|config/phase3_analysis.json"
"BACE2",2,3,5,2,4,25.7216554739309,9.61234664582826,0.412940122809087,0.149842201372053,0.85479797979798,0.78318219291014,1.03682524064542,"YES","ROBUST_BASELINE_SENDER",0.85479797979798,0.801767676767677,0.053030303030303,"NO_LARGE_CONTEXT_SHIFT","GSE182158 2/2 plus GSE199071 >=3/4 donor support; CPM>=1 and expressing fraction>=0.10","DESCRIPTIVE_ONLY_NOT_CAUSAL_NOT_REQUIRED_FOR_ROBUSTNESS","results/03_phase3/baseline/baseline_ligand_expression_by_donor.csv|config/phase3_analysis.json"
"BCAN",0,0,0,1,0,0.389327018434935,0.100063147162127,0.00949558756829825,0.0016959233596256,0.608164983164983,0.515663643858203,0.179645994684382,"NO","NOT_RELIABLY_EXPRESSED",0.608164983164983,0.517255892255892,0.0909090909090908,"NO_LARGE_CONTEXT_SHIFT","GSE182158 2/2 plus GSE199071 >=3/4 donor support; CPM>=1 and expressing fraction>=0.10","DESCRIPTIVE_ONLY_NOT_CAUSAL_NOT_REQUIRED_FOR_ROBUSTNESS","results/03_phase3/baseline/baseline_ligand_expression_by_donor.csv|config/phase3_analysis.json"
"BDNF",2,4,6,2,4,26.9683601302687,165.829153277261,0.381127344340652,0.730471693796936,0.872053872053872,0.950948062654575,1.33851122121383,"NO","ROBUST_BASELINE_SENDER",0.872053872053872,0.778198653198653,0.0938552188552189,"NO_LARGE_CONTEXT_SHIFT","GSE182158 2/2 plus GSE199071 >=3/4 donor support; CPM>=1 and expressing fraction>=0.10","DESCRIPTIVE_ONLY_NOT_CAUSAL_NOT_REQUIRED_FOR_ROBUSTNESS","results/03_phase3/baseline/baseline_ligand_expression_by_donor.csv|config/phase3_analysis.json"
"BGN",2,4,6,2,4,93.6799776112601,96.0787785745636,0.575185522244282,0.613407886085604,0.888468013468014,0.924154987633965,1.31860854977816,"YES","ROBUST_BASELINE_SENDER",0.888468013468014,0.963383838383838,-0.0749158249158248,"NO_LARGE_CONTEXT_SHIFT","GSE182158 2/2 plus GSE199071 >=3/4 donor support; CPM>=1 and expressing fraction>=0.10","DESCRIPTIVE_ONLY_NOT_CAUSAL_NOT_REQUIRED_FOR_ROBUSTNESS","results/03_phase3/baseline/baseline_ligand_expression_by_donor.csv|config/phase3_analysis.json"
"BMP1",2,4,6,2,4,26.3345618996732,11.7350132687835,0.460865544411114,0.174123106439351,0.866161616161616,0.798021434460017,0.574385326850301,"NO","ROBUST_BASELINE_SENDER",0.866161616161616,0.843855218855219,0.0223063973063973,"NO_LARGE_CONTEXT_SHIFT","GSE182158 2/2 plus GSE199071 >=3/4 donor support; CPM>=1 and expressing fraction>=0.10","DESCRIPTIVE_ONLY_NOT_CAUSAL_NOT_REQUIRED_FOR_ROBUSTNESS","results/03_phase3/baseline/baseline_ligand_expression_by_donor.csv|config/phase3_analysis.json"
"BMP10",0,0,0,0,0,0,0,0,0,0.0536616161616162,0.199505358615004,0,"NO","NOT_RELIABLY_EXPRESSED",0.0536616161616162,0.117845117845118,-0.0641835016835017,"NO_LARGE_CONTEXT_SHIFT","GSE182158 2/2 plus GSE199071 >=3/4 donor support; CPM>=1 and expressing fraction>=0.10","DESCRIPTIVE_ONLY_NOT_CAUSAL_NOT_REQUIRED_FOR_ROBUSTNESS","results/03_phase3/baseline/baseline_ligand_expression_by_donor.csv|config/phase3_analysis.json"
"BMP15",0,0,0,0,0,0.00522838883448933,0,0.000129197732309558,0,0.181818181818182,0.199505358615004,0.00406972167935043,"NO","NOT_RELIABLY_EXPRESSED",0.181818181818182,0.0437710437710438,0.138047138047138,"NO_LARGE_CONTEXT_SHIFT","GSE182158 2/2 plus GSE199071 >=3/4 donor support; CPM>=1 and expressing fraction>=0.10","DESCRIPTIVE_ONLY_NOT_CAUSAL_NOT_REQUIRED_FOR_ROBUSTNESS","results/03_phase3/baseline/baseline_ligand_expression_by_donor.csv|config/phase3_analysis.json"
"BMP2",0,0,0,0,1,0.0162928151983883,0.178351324417101,0.000410509854640412,0.00330869084222487,0.316287878787879,0.551319043693322,0.35527592678143,"NO","NOT_RELIABLY_EXPRESSED",0.316287878787879,0.559343434343434,-0.243055555555556,"NO_LARGE_CONTEXT_SHIFT","GSE182158 2/2 plus GSE199071 >=3/4 donor support; CPM>=1 and expressing fraction>=0.10","DESCRIPTIVE_ONLY_NOT_CAUSAL_NOT_REQUIRED_FOR_ROBUSTNESS","results/03_phase3/baseline/baseline_ligand_expression_by_donor.csv|config/phase3_analysis.json"
"BMP3",0,0,0,0,0,0.00194534584313656,0.0205161552823478,5.07047966737653e-05,0.000352609308885755,0.100589225589226,0.332028029678483,0.0473444754632664,"YES","NOT_RELIABLY_EXPRESSED",0.100589225589226,0.343855218855219,-0.243265993265993,"NO_LARGE_CONTEXT_SHIFT","GSE182158 2/2 plus GSE199071 >=3/4 donor support; CPM>=1 and expressing fraction>=0.10","DESCRIPTIVE_ONLY_NOT_CAUSAL_NOT_REQUIRED_FOR_ROBUSTNESS","results/03_phase3/baseline/baseline_ligand_expression_by_donor.csv|config/phase3_analysis.json"
"BMP4",0,3,3,2,4,2.72881449798238,12.6759701874582,0.058000655739584,0.14331394183961,0.714225589225589,0.791426215993405,1.18374301095497,"NO","MULTIDATASET_LOW_EXPRESSION",0.714225589225589,0.746212121212121,-0.031986531986532,"NO_LARGE_CONTEXT_SHIFT","GSE182158 2/2 plus GSE199071 >=3/4 donor support; CPM>=1 and expressing fraction>=0.10","DESCRIPTIVE_ONLY_NOT_CAUSAL_NOT_REQUIRED_FOR_ROBUSTNESS","results/03_phase3/baseline/baseline_ligand_expression_by_donor.csv|config/phase3_analysis.json"
"BMP5",0,0,0,0,0,0.0104567776689787,0,0.000258395464619116,0,0.262415824915825,0.199505358615004,0.00811522783084505,"NO","NOT_RELIABLY_EXPRESSED",0.262415824915825,0.365740740740741,-0.103324915824916,"NO_LARGE_CONTEXT_SHIFT","GSE182158 2/2 plus GSE199071 >=3/4 donor support; CPM>=1 and expressing fraction>=0.10","DESCRIPTIVE_ONLY_NOT_CAUSAL_NOT_REQUIRED_FOR_ROBUSTNESS","results/03_phase3/baseline/baseline_ligand_expression_by_donor.csv|config/phase3_analysis.json"
"BMP6",0,0,0,0,0,0.0224326770752582,0.279673286204034,0.000574082573517577,0.00493166642605132,0.333754208754209,0.577906018136851,0.194183997437581,"NO","NOT_RELIABLY_EXPRESSED",0.333754208754209,0.428030303030303,-0.0942760942760943,"NO_LARGE_CONTEXT_SHIFT","GSE182158 2/2 plus GSE199071 >=3/4 donor support; CPM>=1 and expressing fraction>=0.10","DESCRIPTIVE_ONLY_NOT_CAUSAL_NOT_REQUIRED_FOR_ROBUSTNESS","results/03_phase3/baseline/baseline_ligand_expression_by_donor.csv|config/phase3_analysis.json"
"BMP7",0,0,0,0,0,0.0440762808665114,0.0192573406575419,0.0010957449840061,0.000352609308885755,0.438973063973064,0.323371805441055,0.0310561782673646,"YES","NOT_RELIABLY_EXPRESSED",0.438973063973064,0.467171717171717,-0.0281986531986532,"NO_LARGE_CONTEXT_SHIFT","GSE182158 2/2 plus GSE199071 >=3/4 donor support; CPM>=1 and expressing fraction>=0.10","DESCRIPTIVE_ONLY_NOT_CAUSAL_NOT_REQUIRED_FOR_ROBUSTNESS","results/03_phase3/baseline/baseline_ligand_expression_by_donor.csv|config/phase3_analysis.json"
"BMP8A",0,0,0,0,0,0.00328304299135276,0.0579436217444637,7.84929356357928e-05,0.000876685045207051,0.134890572390572,0.475061830173125,0.0667429083149047,"NO","NOT_RELIABLY_EXPRESSED",0.134890572390572,0.222222222222222,-0.0873316498316498,"NO_LARGE_CONTEXT_SHIFT","GSE182158 2/2 plus GSE199071 >=3/4 donor support; CPM>=1 and expressing fraction>=0.10","DESCRIPTIVE_ONLY_NOT_CAUSAL_NOT_REQUIRED_FOR_ROBUSTNESS","results/03_phase3/baseline/baseline_ligand_expression_by_donor.csv|config/phase3_analysis.json"
"BMP8B",0,0,0,0,0,0.0124021235121152,0.0309545938619022,0.000309100261292882,0.000468310958476428,0.285563973063973,0.338623248145095,0.0465708153933697,"YES","NOT_RELIABLY_EXPRESSED",0.285563973063973,0.516414141414141,-0.230850168350168,"NO_LARGE_CONTEXT_SHIFT","GSE182158 2/2 plus GSE199071 >=3/4 donor support; CPM>=1 and expressing fraction>=0.10","DESCRIPTIVE_ONLY_NOT_CAUSAL_NOT_REQUIRED_FOR_ROBUSTNESS","results/03_phase3/baseline/baseline_ligand_expression_by_donor.csv|config/phase3_analysis.json"
"BOC",1,0,1,2,1,3.38468059455234,0.481482949286506,0.0794262819915825,0.00763165511831519,0.732744107744108,0.612943116240726,0.90178644176281,"NO","MULTIDATASET_LOW_EXPRESSION",0.732744107744108,0.778198653198653,-0.0454545454545455,"NO_LARGE_CONTEXT_SHIFT","GSE182158 2/2 plus GSE199071 >=3/4 donor support; CPM>=1 and expressing fraction>=0.10","DESCRIPTIVE_ONLY_NOT_CAUSAL_NOT_REQUIRED_FOR_ROBUSTNESS","results/03_phase3/baseline/baseline_ligand_expression_by_donor.csv|config/phase3_analysis.json"
"BPI",0,0,0,0,0,0.261170292110758,0.0192573406575419,0.00656987304060189,0.000352609308885755,0.574705387205387,0.323371805441055,0.168527965568117,"YES","NOT_RELIABLY_EXPRESSED",0.574705387205387,0.677188552188552,-0.102483164983165,"NO_LARGE_CONTEXT_SHIFT","GSE182158 2/2 plus GSE199071 >=3/4 donor support; CPM>=1 and expressing fraction>=0.10","DESCRIPTIVE_ONLY_NOT_CAUSAL_NOT_REQUIRED_FOR_ROBUSTNESS","results/03_phase3/baseline/baseline_ligand_expression_by_donor.csv|config/phase3_analysis.json"
"BST2",2,0,2,2,4,116.394372870363,3.33015289938139,0.671160349422117,0.0420348723846067,0.930555555555556,0.72444352844188,2.42712083914683,"NO","MULTIDATASET_LOW_EXPRESSION",0.930555555555556,0.83459595959596,0.095959595959596,"NO_LARGE_CONTEXT_SHIFT","GSE182158 2/2 plus GSE199071 >=3/4 donor support; CPM>=1 and expressing fraction>=0.10","DESCRIPTIVE_ONLY_NOT_CAUSAL_NOT_REQUIRED_FOR_ROBUSTNESS","results/03_phase3/baseline/baseline_ligand_expression_by_donor.csv|config/phase3_analysis.json"
"BTC",0,0,0,0,0,0.051431440133222,0.0476254237904963,0.00130515101830674,0.000720581392381575,0.446759259259259,0.463932399010717,0.0541503254055802,"NO","NOT_RELIABLY_EXPRESSED",0.446759259259259,0.451599326599327,-0.00484006734006737,"NO_LARGE_CONTEXT_SHIFT","GSE182158 2/2 plus GSE199071 >=3/4 donor support; CPM>=1 and expressing fraction>=0.10","DESCRIPTIVE_ONLY_NOT_CAUSAL_NOT_REQUIRED_FOR_ROBUSTNESS","results/03_phase3/baseline/baseline_ligand_expression_by_donor.csv|config/phase3_analysis.json"
"BTLA",0,0,0,0,0,0.0117944748171949,0,0.000286183603581144,0,0.253998316498317,0.204451772464963,0.0874376025461673,"NO","NOT_RELIABLY_EXPRESSED",0.253998316498317,0.605639730639731,-0.351641414141414,"UC_LOWER_CONTEXT","GSE182158 2/2 plus GSE199071 >=3/4 donor support; CPM>=1 and expressing fraction>=0.10","DESCRIPTIVE_ONLY_NOT_CAUSAL_NOT_REQUIRED_FOR_ROBUSTNESS","results/03_phase3/baseline/baseline_ligand_expression_by_donor.csv|config/phase3_analysis.json"
"BTN1A1",0,0,0,0,0,0.00194534584313656,0,5.07047966737653e-05,0,0.100589225589226,0.211871393239901,0.0219158028033892,"NO","NOT_RELIABLY_EXPRESSED",0.100589225589226,0.117845117845118,-0.0172558922558923,"NO_LARGE_CONTEXT_SHIFT","GSE182158 2/2 plus GSE199071 >=3/4 donor support; CPM>=1 and expressing fraction>=0.10","DESCRIPTIVE_ONLY_NOT_CAUSAL_NOT_REQUIRED_FOR_ROBUSTNESS","results/03_phase3/baseline/baseline_ligand_expression_by_donor.csv|config/phase3_analysis.json"
"BTN2A1",2,4,6,2,4,10.3668313323565,18.5391641909095,0.223214645901421,0.243040066897791,0.811237373737374,0.823577906018137,0.425198996177569,"NO","ROBUST_BASELINE_SENDER",0.811237373737374,0.80513468013468,0.00610269360269355,"NO_LARGE_CONTEXT_SHIFT","GSE182158 2/2 plus GSE199071 >=3/4 donor support; CPM>=1 and expressing fraction>=0.10","DESCRIPTIVE_ONLY_NOT_CAUSAL_NOT_REQUIRED_FOR_ROBUSTNESS","results/03_phase3/baseline/baseline_ligand_expression_by_donor.csv|config/phase3_analysis.json"
"BTNL8",0,0,0,0,0,0.014651293702712,0,0.000371263386822516,0,0.295875420875421,0.199505358615004,0.0116571491592045,"NO","NOT_RELIABLY_EXPRESSED",0.295875420875421,0.134259259259259,0.161616161616162,"NO_LARGE_CONTEXT_SHIFT","GSE182158 2/2 plus GSE199071 >=3/4 donor support; CPM>=1 and expressing fraction>=0.10","DESCRIPTIVE_ONLY_NOT_CAUSAL_NOT_REQUIRED_FOR_ROBUSTNESS","results/03_phase3/baseline/baseline_ligand_expression_by_donor.csv|config/phase3_analysis.json"
"BTNL9",0,0,0,0,0,0.03678014643051,0.0642962537190905,0.000883182834810459,0.000972851826286721,0.413510101010101,0.488664468260511,0.0462946921915673,"NO","NOT_RELIABLY_EXPRESSED",0.413510101010101,0.353956228956229,0.059553872053872,"NO_LARGE_CONTEXT_SHIFT","GSE182158 2/2 plus GSE199071 >=3/4 donor support; CPM>=1 and expressing fraction>=0.10","DESCRIPTIVE_ONLY_NOT_CAUSAL_NOT_REQUIRED_FOR_ROBUSTNESS","results/03_phase3/baseline/baseline_ligand_expression_by_donor.csv|config/phase3_analysis.json"
"C10orf99",0,0,0,0,0,0.00553221318194951,0,0.000140656061165427,0,0.180976430976431,0.211871393239901,0.011598320693326,"NO","NOT_RELIABLY_EXPRESSED",0.180976430976431,0.113636363636364,0.0673400673400673,"NO_LARGE_CONTEXT_SHIFT","GSE182158 2/2 plus GSE199071 >=3/4 donor support; CPM>=1 and expressing fraction>=0.10","DESCRIPTIVE_ONLY_NOT_CAUSAL_NOT_REQUIRED_FOR_ROBUSTNESS","results/03_phase3/baseline/baseline_ligand_expression_by_donor.csv|config/phase3_analysis.json"
"C1QA",0,0,0,0,0,0.00686991033016571,0,0.000168444200127455,0,0.207491582491583,0.199505358615004,0.00576819132925395,"NO","NOT_RELIABLY_EXPRESSED",0.207491582491583,0.307659932659933,-0.10016835016835,"NO_LARGE_CONTEXT_SHIFT","GSE182158 2/2 plus GSE199071 >=3/4 donor support; CPM>=1 and expressing fraction>=0.10","DESCRIPTIVE_ONLY_NOT_CAUSAL_NOT_REQUIRED_FOR_ROBUSTNESS","results/03_phase3/baseline/baseline_ligand_expression_by_donor.csv|config/phase3_analysis.json"
"C1QB",0,0,0,0,0,0.00522838883448933,0,0.000129197732309558,0,0.181818181818182,0.199505358615004,0.00406972167935043,"NO","NOT_RELIABLY_EXPRESSED",0.181818181818182,0.246632996632997,-0.0648148148148148,"NO_LARGE_CONTEXT_SHIFT","GSE182158 2/2 plus GSE199071 >=3/4 donor support; CPM>=1 and expressing fraction>=0.10","DESCRIPTIVE_ONLY_NOT_CAUSAL_NOT_REQUIRED_FOR_ROBUSTNESS","results/03_phase3/baseline/baseline_ligand_expression_by_donor.csv|config/phase3_analysis.json"
"C1QTNF1",2,0,2,2,4,21.9772338870908,1.57097590095995,0.376391078534805,0.024974332387229,0.857744107744108,0.683429513602638,1.64274859306204,"NO","MULTIDATASET_LOW_EXPRESSION",0.857744107744108,0.781565656565657,0.0761784511784511,"NO_LARGE_CONTEXT_SHIFT","GSE182158 2/2 plus GSE199071 >=3/4 donor support; CPM>=1 and expressing fraction>=0.10","DESCRIPTIVE_ONLY_NOT_CAUSAL_NOT_REQUIRED_FOR_ROBUSTNESS","results/03_phase3/baseline/baseline_ligand_expression_by_donor.csv|config/phase3_analysis.json"
"C1QTNF5",0,0,0,0,0,0.0632259149504168,0,0.00159133462188788,0,0.474747474747475,0.199505358615004,0.0465509646955379,"NO","NOT_RELIABLY_EXPRESSED",0.474747474747475,0.519360269360269,-0.0446127946127946,"NO_LARGE_CONTEXT_SHIFT","GSE182158 2/2 plus GSE199071 >=3/4 donor support; CPM>=1 and expressing fraction>=0.10","DESCRIPTIVE_ONLY_NOT_CAUSAL_NOT_REQUIRED_FOR_ROBUSTNESS","results/03_phase3/baseline/baseline_ligand_expression_by_donor.csv|config/phase3_analysis.json"
"C3",1,0,1,2,2,11.6537748023333,0.483526815738116,0.211005157720573,0.00781276854391681,0.798400673400673,0.607378400659522,1.60142234809343,"NO","MULTIDATASET_LOW_EXPRESSION",0.798400673400673,0.675505050505051,0.122895622895623,"NO_LARGE_CONTEXT_SHIFT","GSE182158 2/2 plus GSE199071 >=3/4 donor support; CPM>=1 and expressing fraction>=0.10","DESCRIPTIVE_ONLY_NOT_CAUSAL_NOT_REQUIRED_FOR_ROBUSTNESS","results/03_phase3/baseline/baseline_ligand_expression_by_donor.csv|config/phase3_analysis.json"
"C4A",0,0,0,0,0,0.0755056387041566,0,0.00191848005964221,0,0.481060606060606,0.199505358615004,0.0594889775868559,"NO","NOT_RELIABLY_EXPRESSED",0.481060606060606,0.412037037037037,0.069023569023569,"NO_LARGE_CONTEXT_SHIFT","GSE182158 2/2 plus GSE199071 >=3/4 donor support; CPM>=1 and expressing fraction>=0.10","DESCRIPTIVE_ONLY_NOT_CAUSAL_NOT_REQUIRED_FOR_ROBUSTNESS","results/03_phase3/baseline/baseline_ligand_expression_by_donor.csv|config/phase3_analysis.json"
"C4BPA",0,0,0,0,0,0,0,0,0,0.0536616161616162,0.211871393239901,0.0437060748526064,"NO","NOT_RELIABLY_EXPRESSED",0.0536616161616162,0.131734006734007,-0.0780723905723906,"NO_LARGE_CONTEXT_SHIFT","GSE182158 2/2 plus GSE199071 >=3/4 donor support; CPM>=1 and expressing fraction>=0.10","DESCRIPTIVE_ONLY_NOT_CAUSAL_NOT_REQUIRED_FOR_ROBUSTNESS","results/03_phase3/baseline/baseline_ligand_expression_by_donor.csv|config/phase3_analysis.json"
"C4B_2",0,0,0,0,0,,,,,,,,"NO","NOT_RELIABLY_EXPRESSED",,,,"NO_LARGE_CONTEXT_SHIFT","GSE182158 2/2 plus GSE199071 >=3/4 donor support; CPM>=1 and expressing fraction>=0.10","DESCRIPTIVE_ONLY_NOT_CAUSAL_NOT_REQUIRED_FOR_ROBUSTNESS","results/03_phase3/baseline/baseline_ligand_expression_by_donor.csv|config/phase3_analysis.json"
"C5",0,0,0,2,4,0.757187507570744,1.41691717569962,0.0187969327816779,0.0239914838760454,0.646464646464646,0.67724649629019,0.402835189418271,"NO","MULTIDATASET_LOW_EXPRESSION",0.646464646464646,0.651936026936027,-0.00547138047138052,"NO_LARGE_CONTEXT_SHIFT","GSE182158 2/2 plus GSE199071 >=3/4 donor support; CPM>=1 and expressing fraction>=0.10","DESCRIPTIVE_ONLY_NOT_CAUSAL_NOT_REQUIRED_FOR_ROBUSTNESS","results/03_phase3/baseline/baseline_ligand_expression_by_donor.csv|config/phase3_analysis.json"
"C6orf15",0,0,0,0,0,0.00328304299135276,0,7.84929356357928e-05,0,0.134890572390572,0.199505358615004,0.00385463763488309,"NO","NOT_RELIABLY_EXPRESSED",0.134890572390572,0.0500841750841751,0.0848063973063973,"NO_LARGE_CONTEXT_SHIFT","GSE182158 2/2 plus GSE199071 >=3/4 donor support; CPM>=1 and expressing fraction>=0.10","DESCRIPTIVE_ONLY_NOT_CAUSAL_NOT_REQUIRED_FOR_ROBUSTNESS","results/03_phase3/baseline/baseline_ligand_expression_by_donor.csv|config/phase3_analysis.json"
"CA12",2,4,6,2,4,9.60551643673303,37.0779315861276,0.189801760960873,0.390755771627349,0.803872053872054,0.874278647980214,1.00739579449473,"NO","ROBUST_BASELINE_SENDER",0.803872053872054,0.857323232323232,-0.0534511784511785,"NO_LARGE_CONTEXT_SHIFT","GSE182158 2/2 plus GSE199071 >=3/4 donor support; CPM>=1 and expressing fraction>=0.10","DESCRIPTIVE_ONLY_NOT_CAUSAL_NOT_REQUIRED_FOR_ROBUSTNESS","results/03_phase3/baseline/baseline_ligand_expression_by_donor.csv|config/phase3_analysis.json"
"CADM1",1,1,2,2,4,5.10118332912372,5.85553899811741,0.109073627344739,0.0826781602574087,0.758838383838384,0.750412201154163,0.602392745840385,"NO","MULTIDATASET_LOW_EXPRESSION",0.758838383838384,0.61489898989899,0.143939393939394,"NO_LARGE_CONTEXT_SHIFT","GSE182158 2/2 plus GSE199071 >=3/4 donor support; CPM>=1 and expressing fraction>=0.10","DESCRIPTIVE_ONLY_NOT_CAUSAL_NOT_REQUIRED_FOR_ROBUSTNESS","results/03_phase3/baseline/baseline_ligand_expression_by_donor.csv|config/phase3_analysis.json"
"CADM2",0,0,0,0,0,0.0683319040265307,0,0.00169933106284099,0,0.469486531986532,0.211871393239901,0.0527376129661492,"NO","NOT_RELIABLY_EXPRESSED",0.469486531986532,0.423821548821549,0.0456649831649832,"NO_LARGE_CONTEXT_SHIFT","GSE182158 2/2 plus GSE199071 >=3/4 donor support; CPM>=1 and expressing fraction>=0.10","DESCRIPTIVE_ONLY_NOT_CAUSAL_NOT_REQUIRED_FOR_ROBUSTNESS","results/03_phase3/baseline/baseline_ligand_expression_by_donor.csv|config/phase3_analysis.json"
"CADM3",0,0,0,1,0,1.74554124554554,0,0.0343260488768768,0,0.675294612794613,0.199505358615004,0.8070124848803,"NO","NOT_RELIABLY_EXPRESSED",0.675294612794613,0.630050505050505,0.0452441077441077,"NO_LARGE_CONTEXT_SHIFT","GSE182158 2/2 plus GSE199071 >=3/4 donor support; CPM>=1 and expressing fraction>=0.10","DESCRIPTIVE_ONLY_NOT_CAUSAL_NOT_REQUIRED_FOR_ROBUSTNESS","results/03_phase3/baseline/baseline_ligand_expression_by_donor.csv|config/phase3_analysis.json"
"CADM4",0,0,0,0,0,0.309323039349585,0.17964085293068,0.00758197898990632,0.00315960577620758,0.591540404040404,0.564509480626546,0.096444330979482,"NO","NOT_RELIABLY_EXPRESSED",0.591540404040404,0.578282828282828,0.0132575757575757,"NO_LARGE_CONTEXT_SHIFT","GSE182158 2/2 plus GSE199071 >=3/4 donor support; CPM>=1 and expressing fraction>=0.10","DESCRIPTIVE_ONLY_NOT_CAUSAL_NOT_REQUIRED_FOR_ROBUSTNESS","results/03_phase3/baseline/baseline_ligand_expression_by_donor.csv|config/phase3_analysis.json"
"CALCA",0,0,0,0,0,0.00164152149567638,0,3.92464678178964e-05,0,0.099537037037037,0.199505358615004,0.00193047220564663,"NO","NOT_RELIABLY_EXPRESSED",0.099537037037037,0.260521885521886,-0.160984848484849,"NO_LARGE_CONTEXT_SHIFT","GSE182158 2/2 plus GSE199071 >=3/4 donor support; CPM>=1 and expressing fraction>=0.10","DESCRIPTIVE_ONLY_NOT_CAUSAL_NOT_REQUIRED_FOR_ROBUSTNESS","results/03_phase3/baseline/baseline_ligand_expression_by_donor.csv|config/phase3_analysis.json"
"CALCB",0,0,0,0,0,0.0130097722070356,0,0.00033201691900462,0,0.27020202020202,0.211871393239901,0.0140609449652464,"NO","NOT_RELIABLY_EXPRESSED",0.27020202020202,0.348905723905724,-0.0787037037037037,"NO_LARGE_CONTEXT_SHIFT","GSE182158 2/2 plus GSE199071 >=3/4 donor support; CPM>=1 and expressing fraction>=0.10","DESCRIPTIVE_ONLY_NOT_CAUSAL_NOT_REQUIRED_FOR_ROBUSTNESS","results/03_phase3/baseline/baseline_ligand_expression_by_donor.csv|config/phase3_analysis.json"
"CALM1",2,4,6,2,4,392.9221474611,844.786352853017,0.978555576357523,0.963921781721737,0.964646464646465,0.98474855729596,0.810264593013949,"NO","ROBUST_BASELINE_SENDER",0.964646464646465,0.976010101010101,-0.0113636363636364,"NO_LARGE_CONTEXT_SHIFT","GSE182158 2/2 plus GSE199071 >=3/4 donor support; CPM>=1 and expressing fraction>=0.10","DESCRIPTIVE_ONLY_NOT_CAUSAL_NOT_REQUIRED_FOR_ROBUSTNESS","results/03_phase3/baseline/baseline_ligand_expression_by_donor.csv|config/phase3_analysis.json"
"CALM2",2,4,6,2,4,1095.68194422352,1614.83904172739,0.999504410362118,0.968124511213031,0.988215488215488,0.993816982687551,0.489905373640635,"NO","ROBUST_BASELINE_SENDER",0.988215488215488,0.992003367003367,-0.00378787878787878,"NO_LARGE_CONTEXT_SHIFT","GSE182158 2/2 plus GSE199071 >=3/4 donor support; CPM>=1 and expressing fraction>=0.10","DESCRIPTIVE_ONLY_NOT_CAUSAL_NOT_REQUIRED_FOR_ROBUSTNESS","results/03_phase3/baseline/baseline_ligand_expression_by_donor.csv|config/phase3_analysis.json"
"CALM3",2,4,6,2,4,169.565818369747,192.423362326175,0.916707389702739,0.886016105456869,0.941919191919192,0.957543281121187,0.520280213875377,"NO","ROBUST_BASELINE_SENDER",0.941919191919192,0.959175084175084,-0.0172558922558922,"NO_LARGE_CONTEXT_SHIFT","GSE182158 2/2 plus GSE199071 >=3/4 donor support; CPM>=1 and expressing fraction>=0.10","DESCRIPTIVE_ONLY_NOT_CAUSAL_NOT_REQUIRED_FOR_ROBUSTNESS","results/03_phase3/baseline/baseline_ligand_expression_by_donor.csv|config/phase3_analysis.json"
"CALR",2,4,6,2,4,684.992110111478,887.556055830817,0.999070983849766,0.959662318285036,0.97979797979798,0.98598516075845,0.359240013394945,"NO","ROBUST_BASELINE_SENDER",0.97979797979798,0.973484848484848,0.00631313131313127,"NO_LARGE_CONTEXT_SHIFT","GSE182158 2/2 plus GSE199071 >=3/4 donor support; CPM>=1 and expressing fraction>=0.10","DESCRIPTIVE_ONLY_NOT_CAUSAL_NOT_REQUIRED_FOR_ROBUSTNESS","results/03_phase3/baseline/baseline_ligand_expression_by_donor.csv|config/phase3_analysis.json"
"CAMP",0,0,0,0,0,0.0561112051035002,0.0103181979539674,0.00140827597800956,0.000156103652825476,0.327441077441077,0.294723825226711,0.0579647453950302,"NO","NOT_RELIABLY_EXPRESSED",0.327441077441077,0.131734006734007,0.195707070707071,"NO_LARGE_CONTEXT_SHIFT","GSE182158 2/2 plus GSE199071 >=3/4 donor support; CPM>=1 and expressing fraction>=0.10","DESCRIPTIVE_ONLY_NOT_CAUSAL_NOT_REQUIRED_FOR_ROBUSTNESS","results/03_phase3/baseline/baseline_ligand_expression_by_donor.csv|config/phase3_analysis.json"
"CCK",0,0,0,1,0,0.898568354940008,0,0.0160439170402663,0,0.539772727272727,0.211871393239901,0.594257883737558,"NO","NOT_RELIABLY_EXPRESSED",0.539772727272727,0.419191919191919,0.120580808080808,"NO_LARGE_CONTEXT_SHIFT","GSE182158 2/2 plus GSE199071 >=3/4 donor support; CPM>=1 and expressing fraction>=0.10","DESCRIPTIVE_ONLY_NOT_CAUSAL_NOT_REQUIRED_FOR_ROBUSTNESS","results/03_phase3/baseline/baseline_ligand_expression_by_donor.csv|config/phase3_analysis.json"
"CCL1",0,0,0,0,0,0.00389069168627313,0,0.000101409593347531,0,0.13510101010101,0.199505358615004,0.00456532261990384,"NO","NOT_RELIABLY_EXPRESSED",0.13510101010101,0.0500841750841751,0.085016835016835,"NO_LARGE_CONTEXT_SHIFT","GSE182158 2/2 plus GSE199071 >=3/4 donor support; CPM>=1 and expressing fraction>=0.10","DESCRIPTIVE_ONLY_NOT_CAUSAL_NOT_REQUIRED_FOR_ROBUSTNESS","results/03_phase3/baseline/baseline_ligand_expression_by_donor.csv|config/phase3_analysis.json"
"CCL11",0,0,0,1,0,0.451088486381803,0,0.00813513488988303,0,0.614688552188552,0.211871393239901,0.285250995353279,"NO","NOT_RELIABLY_EXPRESSED",0.614688552188552,0.489057239057239,0.125631313131313,"NO_LARGE_CONTEXT_SHIFT","GSE182158 2/2 plus GSE199071 >=3/4 donor support; CPM>=1 and expressing fraction>=0.10","DESCRIPTIVE_ONLY_NOT_CAUSAL_NOT_REQUIRED_FOR_ROBUSTNESS","results/03_phase3/baseline/baseline_ligand_expression_by_donor.csv|config/phase3_analysis.json"
"CCL13",0,0,0,1,0,0.398618823350868,0,0.00886647795248777,0,0.59006734006734,0.211871393239901,0.290765970890065,"NO","NOT_RELIABLY_EXPRESSED",0.59006734006734,0.730218855218855,-0.140151515151515,"NO_LARGE_CONTEXT_SHIFT","GSE182158 2/2 plus GSE199071 >=3/4 donor support; CPM>=1 and expressing fraction>=0.10","DESCRIPTIVE_ONLY_NOT_CAUSAL_NOT_REQUIRED_FOR_ROBUSTNESS","results/03_phase3/baseline/baseline_ligand_expression_by_donor.csv|config/phase3_analysis.json"
"CCL14",0,0,0,0,0,0.00522838883448933,0,0.000129197732309558,0,0.181818181818182,0.199505358615004,0.00406972167935043,"NO","NOT_RELIABLY_EXPRESSED",0.181818181818182,0.134259259259259,0.0475589225589226,"NO_LARGE_CONTEXT_SHIFT","GSE182158 2/2 plus GSE199071 >=3/4 donor support; CPM>=1 and expressing fraction>=0.10","DESCRIPTIVE_ONLY_NOT_CAUSAL_NOT_REQUIRED_FOR_ROBUSTNESS","results/03_phase3/baseline/baseline_ligand_expression_by_donor.csv|config/phase3_analysis.json"
"CCL15",0,0,0,0,0,0.00194534584313656,0,5.07047966737653e-05,0,0.100589225589226,0.211871393239901,0.0117881988603906,"NO","NOT_RELIABLY_EXPRESSED",0.100589225589226,0.11952861952862,-0.0189393939393939,"NO_LARGE_CONTEXT_SHIFT","GSE182158 2/2 plus GSE199071 >=3/4 donor support; CPM>=1 and expressing fraction>=0.10","DESCRIPTIVE_ONLY_NOT_CAUSAL_NOT_REQUIRED_FOR_ROBUSTNESS","results/03_phase3/baseline/baseline_ligand_expression_by_donor.csv|config/phase3_analysis.json"
"CCL16",0,0,0,0,0,0.00522838883448933,0,0.000129197732309558,0,0.181818181818182,0.211871393239901,0.0114779774612304,"NO","NOT_RELIABLY_EXPRESSED",0.181818181818182,0.134259259259259,0.0475589225589226,"NO_LARGE_CONTEXT_SHIFT","GSE182158 2/2 plus GSE199071 >=3/4 donor support; CPM>=1 and expressing fraction>=0.10","DESCRIPTIVE_ONLY_NOT_CAUSAL_NOT_REQUIRED_FOR_ROBUSTNESS","results/03_phase3/baseline/baseline_ligand_expression_by_donor.csv|config/phase3_analysis.json"
"CCL17",0,0,0,0,0,0,0,0,0,0.0536616161616162,0.211871393239901,0.0222583546778277,"NO","NOT_RELIABLY_EXPRESSED",0.0536616161616162,0.0437710437710438,0.00989057239057239,"NO_LARGE_CONTEXT_SHIFT","GSE182158 2/2 plus GSE199071 >=3/4 donor support; CPM>=1 and expressing fraction>=0.10","DESCRIPTIVE_ONLY_NOT_CAUSAL_NOT_REQUIRED_FOR_ROBUSTNESS","results/03_phase3/baseline/baseline_ligand_expression_by_donor.csv|config/phase3_analysis.json"
"CCL18",0,0,0,0,0,0.00553221318194951,0,0.000140656061165427,0,0.180976430976431,0.211871393239901,0.011598320693326,"NO","NOT_RELIABLY_EXPRESSED",0.180976430976431,0.247053872053872,-0.0660774410774411,"NO_LARGE_CONTEXT_SHIFT","GSE182158 2/2 plus GSE199071 >=3/4 donor support; CPM>=1 and expressing fraction>=0.10","DESCRIPTIVE_ONLY_NOT_CAUSAL_NOT_REQUIRED_FOR_ROBUSTNESS","results/03_phase3/baseline/baseline_ligand_expression_by_donor.csv|config/phase3_analysis.json"
"CCL19",0,0,0,0,0,0.00522838883448933,0,0.000129197732309558,0,0.181818181818182,0.199505358615004,0.00406972167935043,"NO","NOT_RELIABLY_EXPRESSED",0.181818181818182,0.503787878787879,-0.321969696969697,"UC_LOWER_CONTEXT","GSE182158 2/2 plus GSE199071 >=3/4 donor support; CPM>=1 and expressing fraction>=0.10","DESCRIPTIVE_ONLY_NOT_CAUSAL_NOT_REQUIRED_FOR_ROBUSTNESS","results/03_phase3/baseline/baseline_ligand_expression_by_donor.csv|config/phase3_analysis.json"
"CCL2",2,4,6,2,4,279.670099739133,115.828465375557,0.791055423128742,0.424743534636328,0.957070707070707,0.936521022258862,1.13835980035799,"YES","ROBUST_BASELINE_SENDER",0.957070707070707,0.948232323232323,0.00883838383838387,"NO_LARGE_CONTEXT_SHIFT","GSE182158 2/2 plus GSE199071 >=3/4 donor support; CPM>=1 and expressing fraction>=0.10","DESCRIPTIVE_ONLY_NOT_CAUSAL_NOT_REQUIRED_FOR_ROBUSTNESS","results/03_phase3/baseline/baseline_ligand_expression_by_donor.csv|config/phase3_analysis.json"
"CCL20",0,0,0,2,4,0.984405897984499,2.54411955594606,0.0184879001798468,0.0338818050750122,0.651094276094276,0.712077493816983,0.577933708293358,"NO","MULTIDATASET_LOW_EXPRESSION",0.651094276094276,0.516414141414141,0.134680134680135,"NO_LARGE_CONTEXT_SHIFT","GSE182158 2/2 plus GSE199071 >=3/4 donor support; CPM>=1 and expressing fraction>=0.10","DESCRIPTIVE_ONLY_NOT_CAUSAL_NOT_REQUIRED_FOR_ROBUSTNESS","results/03_phase3/baseline/baseline_ligand_expression_by_donor.csv|config/phase3_analysis.json"
"CCL21",0,0,0,0,0,0.00194534584313656,0,5.07047966737653e-05,0,0.100589225589226,0.211871393239901,0.0219158028033892,"NO","NOT_RELIABLY_EXPRESSED",0.100589225589226,0.131734006734007,-0.0311447811447811,"NO_LARGE_CONTEXT_SHIFT","GSE182158 2/2 plus GSE199071 >=3/4 donor support; CPM>=1 and expressing fraction>=0.10","DESCRIPTIVE_ONLY_NOT_CAUSAL_NOT_REQUIRED_FOR_ROBUSTNESS","results/03_phase3/baseline/baseline_ligand_expression_by_donor.csv|config/phase3_analysis.json"
"CCL22",0,0,0,0,0,0.0460216267096479,0,0.00114644978067986,0,0.445286195286195,0.211871393239901,0.0339839926998301,"NO","NOT_RELIABLY_EXPRESSED",0.445286195286195,0.402777777777778,0.0425084175084175,"NO_LARGE_CONTEXT_SHIFT","GSE182158 2/2 plus GSE199071 >=3/4 donor support; CPM>=1 and expressing fraction>=0.10","DESCRIPTIVE_ONLY_NOT_CAUSAL_NOT_REQUIRED_FOR_ROBUSTNESS","results/03_phase3/baseline/baseline_ligand_expression_by_donor.csv|config/phase3_analysis.json"
"CCL23",0,0,0,0,0,0.00522838883448933,0,0.000129197732309558,0,0.181818181818182,0.211871393239901,0.0213849277317661,"NO","NOT_RELIABLY_EXPRESSED",0.181818181818182,0.0500841750841751,0.131734006734007,"NO_LARGE_CONTEXT_SHIFT","GSE182158 2/2 plus GSE199071 >=3/4 donor support; CPM>=1 and expressing fraction>=0.10","DESCRIPTIVE_ONLY_NOT_CAUSAL_NOT_REQUIRED_FOR_ROBUSTNESS","results/03_phase3/baseline/baseline_ligand_expression_by_donor.csv|config/phase3_analysis.json"
"CCL24",0,0,0,0,0,0,0,0,0,0.0536616161616162,0.199505358615004,0,"NO","NOT_RELIABLY_EXPRESSED",0.0536616161616162,0.0500841750841751,0.00357744107744108,"NO_LARGE_CONTEXT_SHIFT","GSE182158 2/2 plus GSE199071 >=3/4 donor support; CPM>=1 and expressing fraction>=0.10","DESCRIPTIVE_ONLY_NOT_CAUSAL_NOT_REQUIRED_FOR_ROBUSTNESS","results/03_phase3/baseline/baseline_ligand_expression_by_donor.csv|config/phase3_analysis.json"
"CCL25",0,0,0,0,0,0.0137398206603314,0,0.000336888400254909,0,0.288510101010101,0.199505358615004,0.019518316092842,"NO","NOT_RELIABLY_EXPRESSED",0.288510101010101,0.301346801346801,-0.0128367003367004,"NO_LARGE_CONTEXT_SHIFT","GSE182158 2/2 plus GSE199071 >=3/4 donor support; CPM>=1 and expressing fraction>=0.10","DESCRIPTIVE_ONLY_NOT_CAUSAL_NOT_REQUIRED_FOR_ROBUSTNESS","results/03_phase3/baseline/baseline_ligand_expression_by_donor.csv|config/phase3_analysis.json"
"CCL26",1,0,1,2,3,3.72825193923559,3.69503248983883,0.0813035892787294,0.0500238172273534,0.731481481481482,0.727947238252267,0.801611751920879,"NO","MULTIDATASET_LOW_EXPRESSION",0.731481481481482,0.723484848484849,0.007996632996633,"NO_LARGE_CONTEXT_SHIFT","GSE182158 2/2 plus GSE199071 >=3/4 donor support; CPM>=1 and expressing fraction>=0.10","DESCRIPTIVE_ONLY_NOT_CAUSAL_NOT_REQUIRED_FOR_ROBUSTNESS","results/03_phase3/baseline/baseline_ligand_expression_by_donor.csv|config/phase3_analysis.json"
"CCL27",0,0,0,0,0,0.30111978196816,0.168286799269996,0.00737401370414539,0.00254641130146341,0.58733164983165,0.546784830997527,0.158714726873077,"NO","NOT_RELIABLY_EXPRESSED",0.58733164983165,0.566498316498317,0.0208333333333334,"NO_LARGE_CONTEXT_SHIFT","GSE182158 2/2 plus GSE199071 >=3/4 donor support; CPM>=1 and expressing fraction>=0.10","DESCRIPTIVE_ONLY_NOT_CAUSAL_NOT_REQUIRED_FOR_ROBUSTNESS","results/03_phase3/baseline/baseline_ligand_expression_by_donor.csv|config/phase3_analysis.json"
"CCL28",0,0,0,0,0,0.199522523728352,0.0373072258365289,0.00472844516805576,0.000564477739556099,0.535563973063973,0.449299258037923,0.146255925606047,"NO","NOT_RELIABLY_EXPRESSED",0.535563973063973,0.670454545454545,-0.134890572390572,"NO_LARGE_CONTEXT_SHIFT","GSE182158 2/2 plus GSE199071 >=3/4 donor support; CPM>=1 and expressing fraction>=0.10","DESCRIPTIVE_ONLY_NOT_CAUSAL_NOT_REQUIRED_FOR_ROBUSTNESS","results/03_phase3/baseline/baseline_ligand_expression_by_donor.csv|config/phase3_analysis.json"
"CCL3",0,0,0,0,0,0.00164152149567638,0,3.92464678178964e-05,0,0.099537037037037,0.199505358615004,0.00193047220564663,"NO","NOT_RELIABLY_EXPRESSED",0.099537037037037,0.49537037037037,-0.395833333333333,"UC_LOWER_CONTEXT","GSE182158 2/2 plus GSE199071 >=3/4 donor support; CPM>=1 and expressing fraction>=0.10","DESCRIPTIVE_ONLY_NOT_CAUSAL_NOT_REQUIRED_FOR_ROBUSTNESS","results/03_phase3/baseline/baseline_ligand_expression_by_donor.csv|config/phase3_analysis.json"
"CCL3L1",0,0,0,0,0,,0,,0,,0.199505358615004,0,"NO","NOT_RELIABLY_EXPRESSED",,,,"NO_LARGE_CONTEXT_SHIFT","GSE182158 2/2 plus GSE199071 >=3/4 donor support; CPM>=1 and expressing fraction>=0.10","DESCRIPTIVE_ONLY_NOT_CAUSAL_NOT_REQUIRED_FOR_ROBUSTNESS","results/03_phase3/baseline/baseline_ligand_expression_by_donor.csv|config/phase3_analysis.json"
"CCL3L3",0,0,0,1,0,0.355390640599071,,0.00915465154023979,,0.426557239057239,,0.537164714288486,"YES","NOT_RELIABLY_EXPRESSED",0.426557239057239,0.507575757575758,-0.0810185185185185,"NO_LARGE_CONTEXT_SHIFT","GSE182158 2/2 plus GSE199071 >=3/4 donor support; CPM>=1 and expressing fraction>=0.10","DESCRIPTIVE_ONLY_NOT_CAUSAL_NOT_REQUIRED_FOR_ROBUSTNESS","results/03_phase3/baseline/baseline_ligand_expression_by_donor.csv|config/phase3_analysis.json"
"CCL4",0,0,0,0,0,0.00194534584313656,0,5.07047966737653e-05,0,0.100589225589226,0.199505358615004,0.00228708467680247,"NO","NOT_RELIABLY_EXPRESSED",0.100589225589226,0.134259259259259,-0.0336700336700337,"NO_LARGE_CONTEXT_SHIFT","GSE182158 2/2 plus GSE199071 >=3/4 donor support; CPM>=1 and expressing fraction>=0.10","DESCRIPTIVE_ONLY_NOT_CAUSAL_NOT_REQUIRED_FOR_ROBUSTNESS","results/03_phase3/baseline/baseline_ligand_expression_by_donor.csv|config/phase3_analysis.json"
"CCL4L1",0,0,0,0,0,,,,,,,,"NO","NOT_RELIABLY_EXPRESSED",,,,"NO_LARGE_CONTEXT_SHIFT","GSE182158 2/2 plus GSE199071 >=3/4 donor support; CPM>=1 and expressing fraction>=0.10","DESCRIPTIVE_ONLY_NOT_CAUSAL_NOT_REQUIRED_FOR_ROBUSTNESS","results/03_phase3/baseline/baseline_ligand_expression_by_donor.csv|config/phase3_analysis.json"
"CCL4L2",0,0,0,0,0,0.0260195444140712,0,0.000664033838009239,0,0.361742424242424,0.199505358615004,0.0222560788106452,"NO","NOT_RELIABLY_EXPRESSED",0.361742424242424,0.494949494949495,-0.133207070707071,"NO_LARGE_CONTEXT_SHIFT","GSE182158 2/2 plus GSE199071 >=3/4 donor support; CPM>=1 and expressing fraction>=0.10","DESCRIPTIVE_ONLY_NOT_CAUSAL_NOT_REQUIRED_FOR_ROBUSTNESS","results/03_phase3/baseline/baseline_ligand_expression_by_donor.csv|config/phase3_analysis.json"
"CCL5",0,0,0,0,0,0.0970268427370342,0.298930626861576,0.00195113967985453,0.0028153701109723,0.503156565656566,0.583264633140973,0.213360952616234,"NO","NOT_RELIABLY_EXPRESSED",0.503156565656566,0.636363636363636,-0.133207070707071,"NO_LARGE_CONTEXT_SHIFT","GSE182158 2/2 plus GSE199071 >=3/4 donor support; CPM>=1 and expressing fraction>=0.10","DESCRIPTIVE_ONLY_NOT_CAUSAL_NOT_REQUIRED_FOR_ROBUSTNESS","results/03_phase3/baseline/baseline_ligand_expression_by_donor.csv|config/phase3_analysis.json"
"CCL7",2,0,2,2,4,10.5156002632414,5.86148467407645,0.157783918603598,0.0559513602682303,0.808501683501684,0.753915910964551,0.688409583368176,"NO","MULTIDATASET_LOW_EXPRESSION",0.808501683501684,0.681397306397306,0.127104377104377,"NO_LARGE_CONTEXT_SHIFT","GSE182158 2/2 plus GSE199071 >=3/4 donor support; CPM>=1 and expressing fraction>=0.10","DESCRIPTIVE_ONLY_NOT_CAUSAL_NOT_REQUIRED_FOR_ROBUSTNESS","results/03_phase3/baseline/baseline_ligand_expression_by_donor.csv|config/phase3_analysis.json"
"CCL8",1,0,1,2,0,30.3314378922413,0,0.22427479006861,0,0.831228956228956,0.199505358615004,2.4029958117754,"YES","NOT_RELIABLY_EXPRESSED",0.831228956228956,0.619949494949495,0.211279461279461,"NO_LARGE_CONTEXT_SHIFT","GSE182158 2/2 plus GSE199071 >=3/4 donor support; CPM>=1 and expressing fraction>=0.10","DESCRIPTIVE_ONLY_NOT_CAUSAL_NOT_REQUIRED_FOR_ROBUSTNESS","results/03_phase3/baseline/baseline_ligand_expression_by_donor.csv|config/phase3_analysis.json"
"CCN1",0,4,4,0,4,,659.147438063706,,0.913404704398828,,0.980626545754328,0.113175421931503,"NO","DATASET_SPECIFIC",,,,"NO_LARGE_CONTEXT_SHIFT","GSE182158 2/2 plus GSE199071 >=3/4 donor support; CPM>=1 and expressing fraction>=0.10","DESCRIPTIVE_ONLY_NOT_CAUSAL_NOT_REQUIRED_FOR_ROBUSTNESS","results/03_phase3/baseline/baseline_ligand_expression_by_donor.csv|config/phase3_analysis.json"
"CCN2",0,4,4,0,4,,367.394808130494,,0.793612979021219,,0.973619126133553,0.433546485880204,"NO","DATASET_SPECIFIC",,,,"NO_LARGE_CONTEXT_SHIFT","GSE182158 2/2 plus GSE199071 >=3/4 donor support; CPM>=1 and expressing fraction>=0.10","DESCRIPTIVE_ONLY_NOT_CAUSAL_NOT_REQUIRED_FOR_ROBUSTNESS","results/03_phase3/baseline/baseline_ligand_expression_by_donor.csv|config/phase3_analysis.json"
"CCN3",0,0,0,0,4,,5.51109441887846,,0.0637010018042495,,0.752473206924979,0.539941190982762,"NO","NOT_RELIABLY_EXPRESSED",,,,"NO_LARGE_CONTEXT_SHIFT","GSE182158 2/2 plus GSE199071 >=3/4 donor support; CPM>=1 and expressing fraction>=0.10","DESCRIPTIVE_ONLY_NOT_CAUSAL_NOT_REQUIRED_FOR_ROBUSTNESS","results/03_phase3/baseline/baseline_ligand_expression_by_donor.csv|config/phase3_analysis.json"
"CCN4",0,0,0,0,0,,0.0192573406575419,,0.000379650721336371,,0.323371805441055,0.116665637930446,"YES","NOT_RELIABLY_EXPRESSED",,,,"NO_LARGE_CONTEXT_SHIFT","GSE182158 2/2 plus GSE199071 >=3/4 donor support; CPM>=1 and expressing fraction>=0.10","DESCRIPTIVE_ONLY_NOT_CAUSAL_NOT_REQUIRED_FOR_ROBUSTNESS","results/03_phase3/baseline/baseline_ligand_expression_by_donor.csv|config/phase3_analysis.json"
"CCN6",0,0,0,0,0,,0,,0,,0.199505358615004,0,"NO","NOT_RELIABLY_EXPRESSED",,,,"NO_LARGE_CONTEXT_SHIFT","GSE182158 2/2 plus GSE199071 >=3/4 donor support; CPM>=1 and expressing fraction>=0.10","DESCRIPTIVE_ONLY_NOT_CAUSAL_NOT_REQUIRED_FOR_ROBUSTNESS","results/03_phase3/baseline/baseline_ligand_expression_by_donor.csv|config/phase3_analysis.json"
"CD14",1,0,1,2,0,9.91357189213333,0.319446782143924,0.158278966965785,0.00583103882932639,0.748316498316498,0.588829348722176,1.57509039742684,"YES","NOT_RELIABLY_EXPRESSED",0.748316498316498,0.672558922558923,0.0757575757575757,"NO_LARGE_CONTEXT_SHIFT","GSE182158 2/2 plus GSE199071 >=3/4 donor support; CPM>=1 and expressing fraction>=0.10","DESCRIPTIVE_ONLY_NOT_CAUSAL_NOT_REQUIRED_FOR_ROBUSTNESS","results/03_phase3/baseline/baseline_ligand_expression_by_donor.csv|config/phase3_analysis.json"
"CD160",0,0,0,0,0,0.0541068344296544,0.30607358406906,0.0013214808284129,0.00554710305300597,0.458122895622896,0.578936521022259,0.205737810295601,"NO","NOT_RELIABLY_EXPRESSED",0.458122895622896,0.434343434343434,0.0237794612794613,"NO_LARGE_CONTEXT_SHIFT","GSE182158 2/2 plus GSE199071 >=3/4 donor support; CPM>=1 and expressing fraction>=0.10","DESCRIPTIVE_ONLY_NOT_CAUSAL_NOT_REQUIRED_FOR_ROBUSTNESS","results/03_phase3/baseline/baseline_ligand_expression_by_donor.csv|config/phase3_analysis.json"
"CD1B",0,0,0,0,0,0.00553221318194951,0,0.000140656061165427,0,0.180976430976431,0.199505358615004,0.00458733061698916,"NO","NOT_RELIABLY_EXPRESSED",0.180976430976431,0.138047138047138,0.0429292929292929,"NO_LARGE_CONTEXT_SHIFT","GSE182158 2/2 plus GSE199071 >=3/4 donor support; CPM>=1 and expressing fraction>=0.10","DESCRIPTIVE_ONLY_NOT_CAUSAL_NOT_REQUIRED_FOR_ROBUSTNESS","results/03_phase3/baseline/baseline_ligand_expression_by_donor.csv|config/phase3_analysis.json"
"CD1D",1,0,1,2,0,4.17806047381677,0,0.0929099848968161,0,0.736742424242424,0.211871393239901,1.21548554835911,"NO","NOT_RELIABLY_EXPRESSED",0.736742424242424,0.467171717171717,0.269570707070707,"UC_HIGHER_CONTEXT","GSE182158 2/2 plus GSE199071 >=3/4 donor support; CPM>=1 and expressing fraction>=0.10","DESCRIPTIVE_ONLY_NOT_CAUSAL_NOT_REQUIRED_FOR_ROBUSTNESS","results/03_phase3/baseline/baseline_ligand_expression_by_donor.csv|config/phase3_analysis.json"
"CD2",0,0,0,0,0,0,0,0,0,0.0536616161616162,0.211871393239901,0.0238205015648106,"NO","NOT_RELIABLY_EXPRESSED",0.0536616161616162,0.117845117845118,-0.0641835016835017,"NO_LARGE_CONTEXT_SHIFT","GSE182158 2/2 plus GSE199071 >=3/4 donor support; CPM>=1 and expressing fraction>=0.10","DESCRIPTIVE_ONLY_NOT_CAUSAL_NOT_REQUIRED_FOR_ROBUSTNESS","results/03_phase3/baseline/baseline_ligand_expression_by_donor.csv|config/phase3_analysis.json"
"CD200",1,3,4,2,4,6.75851426758864,13.2077852831959,0.142883016631333,0.164611917278284,0.77483164983165,0.805441055234955,1.05442405089012,"YES","MULTIDATASET_LOW_EXPRESSION",0.77483164983165,0.703282828282828,0.0715488215488216,"NO_LARGE_CONTEXT_SHIFT","GSE182158 2/2 plus GSE199071 >=3/4 donor support; CPM>=1 and expressing fraction>=0.10","DESCRIPTIVE_ONLY_NOT_CAUSAL_NOT_REQUIRED_FOR_ROBUSTNESS","results/03_phase3/baseline/baseline_ligand_expression_by_donor.csv|config/phase3_analysis.json"
"CD209",0,0,0,0,0,0.00553221318194951,0,0.000140656061165427,0,0.180976430976431,0.199505358615004,0.00458733061698916,"NO","NOT_RELIABLY_EXPRESSED",0.180976430976431,0.178030303030303,0.00294612794612792,"NO_LARGE_CONTEXT_SHIFT","GSE182158 2/2 plus GSE199071 >=3/4 donor support; CPM>=1 and expressing fraction>=0.10","DESCRIPTIVE_ONLY_NOT_CAUSAL_NOT_REQUIRED_FOR_ROBUSTNESS","results/03_phase3/baseline/baseline_ligand_expression_by_donor.csv|config/phase3_analysis.json"
"CD22",0,0,0,0,0,0.0237703742234744,0.0206363959079348,0.000601870712479605,0.000312207305650952,0.362584175084175,0.319043693322341,0.036270839652625,"YES","NOT_RELIABLY_EXPRESSED",0.362584175084175,0.422979797979798,-0.0603956228956229,"NO_LARGE_CONTEXT_SHIFT","GSE182158 2/2 plus GSE199071 >=3/4 donor support; CPM>=1 and expressing fraction>=0.10","DESCRIPTIVE_ONLY_NOT_CAUSAL_NOT_REQUIRED_FOR_ROBUSTNESS","results/03_phase3/baseline/baseline_ligand_expression_by_donor.csv|config/phase3_analysis.json"
"CD226",0,0,0,0,0,0.301963529985917,0.309269216075578,0.00734505943445924,0.00556240025069973,0.588594276094276,0.597485572959604,0.157349277944597,"NO","NOT_RELIABLY_EXPRESSED",0.588594276094276,0.527356902356902,0.0612373737373738,"NO_LARGE_CONTEXT_SHIFT","GSE182158 2/2 plus GSE199071 >=3/4 donor support; CPM>=1 and expressing fraction>=0.10","DESCRIPTIVE_ONLY_NOT_CAUSAL_NOT_REQUIRED_FOR_ROBUSTNESS","results/03_phase3/baseline/baseline_ligand_expression_by_donor.csv|config/phase3_analysis.json"
"CD24",0,0,0,0,0,0.10359292871974,0.442635855504332,0.00241235433116871,0.0075805637219409,0.513468013468014,0.618507831821929,0.27596986025032,"NO","NOT_RELIABLY_EXPRESSED",0.513468013468014,0.437289562289562,0.0761784511784512,"NO_LARGE_CONTEXT_SHIFT","GSE182158 2/2 plus GSE199071 >=3/4 donor support; CPM>=1 and expressing fraction>=0.10","DESCRIPTIVE_ONLY_NOT_CAUSAL_NOT_REQUIRED_FOR_ROBUSTNESS","results/03_phase3/baseline/baseline_ligand_expression_by_donor.csv|config/phase3_analysis.json"
"CD244",0,0,0,0,0,0.00492456448702914,0,0.000117739403453689,0,0.160563973063973,0.199505358615004,0.0057725373615381,"NO","NOT_RELIABLY_EXPRESSED",0.160563973063973,0.178030303030303,-0.01746632996633,"NO_LARGE_CONTEXT_SHIFT","GSE182158 2/2 plus GSE199071 >=3/4 donor support; CPM>=1 and expressing fraction>=0.10","DESCRIPTIVE_ONLY_NOT_CAUSAL_NOT_REQUIRED_FOR_ROBUSTNESS","results/03_phase3/baseline/baseline_ligand_expression_by_donor.csv|config/phase3_analysis.json"
"CD274",0,1,1,0,4,0.265799732444241,5.25621367950465,0.00639916423848798,0.0790442615414613,0.570496632996633,0.751442704039571,1.40080095339916,"NO","NOT_RELIABLY_EXPRESSED",0.570496632996633,0.582491582491583,-0.0119949494949495,"NO_LARGE_CONTEXT_SHIFT","GSE182158 2/2 plus GSE199071 >=3/4 donor support; CPM>=1 and expressing fraction>=0.10","DESCRIPTIVE_ONLY_NOT_CAUSAL_NOT_REQUIRED_FOR_ROBUSTNESS","results/03_phase3/baseline/baseline_ligand_expression_by_donor.csv|config/phase3_analysis.json"
"CD28",0,0,0,0,0,0.0134359963128712,0,0.000286183603581144,0,0.266835016835017,0.199505358615004,0.0131176898816131,"NO","NOT_RELIABLY_EXPRESSED",0.266835016835017,0.181818181818182,0.085016835016835,"NO_LARGE_CONTEXT_SHIFT","GSE182158 2/2 plus GSE199071 >=3/4 donor support; CPM>=1 and expressing fraction>=0.10","DESCRIPTIVE_ONLY_NOT_CAUSAL_NOT_REQUIRED_FOR_ROBUSTNESS","results/03_phase3/baseline/baseline_ligand_expression_by_donor.csv|config/phase3_analysis.json"
"CD300A",0,0,0,0,0,0,0,0,0,0.0536616161616162,0.211871393239901,0.0222583546778277,"NO","NOT_RELIABLY_EXPRESSED",0.0536616161616162,0.311868686868687,-0.258207070707071,"UC_LOWER_CONTEXT","GSE182158 2/2 plus GSE199071 >=3/4 donor support; CPM>=1 and expressing fraction>=0.10","DESCRIPTIVE_ONLY_NOT_CAUSAL_NOT_REQUIRED_FOR_ROBUSTNESS","results/03_phase3/baseline/baseline_ligand_expression_by_donor.csv|config/phase3_analysis.json"
"CD300C",0,0,0,0,0,0.00194534584313656,0,5.07047966737653e-05,0,0.100589225589226,0.204451772464963,0.0233348910579916,"NO","NOT_RELIABLY_EXPRESSED",0.100589225589226,0.331228956228956,-0.230639730639731,"NO_LARGE_CONTEXT_SHIFT","GSE182158 2/2 plus GSE199071 >=3/4 donor support; CPM>=1 and expressing fraction>=0.10","DESCRIPTIVE_ONLY_NOT_CAUSAL_NOT_REQUIRED_FOR_ROBUSTNESS","results/03_phase3/baseline/baseline_ligand_expression_by_donor.csv|config/phase3_analysis.json"
"CD300LF",0,0,0,0,0,0.00358686733881295,0,8.99512644916617e-05,0,0.146464646464646,0.199505358615004,0.00268168191540828,"NO","NOT_RELIABLY_EXPRESSED",0.146464646464646,0.195286195286195,-0.0488215488215488,"NO_LARGE_CONTEXT_SHIFT","GSE182158 2/2 plus GSE199071 >=3/4 donor support; CPM>=1 and expressing fraction>=0.10","DESCRIPTIVE_ONLY_NOT_CAUSAL_NOT_REQUIRED_FOR_ROBUSTNESS","results/03_phase3/baseline/baseline_ligand_expression_by_donor.csv|config/phase3_analysis.json"
"CD320",2,4,6,2,4,62.3270623896277,115.554920854807,0.652277218486093,0.774076348632758,0.902777777777778,0.93363561417972,0.774463045155231,"YES","ROBUST_BASELINE_SENDER",0.902777777777778,0.898569023569024,0.00420875420875411,"NO_LARGE_CONTEXT_SHIFT","GSE182158 2/2 plus GSE199071 >=3/4 donor support; CPM>=1 and expressing fraction>=0.10","DESCRIPTIVE_ONLY_NOT_CAUSAL_NOT_REQUIRED_FOR_ROBUSTNESS","results/03_phase3/baseline/baseline_ligand_expression_by_donor.csv|config/phase3_analysis.json"
"CD34",0,0,0,0,0,0.0634707144671678,0.091113681829814,0.00155524426896499,0.0016434930318194,0.461910774410774,0.521228359439407,0.0994698296467782,"NO","NOT_RELIABLY_EXPRESSED",0.461910774410774,0.522727272727273,-0.0608164983164983,"NO_LARGE_CONTEXT_SHIFT","GSE182158 2/2 plus GSE199071 >=3/4 donor support; CPM>=1 and expressing fraction>=0.10","DESCRIPTIVE_ONLY_NOT_CAUSAL_NOT_REQUIRED_FOR_ROBUSTNESS","results/03_phase3/baseline/baseline_ligand_expression_by_donor.csv|config/phase3_analysis.json"
"CD38",0,0,0,0,0,0.143293268963433,0,0.00349005413871336,0,0.541035353535354,0.211871393239901,0.0970021505365741,"NO","NOT_RELIABLY_EXPRESSED",0.541035353535354,0.439393939393939,0.101641414141414,"NO_LARGE_CONTEXT_SHIFT","GSE182158 2/2 plus GSE199071 >=3/4 donor support; CPM>=1 and expressing fraction>=0.10","DESCRIPTIVE_ONLY_NOT_CAUSAL_NOT_REQUIRED_FOR_ROBUSTNESS","results/03_phase3/baseline/baseline_ligand_expression_by_donor.csv|config/phase3_analysis.json"
"CD40",2,0,2,2,4,12.6157294287676,2.9190886126838,0.245811899213829,0.046982695370774,0.823232323232323,0.715787304204452,1.08777770341478,"NO","MULTIDATASET_LOW_EXPRESSION",0.823232323232323,0.807659932659933,0.0155723905723907,"NO_LARGE_CONTEXT_SHIFT","GSE182158 2/2 plus GSE199071 >=3/4 donor support; CPM>=1 and expressing fraction>=0.10","DESCRIPTIVE_ONLY_NOT_CAUSAL_NOT_REQUIRED_FOR_ROBUSTNESS","results/03_phase3/baseline/baseline_ligand_expression_by_donor.csv|config/phase3_analysis.json"
"CD40LG",0,0,0,0,0,0.03678014643051,0,0.000933887631484224,0,0.413510101010101,0.199505358615004,0.0294629714114062,"NO","NOT_RELIABLY_EXPRESSED",0.413510101010101,0.405723905723906,0.00778619528619529,"NO_LARGE_CONTEXT_SHIFT","GSE182158 2/2 plus GSE199071 >=3/4 donor support; CPM>=1 and expressing fraction>=0.10","DESCRIPTIVE_ONLY_NOT_CAUSAL_NOT_REQUIRED_FOR_ROBUSTNESS","results/03_phase3/baseline/baseline_ligand_expression_by_donor.csv|config/phase3_analysis.json"
"CD44",2,4,6,2,4,94.6197837679244,395.102342256075,0.796025245416788,0.939133917495249,0.9246632996633,0.972382522671064,1.10509912923794,"NO","ROBUST_BASELINE_SENDER",0.9246632996633,0.956649831649832,-0.0319865319865319,"NO_LARGE_CONTEXT_SHIFT","GSE182158 2/2 plus GSE199071 >=3/4 donor support; CPM>=1 and expressing fraction>=0.10","DESCRIPTIVE_ONLY_NOT_CAUSAL_NOT_REQUIRED_FOR_ROBUSTNESS","results/03_phase3/baseline/baseline_ligand_expression_by_donor.csv|config/phase3_analysis.json"
"CD47",2,4,6,2,4,41.4788495865841,86.181314227995,0.611381654765765,0.683536169673749,0.89520202020202,0.91962077493817,0.584878731593976,"NO","ROBUST_BASELINE_SENDER",0.89520202020202,0.907828282828283,-0.0126262626262628,"NO_LARGE_CONTEXT_SHIFT","GSE182158 2/2 plus GSE199071 >=3/4 donor support; CPM>=1 and expressing fraction>=0.10","DESCRIPTIVE_ONLY_NOT_CAUSAL_NOT_REQUIRED_FOR_ROBUSTNESS","results/03_phase3/baseline/baseline_ligand_expression_by_donor.csv|config/phase3_analysis.json"
"CD48",0,0,0,0,0,0.00164152149567638,0,3.92464678178964e-05,0,0.099537037037037,0.199505358615004,0.00193047220564663,"NO","NOT_RELIABLY_EXPRESSED",0.099537037037037,0.131734006734007,-0.0321969696969697,"NO_LARGE_CONTEXT_SHIFT","GSE182158 2/2 plus GSE199071 >=3/4 donor support; CPM>=1 and expressing fraction>=0.10","DESCRIPTIVE_ONLY_NOT_CAUSAL_NOT_REQUIRED_FOR_ROBUSTNESS","results/03_phase3/baseline/baseline_ligand_expression_by_donor.csv|config/phase3_analysis.json"
"CD52",0,0,0,0,0,0.028817338468879,0.0746144516730579,0.000701564939471846,0.0011289554791122,0.358796296296296,0.499793899422918,0.0699770227142426,"NO","NOT_RELIABLY_EXPRESSED",0.358796296296296,0.391414141414141,-0.0326178451178452,"NO_LARGE_CONTEXT_SHIFT","GSE182158 2/2 plus GSE199071 >=3/4 donor support; CPM>=1 and expressing fraction>=0.10","DESCRIPTIVE_ONLY_NOT_CAUSAL_NOT_REQUIRED_FOR_ROBUSTNESS","results/03_phase3/baseline/baseline_ligand_expression_by_donor.csv|config/phase3_analysis.json"
"CD55",2,4,6,2,4,28.041662200378,39.5427768653021,0.452073718724812,0.421996487427752,0.866161616161616,0.882110469909316,0.436313289946583,"NO","ROBUST_BASELINE_SENDER",0.866161616161616,0.83459595959596,0.0315656565656566,"NO_LARGE_CONTEXT_SHIFT","GSE182158 2/2 plus GSE199071 >=3/4 donor support; CPM>=1 and expressing fraction>=0.10","DESCRIPTIVE_ONLY_NOT_CAUSAL_NOT_REQUIRED_FOR_ROBUSTNESS","results/03_phase3/baseline/baseline_ligand_expression_by_donor.csv|config/phase3_analysis.json"
"CD58",2,4,6,2,4,10.6336314163089,27.8137532361771,0.220171804885395,0.355909817411713,0.809343434343434,0.855111294311624,0.712003314694394,"NO","ROBUST_BASELINE_SENDER",0.809343434343434,0.766414141414141,0.0429292929292928,"NO_LARGE_CONTEXT_SHIFT","GSE182158 2/2 plus GSE199071 >=3/4 donor support; CPM>=1 and expressing fraction>=0.10","DESCRIPTIVE_ONLY_NOT_CAUSAL_NOT_REQUIRED_FOR_ROBUSTNESS","results/03_phase3/baseline/baseline_ligand_expression_by_donor.csv|config/phase3_analysis.json"
"CD59",2,4,6,2,4,240.456327279198,657.879863115589,0.963032430214837,0.957253320076968,0.951178451178451,0.979389942291838,0.946020494226652,"NO","ROBUST_BASELINE_SENDER",0.951178451178451,0.983585858585858,-0.0324074074074074,"NO_LARGE_CONTEXT_SHIFT","GSE182158 2/2 plus GSE199071 >=3/4 donor support; CPM>=1 and expressing fraction>=0.10","DESCRIPTIVE_ONLY_NOT_CAUSAL_NOT_REQUIRED_FOR_ROBUSTNESS","results/03_phase3/baseline/baseline_ligand_expression_by_donor.csv|config/phase3_analysis.json"
"CD5L",0,0,0,0,0,0.00328304299135276,0,7.84929356357928e-05,0,0.134890572390572,0.199505358615004,0.00385463763488309,"NO","NOT_RELIABLY_EXPRESSED",0.134890572390572,0.131734006734007,0.00315656565656566,"NO_LARGE_CONTEXT_SHIFT","GSE182158 2/2 plus GSE199071 >=3/4 donor support; CPM>=1 and expressing fraction>=0.10","DESCRIPTIVE_ONLY_NOT_CAUSAL_NOT_REQUIRED_FOR_ROBUSTNESS","results/03_phase3/baseline/baseline_ligand_expression_by_donor.csv|config/phase3_analysis.json"
"CD6",0,0,0,0,0,0.00686991033016571,0,0.000168444200127455,0,0.207491582491583,0.199505358615004,0.00576819132925395,"NO","NOT_RELIABLY_EXPRESSED",0.207491582491583,0.284090909090909,-0.0765993265993266,"NO_LARGE_CONTEXT_SHIFT","GSE182158 2/2 plus GSE199071 >=3/4 donor support; CPM>=1 and expressing fraction>=0.10","DESCRIPTIVE_ONLY_NOT_CAUSAL_NOT_REQUIRED_FOR_ROBUSTNESS","results/03_phase3/baseline/baseline_ligand_expression_by_donor.csv|config/phase3_analysis.json"
"CD7",2,0,2,2,1,63.6269646240071,0.42371092731388,0.356965808251175,0.00640404271716602,0.862794612794613,0.599958779884584,2.64436616046163,"YES","MULTIDATASET_LOW_EXPRESSION",0.862794612794613,0.580387205387205,0.282407407407407,"UC_HIGHER_CONTEXT","GSE182158 2/2 plus GSE199071 >=3/4 donor support; CPM>=1 and expressing fraction>=0.10","DESCRIPTIVE_ONLY_NOT_CAUSAL_NOT_REQUIRED_FOR_ROBUSTNESS","results/03_phase3/baseline/baseline_ligand_expression_by_donor.csv|config/phase3_analysis.json"
"CD70",0,0,0,0,0,0.00328304299135276,0.0770293626301676,7.84929356357928e-05,0.000468310958476428,0.134890572390572,0.376133553173949,0.109220730403252,"YES","NOT_RELIABLY_EXPRESSED",0.134890572390572,0.355639730639731,-0.220749158249158,"NO_LARGE_CONTEXT_SHIFT","GSE182158 2/2 plus GSE199071 >=3/4 donor support; CPM>=1 and expressing fraction>=0.10","DESCRIPTIVE_ONLY_NOT_CAUSAL_NOT_REQUIRED_FOR_ROBUSTNESS","results/03_phase3/baseline/baseline_ligand_expression_by_donor.csv|config/phase3_analysis.json"
"CD72",0,0,0,2,0,1.04150747491919,0.109363011742463,0.0258173859981848,0.00191947042813649,0.656565656565657,0.521228359439407,0.498610303242908,"NO","NOT_RELIABLY_EXPRESSED",0.656565656565657,0.592592592592593,0.063973063973064,"NO_LARGE_CONTEXT_SHIFT","GSE182158 2/2 plus GSE199071 >=3/4 donor support; CPM>=1 and expressing fraction>=0.10","DESCRIPTIVE_ONLY_NOT_CAUSAL_NOT_REQUIRED_FOR_ROBUSTNESS","results/03_phase3/baseline/baseline_ligand_expression_by_donor.csv|config/phase3_analysis.json"
"CD79B",0,0,0,0,0,0.185002329977929,0.0269890278825616,0.00414722651130144,0.000408374086730623,0.54503367003367,0.420032976092333,0.134183620131171,"NO","NOT_RELIABLY_EXPRESSED",0.54503367003367,0.643939393939394,-0.0989057239057239,"NO_LARGE_CONTEXT_SHIFT","GSE182158 2/2 plus GSE199071 >=3/4 donor support; CPM>=1 and expressing fraction>=0.10","DESCRIPTIVE_ONLY_NOT_CAUSAL_NOT_REQUIRED_FOR_ROBUSTNESS","results/03_phase3/baseline/baseline_ligand_expression_by_donor.csv|config/phase3_analysis.json"
"CD80",0,0,0,0,0,0.00194534584313656,0,5.07047966737653e-05,0,0.100589225589226,0.211871393239901,0.0219158028033892,"NO","NOT_RELIABLY_EXPRESSED",0.100589225589226,0.197811447811448,-0.0972222222222222,"NO_LARGE_CONTEXT_SHIFT","GSE182158 2/2 plus GSE199071 >=3/4 donor support; CPM>=1 and expressing fraction>=0.10","DESCRIPTIVE_ONLY_NOT_CAUSAL_NOT_REQUIRED_FOR_ROBUSTNESS","results/03_phase3/baseline/baseline_ligand_expression_by_donor.csv|config/phase3_analysis.json"
"CD82",2,3,5,2,4,30.8673489849256,11.3992931391018,0.457346317104455,0.163013246783696,0.874579124579125,0.795754328112119,0.919036284241891,"NO","ROBUST_BASELINE_SENDER",0.874579124579125,0.869949494949495,0.00462962962962965,"NO_LARGE_CONTEXT_SHIFT","GSE182158 2/2 plus GSE199071 >=3/4 donor support; CPM>=1 and expressing fraction>=0.10","DESCRIPTIVE_ONLY_NOT_CAUSAL_NOT_REQUIRED_FOR_ROBUSTNESS","results/03_phase3/baseline/baseline_ligand_expression_by_donor.csv|config/phase3_analysis.json"
"CD86",0,0,0,0,0,0.00553221318194951,0,0.000140656061165427,0,0.180976430976431,0.211871393239901,0.0229470403465463,"NO","NOT_RELIABLY_EXPRESSED",0.180976430976431,0.115319865319865,0.0656565656565656,"NO_LARGE_CONTEXT_SHIFT","GSE182158 2/2 plus GSE199071 >=3/4 donor support; CPM>=1 and expressing fraction>=0.10","DESCRIPTIVE_ONLY_NOT_CAUSAL_NOT_REQUIRED_FOR_ROBUSTNESS","results/03_phase3/baseline/baseline_ligand_expression_by_donor.csv|config/phase3_analysis.json"
"CD9",2,4,6,2,4,28.5583787931298,281.140871387215,0.399629441067574,0.879841791259191,0.866161616161616,0.966199505358615,1.8465553246923,"YES","ROBUST_BASELINE_SENDER",0.866161616161616,0.89520202020202,-0.0290404040404041,"NO_LARGE_CONTEXT_SHIFT","GSE182158 2/2 plus GSE199071 >=3/4 donor support; CPM>=1 and expressing fraction>=0.10","DESCRIPTIVE_ONLY_NOT_CAUSAL_NOT_REQUIRED_FOR_ROBUSTNESS","results/03_phase3/baseline/baseline_ligand_expression_by_donor.csv|config/phase3_analysis.json"
"CD96",0,0,0,0,0,0.0165966395458485,0.0398937365654767,0.000421968183496281,0.000691858026987323,0.308291245791246,0.430544105523495,0.0597138881104143,"NO","NOT_RELIABLY_EXPRESSED",0.308291245791246,0.316498316498317,-0.00820707070707072,"NO_LARGE_CONTEXT_SHIFT","GSE182158 2/2 plus GSE199071 >=3/4 donor support; CPM>=1 and expressing fraction>=0.10","DESCRIPTIVE_ONLY_NOT_CAUSAL_NOT_REQUIRED_FOR_ROBUSTNESS","results/03_phase3/baseline/baseline_ligand_expression_by_donor.csv|config/phase3_analysis.json"
"CD99",2,4,6,2,4,606.854675306614,667.516091894862,0.999476622223156,0.95616059450719,0.978535353535354,0.980626545754328,0.199447967108711,"NO","ROBUST_BASELINE_SENDER",0.978535353535354,0.983585858585858,-0.00505050505050497,"NO_LARGE_CONTEXT_SHIFT","GSE182158 2/2 plus GSE199071 >=3/4 donor support; CPM>=1 and expressing fraction>=0.10","DESCRIPTIVE_ONLY_NOT_CAUSAL_NOT_REQUIRED_FOR_ROBUSTNESS","results/03_phase3/baseline/baseline_ligand_expression_by_donor.csv|config/phase3_analysis.json"
"CDCP1",0,4,4,2,4,3.48892219936631,13.9592550948364,0.0772387680119437,0.181068898295718,0.734006734006734,0.805441055234955,1.29239274557928,"YES","MULTIDATASET_LOW_EXPRESSION",0.734006734006734,0.698232323232323,0.0357744107744108,"NO_LARGE_CONTEXT_SHIFT","GSE182158 2/2 plus GSE199071 >=3/4 donor support; CPM>=1 and expressing fraction>=0.10","DESCRIPTIVE_ONLY_NOT_CAUSAL_NOT_REQUIRED_FOR_ROBUSTNESS","results/03_phase3/baseline/baseline_ligand_expression_by_donor.csv|config/phase3_analysis.json"
"CDH1",0,0,0,0,0,0.0143474693552518,0.0103181979539674,0.000359805057966647,0.000156103652825476,0.302188552188552,0.294723825226711,0.0204140336368375,"NO","NOT_RELIABLY_EXPRESSED",0.302188552188552,0.359006734006734,-0.0568181818181818,"NO_LARGE_CONTEXT_SHIFT","GSE182158 2/2 plus GSE199071 >=3/4 donor support; CPM>=1 and expressing fraction>=0.10","DESCRIPTIVE_ONLY_NOT_CAUSAL_NOT_REQUIRED_FOR_ROBUSTNESS","results/03_phase3/baseline/baseline_ligand_expression_by_donor.csv|config/phase3_analysis.json"
"CDH13",2,4,6,2,4,11.6866183679336,32.4970634598342,0.233411312853053,0.396827640714407,0.815656565656566,0.86727122835944,0.895906286586981,"YES","ROBUST_BASELINE_SENDER",0.815656565656566,0.853114478114478,-0.0374579124579125,"NO_LARGE_CONTEXT_SHIFT","GSE182158 2/2 plus GSE199071 >=3/4 donor support; CPM>=1 and expressing fraction>=0.10","DESCRIPTIVE_ONLY_NOT_CAUSAL_NOT_REQUIRED_FOR_ROBUSTNESS","results/03_phase3/baseline/baseline_ligand_expression_by_donor.csv|config/phase3_analysis.json"
"CDH15",0,0,0,2,4,2.258893252155,2.96364960392753,0.049510929550262,0.0394071048141798,0.679503367003367,0.713932399010717,0.624214859247783,"NO","MULTIDATASET_LOW_EXPRESSION",0.679503367003367,0.556818181818182,0.122685185185185,"NO_LARGE_CONTEXT_SHIFT","GSE182158 2/2 plus GSE199071 >=3/4 donor support; CPM>=1 and expressing fraction>=0.10","DESCRIPTIVE_ONLY_NOT_CAUSAL_NOT_REQUIRED_FOR_ROBUSTNESS","results/03_phase3/baseline/baseline_ligand_expression_by_donor.csv|config/phase3_analysis.json"
"CDH2",2,4,6,2,4,22.3885822853127,102.280862742948,0.398011834674662,0.688393086955248,0.859427609427609,0.929513602638087,1.36684253977899,"NO","ROBUST_BASELINE_SENDER",0.859427609427609,0.757996632996633,0.101430976430976,"NO_LARGE_CONTEXT_SHIFT","GSE182158 2/2 plus GSE199071 >=3/4 donor support; CPM>=1 and expressing fraction>=0.10","DESCRIPTIVE_ONLY_NOT_CAUSAL_NOT_REQUIRED_FOR_ROBUSTNESS","results/03_phase3/baseline/baseline_ligand_expression_by_donor.csv|config/phase3_analysis.json"
"CDH3",0,0,0,0,0,0.0140436450077916,0.0295755386115093,0.000348346729110778,0.000508712961711231,0.300925925925926,0.401277823577906,0.0223774547729505,"NO","NOT_RELIABLY_EXPRESSED",0.300925925925926,0.406986531986532,-0.106060606060606,"NO_LARGE_CONTEXT_SHIFT","GSE182158 2/2 plus GSE199071 >=3/4 donor support; CPM>=1 and expressing fraction>=0.10","DESCRIPTIVE_ONLY_NOT_CAUSAL_NOT_REQUIRED_FOR_ROBUSTNESS","results/03_phase3/baseline/baseline_ligand_expression_by_donor.csv|config/phase3_analysis.json"
"CDH4",0,4,4,2,4,1.55510240451871,9.75195222584111,0.0353088542992494,0.139853901072117,0.675925925925926,0.783594394064303,1.1657905753315,"NO","MULTIDATASET_LOW_EXPRESSION",0.675925925925926,0.587962962962963,0.087962962962963,"NO_LARGE_CONTEXT_SHIFT","GSE182158 2/2 plus GSE199071 >=3/4 donor support; CPM>=1 and expressing fraction>=0.10","DESCRIPTIVE_ONLY_NOT_CAUSAL_NOT_REQUIRED_FOR_ROBUSTNESS","results/03_phase3/baseline/baseline_ligand_expression_by_donor.csv|config/phase3_analysis.json"
"CDH5",0,0,0,0,0,0.0201835068846615,0,0.000511919447987943,0,0.339225589225589,0.199505358615004,0.0161514742902284,"NO","NOT_RELIABLY_EXPRESSED",0.339225589225589,0.432659932659933,-0.0934343434343434,"NO_LARGE_CONTEXT_SHIFT","GSE182158 2/2 plus GSE199071 >=3/4 donor support; CPM>=1 and expressing fraction>=0.10","DESCRIPTIVE_ONLY_NOT_CAUSAL_NOT_REQUIRED_FOR_ROBUSTNESS","results/03_phase3/baseline/baseline_ligand_expression_by_donor.csv|config/phase3_analysis.json"
"CDH6",0,4,4,1,4,0.363121699334822,17.8098304879576,0.00874674856486322,0.210226805533284,0.60206228956229,0.821310799670239,2.06439601106511,"NO","MULTIDATASET_LOW_EXPRESSION",0.60206228956229,0.620791245791246,-0.0187289562289562,"NO_LARGE_CONTEXT_SHIFT","GSE182158 2/2 plus GSE199071 >=3/4 donor support; CPM>=1 and expressing fraction>=0.10","DESCRIPTIVE_ONLY_NOT_CAUSAL_NOT_REQUIRED_FOR_ROBUSTNESS","results/03_phase3/baseline/baseline_ligand_expression_by_donor.csv|config/phase3_analysis.json"
"CDH9",0,0,0,0,0,0.00778138337254625,0,0.000202819186695061,0,0.174873737373737,0.199505358615004,0.0196367926109653,"NO","NOT_RELIABLY_EXPRESSED",0.174873737373737,0.224326599326599,-0.049452861952862,"NO_LARGE_CONTEXT_SHIFT","GSE182158 2/2 plus GSE199071 >=3/4 donor support; CPM>=1 and expressing fraction>=0.10","DESCRIPTIVE_ONLY_NOT_CAUSAL_NOT_REQUIRED_FOR_ROBUSTNESS","results/03_phase3/baseline/baseline_ligand_expression_by_donor.csv|config/phase3_analysis.json"
"CDHR2",0,0,0,0,0,0.015685166503468,0,0.000387593196928674,0,0.311658249158249,0.199505358615004,0.0121368198183875,"NO","NOT_RELIABLY_EXPRESSED",0.311658249158249,0.289141414141414,0.022516835016835,"NO_LARGE_CONTEXT_SHIFT","GSE182158 2/2 plus GSE199071 >=3/4 donor support; CPM>=1 and expressing fraction>=0.10","DESCRIPTIVE_ONLY_NOT_CAUSAL_NOT_REQUIRED_FOR_ROBUSTNESS","results/03_phase3/baseline/baseline_ligand_expression_by_donor.csv|config/phase3_analysis.json"
"CEACAM1",0,0,0,2,0,0.600648367077438,0.0333416598571883,0.0147405490477767,0.000504540867810293,0.63510101010101,0.360676009892828,0.323793801021807,"YES","NOT_RELIABLY_EXPRESSED",0.63510101010101,0.550084175084175,0.0850168350168351,"NO_LARGE_CONTEXT_SHIFT","GSE182158 2/2 plus GSE199071 >=3/4 donor support; CPM>=1 and expressing fraction>=0.10","DESCRIPTIVE_ONLY_NOT_CAUSAL_NOT_REQUIRED_FOR_ROBUSTNESS","results/03_phase3/baseline/baseline_ligand_expression_by_donor.csv|config/phase3_analysis.json"
"CEACAM20",0,0,0,0,0,0.00328304299135276,0,7.84929356357928e-05,0,0.134890572390572,0.199505358615004,0.00385463763488309,"NO","NOT_RELIABLY_EXPRESSED",0.134890572390572,0.181818181818182,-0.0469276094276094,"NO_LARGE_CONTEXT_SHIFT","GSE182158 2/2 plus GSE199071 >=3/4 donor support; CPM>=1 and expressing fraction>=0.10","DESCRIPTIVE_ONLY_NOT_CAUSAL_NOT_REQUIRED_FOR_ROBUSTNESS","results/03_phase3/baseline/baseline_ligand_expression_by_donor.csv|config/phase3_analysis.json"
"CEACAM21",0,0,0,0,0,0.0430424080657553,0,0.00107941517389994,0,0.436447811447811,0.199505358615004,0.0315529131014148,"NO","NOT_RELIABLY_EXPRESSED",0.436447811447811,0.353956228956229,0.0824915824915825,"NO_LARGE_CONTEXT_SHIFT","GSE182158 2/2 plus GSE199071 >=3/4 donor support; CPM>=1 and expressing fraction>=0.10","DESCRIPTIVE_ONLY_NOT_CAUSAL_NOT_REQUIRED_FOR_ROBUSTNESS","results/03_phase3/baseline/baseline_ligand_expression_by_donor.csv|config/phase3_analysis.json"
"CEACAM3",0,0,0,0,0,0.00942290486822264,0,0.000242065654512958,0,0.220749158249158,0.199505358615004,0.0089124590175621,"NO","NOT_RELIABLY_EXPRESSED",0.220749158249158,0.138047138047138,0.0827020202020202,"NO_LARGE_CONTEXT_SHIFT","GSE182158 2/2 plus GSE199071 >=3/4 donor support; CPM>=1 and expressing fraction>=0.10","DESCRIPTIVE_ONLY_NOT_CAUSAL_NOT_REQUIRED_FOR_ROBUSTNESS","results/03_phase3/baseline/baseline_ligand_expression_by_donor.csv|config/phase3_analysis.json"
"CEACAM4",0,0,0,0,0,0.00194534584313656,0,5.07047966737653e-05,0,0.100589225589226,0.199505358615004,0.00228708467680247,"NO","NOT_RELIABLY_EXPRESSED",0.100589225589226,0.131734006734007,-0.0311447811447811,"NO_LARGE_CONTEXT_SHIFT","GSE182158 2/2 plus GSE199071 >=3/4 donor support; CPM>=1 and expressing fraction>=0.10","DESCRIPTIVE_ONLY_NOT_CAUSAL_NOT_REQUIRED_FOR_ROBUSTNESS","results/03_phase3/baseline/baseline_ligand_expression_by_donor.csv|config/phase3_analysis.json"
"CEACAM5",0,0,0,0,0,0.00358686733881295,0,8.99512644916617e-05,0,0.146464646464646,0.211871393239901,0.0231175687425678,"NO","NOT_RELIABLY_EXPRESSED",0.146464646464646,0.1746632996633,-0.0281986531986532,"NO_LARGE_CONTEXT_SHIFT","GSE182158 2/2 plus GSE199071 >=3/4 donor support; CPM>=1 and expressing fraction>=0.10","DESCRIPTIVE_ONLY_NOT_CAUSAL_NOT_REQUIRED_FOR_ROBUSTNESS","results/03_phase3/baseline/baseline_ligand_expression_by_donor.csv|config/phase3_analysis.json"
"CEACAM6",0,0,0,0,0,0.00686991033016571,0,0.000168444200127455,0,0.207491582491583,0.199505358615004,0.00576819132925395,"NO","NOT_RELIABLY_EXPRESSED",0.207491582491583,0.247053872053872,-0.0395622895622896,"NO_LARGE_CONTEXT_SHIFT","GSE182158 2/2 plus GSE199071 >=3/4 donor support; CPM>=1 and expressing fraction>=0.10","DESCRIPTIVE_ONLY_NOT_CAUSAL_NOT_REQUIRED_FOR_ROBUSTNESS","results/03_phase3/baseline/baseline_ligand_expression_by_donor.csv|config/phase3_analysis.json"
"CEACAM7",0,0,0,0,0,0.00820760747838191,0,0.000196232339089482,0,0.196338383838384,0.199505358615004,0.00958970200785676,"NO","NOT_RELIABLY_EXPRESSED",0.196338383838384,0.138047138047138,0.0582912457912458,"NO_LARGE_CONTEXT_SHIFT","GSE182158 2/2 plus GSE199071 >=3/4 donor support; CPM>=1 and expressing fraction>=0.10","DESCRIPTIVE_ONLY_NOT_CAUSAL_NOT_REQUIRED_FOR_ROBUSTNESS","results/03_phase3/baseline/baseline_ligand_expression_by_donor.csv|config/phase3_analysis.json"
"CEACAM8",0,0,0,0,0,0,0,0,0,0.0536616161616162,0.199505358615004,0,"NO","NOT_RELIABLY_EXPRESSED",0.0536616161616162,0.131734006734007,-0.0780723905723906,"NO_LARGE_CONTEXT_SHIFT","GSE182158 2/2 plus GSE199071 >=3/4 donor support; CPM>=1 and expressing fraction>=0.10","DESCRIPTIVE_ONLY_NOT_CAUSAL_NOT_REQUIRED_FOR_ROBUSTNESS","results/03_phase3/baseline/baseline_ligand_expression_by_donor.csv|config/phase3_analysis.json"
"CEL",0,0,0,0,0,0.0997022370334666,0.120579302444475,0.00246305912784247,0.00216973867821576,0.510732323232323,0.528854080791426,0.0874633691541943,"NO","NOT_RELIABLY_EXPRESSED",0.510732323232323,0.441919191919192,0.0688131313131314,"NO_LARGE_CONTEXT_SHIFT","GSE182158 2/2 plus GSE199071 >=3/4 donor support; CPM>=1 and expressing fraction>=0.10","DESCRIPTIVE_ONLY_NOT_CAUSAL_NOT_REQUIRED_FOR_ROBUSTNESS","results/03_phase3/baseline/baseline_ligand_expression_by_donor.csv|config/phase3_analysis.json"
"CER1",0,0,0,0,0,0.00522838883448933,0,0.000129197732309558,0,0.181818181818182,0.199505358615004,0.00406972167935043,"NO","NOT_RELIABLY_EXPRESSED",0.181818181818182,0.047979797979798,0.133838383838384,"NO_LARGE_CONTEXT_SHIFT","GSE182158 2/2 plus GSE199071 >=3/4 donor support; CPM>=1 and expressing fraction>=0.10","DESCRIPTIVE_ONLY_NOT_CAUSAL_NOT_REQUIRED_FOR_ROBUSTNESS","results/03_phase3/baseline/baseline_ligand_expression_by_donor.csv|config/phase3_analysis.json"
"CFAP54",0,0,0,1,3,0.342756767861076,0.863963093744761,0.0086436236051604,0.0140419529117404,0.599326599326599,0.641178895300907,0.278183923611788,"NO","MULTIDATASET_LOW_EXPRESSION",0.599326599326599,0.55976430976431,0.0395622895622895,"NO_LARGE_CONTEXT_SHIFT","GSE182158 2/2 plus GSE199071 >=3/4 donor support; CPM>=1 and expressing fraction>=0.10","DESCRIPTIVE_ONLY_NOT_CAUSAL_NOT_REQUIRED_FOR_ROBUSTNESS","results/03_phase3/baseline/baseline_ligand_expression_by_donor.csv|config/phase3_analysis.json"
"CFC1",0,0,0,0,0,0,0,0,0,0.0536616161616162,0.199505358615004,0,"NO","NOT_RELIABLY_EXPRESSED",0.0536616161616162,0.0437710437710438,0.00989057239057239,"NO_LARGE_CONTEXT_SHIFT","GSE182158 2/2 plus GSE199071 >=3/4 donor support; CPM>=1 and expressing fraction>=0.10","DESCRIPTIVE_ONLY_NOT_CAUSAL_NOT_REQUIRED_FOR_ROBUSTNESS","results/03_phase3/baseline/baseline_ligand_expression_by_donor.csv|config/phase3_analysis.json"
"CFD",2,0,2,2,4,81.988246601375,1.30340447032164,0.470410543286374,0.0184967076463696,0.894781144781145,0.663849958779885,2.57128619264212,"YES","MULTIDATASET_LOW_EXPRESSION",0.894781144781145,0.928872053872054,-0.0340909090909091,"NO_LARGE_CONTEXT_SHIFT","GSE182158 2/2 plus GSE199071 >=3/4 donor support; CPM>=1 and expressing fraction>=0.10","DESCRIPTIVE_ONLY_NOT_CAUSAL_NOT_REQUIRED_FOR_ROBUSTNESS","results/03_phase3/baseline/baseline_ligand_expression_by_donor.csv|config/phase3_analysis.json"
"CFH",2,3,5,2,4,35.6029524690781,9.4081748517444,0.531907768372847,0.138736084313515,0.876683501683502,0.777411376751855,1.03559431606044,"YES","ROBUST_BASELINE_SENDER",0.876683501683502,0.902777777777778,-0.0260942760942761,"NO_LARGE_CONTEXT_SHIFT","GSE182158 2/2 plus GSE199071 >=3/4 donor support; CPM>=1 and expressing fraction>=0.10","DESCRIPTIVE_ONLY_NOT_CAUSAL_NOT_REQUIRED_FOR_ROBUSTNESS","results/03_phase3/baseline/baseline_ligand_expression_by_donor.csv|config/phase3_analysis.json"
"CFP",0,0,0,0,0,0.121527265413804,0.0797874731309533,0.00306492984032208,0.00138371605397465,0.530723905723906,0.489076669414674,0.0893698594426338,"NO","NOT_RELIABLY_EXPRESSED",0.530723905723906,0.439814814814815,0.0909090909090909,"NO_LARGE_CONTEXT_SHIFT","GSE182158 2/2 plus GSE199071 >=3/4 donor support; CPM>=1 and expressing fraction>=0.10","DESCRIPTIVE_ONLY_NOT_CAUSAL_NOT_REQUIRED_FOR_ROBUSTNESS","results/03_phase3/baseline/baseline_ligand_expression_by_donor.csv|config/phase3_analysis.json"
"CGA",0,0,0,0,0,0.00194534584313656,0.0591510772230186,5.07047966737653e-05,0.00107150874832369,0.100589225589226,0.481450948062655,0.100001292826101,"NO","NOT_RELIABLY_EXPRESSED",0.100589225589226,0.269360269360269,-0.168771043771044,"NO_LARGE_CONTEXT_SHIFT","GSE182158 2/2 plus GSE199071 >=3/4 donor support; CPM>=1 and expressing fraction>=0.10","DESCRIPTIVE_ONLY_NOT_CAUSAL_NOT_REQUIRED_FOR_ROBUSTNESS","results/03_phase3/baseline/baseline_ligand_expression_by_donor.csv|config/phase3_analysis.json"
"CGB3",0,0,0,0,0,,0,,0,,0.199505358615004,0,"NO","NOT_RELIABLY_EXPRESSED",,,,"NO_LARGE_CONTEXT_SHIFT","GSE182158 2/2 plus GSE199071 >=3/4 donor support; CPM>=1 and expressing fraction>=0.10","DESCRIPTIVE_ONLY_NOT_CAUSAL_NOT_REQUIRED_FOR_ROBUSTNESS","results/03_phase3/baseline/baseline_ligand_expression_by_donor.csv|config/phase3_analysis.json"
"CGB7",0,0,0,0,0,0.0585461499801386,0.0166708299285942,0.0014375048655113,0.000252270433905146,0.454755892255892,0.318425391591096,0.0421845946655286,"YES","NOT_RELIABLY_EXPRESSED",0.454755892255892,0.382154882154882,0.0726010101010102,"NO_LARGE_CONTEXT_SHIFT","GSE182158 2/2 plus GSE199071 >=3/4 donor support; CPM>=1 and expressing fraction>=0.10","DESCRIPTIVE_ONLY_NOT_CAUSAL_NOT_REQUIRED_FOR_ROBUSTNESS","results/03_phase3/baseline/baseline_ligand_expression_by_donor.csv|config/phase3_analysis.json"
"CHAD",0,0,0,0,0,0.00358686733881295,0,8.99512644916617e-05,0,0.146464646464646,0.199505358615004,0.00268168191540828,"NO","NOT_RELIABLY_EXPRESSED",0.146464646464646,0.181818181818182,-0.0353535353535354,"NO_LARGE_CONTEXT_SHIFT","GSE182158 2/2 plus GSE199071 >=3/4 donor support; CPM>=1 and expressing fraction>=0.10","DESCRIPTIVE_ONLY_NOT_CAUSAL_NOT_REQUIRED_FOR_ROBUSTNESS","results/03_phase3/baseline/baseline_ligand_expression_by_donor.csv|config/phase3_analysis.json"
"CHL1",0,0,0,0,0,0.0372063705363457,0,0.000927300783878645,0,0.418981481481482,0.199505358615004,0.0272821546671083,"NO","NOT_RELIABLY_EXPRESSED",0.418981481481482,0.614057239057239,-0.195075757575758,"NO_LARGE_CONTEXT_SHIFT","GSE182158 2/2 plus GSE199071 >=3/4 donor support; CPM>=1 and expressing fraction>=0.10","DESCRIPTIVE_ONLY_NOT_CAUSAL_NOT_REQUIRED_FOR_ROBUSTNESS","results/03_phase3/baseline/baseline_ligand_expression_by_donor.csv|config/phase3_analysis.json"
"CIB1",2,4,6,2,4,138.045891107592,239.739369068369,0.914467117262762,0.912047672135993,0.939814814814815,0.963314097279472,0.566701818427025,"NO","ROBUST_BASELINE_SENDER",0.939814814814815,0.943181818181818,-0.00336700336700335,"NO_LARGE_CONTEXT_SHIFT","GSE182158 2/2 plus GSE199071 >=3/4 donor support; CPM>=1 and expressing fraction>=0.10","DESCRIPTIVE_ONLY_NOT_CAUSAL_NOT_REQUIRED_FOR_ROBUSTNESS","results/03_phase3/baseline/baseline_ligand_expression_by_donor.csv|config/phase3_analysis.json"
"CKLF",2,4,6,2,4,68.4093399141966,157.114514958648,0.733567439051163,0.843830426764188,0.912878787878788,0.952184666117065,0.747124622510999,"NO","ROBUST_BASELINE_SENDER",0.912878787878788,0.916245791245791,-0.00336700336700335,"NO_LARGE_CONTEXT_SHIFT","GSE182158 2/2 plus GSE199071 >=3/4 donor support; CPM>=1 and expressing fraction>=0.10","DESCRIPTIVE_ONLY_NOT_CAUSAL_NOT_REQUIRED_FOR_ROBUSTNESS","results/03_phase3/baseline/baseline_ligand_expression_by_donor.csv|config/phase3_analysis.json"
"CLCF1",1,4,5,2,4,5.5609298711448,8.95060292152396,0.126049099755041,0.132829236694971,0.761784511784512,0.781945589447651,0.431341036323061,"NO","MULTIDATASET_LOW_EXPRESSION",0.761784511784512,0.765572390572391,-0.00378787878787878,"NO_LARGE_CONTEXT_SHIFT","GSE182158 2/2 plus GSE199071 >=3/4 donor support; CPM>=1 and expressing fraction>=0.10","DESCRIPTIVE_ONLY_NOT_CAUSAL_NOT_REQUIRED_FOR_ROBUSTNESS","results/03_phase3/baseline/baseline_ligand_expression_by_donor.csv|config/phase3_analysis.json"
"CLDN1",0,0,0,0,2,0.218191258972669,0.64908454609525,0.00471012537377873,0.00816329631027329,0.570917508417509,0.612530915086562,0.413808584957176,"NO","NOT_RELIABLY_EXPRESSED",0.570917508417509,0.403198653198653,0.167718855218855,"NO_LARGE_CONTEXT_SHIFT","GSE182158 2/2 plus GSE199071 >=3/4 donor support; CPM>=1 and expressing fraction>=0.10","DESCRIPTIVE_ONLY_NOT_CAUSAL_NOT_REQUIRED_FOR_ROBUSTNESS","results/03_phase3/baseline/baseline_ligand_expression_by_donor.csv|config/phase3_analysis.json"
"CLDN11",2,4,6,2,4,89.7783967834406,105.045868740821,0.456926322985257,0.601774359516591,0.870791245791246,0.931986809563067,1.84017812317209,"YES","ROBUST_BASELINE_SENDER",0.870791245791246,0.920454545454545,-0.0496632996632996,"NO_LARGE_CONTEXT_SHIFT","GSE182158 2/2 plus GSE199071 >=3/4 donor support; CPM>=1 and expressing fraction>=0.10","DESCRIPTIVE_ONLY_NOT_CAUSAL_NOT_REQUIRED_FOR_ROBUSTNESS","results/03_phase3/baseline/baseline_ligand_expression_by_donor.csv|config/phase3_analysis.json"
"CLDN14",0,0,0,0,0,0.00851143182584209,0.0205161552823478,0.000207690667945351,0.000352609308885755,0.22790404040404,0.332028029678483,0.0994314342151822,"YES","NOT_RELIABLY_EXPRESSED",0.22790404040404,0.467171717171717,-0.239267676767677,"NO_LARGE_CONTEXT_SHIFT","GSE182158 2/2 plus GSE199071 >=3/4 donor support; CPM>=1 and expressing fraction>=0.10","DESCRIPTIVE_ONLY_NOT_CAUSAL_NOT_REQUIRED_FOR_ROBUSTNESS","results/03_phase3/baseline/baseline_ligand_expression_by_donor.csv|config/phase3_analysis.json"
"CLDN16",0,0,0,0,0,0.0296064117528841,0.037186985210942,0.000753985102500901,0.000604879742790901,0.383417508417508,0.457337180544106,0.0364333614526512,"NO","NOT_RELIABLY_EXPRESSED",0.383417508417508,0.336700336700337,0.0467171717171717,"NO_LARGE_CONTEXT_SHIFT","GSE182158 2/2 plus GSE199071 >=3/4 donor support; CPM>=1 and expressing fraction>=0.10","DESCRIPTIVE_ONLY_NOT_CAUSAL_NOT_REQUIRED_FOR_ROBUSTNESS","results/03_phase3/baseline/baseline_ligand_expression_by_donor.csv|config/phase3_analysis.json"
"CLDN19",0,0,0,0,0,0.0266271931089915,0,0.000686950495720977,0,0.325547138047138,0.211871393239901,0.0263169116631943,"NO","NOT_RELIABLY_EXPRESSED",0.325547138047138,0.174242424242424,0.151304713804714,"NO_LARGE_CONTEXT_SHIFT","GSE182158 2/2 plus GSE199071 >=3/4 donor support; CPM>=1 and expressing fraction>=0.10","DESCRIPTIVE_ONLY_NOT_CAUSAL_NOT_REQUIRED_FOR_ROBUSTNESS","results/03_phase3/baseline/baseline_ligand_expression_by_donor.csv|config/phase3_analysis.json"
"CLDN2",0,0,0,0,0,0.00911908052076245,0,0.000230607325657089,0,0.239478114478115,0.199505358615004,0.0184822449975593,"NO","NOT_RELIABLY_EXPRESSED",0.239478114478115,0.247053872053872,-0.00757575757575757,"NO_LARGE_CONTEXT_SHIFT","GSE182158 2/2 plus GSE199071 >=3/4 donor support; CPM>=1 and expressing fraction>=0.10","DESCRIPTIVE_ONLY_NOT_CAUSAL_NOT_REQUIRED_FOR_ROBUSTNESS","results/03_phase3/baseline/baseline_ligand_expression_by_donor.csv|config/phase3_analysis.json"
"CLDN24",0,0,0,0,0,0.00194534584313656,0,5.07047966737653e-05,0,0.100589225589226,0.199505358615004,0.00228708467680247,"NO","NOT_RELIABLY_EXPRESSED",0.100589225589226,0.0500841750841751,0.0505050505050505,"NO_LARGE_CONTEXT_SHIFT","GSE182158 2/2 plus GSE199071 >=3/4 donor support; CPM>=1 and expressing fraction>=0.10","DESCRIPTIVE_ONLY_NOT_CAUSAL_NOT_REQUIRED_FOR_ROBUSTNESS","results/03_phase3/baseline/baseline_ligand_expression_by_donor.csv|config/phase3_analysis.json"
"CLDN3",0,0,0,0,0,0.00717373467762589,0.0205161552823478,0.000179902528983323,0.000352609308885755,0.216329966329966,0.332028029678483,0.0457408965723289,"YES","NOT_RELIABLY_EXPRESSED",0.216329966329966,0.246212121212121,-0.0298821548821549,"NO_LARGE_CONTEXT_SHIFT","GSE182158 2/2 plus GSE199071 >=3/4 donor support; CPM>=1 and expressing fraction>=0.10","DESCRIPTIVE_ONLY_NOT_CAUSAL_NOT_REQUIRED_FOR_ROBUSTNESS","results/03_phase3/baseline/baseline_ligand_expression_by_donor.csv|config/phase3_analysis.json"
"CLEC11A",2,4,6,2,4,205.356614889351,132.642866803873,0.972784220285198,0.807337630273062,0.957912457912458,0.944765045342127,0.357065599109608,"NO","ROBUST_BASELINE_SENDER",0.957912457912458,0.935606060606061,0.0223063973063973,"NO_LARGE_CONTEXT_SHIFT","GSE182158 2/2 plus GSE199071 >=3/4 donor support; CPM>=1 and expressing fraction>=0.10","DESCRIPTIVE_ONLY_NOT_CAUSAL_NOT_REQUIRED_FOR_ROBUSTNESS","results/03_phase3/baseline/baseline_ligand_expression_by_donor.csv|config/phase3_analysis.json"
"CLEC2A",0,0,0,0,0,0,0,0,0,0.0536616161616162,0.199505358615004,0,"NO","NOT_RELIABLY_EXPRESSED",0.0536616161616162,0.0437710437710438,0.00989057239057239,"NO_LARGE_CONTEXT_SHIFT","GSE182158 2/2 plus GSE199071 >=3/4 donor support; CPM>=1 and expressing fraction>=0.10","DESCRIPTIVE_ONLY_NOT_CAUSAL_NOT_REQUIRED_FOR_ROBUSTNESS","results/03_phase3/baseline/baseline_ligand_expression_by_donor.csv|config/phase3_analysis.json"
"CLEC2B",0,0,0,2,0,1.46870318731914,0.144334530729956,0.0340931769492333,0.00136169104450634,0.68013468013468,0.504946413849959,0.628899867575167,"NO","NOT_RELIABLY_EXPRESSED",0.68013468013468,0.869107744107744,-0.188973063973064,"NO_LARGE_CONTEXT_SHIFT","GSE182158 2/2 plus GSE199071 >=3/4 donor support; CPM>=1 and expressing fraction>=0.10","DESCRIPTIVE_ONLY_NOT_CAUSAL_NOT_REQUIRED_FOR_ROBUSTNESS","results/03_phase3/baseline/baseline_ligand_expression_by_donor.csv|config/phase3_analysis.json"
"CLEC2D",1,4,5,2,4,7.75642755456806,11.4803073596969,0.167583189696276,0.155352591052851,0.778409090909091,0.793487221764221,0.664147285026076,"NO","MULTIDATASET_LOW_EXPRESSION",0.778409090909091,0.742845117845118,0.035563973063973,"NO_LARGE_CONTEXT_SHIFT","GSE182158 2/2 plus GSE199071 >=3/4 donor support; CPM>=1 and expressing fraction>=0.10","DESCRIPTIVE_ONLY_NOT_CAUSAL_NOT_REQUIRED_FOR_ROBUSTNESS","results/03_phase3/baseline/baseline_ligand_expression_by_donor.csv|config/phase3_analysis.json"
"CLEC2L",0,0,0,0,0,0.0270534172148272,0,0.000680363648115397,0,0.386153198653199,0.211871393239901,0.0200453300482374,"NO","NOT_RELIABLY_EXPRESSED",0.386153198653199,0.272727272727273,0.113425925925926,"NO_LARGE_CONTEXT_SHIFT","GSE182158 2/2 plus GSE199071 >=3/4 donor support; CPM>=1 and expressing fraction>=0.10","DESCRIPTIVE_ONLY_NOT_CAUSAL_NOT_REQUIRED_FOR_ROBUSTNESS","results/03_phase3/baseline/baseline_ligand_expression_by_donor.csv|config/phase3_analysis.json"
"CLEC3A",0,0,0,0,0,0.063284939781126,0,0.00143606411697159,0,0.390572390572391,0.204451772464963,0.0632550281720203,"NO","NOT_RELIABLY_EXPRESSED",0.390572390572391,0.131734006734007,0.258838383838384,"UC_HIGHER_CONTEXT","GSE182158 2/2 plus GSE199071 >=3/4 donor support; CPM>=1 and expressing fraction>=0.10","DESCRIPTIVE_ONLY_NOT_CAUSAL_NOT_REQUIRED_FOR_ROBUSTNESS","results/03_phase3/baseline/baseline_ligand_expression_by_donor.csv|config/phase3_analysis.json"
"CLEC4G",0,0,0,0,0,0.00164152149567638,0,3.92464678178964e-05,0,0.099537037037037,0.199505358615004,0.00193047220564663,"NO","NOT_RELIABLY_EXPRESSED",0.099537037037037,0.0500841750841751,0.049452861952862,"NO_LARGE_CONTEXT_SHIFT","GSE182158 2/2 plus GSE199071 >=3/4 donor support; CPM>=1 and expressing fraction>=0.10","DESCRIPTIVE_ONLY_NOT_CAUSAL_NOT_REQUIRED_FOR_ROBUSTNESS","results/03_phase3/baseline/baseline_ligand_expression_by_donor.csv|config/phase3_analysis.json"
"CLMP",2,4,6,2,4,105.021951440773,110.356396570066,0.86378991370951,0.728950896574103,0.93013468013468,0.934047815333883,0.295692682483063,"NO","ROBUST_BASELINE_SENDER",0.93013468013468,0.919612794612795,0.0105218855218855,"NO_LARGE_CONTEXT_SHIFT","GSE182158 2/2 plus GSE199071 >=3/4 donor support; CPM>=1 and expressing fraction>=0.10","DESCRIPTIVE_ONLY_NOT_CAUSAL_NOT_REQUIRED_FOR_ROBUSTNESS","results/03_phase3/baseline/baseline_ligand_expression_by_donor.csv|config/phase3_analysis.json"
"CLU",2,4,6,2,4,163.248466521244,25.9818549461285,0.806523621828503,0.292546068357043,0.94486531986532,0.844600164880462,1.41566471086506,"YES","ROBUST_BASELINE_SENDER",0.94486531986532,0.937289562289562,0.00757575757575757,"NO_LARGE_CONTEXT_SHIFT","GSE182158 2/2 plus GSE199071 >=3/4 donor support; CPM>=1 and expressing fraction>=0.10","DESCRIPTIVE_ONLY_NOT_CAUSAL_NOT_REQUIRED_FOR_ROBUSTNESS","results/03_phase3/baseline/baseline_ligand_expression_by_donor.csv|config/phase3_analysis.json"
"CLUL1",0,0,0,0,0,0.00492456448702914,0,0.000117739403453689,0,0.160563973063973,0.211871393239901,0.0122588798857622,"NO","NOT_RELIABLY_EXPRESSED",0.160563973063973,0.422979797979798,-0.262415824915825,"UC_LOWER_CONTEXT","GSE182158 2/2 plus GSE199071 >=3/4 donor support; CPM>=1 and expressing fraction>=0.10","DESCRIPTIVE_ONLY_NOT_CAUSAL_NOT_REQUIRED_FOR_ROBUSTNESS","results/03_phase3/baseline/baseline_ligand_expression_by_donor.csv|config/phase3_analysis.json"
"CMTM8",1,0,1,2,0,3.60934599042804,0.397558310404374,0.084059422837727,0.00622672224288591,0.735900673400673,0.598516075845012,0.93476265345301,"NO","NOT_RELIABLY_EXPRESSED",0.735900673400673,0.748737373737374,-0.0128367003367003,"NO_LARGE_CONTEXT_SHIFT","GSE182158 2/2 plus GSE199071 >=3/4 donor support; CPM>=1 and expressing fraction>=0.10","DESCRIPTIVE_ONLY_NOT_CAUSAL_NOT_REQUIRED_FOR_ROBUSTNESS","results/03_phase3/baseline/baseline_ligand_expression_by_donor.csv|config/phase3_analysis.json"
"CNMD",0,0,0,0,0,,0,,0,,0.199505358615004,0,"NO","NOT_RELIABLY_EXPRESSED",,,,"NO_LARGE_CONTEXT_SHIFT","GSE182158 2/2 plus GSE199071 >=3/4 donor support; CPM>=1 and expressing fraction>=0.10","DESCRIPTIVE_ONLY_NOT_CAUSAL_NOT_REQUIRED_FOR_ROBUSTNESS","results/03_phase3/baseline/baseline_ligand_expression_by_donor.csv|config/phase3_analysis.json"
"CNTF",0,0,0,0,0,0.0124021235121152,0.199241393131898,0.000309100261292882,0.00301472225993983,0.285563973063973,0.560181368507832,0.147544374450696,"NO","NOT_RELIABLY_EXPRESSED",0.285563973063973,0.195286195286195,0.0902777777777778,"NO_LARGE_CONTEXT_SHIFT","GSE182158 2/2 plus GSE199071 >=3/4 donor support; CPM>=1 and expressing fraction>=0.10","DESCRIPTIVE_ONLY_NOT_CAUSAL_NOT_REQUIRED_FOR_ROBUSTNESS","results/03_phase3/baseline/baseline_ligand_expression_by_donor.csv|config/phase3_analysis.json"
"CNTN1",0,0,0,0,2,0.069184352238202,1.19852809468268,0.00167469903877397,0.0159476184820424,0.481481481481482,0.656430338004947,0.996810727163164,"NO","NOT_RELIABLY_EXPRESSED",0.481481481481482,0.629208754208754,-0.147727272727273,"NO_LARGE_CONTEXT_SHIFT","GSE182158 2/2 plus GSE199071 >=3/4 donor support; CPM>=1 and expressing fraction>=0.10","DESCRIPTIVE_ONLY_NOT_CAUSAL_NOT_REQUIRED_FOR_ROBUSTNESS","results/03_phase3/baseline/baseline_ligand_expression_by_donor.csv|config/phase3_analysis.json"
"CNTN2",0,0,0,0,0,0.0228589011810939,0.192888761157271,0.000567495725911998,0.00291855547886016,0.363215488215488,0.556471558120363,0.136971253110445,"NO","NOT_RELIABLY_EXPRESSED",0.363215488215488,0.349326599326599,0.0138888888888889,"NO_LARGE_CONTEXT_SHIFT","GSE182158 2/2 plus GSE199071 >=3/4 donor support; CPM>=1 and expressing fraction>=0.10","DESCRIPTIVE_ONLY_NOT_CAUSAL_NOT_REQUIRED_FOR_ROBUSTNESS","results/03_phase3/baseline/baseline_ligand_expression_by_donor.csv|config/phase3_analysis.json"
"CNTN3",0,0,0,0,4,0.103166704613904,1.46193761257252,0.00262176036546935,0.0222805488683696,0.506102693602694,0.672506183017313,0.714400215764565,"NO","NOT_RELIABLY_EXPRESSED",0.506102693602694,0.621212121212121,-0.115109427609428,"NO_LARGE_CONTEXT_SHIFT","GSE182158 2/2 plus GSE199071 >=3/4 donor support; CPM>=1 and expressing fraction>=0.10","DESCRIPTIVE_ONLY_NOT_CAUSAL_NOT_REQUIRED_FOR_ROBUSTNESS","results/03_phase3/baseline/baseline_ligand_expression_by_donor.csv|config/phase3_analysis.json"
"CNTN4",0,0,0,1,0,0.433938872874786,0,0.00945201885486122,0,0.592592592592593,0.199505358615004,0.320691819576965,"NO","NOT_RELIABLY_EXPRESSED",0.592592592592593,0.353956228956229,0.238636363636364,"NO_LARGE_CONTEXT_SHIFT","GSE182158 2/2 plus GSE199071 >=3/4 donor support; CPM>=1 and expressing fraction>=0.10","DESCRIPTIVE_ONLY_NOT_CAUSAL_NOT_REQUIRED_FOR_ROBUSTNESS","results/03_phase3/baseline/baseline_ligand_expression_by_donor.csv|config/phase3_analysis.json"
"CNTN5",0,0,0,0,1,0.0176305123466045,0.451956619339587,0.00043829799360244,0.00649756685265533,0.328282828282828,0.58924154987634,0.390258055468412,"NO","NOT_RELIABLY_EXPRESSED",0.328282828282828,0.307659932659933,0.0206228956228957,"NO_LARGE_CONTEXT_SHIFT","GSE182158 2/2 plus GSE199071 >=3/4 donor support; CPM>=1 and expressing fraction>=0.10","DESCRIPTIVE_ONLY_NOT_CAUSAL_NOT_REQUIRED_FOR_ROBUSTNESS","results/03_phase3/baseline/baseline_ligand_expression_by_donor.csv|config/phase3_analysis.json"
"CNTN6",0,0,0,0,0,0.0551407072304104,0,0.00137705710633695,0,0.461069023569024,0.199505358615004,0.039991528495783,"NO","NOT_RELIABLY_EXPRESSED",0.461069023569024,0.258417508417508,0.202651515151515,"NO_LARGE_CONTEXT_SHIFT","GSE182158 2/2 plus GSE199071 >=3/4 donor support; CPM>=1 and expressing fraction>=0.10","DESCRIPTIVE_ONLY_NOT_CAUSAL_NOT_REQUIRED_FOR_ROBUSTNESS","results/03_phase3/baseline/baseline_ligand_expression_by_donor.csv|config/phase3_analysis.json"
"COL10A1",0,0,0,0,0,0.0561745800311664,0.0192573406575419,0.00139338691644311,0.000379650721336371,0.459806397306397,0.323371805441055,0.0408845935598539,"YES","NOT_RELIABLY_EXPRESSED",0.459806397306397,0.619107744107744,-0.159301346801347,"NO_LARGE_CONTEXT_SHIFT","GSE182158 2/2 plus GSE199071 >=3/4 donor support; CPM>=1 and expressing fraction>=0.10","DESCRIPTIVE_ONLY_NOT_CAUSAL_NOT_REQUIRED_FOR_ROBUSTNESS","results/03_phase3/baseline/baseline_ligand_expression_by_donor.csv|config/phase3_analysis.json"
"COL11A1",2,2,4,2,4,49.4052371803489,9.51846238455265,0.523976758099275,0.116971288849291,0.891835016835017,0.780502885408079,1.57225149439346,"YES","MULTIDATASET_LOW_EXPRESSION",0.891835016835017,0.734848484848485,0.156986531986532,"NO_LARGE_CONTEXT_SHIFT","GSE182158 2/2 plus GSE199071 >=3/4 donor support; CPM>=1 and expressing fraction>=0.10","DESCRIPTIVE_ONLY_NOT_CAUSAL_NOT_REQUIRED_FOR_ROBUSTNESS","results/03_phase3/baseline/baseline_ligand_expression_by_donor.csv|config/phase3_analysis.json"
"COL11A2",0,0,0,0,0,0.129004824438891,0.136180439853186,0.00325629069816127,0.00187121219423124,0.535353535353535,0.511335531739489,0.120835854524229,"NO","NOT_RELIABLY_EXPRESSED",0.535353535353535,0.510521885521886,0.0248316498316499,"NO_LARGE_CONTEXT_SHIFT","GSE182158 2/2 plus GSE199071 >=3/4 donor support; CPM>=1 and expressing fraction>=0.10","DESCRIPTIVE_ONLY_NOT_CAUSAL_NOT_REQUIRED_FOR_ROBUSTNESS","results/03_phase3/baseline/baseline_ligand_expression_by_donor.csv|config/phase3_analysis.json"
"COL12A1",2,4,6,2,4,112.976794547852,102.331838326898,0.835869062703128,0.657324443248682,0.933080808080808,0.929925803792251,0.545729793287498,"YES","ROBUST_BASELINE_SENDER",0.933080808080808,0.920454545454545,0.0126262626262627,"NO_LARGE_CONTEXT_SHIFT","GSE182158 2/2 plus GSE199071 >=3/4 donor support; CPM>=1 and expressing fraction>=0.10","DESCRIPTIVE_ONLY_NOT_CAUSAL_NOT_REQUIRED_FOR_ROBUSTNESS","results/03_phase3/baseline/baseline_ligand_expression_by_donor.csv|config/phase3_analysis.json"
"COL13A1",0,4,4,2,4,1.58014275086578,17.8360495818674,0.0371737480651384,0.221576297196152,0.683712121212121,0.822341302555647,1.49974046564959,"NO","MULTIDATASET_LOW_EXPRESSION",0.683712121212121,0.709175084175084,-0.0254629629629629,"NO_LARGE_CONTEXT_SHIFT","GSE182158 2/2 plus GSE199071 >=3/4 donor support; CPM>=1 and expressing fraction>=0.10","DESCRIPTIVE_ONLY_NOT_CAUSAL_NOT_REQUIRED_FOR_ROBUSTNESS","results/03_phase3/baseline/baseline_ligand_expression_by_donor.csv|config/phase3_analysis.json"
"COL14A1",2,0,2,2,1,95.9595433722897,0.0373072258365289,0.560538283554277,0.000564477739556099,0.899410774410774,0.449299258037923,3.08640115743127,"YES","MULTIDATASET_LOW_EXPRESSION",0.899410774410774,0.896885521885522,0.0025252525252526,"NO_LARGE_CONTEXT_SHIFT","GSE182158 2/2 plus GSE199071 >=3/4 donor support; CPM>=1 and expressing fraction>=0.10","DESCRIPTIVE_ONLY_NOT_CAUSAL_NOT_REQUIRED_FOR_ROBUSTNESS","results/03_phase3/baseline/baseline_ligand_expression_by_donor.csv|config/phase3_analysis.json"
"COL15A1",1,0,1,2,0,22.7264173885087,0.138910705392148,0.273337618963244,0.00210180730539892,0.775252525252525,0.53957131079967,2.11947751602031,"YES","NOT_RELIABLY_EXPRESSED",0.775252525252525,0.796717171717172,-0.0214646464646464,"NO_LARGE_CONTEXT_SHIFT","GSE182158 2/2 plus GSE199071 >=3/4 donor support; CPM>=1 and expressing fraction>=0.10","DESCRIPTIVE_ONLY_NOT_CAUSAL_NOT_REQUIRED_FOR_ROBUSTNESS","results/03_phase3/baseline/baseline_ligand_expression_by_donor.csv|config/phase3_analysis.json"
"COL16A1",2,3,5,2,4,19.7624721875796,8.72163415468931,0.371193259780334,0.114913711382461,0.851851851851852,0.779472382522671,0.720877501559782,"NO","ROBUST_BASELINE_SENDER",0.851851851851852,0.832912457912458,0.0189393939393939,"NO_LARGE_CONTEXT_SHIFT","GSE182158 2/2 plus GSE199071 >=3/4 donor support; CPM>=1 and expressing fraction>=0.10","DESCRIPTIVE_ONLY_NOT_CAUSAL_NOT_REQUIRED_FOR_ROBUSTNESS","results/03_phase3/baseline/baseline_ligand_expression_by_donor.csv|config/phase3_analysis.json"
"COL17A1",0,0,0,0,3,0.0869962891738912,0.787417308546448,0.00214250053769372,0.0117578657495984,0.498316498316498,0.644888705688376,0.577645658368353,"NO","NOT_RELIABLY_EXPRESSED",0.498316498316498,0.471801346801347,0.0265151515151515,"NO_LARGE_CONTEXT_SHIFT","GSE182158 2/2 plus GSE199071 >=3/4 donor support; CPM>=1 and expressing fraction>=0.10","DESCRIPTIVE_ONLY_NOT_CAUSAL_NOT_REQUIRED_FOR_ROBUSTNESS","results/03_phase3/baseline/baseline_ligand_expression_by_donor.csv|config/phase3_analysis.json"
"COL18A1",2,4,6,2,4,21.002773331861,26.4986768192678,0.372625487207825,0.305348819953579,0.846801346801347,0.848722176422094,0.705738458162155,"YES","ROBUST_BASELINE_SENDER",0.846801346801347,0.883417508417509,-0.0366161616161617,"NO_LARGE_CONTEXT_SHIFT","GSE182158 2/2 plus GSE199071 >=3/4 donor support; CPM>=1 and expressing fraction>=0.10","DESCRIPTIVE_ONLY_NOT_CAUSAL_NOT_REQUIRED_FOR_ROBUSTNESS","results/03_phase3/baseline/baseline_ligand_expression_by_donor.csv|config/phase3_analysis.json"
"COL19A1",0,0,0,0,0,0.0765395115049126,0,0.00193480986974837,0,0.487794612794613,0.199505358615004,0.0575547902988034,"NO","NOT_RELIABLY_EXPRESSED",0.487794612794613,0.531986531986532,-0.0441919191919192,"NO_LARGE_CONTEXT_SHIFT","GSE182158 2/2 plus GSE199071 >=3/4 donor support; CPM>=1 and expressing fraction>=0.10","DESCRIPTIVE_ONLY_NOT_CAUSAL_NOT_REQUIRED_FOR_ROBUSTNESS","results/03_phase3/baseline/baseline_ligand_expression_by_donor.csv|config/phase3_analysis.json"
"COL1A1",2,4,6,2,4,3309.72601551269,1395.32958058868,0.999949295203326,0.957066101200083,0.996632996632997,0.991343775762572,0.759751629689608,"NO","ROBUST_BASELINE_SENDER",0.996632996632997,0.993686868686869,0.00294612794612792,"NO_LARGE_CONTEXT_SHIFT","GSE182158 2/2 plus GSE199071 >=3/4 donor support; CPM>=1 and expressing fraction>=0.10","DESCRIPTIVE_ONLY_NOT_CAUSAL_NOT_REQUIRED_FOR_ROBUSTNESS","results/03_phase3/baseline/baseline_ligand_expression_by_donor.csv|config/phase3_analysis.json"
"COL1A2",2,4,6,2,4,1411.26206542896,804.499568407764,0.999843014128728,0.944173788941697,0.989057239057239,0.983924154987634,0.62365762773165,"NO","ROBUST_BASELINE_SENDER",0.989057239057239,0.991161616161616,-0.00210437710437705,"NO_LARGE_CONTEXT_SHIFT","GSE182158 2/2 plus GSE199071 >=3/4 donor support; CPM>=1 and expressing fraction>=0.10","DESCRIPTIVE_ONLY_NOT_CAUSAL_NOT_REQUIRED_FOR_ROBUSTNESS","results/03_phase3/baseline/baseline_ligand_expression_by_donor.csv|config/phase3_analysis.json"
"COL20A1",0,0,0,0,0,0.0189682094948207,0,0.000466086132564467,0,0.332491582491583,0.199505358615004,0.0154313087842549,"NO","NOT_RELIABLY_EXPRESSED",0.332491582491583,0.376262626262626,-0.0437710437710437,"NO_LARGE_CONTEXT_SHIFT","GSE182158 2/2 plus GSE199071 >=3/4 donor support; CPM>=1 and expressing fraction>=0.10","DESCRIPTIVE_ONLY_NOT_CAUSAL_NOT_REQUIRED_FOR_ROBUSTNESS","results/03_phase3/baseline/baseline_ligand_expression_by_donor.csv|config/phase3_analysis.json"
"COL21A1",0,0,0,2,0,1.54152473153295,0.037186985210942,0.0342604550186366,0.000604879742790901,0.6746632996633,0.457337180544106,0.72007456909369,"NO","NOT_RELIABLY_EXPRESSED",0.6746632996633,0.850589225589226,-0.175925925925926,"NO_LARGE_CONTEXT_SHIFT","GSE182158 2/2 plus GSE199071 >=3/4 donor support; CPM>=1 and expressing fraction>=0.10","DESCRIPTIVE_ONLY_NOT_CAUSAL_NOT_REQUIRED_FOR_ROBUSTNESS","results/03_phase3/baseline/baseline_ligand_expression_by_donor.csv|config/phase3_analysis.json"
"COL22A1",0,0,0,0,0,0.0391517163794822,0,0.00097800558055241,0,0.426557239057239,0.199505358615004,0.0286124787881198,"NO","NOT_RELIABLY_EXPRESSED",0.426557239057239,0.452020202020202,-0.025462962962963,"NO_LARGE_CONTEXT_SHIFT","GSE182158 2/2 plus GSE199071 >=3/4 donor support; CPM>=1 and expressing fraction>=0.10","DESCRIPTIVE_ONLY_NOT_CAUSAL_NOT_REQUIRED_FOR_ROBUSTNESS","results/03_phase3/baseline/baseline_ligand_expression_by_donor.csv|config/phase3_analysis.json"
"COL24A1",1,0,1,1,0,2.41503968983502,0.178244275347203,0.0567917045360654,0.00282372096399329,0.681397306397306,0.549258037922506,0.896775954788005,"NO","NOT_RELIABLY_EXPRESSED",0.681397306397306,0.587962962962963,0.0934343434343435,"NO_LARGE_CONTEXT_SHIFT","GSE182158 2/2 plus GSE199071 >=3/4 donor support; CPM>=1 and expressing fraction>=0.10","DESCRIPTIVE_ONLY_NOT_CAUSAL_NOT_REQUIRED_FOR_ROBUSTNESS","results/03_phase3/baseline/baseline_ligand_expression_by_donor.csv|config/phase3_analysis.json"
"COL26A1",0,0,0,0,0,0.0274796413206628,0,0.000673776800509818,0,0.367003367003367,0.199505358615004,0.0227567079155045,"NO","NOT_RELIABLY_EXPRESSED",0.367003367003367,0.373316498316498,-0.00631313131313133,"NO_LARGE_CONTEXT_SHIFT","GSE182158 2/2 plus GSE199071 >=3/4 donor support; CPM>=1 and expressing fraction>=0.10","DESCRIPTIVE_ONLY_NOT_CAUSAL_NOT_REQUIRED_FOR_ROBUSTNESS","results/03_phase3/baseline/baseline_ligand_expression_by_donor.csv|config/phase3_analysis.json"
"COL27A1",2,3,5,2,4,7.77030905190128,6.88207361222573,0.169379536467415,0.110041846347329,0.789141414141414,0.760511129431162,0.280190254784127,"NO","ROBUST_BASELINE_SENDER",0.789141414141414,0.767255892255892,0.0218855218855218,"NO_LARGE_CONTEXT_SHIFT","GSE182158 2/2 plus GSE199071 >=3/4 donor support; CPM>=1 and expressing fraction>=0.10","DESCRIPTIVE_ONLY_NOT_CAUSAL_NOT_REQUIRED_FOR_ROBUSTNESS","results/03_phase3/baseline/baseline_ligand_expression_by_donor.csv|config/phase3_analysis.json"
"COL28A1",0,0,0,0,0,0.0599428719590641,0.0359281705861361,0.00146213688957833,0.000564477739556099,0.467592592592593,0.430544105523495,0.0331207202294053,"NO","NOT_RELIABLY_EXPRESSED",0.467592592592593,0.510521885521886,-0.0429292929292929,"NO_LARGE_CONTEXT_SHIFT","GSE182158 2/2 plus GSE199071 >=3/4 donor support; CPM>=1 and expressing fraction>=0.10","DESCRIPTIVE_ONLY_NOT_CAUSAL_NOT_REQUIRED_FOR_ROBUSTNESS","results/03_phase3/baseline/baseline_ligand_expression_by_donor.csv|config/phase3_analysis.json"
"COL2A1",0,0,0,0,0,0.0215212040328777,0,0.00053970758694997,0,0.35479797979798,0.199505358615004,0.0159454701189255,"NO","NOT_RELIABLY_EXPRESSED",0.35479797979798,0.316498316498317,0.0382996632996633,"NO_LARGE_CONTEXT_SHIFT","GSE182158 2/2 plus GSE199071 >=3/4 donor support; CPM>=1 and expressing fraction>=0.10","DESCRIPTIVE_ONLY_NOT_CAUSAL_NOT_REQUIRED_FOR_ROBUSTNESS","results/03_phase3/baseline/baseline_ligand_expression_by_donor.csv|config/phase3_analysis.json"
"COL3A1",2,4,6,2,4,1720.1054126179,436.147263433607,0.999753062864237,0.891313437199875,0.991582491582492,0.97320692497939,1.25048199643148,"NO","ROBUST_BASELINE_SENDER",0.991582491582492,0.973484848484848,0.0180976430976431,"NO_LARGE_CONTEXT_SHIFT","GSE182158 2/2 plus GSE199071 >=3/4 donor support; CPM>=1 and expressing fraction>=0.10","DESCRIPTIVE_ONLY_NOT_CAUSAL_NOT_REQUIRED_FOR_ROBUSTNESS","results/03_phase3/baseline/baseline_ligand_expression_by_donor.csv|config/phase3_analysis.json"
"COL4A1",2,4,6,2,4,56.9007736168469,98.3845081434935,0.632680618525288,0.627383543769399,0.906565656565657,0.927452596867271,0.530198562689685,"NO","ROBUST_BASELINE_SENDER",0.906565656565657,0.906144781144781,0.000420875420875433,"NO_LARGE_CONTEXT_SHIFT","GSE182158 2/2 plus GSE199071 >=3/4 donor support; CPM>=1 and expressing fraction>=0.10","DESCRIPTIVE_ONLY_NOT_CAUSAL_NOT_REQUIRED_FOR_ROBUSTNESS","results/03_phase3/baseline/baseline_ligand_expression_by_donor.csv|config/phase3_analysis.json"
"COL4A2",2,4,6,2,4,79.6109778567814,154.69978436796,0.782506423270907,0.794318187912932,0.921296296296296,0.950948062654575,0.608013082489414,"NO","ROBUST_BASELINE_SENDER",0.921296296296296,0.906986531986532,0.0143097643097643,"NO_LARGE_CONTEXT_SHIFT","GSE182158 2/2 plus GSE199071 >=3/4 donor support; CPM>=1 and expressing fraction>=0.10","DESCRIPTIVE_ONLY_NOT_CAUSAL_NOT_REQUIRED_FOR_ROBUSTNESS","results/03_phase3/baseline/baseline_ligand_expression_by_donor.csv|config/phase3_analysis.json"
"COL4A3",0,0,0,0,0,0.0231627255285541,0,0.000578954054767867,0,0.36763468013468,0.199505358615004,0.0364200924734191,"NO","NOT_RELIABLY_EXPRESSED",0.36763468013468,0.333333333333333,0.0343013468013468,"NO_LARGE_CONTEXT_SHIFT","GSE182158 2/2 plus GSE199071 >=3/4 donor support; CPM>=1 and expressing fraction>=0.10","DESCRIPTIVE_ONLY_NOT_CAUSAL_NOT_REQUIRED_FOR_ROBUSTNESS","results/03_phase3/baseline/baseline_ligand_expression_by_donor.csv|config/phase3_analysis.json"
"COL4A4",0,0,0,0,1,0.0560521802727909,0.308223291737565,0.00141143209290456,0.00461881865863588,0.461279461279461,0.569043693322341,0.288150553708104,"NO","NOT_RELIABLY_EXPRESSED",0.461279461279461,0.531986531986532,-0.0707070707070707,"NO_LARGE_CONTEXT_SHIFT","GSE182158 2/2 plus GSE199071 >=3/4 donor support; CPM>=1 and expressing fraction>=0.10","DESCRIPTIVE_ONLY_NOT_CAUSAL_NOT_REQUIRED_FOR_ROBUSTNESS","results/03_phase3/baseline/baseline_ligand_expression_by_donor.csv|config/phase3_analysis.json"
"COL4A5",2,2,4,2,4,14.1951253278358,6.76400749787593,0.280740300379355,0.106177743556608,0.828703703703704,0.761129431162407,0.528633129058571,"NO","MULTIDATASET_LOW_EXPRESSION",0.828703703703704,0.571548821548822,0.257154882154882,"UC_HIGHER_CONTEXT","GSE182158 2/2 plus GSE199071 >=3/4 donor support; CPM>=1 and expressing fraction>=0.10","DESCRIPTIVE_ONLY_NOT_CAUSAL_NOT_REQUIRED_FOR_ROBUSTNESS","results/03_phase3/baseline/baseline_ligand_expression_by_donor.csv|config/phase3_analysis.json"
"COL4A6",0,0,0,2,4,2.03692747463079,1.26925424445322,0.0474819854692948,0.0178969683427291,0.707912457912458,0.676422093981863,0.229144981285706,"NO","MULTIDATASET_LOW_EXPRESSION",0.707912457912458,0.416666666666667,0.291245791245791,"UC_HIGHER_CONTEXT","GSE182158 2/2 plus GSE199071 >=3/4 donor support; CPM>=1 and expressing fraction>=0.10","DESCRIPTIVE_ONLY_NOT_CAUSAL_NOT_REQUIRED_FOR_ROBUSTNESS","results/03_phase3/baseline/baseline_ligand_expression_by_donor.csv|config/phase3_analysis.json"
"COL5A1",2,4,6,2,4,198.728238858856,78.5509614420093,0.932444821320913,0.555701910387367,0.949915824915825,0.915086562242374,0.932250718844057,"YES","ROBUST_BASELINE_SENDER",0.949915824915825,0.887626262626263,0.0622895622895623,"NO_LARGE_CONTEXT_SHIFT","GSE182158 2/2 plus GSE199071 >=3/4 donor support; CPM>=1 and expressing fraction>=0.10","DESCRIPTIVE_ONLY_NOT_CAUSAL_NOT_REQUIRED_FOR_ROBUSTNESS","results/03_phase3/baseline/baseline_ligand_expression_by_donor.csv|config/phase3_analysis.json"
"COL5A2",2,4,6,2,4,167.773864925937,199.822981916312,0.949008339148067,0.822512238394277,0.949494949494949,0.955894476504534,0.495353433074596,"NO","ROBUST_BASELINE_SENDER",0.949494949494949,0.921296296296296,0.0281986531986531,"NO_LARGE_CONTEXT_SHIFT","GSE182158 2/2 plus GSE199071 >=3/4 donor support; CPM>=1 and expressing fraction>=0.10","DESCRIPTIVE_ONLY_NOT_CAUSAL_NOT_REQUIRED_FOR_ROBUSTNESS","results/03_phase3/baseline/baseline_ligand_expression_by_donor.csv|config/phase3_analysis.json"
"COL5A3",0,0,0,1,2,0.697050160731724,0.949390107880227,0.0169348528534065,0.0138610119864292,0.627104377104377,0.653544929925804,0.640585396386277,"NO","MULTIDATASET_LOW_EXPRESSION",0.627104377104377,0.850589225589226,-0.223484848484848,"NO_LARGE_CONTEXT_SHIFT","GSE182158 2/2 plus GSE199071 >=3/4 donor support; CPM>=1 and expressing fraction>=0.10","DESCRIPTIVE_ONLY_NOT_CAUSAL_NOT_REQUIRED_FOR_ROBUSTNESS","results/03_phase3/baseline/baseline_ligand_expression_by_donor.csv|config/phase3_analysis.json"
"COL6A1",2,4,6,2,4,392.814011750218,328.320546114766,0.996212578546665,0.898897595443272,0.968855218855219,0.971145919208574,0.246746745148538,"NO","ROBUST_BASELINE_SENDER",0.968855218855219,0.986952861952862,-0.0180976430976431,"NO_LARGE_CONTEXT_SHIFT","GSE182158 2/2 plus GSE199071 >=3/4 donor support; CPM>=1 and expressing fraction>=0.10","DESCRIPTIVE_ONLY_NOT_CAUSAL_NOT_REQUIRED_FOR_ROBUSTNESS","results/03_phase3/baseline/baseline_ligand_expression_by_donor.csv|config/phase3_analysis.json"
"COL6A2",2,4,6,2,4,478.721763537886,264.691909104863,0.997442392744231,0.888804641056039,0.973905723905724,0.966611706512778,0.621577425590417,"NO","ROBUST_BASELINE_SENDER",0.973905723905724,0.991161616161616,-0.0172558922558923,"NO_LARGE_CONTEXT_SHIFT","GSE182158 2/2 plus GSE199071 >=3/4 donor support; CPM>=1 and expressing fraction>=0.10","DESCRIPTIVE_ONLY_NOT_CAUSAL_NOT_REQUIRED_FOR_ROBUSTNESS","results/03_phase3/baseline/baseline_ligand_expression_by_donor.csv|config/phase3_analysis.json"
"COL6A3",2,4,6,2,4,210.9221417875,194.91908284183,0.917467285058228,0.817457105869094,0.949074074074074,0.956718878812861,0.611626489034696,"NO","ROBUST_BASELINE_SENDER",0.949074074074074,0.97516835016835,-0.0260942760942761,"NO_LARGE_CONTEXT_SHIFT","GSE182158 2/2 plus GSE199071 >=3/4 donor support; CPM>=1 and expressing fraction>=0.10","DESCRIPTIVE_ONLY_NOT_CAUSAL_NOT_REQUIRED_FOR_ROBUSTNESS","results/03_phase3/baseline/baseline_ligand_expression_by_donor.csv|config/phase3_analysis.json"
"COL6A5",0,0,0,0,0,0.0212173796854175,0,0.000528249258094101,0,0.355218855218855,0.199505358615004,0.0157197798737757,"NO","NOT_RELIABLY_EXPRESSED",0.355218855218855,0.370791245791246,-0.0155723905723906,"NO_LARGE_CONTEXT_SHIFT","GSE182158 2/2 plus GSE199071 >=3/4 donor support; CPM>=1 and expressing fraction>=0.10","DESCRIPTIVE_ONLY_NOT_CAUSAL_NOT_REQUIRED_FOR_ROBUSTNESS","results/03_phase3/baseline/baseline_ligand_expression_by_donor.csv|config/phase3_analysis.json"
"COL6A6",0,0,0,0,0,0.0423123596124595,0,0.00107454369264965,0,0.428451178451178,0.199505358615004,0.0338402479992263,"NO","NOT_RELIABLY_EXPRESSED",0.428451178451178,0.49537037037037,-0.0669191919191919,"NO_LARGE_CONTEXT_SHIFT","GSE182158 2/2 plus GSE199071 >=3/4 donor support; CPM>=1 and expressing fraction>=0.10","DESCRIPTIVE_ONLY_NOT_CAUSAL_NOT_REQUIRED_FOR_ROBUSTNESS","results/03_phase3/baseline/baseline_ligand_expression_by_donor.csv|config/phase3_analysis.json"
"COL7A1",1,2,3,2,4,5.57388496861808,6.06814239985152,0.125016684027289,0.0922057055642008,0.762205387205387,0.754122011541632,0.427720646221427,"NO","MULTIDATASET_LOW_EXPRESSION",0.762205387205387,0.711700336700337,0.0505050505050505,"NO_LARGE_CONTEXT_SHIFT","GSE182158 2/2 plus GSE199071 >=3/4 donor support; CPM>=1 and expressing fraction>=0.10","DESCRIPTIVE_ONLY_NOT_CAUSAL_NOT_REQUIRED_FOR_ROBUSTNESS","results/03_phase3/baseline/baseline_ligand_expression_by_donor.csv|config/phase3_analysis.json"
"COL8A1",2,4,6,2,4,134.153834429501,92.4360392048247,0.778763040167273,0.626812704774923,0.937710437710438,0.924979389942292,0.653264343430899,"NO","ROBUST_BASELINE_SENDER",0.937710437710438,0.85479797979798,0.0829124579124579,"NO_LARGE_CONTEXT_SHIFT","GSE182158 2/2 plus GSE199071 >=3/4 donor support; CPM>=1 and expressing fraction>=0.10","DESCRIPTIVE_ONLY_NOT_CAUSAL_NOT_REQUIRED_FOR_ROBUSTNESS","results/03_phase3/baseline/baseline_ligand_expression_by_donor.csv|config/phase3_analysis.json"
"COL8A2",0,0,0,2,3,0.914119947920918,0.85914598520542,0.0218587741665668,0.0140125729591713,0.654040404040404,0.654781533388294,0.47258447786909,"NO","MULTIDATASET_LOW_EXPRESSION",0.654040404040404,0.647727272727273,0.00631313131313127,"NO_LARGE_CONTEXT_SHIFT","GSE182158 2/2 plus GSE199071 >=3/4 donor support; CPM>=1 and expressing fraction>=0.10","DESCRIPTIVE_ONLY_NOT_CAUSAL_NOT_REQUIRED_FOR_ROBUSTNESS","results/03_phase3/baseline/baseline_ligand_expression_by_donor.csv|config/phase3_analysis.json"
"COL9A1",0,0,0,0,0,0.0143474693552518,0,0.000359805057966647,0,0.302188552188552,0.199505358615004,0.0106685984024617,"NO","NOT_RELIABLY_EXPRESSED",0.302188552188552,0.178030303030303,0.124158249158249,"NO_LARGE_CONTEXT_SHIFT","GSE182158 2/2 plus GSE199071 >=3/4 donor support; CPM>=1 and expressing fraction>=0.10","DESCRIPTIVE_ONLY_NOT_CAUSAL_NOT_REQUIRED_FOR_ROBUSTNESS","results/03_phase3/baseline/baseline_ligand_expression_by_donor.csv|config/phase3_analysis.json"
"COL9A2",0,0,0,2,0,1.02869652768906,0.0359281705861361,0.0254401526588497,0.000631921155241517,0.666245791245791,0.448680956306678,0.502447972877912,"NO","NOT_RELIABLY_EXPRESSED",0.666245791245791,0.59469696969697,0.0715488215488216,"NO_LARGE_CONTEXT_SHIFT","GSE182158 2/2 plus GSE199071 >=3/4 donor support; CPM>=1 and expressing fraction>=0.10","DESCRIPTIVE_ONLY_NOT_CAUSAL_NOT_REQUIRED_FOR_ROBUSTNESS","results/03_phase3/baseline/baseline_ligand_expression_by_donor.csv|config/phase3_analysis.json"
"COL9A3",1,0,1,2,0,8.80838558053258,0.0436598578111557,0.16351349694824,0.000660644520635769,0.776094276094276,0.444765045342127,1.62285585375611,"NO","NOT_RELIABLY_EXPRESSED",0.776094276094276,0.599326599326599,0.176767676767677,"NO_LARGE_CONTEXT_SHIFT","GSE182158 2/2 plus GSE199071 >=3/4 donor support; CPM>=1 and expressing fraction>=0.10","DESCRIPTIVE_ONLY_NOT_CAUSAL_NOT_REQUIRED_FOR_ROBUSTNESS","results/03_phase3/baseline/baseline_ligand_expression_by_donor.csv|config/phase3_analysis.json"
"COLQ",0,0,0,0,0,0.108091269100933,0.0718563411722721,0.00273949976892304,0.0012097594855818,0.513257575757576,0.496084089035449,0.0394822174731912,"NO","NOT_RELIABLY_EXPRESSED",0.513257575757576,0.545454545454545,-0.0321969696969697,"NO_LARGE_CONTEXT_SHIFT","GSE182158 2/2 plus GSE199071 >=3/4 donor support; CPM>=1 and expressing fraction>=0.10","DESCRIPTIVE_ONLY_NOT_CAUSAL_NOT_REQUIRED_FOR_ROBUSTNESS","results/03_phase3/baseline/baseline_ligand_expression_by_donor.csv|config/phase3_analysis.json"
"COMP",0,0,0,1,0,1.53706801559464,0.0359281705861361,0.0267475006196811,0.000631921155241517,0.580597643097643,0.448680956306678,0.800249705595145,"NO","NOT_RELIABLY_EXPRESSED",0.580597643097643,0.624158249158249,-0.043560606060606,"NO_LARGE_CONTEXT_SHIFT","GSE182158 2/2 plus GSE199071 >=3/4 donor support; CPM>=1 and expressing fraction>=0.10","DESCRIPTIVE_ONLY_NOT_CAUSAL_NOT_REQUIRED_FOR_ROBUSTNESS","results/03_phase3/baseline/baseline_ligand_expression_by_donor.csv|config/phase3_analysis.json"
"COPA",2,4,6,2,4,63.1177486209764,110.082375486099,0.759358481638894,0.741140181960935,0.911195286195286,0.930338004946414,0.425742830359443,"NO","ROBUST_BASELINE_SENDER",0.911195286195286,0.890993265993266,0.0202020202020202,"NO_LARGE_CONTEXT_SHIFT","GSE182158 2/2 plus GSE199071 >=3/4 donor support; CPM>=1 and expressing fraction>=0.10","DESCRIPTIVE_ONLY_NOT_CAUSAL_NOT_REQUIRED_FOR_ROBUSTNESS","results/03_phase3/baseline/baseline_ligand_expression_by_donor.csv|config/phase3_analysis.json"
"CORIN",0,0,0,0,0,0.0594576230225192,0.292105174717605,0.0014718798520789,0.00416738470146397,0.46506734006734,0.585943940643034,0.221388432850548,"NO","NOT_RELIABLY_EXPRESSED",0.46506734006734,0.478535353535354,-0.0134680134680135,"NO_LARGE_CONTEXT_SHIFT","GSE182158 2/2 plus GSE199071 >=3/4 donor support; CPM>=1 and expressing fraction>=0.10","DESCRIPTIVE_ONLY_NOT_CAUSAL_NOT_REQUIRED_FOR_ROBUSTNESS","results/03_phase3/baseline/baseline_ligand_expression_by_donor.csv|config/phase3_analysis.json"
"CORT",0,0,0,0,4,0.106086898427087,4.01335675846617,0.00264124629047051,0.0632995746839245,0.520622895622896,0.730214344600165,1.12471159781546,"NO","NOT_RELIABLY_EXPRESSED",0.520622895622896,0.481902356902357,0.0387205387205388,"NO_LARGE_CONTEXT_SHIFT","GSE182158 2/2 plus GSE199071 >=3/4 donor support; CPM>=1 and expressing fraction>=0.10","DESCRIPTIVE_ONLY_NOT_CAUSAL_NOT_REQUIRED_FOR_ROBUSTNESS","results/03_phase3/baseline/baseline_ligand_expression_by_donor.csv|config/phase3_analysis.json"
"CP",0,0,0,0,0,0.0609767447598201,0.0666833197143767,0.00152917149635825,0.00100908173562059,0.471170033670034,0.380667765869744,0.16294401255268,"YES","NOT_RELIABLY_EXPRESSED",0.471170033670034,0.571127946127946,-0.0999579124579125,"NO_LARGE_CONTEXT_SHIFT","GSE182158 2/2 plus GSE199071 >=3/4 donor support; CPM>=1 and expressing fraction>=0.10","DESCRIPTIVE_ONLY_NOT_CAUSAL_NOT_REQUIRED_FOR_ROBUSTNESS","results/03_phase3/baseline/baseline_ligand_expression_by_donor.csv|config/phase3_analysis.json"
"CPAMD8",0,0,0,2,0,0.913018350095539,0.110371022487356,0.0222222845750596,0.0017533700904141,0.657407407407407,0.526174773289365,0.416417265905398,"NO","NOT_RELIABLY_EXPRESSED",0.657407407407407,0.580808080808081,0.0765993265993267,"NO_LARGE_CONTEXT_SHIFT","GSE182158 2/2 plus GSE199071 >=3/4 donor support; CPM>=1 and expressing fraction>=0.10","DESCRIPTIVE_ONLY_NOT_CAUSAL_NOT_REQUIRED_FOR_ROBUSTNESS","results/03_phase3/baseline/baseline_ligand_expression_by_donor.csv|config/phase3_analysis.json"
"CRB3",0,0,0,0,0,0.0355648490406693,0.0398937365654767,0.000888054316060748,0.000691858026987323,0.414351851851852,0.430544105523495,0.0361508633317881,"NO","NOT_RELIABLY_EXPRESSED",0.414351851851852,0.316498316498317,0.0978535353535354,"NO_LARGE_CONTEXT_SHIFT","GSE182158 2/2 plus GSE199071 >=3/4 donor support; CPM>=1 and expressing fraction>=0.10","DESCRIPTIVE_ONLY_NOT_CAUSAL_NOT_REQUIRED_FOR_ROBUSTNESS","results/03_phase3/baseline/baseline_ligand_expression_by_donor.csv|config/phase3_analysis.json"
"CRH",0,0,0,0,0,0.00358686733881295,0.0192573406575419,8.99512644916617e-05,0.000379650721336371,0.146464646464646,0.323371805441055,0.0668123180364158,"YES","NOT_RELIABLY_EXPRESSED",0.146464646464646,0.416245791245791,-0.269781144781145,"UC_LOWER_CONTEXT","GSE182158 2/2 plus GSE199071 >=3/4 donor support; CPM>=1 and expressing fraction>=0.10","DESCRIPTIVE_ONLY_NOT_CAUSAL_NOT_REQUIRED_FOR_ROBUSTNESS","results/03_phase3/baseline/baseline_ligand_expression_by_donor.csv|config/phase3_analysis.json"
"CRHR2",0,0,0,0,0,0.0201835068846615,0,0.000511919447987943,0,0.339225589225589,0.199505358615004,0.0161514742902284,"NO","NOT_RELIABLY_EXPRESSED",0.339225589225589,0.343434343434343,-0.00420875420875422,"NO_LARGE_CONTEXT_SHIFT","GSE182158 2/2 plus GSE199071 >=3/4 donor support; CPM>=1 and expressing fraction>=0.10","DESCRIPTIVE_ONLY_NOT_CAUSAL_NOT_REQUIRED_FOR_ROBUSTNESS","results/03_phase3/baseline/baseline_ligand_expression_by_donor.csv|config/phase3_analysis.json"
"CRISP2",0,0,0,0,0,0.00911908052076245,0,0.000230607325657089,0,0.239478114478115,0.199505358615004,0.00714382482919286,"NO","NOT_RELIABLY_EXPRESSED",0.239478114478115,0.117845117845118,0.121632996632997,"NO_LARGE_CONTEXT_SHIFT","GSE182158 2/2 plus GSE199071 >=3/4 donor support; CPM>=1 and expressing fraction>=0.10","DESCRIPTIVE_ONLY_NOT_CAUSAL_NOT_REQUIRED_FOR_ROBUSTNESS","results/03_phase3/baseline/baseline_ligand_expression_by_donor.csv|config/phase3_analysis.json"
"CRISP3",0,0,0,0,0,0,0,0,0,0.0536616161616162,0.199505358615004,0,"NO","NOT_RELIABLY_EXPRESSED",0.0536616161616162,0.115319865319865,-0.0616582491582492,"NO_LARGE_CONTEXT_SHIFT","GSE182158 2/2 plus GSE199071 >=3/4 donor support; CPM>=1 and expressing fraction>=0.10","DESCRIPTIVE_ONLY_NOT_CAUSAL_NOT_REQUIRED_FOR_ROBUSTNESS","results/03_phase3/baseline/baseline_ligand_expression_by_donor.csv|config/phase3_analysis.json"
"CRLF1",0,0,0,0,1,0.0851733430891301,0.533443297528029,0.00212445536123228,0.00761116622237657,0.504208754208754,0.626545754328112,0.356376807638919,"NO","NOT_RELIABLY_EXPRESSED",0.504208754208754,0.731481481481482,-0.227272727272727,"NO_LARGE_CONTEXT_SHIFT","GSE182158 2/2 plus GSE199071 >=3/4 donor support; CPM>=1 and expressing fraction>=0.10","DESCRIPTIVE_ONLY_NOT_CAUSAL_NOT_REQUIRED_FOR_ROBUSTNESS","results/03_phase3/baseline/baseline_ligand_expression_by_donor.csv|config/phase3_analysis.json"
"CRP",0,0,0,0,0,0.00389069168627313,0,0.000101409593347531,0,0.13510101010101,0.199505358615004,0.00456532261990384,"NO","NOT_RELIABLY_EXPRESSED",0.13510101010101,0.131734006734007,0.00336700336700335,"NO_LARGE_CONTEXT_SHIFT","GSE182158 2/2 plus GSE199071 >=3/4 donor support; CPM>=1 and expressing fraction>=0.10","DESCRIPTIVE_ONLY_NOT_CAUSAL_NOT_REQUIRED_FOR_ROBUSTNESS","results/03_phase3/baseline/baseline_ligand_expression_by_donor.csv|config/phase3_analysis.json"
"CRTAM",0,0,0,0,0,0.0215212040328777,0.0476254237904963,0.00053970758694997,0.000720581392381575,0.35479797979798,0.463932399010717,0.056118904702743,"NO","NOT_RELIABLY_EXPRESSED",0.35479797979798,0.496212121212121,-0.141414141414141,"NO_LARGE_CONTEXT_SHIFT","GSE182158 2/2 plus GSE199071 >=3/4 donor support; CPM>=1 and expressing fraction>=0.10","DESCRIPTIVE_ONLY_NOT_CAUSAL_NOT_REQUIRED_FOR_ROBUSTNESS","results/03_phase3/baseline/baseline_ligand_expression_by_donor.csv|config/phase3_analysis.json"
"CSF1",2,4,6,2,4,9.99258558478345,10.0895109947698,0.211184638372913,0.146675815061445,0.80787037037037,0.788540807914262,0.430617306232419,"NO","ROBUST_BASELINE_SENDER",0.80787037037037,0.806818181818182,0.00105218855218858,"NO_LARGE_CONTEXT_SHIFT","GSE182158 2/2 plus GSE199071 >=3/4 donor support; CPM>=1 and expressing fraction>=0.10","DESCRIPTIVE_ONLY_NOT_CAUSAL_NOT_REQUIRED_FOR_ROBUSTNESS","results/03_phase3/baseline/baseline_ligand_expression_by_donor.csv|config/phase3_analysis.json"
"CSF2",0,0,0,0,1,0,0.185126360043478,0,0.00250316280532135,0.0536616161616162,0.553173948887057,0.625403377516803,"NO","NOT_RELIABLY_EXPRESSED",0.0536616161616162,0.0500841750841751,0.00357744107744108,"NO_LARGE_CONTEXT_SHIFT","GSE182158 2/2 plus GSE199071 >=3/4 donor support; CPM>=1 and expressing fraction>=0.10","DESCRIPTIVE_ONLY_NOT_CAUSAL_NOT_REQUIRED_FOR_ROBUSTNESS","results/03_phase3/baseline/baseline_ligand_expression_by_donor.csv|config/phase3_analysis.json"
"CSF3",0,0,0,1,2,0.485940687357004,0.618490674110108,0.00765361046012096,0.00781068700138754,0.608585858585859,0.599958779884584,0.79344551269057,"NO","MULTIDATASET_LOW_EXPRESSION",0.608585858585859,0.346380471380471,0.262205387205387,"UC_HIGHER_CONTEXT","GSE182158 2/2 plus GSE199071 >=3/4 donor support; CPM>=1 and expressing fraction>=0.10","DESCRIPTIVE_ONLY_NOT_CAUSAL_NOT_REQUIRED_FOR_ROBUSTNESS","results/03_phase3/baseline/baseline_ligand_expression_by_donor.csv|config/phase3_analysis.json"
"CSH1",0,0,0,0,0,0,0,0,0,0.0536616161616162,0.199505358615004,0,"NO","NOT_RELIABLY_EXPRESSED",0.0536616161616162,0.0500841750841751,0.00357744107744108,"NO_LARGE_CONTEXT_SHIFT","GSE182158 2/2 plus GSE199071 >=3/4 donor support; CPM>=1 and expressing fraction>=0.10","DESCRIPTIVE_ONLY_NOT_CAUSAL_NOT_REQUIRED_FOR_ROBUSTNESS","results/03_phase3/baseline/baseline_ligand_expression_by_donor.csv|config/phase3_analysis.json"
"CSH2",0,0,0,0,0,0.00194534584313656,0,5.07047966737653e-05,0,0.100589225589226,0.199505358615004,0.00228708467680247,"NO","NOT_RELIABLY_EXPRESSED",0.100589225589226,0.047979797979798,0.0526094276094276,"NO_LARGE_CONTEXT_SHIFT","GSE182158 2/2 plus GSE199071 >=3/4 donor support; CPM>=1 and expressing fraction>=0.10","DESCRIPTIVE_ONLY_NOT_CAUSAL_NOT_REQUIRED_FOR_ROBUSTNESS","results/03_phase3/baseline/baseline_ligand_expression_by_donor.csv|config/phase3_analysis.json"
"CSHL1",0,0,0,0,0,0.00389069168627313,0,0.000101409593347531,0,0.13510101010101,0.199505358615004,0.00456532261990384,"NO","NOT_RELIABLY_EXPRESSED",0.13510101010101,0.131734006734007,0.00336700336700335,"NO_LARGE_CONTEXT_SHIFT","GSE182158 2/2 plus GSE199071 >=3/4 donor support; CPM>=1 and expressing fraction>=0.10","DESCRIPTIVE_ONLY_NOT_CAUSAL_NOT_REQUIRED_FOR_ROBUSTNESS","results/03_phase3/baseline/baseline_ligand_expression_by_donor.csv|config/phase3_analysis.json"
"CTF1",0,0,0,2,4,0.905169241698369,3.0391502815541,0.0223273995189333,0.049852418634675,0.657407407407407,0.713932399010717,0.590335702159739,"NO","MULTIDATASET_LOW_EXPRESSION",0.657407407407407,0.651094276094276,0.00631313131313138,"NO_LARGE_CONTEXT_SHIFT","GSE182158 2/2 plus GSE199071 >=3/4 donor support; CPM>=1 and expressing fraction>=0.10","DESCRIPTIVE_ONLY_NOT_CAUSAL_NOT_REQUIRED_FOR_ROBUSTNESS","results/03_phase3/baseline/baseline_ligand_expression_by_donor.csv|config/phase3_analysis.json"
"CTHRC1",2,4,6,2,4,527.611479209515,372.726318602349,0.993669311116832,0.900428107112206,0.977272727272727,0.974031327287716,0.367887739525133,"NO","ROBUST_BASELINE_SENDER",0.977272727272727,0.955808080808081,0.0214646464646465,"NO_LARGE_CONTEXT_SHIFT","GSE182158 2/2 plus GSE199071 >=3/4 donor support; CPM>=1 and expressing fraction>=0.10","DESCRIPTIVE_ONLY_NOT_CAUSAL_NOT_REQUIRED_FOR_ROBUSTNESS","results/03_phase3/baseline/baseline_ligand_expression_by_donor.csv|config/phase3_analysis.json"
"CTSD",2,4,6,2,4,135.124722104854,67.3095244301188,0.912190897748723,0.594784194108077,0.939393939393939,0.908903544929926,0.588293445293434,"NO","ROBUST_BASELINE_SENDER",0.939393939393939,0.947390572390572,-0.00799663299663289,"NO_LARGE_CONTEXT_SHIFT","GSE182158 2/2 plus GSE199071 >=3/4 donor support; CPM>=1 and expressing fraction>=0.10","DESCRIPTIVE_ONLY_NOT_CAUSAL_NOT_REQUIRED_FOR_ROBUSTNESS","results/03_phase3/baseline/baseline_ligand_expression_by_donor.csv|config/phase3_analysis.json"
"CTSG",0,0,0,0,0,0.0251080713716906,0,0.000629658851441632,0,0.378156565656566,0.199505358615004,0.0185697907064013,"NO","NOT_RELIABLY_EXPRESSED",0.378156565656566,0.301346801346801,0.0768097643097643,"NO_LARGE_CONTEXT_SHIFT","GSE182158 2/2 plus GSE199071 >=3/4 donor support; CPM>=1 and expressing fraction>=0.10","DESCRIPTIVE_ONLY_NOT_CAUSAL_NOT_REQUIRED_FOR_ROBUSTNESS","results/03_phase3/baseline/baseline_ligand_expression_by_donor.csv|config/phase3_analysis.json"
"CX3CL1",0,0,0,0,0,0.0137398206603314,0.0295755386115093,0.000336888400254909,0.000508712961711231,0.288510101010101,0.401277823577906,0.0229942140264338,"NO","NOT_RELIABLY_EXPRESSED",0.288510101010101,0.420875420875421,-0.13236531986532,"NO_LARGE_CONTEXT_SHIFT","GSE182158 2/2 plus GSE199071 >=3/4 donor support; CPM>=1 and expressing fraction>=0.10","DESCRIPTIVE_ONLY_NOT_CAUSAL_NOT_REQUIRED_FOR_ROBUSTNESS","results/03_phase3/baseline/baseline_ligand_expression_by_donor.csv|config/phase3_analysis.json"
"CXADR",0,0,0,0,1,0.0609767447598201,0.535117805507953,0.00139997376404869,0.00799008901819692,0.471170033670034,0.625103050288541,0.571098200501218,"NO","NOT_RELIABLY_EXPRESSED",0.471170033670034,0.400252525252525,0.0709175084175084,"NO_LARGE_CONTEXT_SHIFT","GSE182158 2/2 plus GSE199071 >=3/4 donor support; CPM>=1 and expressing fraction>=0.10","DESCRIPTIVE_ONLY_NOT_CAUSAL_NOT_REQUIRED_FOR_ROBUSTNESS","results/03_phase3/baseline/baseline_ligand_expression_by_donor.csv|config/phase3_analysis.json"
"CXCL1",2,4,6,2,4,132.34822518248,105.050145891896,0.482587359907104,0.315330589666687,0.939814814814815,0.928276999175598,0.735333744116533,"NO","ROBUST_BASELINE_SENDER",0.939814814814815,0.918771043771044,0.0210437710437711,"NO_LARGE_CONTEXT_SHIFT","GSE182158 2/2 plus GSE199071 >=3/4 donor support; CPM>=1 and expressing fraction>=0.10","DESCRIPTIVE_ONLY_NOT_CAUSAL_NOT_REQUIRED_FOR_ROBUSTNESS","results/03_phase3/baseline/baseline_ligand_expression_by_donor.csv|config/phase3_analysis.json"
"CXCL10",0,0,0,0,0,0.00328304299135276,0,7.84929356357928e-05,0,0.134890572390572,0.211871393239901,0.0233569425518409,"NO","NOT_RELIABLY_EXPRESSED",0.134890572390572,0.457491582491583,-0.32260101010101,"UC_LOWER_CONTEXT","GSE182158 2/2 plus GSE199071 >=3/4 donor support; CPM>=1 and expressing fraction>=0.10","DESCRIPTIVE_ONLY_NOT_CAUSAL_NOT_REQUIRED_FOR_ROBUSTNESS","results/03_phase3/baseline/baseline_ligand_expression_by_donor.csv|config/phase3_analysis.json"
"CXCL11",0,0,0,0,0,0,0,0,0,0.0536616161616162,0.199505358615004,0,"NO","NOT_RELIABLY_EXPRESSED",0.0536616161616162,0.341329966329966,-0.28766835016835,"UC_LOWER_CONTEXT","GSE182158 2/2 plus GSE199071 >=3/4 donor support; CPM>=1 and expressing fraction>=0.10","DESCRIPTIVE_ONLY_NOT_CAUSAL_NOT_REQUIRED_FOR_ROBUSTNESS","results/03_phase3/baseline/baseline_ligand_expression_by_donor.csv|config/phase3_analysis.json"
"CXCL12",2,1,3,2,4,87.9747640993207,5.68570908195708,0.459239990021423,0.0535069231370609,0.880050505050505,0.745671887881286,2.29103593931025,"YES","MULTIDATASET_LOW_EXPRESSION",0.880050505050505,0.970959595959596,-0.0909090909090909,"NO_LARGE_CONTEXT_SHIFT","GSE182158 2/2 plus GSE199071 >=3/4 donor support; CPM>=1 and expressing fraction>=0.10","DESCRIPTIVE_ONLY_NOT_CAUSAL_NOT_REQUIRED_FOR_ROBUSTNESS","results/03_phase3/baseline/baseline_ligand_expression_by_donor.csv|config/phase3_analysis.json"
"CXCL13",0,0,0,0,0,0.00717373467762589,0,0.000179902528983323,0,0.216329966329966,0.199505358615004,0.00535362831784548,"NO","NOT_RELIABLY_EXPRESSED",0.216329966329966,0.131734006734007,0.0845959595959596,"NO_LARGE_CONTEXT_SHIFT","GSE182158 2/2 plus GSE199071 >=3/4 donor support; CPM>=1 and expressing fraction>=0.10","DESCRIPTIVE_ONLY_NOT_CAUSAL_NOT_REQUIRED_FOR_ROBUSTNESS","results/03_phase3/baseline/baseline_ligand_expression_by_donor.csv|config/phase3_analysis.json"
"CXCL14",0,0,0,1,0,2.34439524069022,0.0605301324734114,0.0276203912563598,0.00100406533263828,0.672138047138047,0.475061830173125,0.938470043095126,"NO","NOT_RELIABLY_EXPRESSED",0.672138047138047,0.787457912457913,-0.115319865319865,"NO_LARGE_CONTEXT_SHIFT","GSE182158 2/2 plus GSE199071 >=3/4 donor support; CPM>=1 and expressing fraction>=0.10","DESCRIPTIVE_ONLY_NOT_CAUSAL_NOT_REQUIRED_FOR_ROBUSTNESS","results/03_phase3/baseline/baseline_ligand_expression_by_donor.csv|config/phase3_analysis.json"
"CXCL16",0,0,0,2,0,0.754879312549438,0.336186493551854,0.0183666623842207,0.00625232167077748,0.647306397306397,0.586562242374279,0.258951653032167,"NO","NOT_RELIABLY_EXPRESSED",0.647306397306397,0.680555555555556,-0.0332491582491583,"NO_LARGE_CONTEXT_SHIFT","GSE182158 2/2 plus GSE199071 >=3/4 donor support; CPM>=1 and expressing fraction>=0.10","DESCRIPTIVE_ONLY_NOT_CAUSAL_NOT_REQUIRED_FOR_ROBUSTNESS","results/03_phase3/baseline/baseline_ligand_expression_by_donor.csv|config/phase3_analysis.json"
"CXCL17",0,0,0,0,0,0.00851143182584209,0,0.000207690667945351,0,0.22790404040404,0.199505358615004,0.00756624701105444,"NO","NOT_RELIABLY_EXPRESSED",0.22790404040404,0.131734006734007,0.0961700336700336,"NO_LARGE_CONTEXT_SHIFT","GSE182158 2/2 plus GSE199071 >=3/4 donor support; CPM>=1 and expressing fraction>=0.10","DESCRIPTIVE_ONLY_NOT_CAUSAL_NOT_REQUIRED_FOR_ROBUSTNESS","results/03_phase3/baseline/baseline_ligand_expression_by_donor.csv|config/phase3_analysis.json"
"CXCL2",2,4,6,2,4,20.9150626888869,31.4601708271931,0.201336242530992,0.247530413791372,0.849326599326599,0.856760098928277,0.891293843816495,"NO","ROBUST_BASELINE_SENDER",0.849326599326599,0.750420875420875,0.0989057239057239,"NO_LARGE_CONTEXT_SHIFT","GSE182158 2/2 plus GSE199071 >=3/4 donor support; CPM>=1 and expressing fraction>=0.10","DESCRIPTIVE_ONLY_NOT_CAUSAL_NOT_REQUIRED_FOR_ROBUSTNESS","results/03_phase3/baseline/baseline_ligand_expression_by_donor.csv|config/phase3_analysis.json"
"CXCL3",2,4,6,2,4,18.5921370481096,60.5509329016063,0.226866414113796,0.358826593721419,0.842592592592593,0.899835119538335,1.19825994251596,"NO","ROBUST_BASELINE_SENDER",0.842592592592593,0.882575757575758,-0.039983164983165,"NO_LARGE_CONTEXT_SHIFT","GSE182158 2/2 plus GSE199071 >=3/4 donor support; CPM>=1 and expressing fraction>=0.10","DESCRIPTIVE_ONLY_NOT_CAUSAL_NOT_REQUIRED_FOR_ROBUSTNESS","results/03_phase3/baseline/baseline_ligand_expression_by_donor.csv|config/phase3_analysis.json"
"CXCL5",2,4,6,2,4,16.9985993283302,19.9678851335805,0.242637591883539,0.197182472179863,0.831860269360269,0.82522671063479,0.712302632548844,"NO","ROBUST_BASELINE_SENDER",0.831860269360269,0.801767676767677,0.0300925925925926,"NO_LARGE_CONTEXT_SHIFT","GSE182158 2/2 plus GSE199071 >=3/4 donor support; CPM>=1 and expressing fraction>=0.10","DESCRIPTIVE_ONLY_NOT_CAUSAL_NOT_REQUIRED_FOR_ROBUSTNESS","results/03_phase3/baseline/baseline_ligand_expression_by_donor.csv|config/phase3_analysis.json"
"CXCL6",2,4,6,2,4,61.1652761263933,23.9267064103875,0.424957147680864,0.189307494252347,0.912037037037037,0.840890354492993,0.836434539817869,"NO","ROBUST_BASELINE_SENDER",0.912037037037037,0.886784511784512,0.0252525252525252,"NO_LARGE_CONTEXT_SHIFT","GSE182158 2/2 plus GSE199071 >=3/4 donor support; CPM>=1 and expressing fraction>=0.10","DESCRIPTIVE_ONLY_NOT_CAUSAL_NOT_REQUIRED_FOR_ROBUSTNESS","results/03_phase3/baseline/baseline_ligand_expression_by_donor.csv|config/phase3_analysis.json"
"CXCL8",1,4,5,2,4,11.6659919189949,89.6201787757327,0.0893899377166794,0.324944725215738,0.770622895622896,0.920445177246496,2.3219971404939,"NO","MULTIDATASET_LOW_EXPRESSION",0.770622895622896,0.757996632996633,0.0126262626262625,"NO_LARGE_CONTEXT_SHIFT","GSE182158 2/2 plus GSE199071 >=3/4 donor support; CPM>=1 and expressing fraction>=0.10","DESCRIPTIVE_ONLY_NOT_CAUSAL_NOT_REQUIRED_FOR_ROBUSTNESS","results/03_phase3/baseline/baseline_ligand_expression_by_donor.csv|config/phase3_analysis.json"
"CXCL9",0,0,0,0,0,0.00717373467762589,0,0.000179902528983323,0,0.216329966329966,0.199505358615004,0.00535362831784548,"NO","NOT_RELIABLY_EXPRESSED",0.216329966329966,0.224326599326599,-0.007996632996633,"NO_LARGE_CONTEXT_SHIFT","GSE182158 2/2 plus GSE199071 >=3/4 donor support; CPM>=1 and expressing fraction>=0.10","DESCRIPTIVE_ONLY_NOT_CAUSAL_NOT_REQUIRED_FOR_ROBUSTNESS","results/03_phase3/baseline/baseline_ligand_expression_by_donor.csv|config/phase3_analysis.json"
"CYTL1",1,0,1,2,1,11.0460297228404,0.134136573401576,0.101938252542364,0.00187324383390571,0.768939393939394,0.393239901071723,1.70097151402526,"YES","MULTIDATASET_LOW_EXPRESSION",0.768939393939394,0.695707070707071,0.0732323232323232,"NO_LARGE_CONTEXT_SHIFT","GSE182158 2/2 plus GSE199071 >=3/4 donor support; CPM>=1 and expressing fraction>=0.10","DESCRIPTIVE_ONLY_NOT_CAUSAL_NOT_REQUIRED_FOR_ROBUSTNESS","results/03_phase3/baseline/baseline_ligand_expression_by_donor.csv|config/phase3_analysis.json"
"DBH",0,0,0,0,0,0.0113682507113592,0,0.000292770451186723,0,0.234848484848485,0.199505358615004,0.0111235336739122,"NO","NOT_RELIABLY_EXPRESSED",0.234848484848485,0.187710437710438,0.0471380471380472,"NO_LARGE_CONTEXT_SHIFT","GSE182158 2/2 plus GSE199071 >=3/4 donor support; CPM>=1 and expressing fraction>=0.10","DESCRIPTIVE_ONLY_NOT_CAUSAL_NOT_REQUIRED_FOR_ROBUSTNESS","results/03_phase3/baseline/baseline_ligand_expression_by_donor.csv|config/phase3_analysis.json"
"DCHS1",0,0,0,2,3,2.99299505645931,1.37118108132834,0.0710470914630157,0.0220229546785927,0.723905723905724,0.665498763396538,0.66159015158689,"NO","MULTIDATASET_LOW_EXPRESSION",0.723905723905724,0.654882154882155,0.069023569023569,"NO_LARGE_CONTEXT_SHIFT","GSE182158 2/2 plus GSE199071 >=3/4 donor support; CPM>=1 and expressing fraction>=0.10","DESCRIPTIVE_ONLY_NOT_CAUSAL_NOT_REQUIRED_FOR_ROBUSTNESS","results/03_phase3/baseline/baseline_ligand_expression_by_donor.csv|config/phase3_analysis.json"
"DCN",2,4,6,2,4,2408.2727302483,123.01079479319,0.999713816396419,0.643687977939451,0.993686868686869,0.940230832646331,2.39979414361113,"YES","ROBUST_BASELINE_SENDER",0.993686868686869,0.963383838383838,0.0303030303030304,"NO_LARGE_CONTEXT_SHIFT","GSE182158 2/2 plus GSE199071 >=3/4 donor support; CPM>=1 and expressing fraction>=0.10","DESCRIPTIVE_ONLY_NOT_CAUSAL_NOT_REQUIRED_FOR_ROBUSTNESS","results/03_phase3/baseline/baseline_ligand_expression_by_donor.csv|config/phase3_analysis.json"
"DEFB1",0,0,0,0,0,0.00778138337254625,0,0.000202819186695061,0,0.174873737373737,0.211871393239901,0.0135534309662617,"NO","NOT_RELIABLY_EXPRESSED",0.174873737373737,0.047979797979798,0.126893939393939,"NO_LARGE_CONTEXT_SHIFT","GSE182158 2/2 plus GSE199071 >=3/4 donor support; CPM>=1 and expressing fraction>=0.10","DESCRIPTIVE_ONLY_NOT_CAUSAL_NOT_REQUIRED_FOR_ROBUSTNESS","results/03_phase3/baseline/baseline_ligand_expression_by_donor.csv|config/phase3_analysis.json"
"DEFB103B",0,0,0,0,0,0,0,0,0,0.0536616161616162,0.199505358615004,0,"NO","NOT_RELIABLY_EXPRESSED",0.0536616161616162,0.0500841750841751,0.00357744107744108,"NO_LARGE_CONTEXT_SHIFT","GSE182158 2/2 plus GSE199071 >=3/4 donor support; CPM>=1 and expressing fraction>=0.10","DESCRIPTIVE_ONLY_NOT_CAUSAL_NOT_REQUIRED_FOR_ROBUSTNESS","results/03_phase3/baseline/baseline_ligand_expression_by_donor.csv|config/phase3_analysis.json"
"DEFB106B",0,0,0,0,0,0,0,0,0,0.0536616161616162,0.199505358615004,0,"NO","NOT_RELIABLY_EXPRESSED",0.0536616161616162,0.047979797979798,0.00568181818181818,"NO_LARGE_CONTEXT_SHIFT","GSE182158 2/2 plus GSE199071 >=3/4 donor support; CPM>=1 and expressing fraction>=0.10","DESCRIPTIVE_ONLY_NOT_CAUSAL_NOT_REQUIRED_FOR_ROBUSTNESS","results/03_phase3/baseline/baseline_ligand_expression_by_donor.csv|config/phase3_analysis.json"
"DEFB4A",0,0,0,0,0,0,0,0,0,0.0536616161616162,0.199505358615004,0,"NO","NOT_RELIABLY_EXPRESSED",0.0536616161616162,0.047979797979798,0.00568181818181818,"NO_LARGE_CONTEXT_SHIFT","GSE182158 2/2 plus GSE199071 >=3/4 donor support; CPM>=1 and expressing fraction>=0.10","DESCRIPTIVE_ONLY_NOT_CAUSAL_NOT_REQUIRED_FOR_ROBUSTNESS","results/03_phase3/baseline/baseline_ligand_expression_by_donor.csv|config/phase3_analysis.json"
"DEFB4B",0,0,0,0,0,0,0,0,0,0.0536616161616162,0.199505358615004,0,"NO","NOT_RELIABLY_EXPRESSED",0.0536616161616162,0.0437710437710438,0.00989057239057239,"NO_LARGE_CONTEXT_SHIFT","GSE182158 2/2 plus GSE199071 >=3/4 donor support; CPM>=1 and expressing fraction>=0.10","DESCRIPTIVE_ONLY_NOT_CAUSAL_NOT_REQUIRED_FOR_ROBUSTNESS","results/03_phase3/baseline/baseline_ligand_expression_by_donor.csv|config/phase3_analysis.json"
"DHH",0,0,0,0,0,0.0143474693552518,0.05147074914425,0.000359805057966647,0.000820920267362183,0.302188552188552,0.453833470733718,0.0421798695171887,"NO","NOT_RELIABLY_EXPRESSED",0.302188552188552,0.197811447811448,0.104377104377104,"NO_LARGE_CONTEXT_SHIFT","GSE182158 2/2 plus GSE199071 >=3/4 donor support; CPM>=1 and expressing fraction>=0.10","DESCRIPTIVE_ONLY_NOT_CAUSAL_NOT_REQUIRED_FOR_ROBUSTNESS","results/03_phase3/baseline/baseline_ligand_expression_by_donor.csv|config/phase3_analysis.json"
"DKK1",1,4,5,2,4,24.7539807276422,818.63146215911,0.204132476748627,0.902866978991399,0.811447811447811,0.983924154987634,3.27077974340272,"YES","MULTIDATASET_LOW_EXPRESSION",0.811447811447811,0.880050505050505,-0.0686026936026937,"NO_LARGE_CONTEXT_SHIFT","GSE182158 2/2 plus GSE199071 >=3/4 donor support; CPM>=1 and expressing fraction>=0.10","DESCRIPTIVE_ONLY_NOT_CAUSAL_NOT_REQUIRED_FOR_ROBUSTNESS","results/03_phase3/baseline/baseline_ligand_expression_by_donor.csv|config/phase3_analysis.json"
"DKK2",0,0,0,2,2,0.965673787812515,0.968908840270766,0.0228024047605516,0.0163100401717201,0.658670033670034,0.661376751854905,1.04478943702396,"NO","MULTIDATASET_LOW_EXPRESSION",0.658670033670034,0.562710437710438,0.0959595959595959,"NO_LARGE_CONTEXT_SHIFT","GSE182158 2/2 plus GSE199071 >=3/4 donor support; CPM>=1 and expressing fraction>=0.10","DESCRIPTIVE_ONLY_NOT_CAUSAL_NOT_REQUIRED_FOR_ROBUSTNESS","results/03_phase3/baseline/baseline_ligand_expression_by_donor.csv|config/phase3_analysis.json"
"DKK3",2,4,6,2,4,31.5874922696346,46.4964872376914,0.490417919759699,0.473181582092149,0.877525252525253,0.89035449299258,0.457739892094936,"NO","ROBUST_BASELINE_SENDER",0.877525252525253,0.870791245791246,0.00673400673400681,"NO_LARGE_CONTEXT_SHIFT","GSE182158 2/2 plus GSE199071 >=3/4 donor support; CPM>=1 and expressing fraction>=0.10","DESCRIPTIVE_ONLY_NOT_CAUSAL_NOT_REQUIRED_FOR_ROBUSTNESS","results/03_phase3/baseline/baseline_ligand_expression_by_donor.csv|config/phase3_analysis.json"
"DKK4",0,0,0,0,0,0.00389069168627313,0,0.000101409593347531,0,0.13510101010101,0.211871393239901,0.0218089407250964,"NO","NOT_RELIABLY_EXPRESSED",0.13510101010101,0.217592592592593,-0.0824915824915825,"NO_LARGE_CONTEXT_SHIFT","GSE182158 2/2 plus GSE199071 >=3/4 donor support; CPM>=1 and expressing fraction>=0.10","DESCRIPTIVE_ONLY_NOT_CAUSAL_NOT_REQUIRED_FOR_ROBUSTNESS","results/03_phase3/baseline/baseline_ligand_expression_by_donor.csv|config/phase3_analysis.json"
"DLK1",1,0,1,1,0,22.2032069556876,0.0166708299285942,0.0943418660670606,0.000252270433905146,0.679292929292929,0.329760923330585,2.2170196198409,"YES","NOT_RELIABLY_EXPRESSED",0.679292929292929,0.39983164983165,0.279461279461279,"UC_HIGHER_CONTEXT","GSE182158 2/2 plus GSE199071 >=3/4 donor support; CPM>=1 and expressing fraction>=0.10","DESCRIPTIVE_ONLY_NOT_CAUSAL_NOT_REQUIRED_FOR_ROBUSTNESS","results/03_phase3/baseline/baseline_ligand_expression_by_donor.csv|config/phase3_analysis.json"
"DLK2",0,0,0,2,2,0.735135080061483,0.705725193773002,0.0179094953607101,0.0112008223118465,0.641414141414141,0.6300494641385,0.253223994974646,"NO","MULTIDATASET_LOW_EXPRESSION",0.641414141414141,0.542087542087542,0.0993265993265994,"NO_LARGE_CONTEXT_SHIFT","GSE182158 2/2 plus GSE199071 >=3/4 donor support; CPM>=1 and expressing fraction>=0.10","DESCRIPTIVE_ONLY_NOT_CAUSAL_NOT_REQUIRED_FOR_ROBUSTNESS","results/03_phase3/baseline/baseline_ligand_expression_by_donor.csv|config/phase3_analysis.json"
"DLL1",0,0,0,0,0,0.202079868363366,0.0385146813150838,0.00503239933028277,0.000759301442672741,0.561447811447811,0.356141797197032,0.124392333767172,"YES","NOT_RELIABLY_EXPRESSED",0.561447811447811,0.554713804713805,0.0067340067340067,"NO_LARGE_CONTEXT_SHIFT","GSE182158 2/2 plus GSE199071 >=3/4 donor support; CPM>=1 and expressing fraction>=0.10","DESCRIPTIVE_ONLY_NOT_CAUSAL_NOT_REQUIRED_FOR_ROBUSTNESS","results/03_phase3/baseline/baseline_ligand_expression_by_donor.csv|config/phase3_analysis.json"
"DLL3",1,4,5,2,4,3.97952277773549,9.15479275321363,0.0887509498194448,0.136719848415542,0.734427609427609,0.78318219291014,0.926939901647643,"NO","MULTIDATASET_LOW_EXPRESSION",0.734427609427609,0.620791245791246,0.113636363636364,"NO_LARGE_CONTEXT_SHIFT","GSE182158 2/2 plus GSE199071 >=3/4 donor support; CPM>=1 and expressing fraction>=0.10","DESCRIPTIVE_ONLY_NOT_CAUSAL_NOT_REQUIRED_FOR_ROBUSTNESS","results/03_phase3/baseline/baseline_ligand_expression_by_donor.csv|config/phase3_analysis.json"
"DLL4",0,0,0,0,0,0.012098299164655,0.0937001925587618,0.000297641932437013,0.00177087331925063,0.277777777777778,0.506183017312449,0.226551906592724,"NO","NOT_RELIABLY_EXPRESSED",0.277777777777778,0.349326599326599,-0.0715488215488215,"NO_LARGE_CONTEXT_SHIFT","GSE182158 2/2 plus GSE199071 >=3/4 donor support; CPM>=1 and expressing fraction>=0.10","DESCRIPTIVE_ONLY_NOT_CAUSAL_NOT_REQUIRED_FOR_ROBUSTNESS","results/03_phase3/baseline/baseline_ligand_expression_by_donor.csv|config/phase3_analysis.json"
"DMP1",0,0,0,0,0,0.00583603752940969,0,0.000152114390021296,0,0.158249158249158,0.199505358615004,0.00683478200624849,"NO","NOT_RELIABLY_EXPRESSED",0.158249158249158,0.11952861952862,0.0387205387205387,"NO_LARGE_CONTEXT_SHIFT","GSE182158 2/2 plus GSE199071 >=3/4 donor support; CPM>=1 and expressing fraction>=0.10","DESCRIPTIVE_ONLY_NOT_CAUSAL_NOT_REQUIRED_FOR_ROBUSTNESS","results/03_phase3/baseline/baseline_ligand_expression_by_donor.csv|config/phase3_analysis.json"
"DRAXIN",0,0,0,0,0,0.0218250283803379,0.0397734959398897,0.000551165915805839,0.000732260030222125,0.354587542087542,0.438582028029678,0.0300333401999795,"NO","NOT_RELIABLY_EXPRESSED",0.354587542087542,0.420875420875421,-0.0662878787878788,"NO_LARGE_CONTEXT_SHIFT","GSE182158 2/2 plus GSE199071 >=3/4 donor support; CPM>=1 and expressing fraction>=0.10","DESCRIPTIVE_ONLY_NOT_CAUSAL_NOT_REQUIRED_FOR_ROBUSTNESS","results/03_phase3/baseline/baseline_ligand_expression_by_donor.csv|config/phase3_analysis.json"
"DSC1",0,0,0,0,0,0.0533767859763585,0.0103181979539674,0.00135585581498051,0.000156103652825476,0.449705387205387,0.294723825226711,0.0387648182572694,"NO","NOT_RELIABLY_EXPRESSED",0.449705387205387,0.236111111111111,0.213594276094276,"NO_LARGE_CONTEXT_SHIFT","GSE182158 2/2 plus GSE199071 >=3/4 donor support; CPM>=1 and expressing fraction>=0.10","DESCRIPTIVE_ONLY_NOT_CAUSAL_NOT_REQUIRED_FOR_ROBUSTNESS","results/03_phase3/baseline/baseline_ligand_expression_by_donor.csv|config/phase3_analysis.json"
"DSC2",2,0,2,2,4,4.80394741517461,2.92938379807553,0.108035583941751,0.0442929253119981,0.755892255892256,0.710016488046167,0.660591652355355,"NO","MULTIDATASET_LOW_EXPRESSION",0.755892255892256,0.356060606060606,0.39983164983165,"UC_HIGHER_CONTEXT","GSE182158 2/2 plus GSE199071 >=3/4 donor support; CPM>=1 and expressing fraction>=0.10","DESCRIPTIVE_ONLY_NOT_CAUSAL_NOT_REQUIRED_FOR_ROBUSTNESS","results/03_phase3/baseline/baseline_ligand_expression_by_donor.csv|config/phase3_analysis.json"
"DSC3",2,4,6,2,4,8.2925918907752,22.226420741204,0.176711553545618,0.283573672217802,0.793771043771044,0.836356141797197,0.737126709754825,"NO","ROBUST_BASELINE_SENDER",0.793771043771044,0.329545454545455,0.464225589225589,"UC_HIGHER_CONTEXT","GSE182158 2/2 plus GSE199071 >=3/4 donor support; CPM>=1 and expressing fraction>=0.10","DESCRIPTIVE_ONLY_NOT_CAUSAL_NOT_REQUIRED_FOR_ROBUSTNESS","results/03_phase3/baseline/baseline_ligand_expression_by_donor.csv|config/phase3_analysis.json"
"DSCAM",0,0,0,0,0,0.0264457685199068,0,0.00065744699040366,0,0.379419191919192,0.199505358615004,0.0196373178376705,"NO","NOT_RELIABLY_EXPRESSED",0.379419191919192,0.396464646464646,-0.0170454545454545,"NO_LARGE_CONTEXT_SHIFT","GSE182158 2/2 plus GSE199071 >=3/4 donor support; CPM>=1 and expressing fraction>=0.10","DESCRIPTIVE_ONLY_NOT_CAUSAL_NOT_REQUIRED_FOR_ROBUSTNESS","results/03_phase3/baseline/baseline_ligand_expression_by_donor.csv|config/phase3_analysis.json"
"DSCAML1",0,0,0,0,0,0.0427385837182952,0,0.00106795684504407,0,0.437079124579125,0.211871393239901,0.0296584355547077,"NO","NOT_RELIABLY_EXPRESSED",0.437079124579125,0.406986531986532,0.0300925925925926,"NO_LARGE_CONTEXT_SHIFT","GSE182158 2/2 plus GSE199071 >=3/4 donor support; CPM>=1 and expressing fraction>=0.10","DESCRIPTIVE_ONLY_NOT_CAUSAL_NOT_REQUIRED_FOR_ROBUSTNESS","results/03_phase3/baseline/baseline_ligand_expression_by_donor.csv|config/phase3_analysis.json"
"DSG1",0,0,0,0,0,0.0107606020164388,0,0.000269853793474985,0,0.265151515151515,0.199505358615004,0.00801591035801151,"NO","NOT_RELIABLY_EXPRESSED",0.265151515151515,0.272727272727273,-0.00757575757575757,"NO_LARGE_CONTEXT_SHIFT","GSE182158 2/2 plus GSE199071 >=3/4 donor support; CPM>=1 and expressing fraction>=0.10","DESCRIPTIVE_ONLY_NOT_CAUSAL_NOT_REQUIRED_FOR_ROBUSTNESS","results/03_phase3/baseline/baseline_ligand_expression_by_donor.csv|config/phase3_analysis.json"
"DSG2",2,4,6,2,4,19.7729228240209,38.0057412955737,0.362772000986395,0.427047088469863,0.846801346801347,0.87881286067601,0.559722612887105,"NO","ROBUST_BASELINE_SENDER",0.846801346801347,0.480639730639731,0.366161616161616,"UC_HIGHER_CONTEXT","GSE182158 2/2 plus GSE199071 >=3/4 donor support; CPM>=1 and expressing fraction>=0.10","DESCRIPTIVE_ONLY_NOT_CAUSAL_NOT_REQUIRED_FOR_ROBUSTNESS","results/03_phase3/baseline/baseline_ligand_expression_by_donor.csv|config/phase3_analysis.json"
"DSPP",0,0,0,0,0,0.014651293702712,0,0.000371263386822516,0,0.295875420875421,0.199505358615004,0.0116571491592045,"NO","NOT_RELIABLY_EXPRESSED",0.295875420875421,0.195286195286195,0.100589225589226,"NO_LARGE_CONTEXT_SHIFT","GSE182158 2/2 plus GSE199071 >=3/4 donor support; CPM>=1 and expressing fraction>=0.10","DESCRIPTIVE_ONLY_NOT_CAUSAL_NOT_REQUIRED_FOR_ROBUSTNESS","results/03_phase3/baseline/baseline_ligand_expression_by_donor.csv|config/phase3_analysis.json"
"DUSP18",2,1,3,2,4,5.19573112897097,4.97941769627499,0.118895397198453,0.0715115401712509,0.759680134680135,0.746084089035449,0.246235767613647,"NO","MULTIDATASET_LOW_EXPRESSION",0.759680134680135,0.761363636363636,-0.00168350168350162,"NO_LARGE_CONTEXT_SHIFT","GSE182158 2/2 plus GSE199071 >=3/4 donor support; CPM>=1 and expressing fraction>=0.10","DESCRIPTIVE_ONLY_NOT_CAUSAL_NOT_REQUIRED_FOR_ROBUSTNESS","results/03_phase3/baseline/baseline_ligand_expression_by_donor.csv|config/phase3_analysis.json"
"EBI3",0,0,0,0,0,0.308103391862787,0.24115860488895,0.00749717382448053,0.00269998869226387,0.590277777777778,0.562654575432811,0.136197814178863,"NO","NOT_RELIABLY_EXPRESSED",0.590277777777778,0.246212121212121,0.344065656565657,"UC_HIGHER_CONTEXT","GSE182158 2/2 plus GSE199071 >=3/4 donor support; CPM>=1 and expressing fraction>=0.10","DESCRIPTIVE_ONLY_NOT_CAUSAL_NOT_REQUIRED_FOR_ROBUSTNESS","results/03_phase3/baseline/baseline_ligand_expression_by_donor.csv|config/phase3_analysis.json"
"ECM1",2,4,6,2,4,27.4627165473185,33.1179542069955,0.447972317568997,0.369736069836143,0.874579124579125,0.864385820280297,0.63042972930852,"YES","ROBUST_BASELINE_SENDER",0.874579124579125,0.906144781144781,-0.0315656565656566,"NO_LARGE_CONTEXT_SHIFT","GSE182158 2/2 plus GSE199071 >=3/4 donor support; CPM>=1 and expressing fraction>=0.10","DESCRIPTIVE_ONLY_NOT_CAUSAL_NOT_REQUIRED_FOR_ROBUSTNESS","results/03_phase3/baseline/baseline_ligand_expression_by_donor.csv|config/phase3_analysis.json"
"EDA",0,0,0,0,1,0.273390991033789,0.213525157065206,0.00668589707770029,0.00361539378776209,0.581649831649832,0.570486397361913,0.309542470011295,"NO","NOT_RELIABLY_EXPRESSED",0.581649831649832,0.667087542087542,-0.0854377104377103,"NO_LARGE_CONTEXT_SHIFT","GSE182158 2/2 plus GSE199071 >=3/4 donor support; CPM>=1 and expressing fraction>=0.10","DESCRIPTIVE_ONLY_NOT_CAUSAL_NOT_REQUIRED_FOR_ROBUSTNESS","results/03_phase3/baseline/baseline_ligand_expression_by_donor.csv|config/phase3_analysis.json"
"EDIL3",2,4,6,2,4,23.5004869362896,49.8804176880921,0.373175610371925,0.469189218735085,0.863636363636364,0.893239901071723,0.557845635430627,"NO","ROBUST_BASELINE_SENDER",0.863636363636364,0.739478114478115,0.124158249158249,"NO_LARGE_CONTEXT_SHIFT","GSE182158 2/2 plus GSE199071 >=3/4 donor support; CPM>=1 and expressing fraction>=0.10","DESCRIPTIVE_ONLY_NOT_CAUSAL_NOT_REQUIRED_FOR_ROBUSTNESS","results/03_phase3/baseline/baseline_ligand_expression_by_donor.csv|config/phase3_analysis.json"
"EDN1",0,0,0,0,4,0.268597526499049,3.2702383694446,0.00516935004092203,0.043285536967485,0.563762626262626,0.720115416323166,1.1534042781315,"NO","NOT_RELIABLY_EXPRESSED",0.563762626262626,0.70496632996633,-0.141203703703704,"NO_LARGE_CONTEXT_SHIFT","GSE182158 2/2 plus GSE199071 >=3/4 donor support; CPM>=1 and expressing fraction>=0.10","DESCRIPTIVE_ONLY_NOT_CAUSAL_NOT_REQUIRED_FOR_ROBUSTNESS","results/03_phase3/baseline/baseline_ligand_expression_by_donor.csv|config/phase3_analysis.json"
"EDN2",0,0,0,0,0,0.0416456860868299,0.0590308365974316,0.000964831885341251,0.000977023920187659,0.358585858585859,0.481450948062655,0.0640010695456446,"NO","NOT_RELIABLY_EXPRESSED",0.358585858585859,0.131734006734007,0.226851851851852,"NO_LARGE_CONTEXT_SHIFT","GSE182158 2/2 plus GSE199071 >=3/4 donor support; CPM>=1 and expressing fraction>=0.10","DESCRIPTIVE_ONLY_NOT_CAUSAL_NOT_REQUIRED_FOR_ROBUSTNESS","results/03_phase3/baseline/baseline_ligand_expression_by_donor.csv|config/phase3_analysis.json"
"EDN3",0,0,0,0,0,0.0107606020164388,0,0.000269853793474985,0,0.265151515151515,0.199505358615004,0.00801591035801151,"NO","NOT_RELIABLY_EXPRESSED",0.265151515151515,0.247053872053872,0.0180976430976431,"NO_LARGE_CONTEXT_SHIFT","GSE182158 2/2 plus GSE199071 >=3/4 donor support; CPM>=1 and expressing fraction>=0.10","DESCRIPTIVE_ONLY_NOT_CAUSAL_NOT_REQUIRED_FOR_ROBUSTNESS","results/03_phase3/baseline/baseline_ligand_expression_by_donor.csv|config/phase3_analysis.json"
"EFEMP1",2,3,5,2,4,70.7026442156753,16.6932624383846,0.576451490474264,0.199064160379257,0.888888888888889,0.81121187139324,1.28536820922593,"YES","ROBUST_BASELINE_SENDER",0.888888888888889,0.961700336700337,-0.0728114478114479,"NO_LARGE_CONTEXT_SHIFT","GSE182158 2/2 plus GSE199071 >=3/4 donor support; CPM>=1 and expressing fraction>=0.10","DESCRIPTIVE_ONLY_NOT_CAUSAL_NOT_REQUIRED_FOR_ROBUSTNESS","results/03_phase3/baseline/baseline_ligand_expression_by_donor.csv|config/phase3_analysis.json"
"EFEMP2",2,4,6,2,4,160.29045433946,112.110761603147,0.949525404695121,0.744351287979592,0.946127946127946,0.932811211871393,0.399917561207883,"NO","ROBUST_BASELINE_SENDER",0.946127946127946,0.949915824915825,-0.00378787878787878,"NO_LARGE_CONTEXT_SHIFT","GSE182158 2/2 plus GSE199071 >=3/4 donor support; CPM>=1 and expressing fraction>=0.10","DESCRIPTIVE_ONLY_NOT_CAUSAL_NOT_REQUIRED_FOR_ROBUSTNESS","results/03_phase3/baseline/baseline_ligand_expression_by_donor.csv|config/phase3_analysis.json"
"EFNA1",0,0,0,1,0,0.655463499475603,0,0.0157869623241869,0,0.593855218855219,0.211871393239901,0.459483235453437,"NO","NOT_RELIABLY_EXPRESSED",0.593855218855219,0.533249158249158,0.0606060606060607,"NO_LARGE_CONTEXT_SHIFT","GSE182158 2/2 plus GSE199071 >=3/4 donor support; CPM>=1 and expressing fraction>=0.10","DESCRIPTIVE_ONLY_NOT_CAUSAL_NOT_REQUIRED_FOR_ROBUSTNESS","results/03_phase3/baseline/baseline_ligand_expression_by_donor.csv|config/phase3_analysis.json"
"EFNA2",0,0,0,0,0,0.0989721885801708,0.0579436217444637,0.00250889244326595,0.000876685045207051,0.50547138047138,0.475061830173125,0.0691141233080082,"NO","NOT_RELIABLY_EXPRESSED",0.50547138047138,0.402777777777778,0.102693602693603,"NO_LARGE_CONTEXT_SHIFT","GSE182158 2/2 plus GSE199071 >=3/4 donor support; CPM>=1 and expressing fraction>=0.10","DESCRIPTIVE_ONLY_NOT_CAUSAL_NOT_REQUIRED_FOR_ROBUSTNESS","results/03_phase3/baseline/baseline_ligand_expression_by_donor.csv|config/phase3_analysis.json"
"EFNA3",0,0,0,2,0,1.52817821072949,0.212982512787869,0.0372420881015344,0.00366414664401788,0.688973063973064,0.576669414674361,0.537633934997456,"NO","NOT_RELIABLY_EXPRESSED",0.688973063973064,0.649410774410774,0.0395622895622896,"NO_LARGE_CONTEXT_SHIFT","GSE182158 2/2 plus GSE199071 >=3/4 donor support; CPM>=1 and expressing fraction>=0.10","DESCRIPTIVE_ONLY_NOT_CAUSAL_NOT_REQUIRED_FOR_ROBUSTNESS","results/03_phase3/baseline/baseline_ligand_expression_by_donor.csv|config/phase3_analysis.json"
"EFNA4",2,3,5,2,4,13.2294944439493,9.22510653337786,0.274762825726579,0.142008216006681,0.826599326599327,0.779060181368508,0.349936824642571,"NO","ROBUST_BASELINE_SENDER",0.826599326599327,0.756734006734007,0.0698653198653199,"NO_LARGE_CONTEXT_SHIFT","GSE182158 2/2 plus GSE199071 >=3/4 donor support; CPM>=1 and expressing fraction>=0.10","DESCRIPTIVE_ONLY_NOT_CAUSAL_NOT_REQUIRED_FOR_ROBUSTNESS","results/03_phase3/baseline/baseline_ligand_expression_by_donor.csv|config/phase3_analysis.json"
"EFNA5",0,1,1,2,4,1.6237580068508,3.32580398284742,0.0385022973173262,0.0483075854045507,0.69212962962963,0.727947238252267,0.578725958780387,"NO","MULTIDATASET_LOW_EXPRESSION",0.69212962962963,0.731060606060606,-0.0389309764309765,"NO_LARGE_CONTEXT_SHIFT","GSE182158 2/2 plus GSE199071 >=3/4 donor support; CPM>=1 and expressing fraction>=0.10","DESCRIPTIVE_ONLY_NOT_CAUSAL_NOT_REQUIRED_FOR_ROBUSTNESS","results/03_phase3/baseline/baseline_ligand_expression_by_donor.csv|config/phase3_analysis.json"
"EFNB1",2,0,2,2,4,6.2477587564868,2.54401392283142,0.140035317443071,0.0372430078637806,0.773148148148148,0.710840890354493,0.635790675228689,"NO","MULTIDATASET_LOW_EXPRESSION",0.773148148148148,0.823653198653199,-0.0505050505050505,"NO_LARGE_CONTEXT_SHIFT","GSE182158 2/2 plus GSE199071 >=3/4 donor support; CPM>=1 and expressing fraction>=0.10","DESCRIPTIVE_ONLY_NOT_CAUSAL_NOT_REQUIRED_FOR_ROBUSTNESS","results/03_phase3/baseline/baseline_ligand_expression_by_donor.csv|config/phase3_analysis.json"
"EFNB2",0,4,4,2,4,1.8536300410762,29.2835872703409,0.0437859560289914,0.314522549601991,0.700757575757576,0.860676009892828,1.78343650612441,"NO","MULTIDATASET_LOW_EXPRESSION",0.700757575757576,0.657407407407407,0.0433501683501683,"NO_LARGE_CONTEXT_SHIFT","GSE182158 2/2 plus GSE199071 >=3/4 donor support; CPM>=1 and expressing fraction>=0.10","DESCRIPTIVE_ONLY_NOT_CAUSAL_NOT_REQUIRED_FOR_ROBUSTNESS","results/03_phase3/baseline/baseline_ligand_expression_by_donor.csv|config/phase3_analysis.json"
"EFNB3",1,0,1,2,0,6.55197640380385,0.409056837320362,0.145954059703028,0.00665367717069991,0.773569023569024,0.606553998351195,1.26645879964939,"NO","NOT_RELIABLY_EXPRESSED",0.773569023569024,0.62037037037037,0.153198653198653,"NO_LARGE_CONTEXT_SHIFT","GSE182158 2/2 plus GSE199071 >=3/4 donor support; CPM>=1 and expressing fraction>=0.10","DESCRIPTIVE_ONLY_NOT_CAUSAL_NOT_REQUIRED_FOR_ROBUSTNESS","results/03_phase3/baseline/baseline_ligand_expression_by_donor.csv|config/phase3_analysis.json"
"EGF",0,0,0,0,3,0.0321003814602318,0.808192929263501,0.000780057875107638,0.0139932641925719,0.365951178451178,0.64159109645507,0.695933965481228,"NO","NOT_RELIABLY_EXPRESSED",0.365951178451178,0.445286195286195,-0.0793350168350168,"NO_LARGE_CONTEXT_SHIFT","GSE182158 2/2 plus GSE199071 >=3/4 donor support; CPM>=1 and expressing fraction>=0.10","DESCRIPTIVE_ONLY_NOT_CAUSAL_NOT_REQUIRED_FOR_ROBUSTNESS","results/03_phase3/baseline/baseline_ligand_expression_by_donor.csv|config/phase3_analysis.json"
"EGFL8",0,0,0,1,4,0.394795856689218,2.24956031415694,0.00997169128117887,0.033703637325198,0.607744107744108,0.70527617477329,0.629745212899269,"NO","MULTIDATASET_LOW_EXPRESSION",0.607744107744108,0.56523569023569,0.0425084175084175,"NO_LARGE_CONTEXT_SHIFT","GSE182158 2/2 plus GSE199071 >=3/4 donor support; CPM>=1 and expressing fraction>=0.10","DESCRIPTIVE_ONLY_NOT_CAUSAL_NOT_REQUIRED_FOR_ROBUSTNESS","results/03_phase3/baseline/baseline_ligand_expression_by_donor.csv|config/phase3_analysis.json"
"ELFN1",0,0,0,0,0,0.129009174535848,0.109363011742463,0.00314314815814229,0.00191947042813649,0.514309764309764,0.532976092333059,0.136306296901351,"NO","NOT_RELIABLY_EXPRESSED",0.514309764309764,0.635942760942761,-0.121632996632997,"NO_LARGE_CONTEXT_SHIFT","GSE182158 2/2 plus GSE199071 >=3/4 donor support; CPM>=1 and expressing fraction>=0.10","DESCRIPTIVE_ONLY_NOT_CAUSAL_NOT_REQUIRED_FOR_ROBUSTNESS","results/03_phase3/baseline/baseline_ligand_expression_by_donor.csv|config/phase3_analysis.json"
"EMC1",2,4,6,2,4,12.3190309649185,26.8033038902717,0.254962773764112,0.332477131987606,0.821969696969697,0.851607584501237,0.560745477350088,"NO","ROBUST_BASELINE_SENDER",0.821969696969697,0.799242424242424,0.0227272727272728,"NO_LARGE_CONTEXT_SHIFT","GSE182158 2/2 plus GSE199071 >=3/4 donor support; CPM>=1 and expressing fraction>=0.10","DESCRIPTIVE_ONLY_NOT_CAUSAL_NOT_REQUIRED_FOR_ROBUSTNESS","results/03_phase3/baseline/baseline_ligand_expression_by_donor.csv|config/phase3_analysis.json"
"ENAM",0,0,0,0,0,0.0149551180501721,0,0.000382721715678385,0,0.282617845117845,0.211871393239901,0.0227756601777299,"NO","NOT_RELIABLY_EXPRESSED",0.282617845117845,0.246632996632997,0.0359848484848485,"NO_LARGE_CONTEXT_SHIFT","GSE182158 2/2 plus GSE199071 >=3/4 donor support; CPM>=1 and expressing fraction>=0.10","DESCRIPTIVE_ONLY_NOT_CAUSAL_NOT_REQUIRED_FOR_ROBUSTNESS","results/03_phase3/baseline/baseline_ligand_expression_by_donor.csv|config/phase3_analysis.json"
"ENG",2,4,6,2,4,37.8198869989572,38.4517906923666,0.572535265305486,0.438191320108484,0.88973063973064,0.8800494641385,0.0908033750994137,"NO","ROBUST_BASELINE_SENDER",0.88973063973064,0.936447811447811,-0.0467171717171717,"NO_LARGE_CONTEXT_SHIFT","GSE182158 2/2 plus GSE199071 >=3/4 donor support; CPM>=1 and expressing fraction>=0.10","DESCRIPTIVE_ONLY_NOT_CAUSAL_NOT_REQUIRED_FOR_ROBUSTNESS","results/03_phase3/baseline/baseline_ligand_expression_by_donor.csv|config/phase3_analysis.json"
"ENHO",0,0,0,0,0,0.11332400803238,0.318012036969884,0.00267706202557782,0.00545138810799001,0.498737373737374,0.595424567188788,0.16746518579323,"NO","NOT_RELIABLY_EXPRESSED",0.498737373737374,0.48526936026936,0.0134680134680134,"NO_LARGE_CONTEXT_SHIFT","GSE182158 2/2 plus GSE199071 >=3/4 donor support; CPM>=1 and expressing fraction>=0.10","DESCRIPTIVE_ONLY_NOT_CAUSAL_NOT_REQUIRED_FOR_ROBUSTNESS","results/03_phase3/baseline/baseline_ligand_expression_by_donor.csv|config/phase3_analysis.json"
"ENPP1",2,4,6,2,4,11.7911090369654,20.6528406407511,0.231856900397472,0.235715923117825,0.813973063973064,0.826463314097279,0.717988160703157,"NO","ROBUST_BASELINE_SENDER",0.813973063973064,0.780723905723906,0.0332491582491583,"NO_LARGE_CONTEXT_SHIFT","GSE182158 2/2 plus GSE199071 >=3/4 donor support; CPM>=1 and expressing fraction>=0.10","DESCRIPTIVE_ONLY_NOT_CAUSAL_NOT_REQUIRED_FOR_ROBUSTNESS","results/03_phase3/baseline/baseline_ligand_expression_by_donor.csv|config/phase3_analysis.json"
"ENTPD1",0,0,0,0,0,0.0273572415622874,0.12823178556142,0.000691821976971266,0.00206690966227785,0.380260942760943,0.53957131079967,0.0985242552343078,"NO","NOT_RELIABLY_EXPRESSED",0.380260942760943,0.614478114478115,-0.234217171717172,"NO_LARGE_CONTEXT_SHIFT","GSE182158 2/2 plus GSE199071 >=3/4 donor support; CPM>=1 and expressing fraction>=0.10","DESCRIPTIVE_ONLY_NOT_CAUSAL_NOT_REQUIRED_FOR_ROBUSTNESS","results/03_phase3/baseline/baseline_ligand_expression_by_donor.csv|config/phase3_analysis.json"
"EPCAM",0,0,0,0,1,0.0851143182584209,0.504051831798757,0.00207690667945351,0.00747060730464282,0.482323232323232,0.620362737015664,0.446639551389661,"NO","NOT_RELIABLY_EXPRESSED",0.482323232323232,0.512205387205387,-0.0298821548821549,"NO_LARGE_CONTEXT_SHIFT","GSE182158 2/2 plus GSE199071 >=3/4 donor support; CPM>=1 and expressing fraction>=0.10","DESCRIPTIVE_ONLY_NOT_CAUSAL_NOT_REQUIRED_FOR_ROBUSTNESS","results/03_phase3/baseline/baseline_ligand_expression_by_donor.csv|config/phase3_analysis.json"
"EPGN",0,0,0,0,2,0.0333156788500725,0.833128740508446,0.000825891190531114,0.0111861807975333,0.404040404040404,0.638911788953009,0.745634718338388,"NO","NOT_RELIABLY_EXPRESSED",0.404040404040404,0.491582491582492,-0.0875420875420875,"NO_LARGE_CONTEXT_SHIFT","GSE182158 2/2 plus GSE199071 >=3/4 donor support; CPM>=1 and expressing fraction>=0.10","DESCRIPTIVE_ONLY_NOT_CAUSAL_NOT_REQUIRED_FOR_ROBUSTNESS","results/03_phase3/baseline/baseline_ligand_expression_by_donor.csv|config/phase3_analysis.json"
"EPHA4",0,3,3,2,4,1.5164228867849,8.07986875869607,0.0358052677905779,0.112063223453963,0.683501683501684,0.775350370981039,0.982846380056238,"NO","MULTIDATASET_LOW_EXPRESSION",0.683501683501684,0.670454545454545,0.0130471380471381,"NO_LARGE_CONTEXT_SHIFT","GSE182158 2/2 plus GSE199071 >=3/4 donor support; CPM>=1 and expressing fraction>=0.10","DESCRIPTIVE_ONLY_NOT_CAUSAL_NOT_REQUIRED_FOR_ROBUSTNESS","results/03_phase3/baseline/baseline_ligand_expression_by_donor.csv|config/phase3_analysis.json"
"EPO",0,0,0,0,0,0.011064426363899,0,0.000281312122330854,0,0.256102693602694,0.211871393239901,0.0128833298880142,"NO","NOT_RELIABLY_EXPRESSED",0.256102693602694,0.269360269360269,-0.0132575757575757,"NO_LARGE_CONTEXT_SHIFT","GSE182158 2/2 plus GSE199071 >=3/4 donor support; CPM>=1 and expressing fraction>=0.10","DESCRIPTIVE_ONLY_NOT_CAUSAL_NOT_REQUIRED_FOR_ROBUSTNESS","results/03_phase3/baseline/baseline_ligand_expression_by_donor.csv|config/phase3_analysis.json"
"EREG",0,1,1,1,3,1.41768057090392,5.87494564450532,0.0237963302144709,0.064562013475636,0.656144781144781,0.751030502885408,1.73319052203762,"NO","MULTIDATASET_LOW_EXPRESSION",0.656144781144781,0.527356902356902,0.128787878787879,"NO_LARGE_CONTEXT_SHIFT","GSE182158 2/2 plus GSE199071 >=3/4 donor support; CPM>=1 and expressing fraction>=0.10","DESCRIPTIVE_ONLY_NOT_CAUSAL_NOT_REQUIRED_FOR_ROBUSTNESS","results/03_phase3/baseline/baseline_ligand_expression_by_donor.csv|config/phase3_analysis.json"
"ERFE",0,0,0,0,1,,0.295184896875932,,0.00543751010422581,,0.58924154987634,0.246196999247392,"NO","NOT_RELIABLY_EXPRESSED",,,,"NO_LARGE_CONTEXT_SHIFT","GSE182158 2/2 plus GSE199071 >=3/4 donor support; CPM>=1 and expressing fraction>=0.10","DESCRIPTIVE_ONLY_NOT_CAUSAL_NOT_REQUIRED_FOR_ROBUSTNESS","results/03_phase3/baseline/baseline_ligand_expression_by_donor.csv|config/phase3_analysis.json"
"ESAM",0,0,0,0,0,0.0700958252805825,0.111921677509587,0.00175977882201534,0.0016934332186683,0.482954545454546,0.527411376751855,0.0717745003344418,"NO","NOT_RELIABLY_EXPRESSED",0.482954545454546,0.631734006734007,-0.148779461279461,"NO_LARGE_CONTEXT_SHIFT","GSE182158 2/2 plus GSE199071 >=3/4 donor support; CPM>=1 and expressing fraction>=0.10","DESCRIPTIVE_ONLY_NOT_CAUSAL_NOT_REQUIRED_FOR_ROBUSTNESS","results/03_phase3/baseline/baseline_ligand_expression_by_donor.csv|config/phase3_analysis.json"
"ESM1",0,0,0,0,4,0.0252304711300661,2.01382026119974,0.000611613674980184,0.0284310107722529,0.331439393939394,0.700741962077494,0.972834659656265,"NO","NOT_RELIABLY_EXPRESSED",0.331439393939394,0.795875420875421,-0.464436026936027,"UC_LOWER_CONTEXT","GSE182158 2/2 plus GSE199071 >=3/4 donor support; CPM>=1 and expressing fraction>=0.10","DESCRIPTIVE_ONLY_NOT_CAUSAL_NOT_REQUIRED_FOR_ROBUSTNESS","results/03_phase3/baseline/baseline_ligand_expression_by_donor.csv|config/phase3_analysis.json"
"EXOC3-AS1",2,4,6,2,4,7.67099764115442,10.2053380183342,0.171165865658238,0.153360812406885,0.78956228956229,0.787098103874691,0.283433809433779,"NO","ROBUST_BASELINE_SENDER",0.78956228956229,0.757154882154882,0.0324074074074074,"NO_LARGE_CONTEXT_SHIFT","GSE182158 2/2 plus GSE199071 >=3/4 donor support; CPM>=1 and expressing fraction>=0.10","DESCRIPTIVE_ONLY_NOT_CAUSAL_NOT_REQUIRED_FOR_ROBUSTNESS","results/03_phase3/baseline/baseline_ligand_expression_by_donor.csv|config/phase3_analysis.json"
"EZR",2,4,6,2,4,27.1140797293108,209.263792574503,0.383638493425968,0.854603679988177,0.860690235690236,0.960016488046167,1.70136579590266,"YES","ROBUST_BASELINE_SENDER",0.860690235690236,0.832070707070707,0.0286195286195287,"NO_LARGE_CONTEXT_SHIFT","GSE182158 2/2 plus GSE199071 >=3/4 donor support; CPM>=1 and expressing fraction>=0.10","DESCRIPTIVE_ONLY_NOT_CAUSAL_NOT_REQUIRED_FOR_ROBUSTNESS","results/03_phase3/baseline/baseline_ligand_expression_by_donor.csv|config/phase3_analysis.json"
"F10",2,0,2,2,4,12.8757570956536,1.72936907499657,0.25344808537255,0.0268185635205359,0.81986531986532,0.69002473206925,1.24760663708787,"NO","MULTIDATASET_LOW_EXPRESSION",0.81986531986532,0.771464646464647,0.0484006734006733,"NO_LARGE_CONTEXT_SHIFT","GSE182158 2/2 plus GSE199071 >=3/4 donor support; CPM>=1 and expressing fraction>=0.10","DESCRIPTIVE_ONLY_NOT_CAUSAL_NOT_REQUIRED_FOR_ROBUSTNESS","results/03_phase3/baseline/baseline_ligand_expression_by_donor.csv|config/phase3_analysis.json"
"F11",0,0,0,0,0,0.00881525617330227,0,0.00021914899680122,0,0.242003367003367,0.199505358615004,0.00660476797910502,"NO","NOT_RELIABLY_EXPRESSED",0.242003367003367,0.272727272727273,-0.0307239057239057,"NO_LARGE_CONTEXT_SHIFT","GSE182158 2/2 plus GSE199071 >=3/4 donor support; CPM>=1 and expressing fraction>=0.10","DESCRIPTIVE_ONLY_NOT_CAUSAL_NOT_REQUIRED_FOR_ROBUSTNESS","results/03_phase3/baseline/baseline_ligand_expression_by_donor.csv|config/phase3_analysis.json"
"F11R",0,0,0,2,3,1.90247803599267,1.63768706563615,0.0460595766237037,0.0274757837837582,0.7003367003367,0.683017312448475,0.582319425544181,"NO","MULTIDATASET_LOW_EXPRESSION",0.7003367003367,0.36952861952862,0.330808080808081,"UC_HIGHER_CONTEXT","GSE182158 2/2 plus GSE199071 >=3/4 donor support; CPM>=1 and expressing fraction>=0.10","DESCRIPTIVE_ONLY_NOT_CAUSAL_NOT_REQUIRED_FOR_ROBUSTNESS","results/03_phase3/baseline/baseline_ligand_expression_by_donor.csv|config/phase3_analysis.json"
"F12",1,0,1,2,4,3.50566298915531,4.14356639792682,0.0796446031549687,0.065822279022976,0.732323232323232,0.73598516075845,0.425165615697111,"NO","MULTIDATASET_LOW_EXPRESSION",0.732323232323232,0.644360269360269,0.0879629629629629,"NO_LARGE_CONTEXT_SHIFT","GSE182158 2/2 plus GSE199071 >=3/4 donor support; CPM>=1 and expressing fraction>=0.10","DESCRIPTIVE_ONLY_NOT_CAUSAL_NOT_REQUIRED_FOR_ROBUSTNESS","results/03_phase3/baseline/baseline_ligand_expression_by_donor.csv|config/phase3_analysis.json"
"F13A1",0,0,0,0,0,0.00328304299135276,0,7.84929356357928e-05,0,0.134890572390572,0.199505358615004,0.00385463763488309,"NO","NOT_RELIABLY_EXPRESSED",0.134890572390572,0.307239057239057,-0.172348484848485,"NO_LARGE_CONTEXT_SHIFT","GSE182158 2/2 plus GSE199071 >=3/4 donor support; CPM>=1 and expressing fraction>=0.10","DESCRIPTIVE_ONLY_NOT_CAUSAL_NOT_REQUIRED_FOR_ROBUSTNESS","results/03_phase3/baseline/baseline_ligand_expression_by_donor.csv|config/phase3_analysis.json"
"F2",0,0,0,0,0,0.0130097722070356,0.037186985210942,0.00033201691900462,0.000564477739556099,0.27020202020202,0.439200329760923,0.0250715027701901,"NO","NOT_RELIABLY_EXPRESSED",0.27020202020202,0.217592592592593,0.0526094276094276,"NO_LARGE_CONTEXT_SHIFT","GSE182158 2/2 plus GSE199071 >=3/4 donor support; CPM>=1 and expressing fraction>=0.10","DESCRIPTIVE_ONLY_NOT_CAUSAL_NOT_REQUIRED_FOR_ROBUSTNESS","results/03_phase3/baseline/baseline_ligand_expression_by_donor.csv|config/phase3_analysis.json"
"F5",0,0,0,0,0,0.0231627255285541,0,0.000578954054767867,0,0.36763468013468,0.199505358615004,0.0170602721577962,"NO","NOT_RELIABLY_EXPRESSED",0.36763468013468,0.327861952861953,0.0397727272727273,"NO_LARGE_CONTEXT_SHIFT","GSE182158 2/2 plus GSE199071 >=3/4 donor support; CPM>=1 and expressing fraction>=0.10","DESCRIPTIVE_ONLY_NOT_CAUSAL_NOT_REQUIRED_FOR_ROBUSTNESS","results/03_phase3/baseline/baseline_ligand_expression_by_donor.csv|config/phase3_analysis.json"
"F7",0,0,0,0,0,0.174659251873412,0.0103181979539674,0.00431621994706005,0.000156103652825476,0.542508417508418,0.294723825226711,0.127916733460567,"NO","NOT_RELIABLY_EXPRESSED",0.542508417508418,0.331228956228956,0.211279461279461,"NO_LARGE_CONTEXT_SHIFT","GSE182158 2/2 plus GSE199071 >=3/4 donor support; CPM>=1 and expressing fraction>=0.10","DESCRIPTIVE_ONLY_NOT_CAUSAL_NOT_REQUIRED_FOR_ROBUSTNESS","results/03_phase3/baseline/baseline_ligand_expression_by_donor.csv|config/phase3_analysis.json"
"F8",0,0,0,2,3,1.77086119218501,0.656892090320584,0.042935639772747,0.011716160483554,0.696969696969697,0.632316570486397,0.450555626911997,"NO","MULTIDATASET_LOW_EXPRESSION",0.696969696969697,0.701599326599327,-0.00462962962962954,"NO_LARGE_CONTEXT_SHIFT","GSE182158 2/2 plus GSE199071 >=3/4 donor support; CPM>=1 and expressing fraction>=0.10","DESCRIPTIVE_ONLY_NOT_CAUSAL_NOT_REQUIRED_FOR_ROBUSTNESS","results/03_phase3/baseline/baseline_ligand_expression_by_donor.csv|config/phase3_analysis.json"
"F9",0,0,0,0,0,0.00358686733881295,0,8.99512644916617e-05,0,0.146464646464646,0.199505358615004,0.00268168191540828,"NO","NOT_RELIABLY_EXPRESSED",0.146464646464646,0.116582491582492,0.0298821548821549,"NO_LARGE_CONTEXT_SHIFT","GSE182158 2/2 plus GSE199071 >=3/4 donor support; CPM>=1 and expressing fraction>=0.10","DESCRIPTIVE_ONLY_NOT_CAUSAL_NOT_REQUIRED_FOR_ROBUSTNESS","results/03_phase3/baseline/baseline_ligand_expression_by_donor.csv|config/phase3_analysis.json"
"FAM200A",2,1,3,2,4,5.62509770981629,5.54534008375914,0.129722280197094,0.0818708289983618,0.765993265993266,0.753297609233306,0.168827242067355,"NO","MULTIDATASET_LOW_EXPRESSION",0.765993265993266,0.71506734006734,0.0509259259259259,"NO_LARGE_CONTEXT_SHIFT","GSE182158 2/2 plus GSE199071 >=3/4 donor support; CPM>=1 and expressing fraction>=0.10","DESCRIPTIVE_ONLY_NOT_CAUSAL_NOT_REQUIRED_FOR_ROBUSTNESS","results/03_phase3/baseline/baseline_ligand_expression_by_donor.csv|config/phase3_analysis.json"
"FAM3B",0,0,0,0,0,0.022128852727798,0,0.000562624244661708,0,0.347222222222222,0.211871393239901,0.01871747188415,"NO","NOT_RELIABLY_EXPRESSED",0.347222222222222,0.284090909090909,0.0631313131313131,"NO_LARGE_CONTEXT_SHIFT","GSE182158 2/2 plus GSE199071 >=3/4 donor support; CPM>=1 and expressing fraction>=0.10","DESCRIPTIVE_ONLY_NOT_CAUSAL_NOT_REQUIRED_FOR_ROBUSTNESS","results/03_phase3/baseline/baseline_ligand_expression_by_donor.csv|config/phase3_analysis.json"
"FAM3C",2,4,6,2,4,59.5794048963348,85.9173674423808,0.719716735305201,0.676614392685673,0.908670033670034,0.92085737840066,0.309443170670996,"NO","ROBUST_BASELINE_SENDER",0.908670033670034,0.91456228956229,-0.00589225589225584,"NO_LARGE_CONTEXT_SHIFT","GSE182158 2/2 plus GSE199071 >=3/4 donor support; CPM>=1 and expressing fraction>=0.10","DESCRIPTIVE_ONLY_NOT_CAUSAL_NOT_REQUIRED_FOR_ROBUSTNESS","results/03_phase3/baseline/baseline_ligand_expression_by_donor.csv|config/phase3_analysis.json"
"FAM3D",0,0,0,0,0,0.00389069168627313,0.0166708299285942,0.000101409593347531,0.000252270433905146,0.13510101010101,0.319043693322341,0.0264306667458021,"YES","NOT_RELIABLY_EXPRESSED",0.13510101010101,0.227693602693603,-0.0925925925925926,"NO_LARGE_CONTEXT_SHIFT","GSE182158 2/2 plus GSE199071 >=3/4 donor support; CPM>=1 and expressing fraction>=0.10","DESCRIPTIVE_ONLY_NOT_CAUSAL_NOT_REQUIRED_FOR_ROBUSTNESS","results/03_phase3/baseline/baseline_ligand_expression_by_donor.csv|config/phase3_analysis.json"
"FAP",2,4,6,2,4,150.045185244085,30.516376564908,0.949012454435332,0.367591032609662,0.946127946127946,0.862324814509481,1.19574214756007,"NO","ROBUST_BASELINE_SENDER",0.946127946127946,0.918771043771044,0.0273569023569024,"NO_LARGE_CONTEXT_SHIFT","GSE182158 2/2 plus GSE199071 >=3/4 donor support; CPM>=1 and expressing fraction>=0.10","DESCRIPTIVE_ONLY_NOT_CAUSAL_NOT_REQUIRED_FOR_ROBUSTNESS","results/03_phase3/baseline/baseline_ligand_expression_by_donor.csv|config/phase3_analysis.json"
"FASLG",0,0,0,0,0,0.00717373467762589,0,0.000179902528983323,0,0.216329966329966,0.199505358615004,0.0183509221688007,"NO","NOT_RELIABLY_EXPRESSED",0.216329966329966,0.047979797979798,0.168350168350168,"NO_LARGE_CONTEXT_SHIFT","GSE182158 2/2 plus GSE199071 >=3/4 donor support; CPM>=1 and expressing fraction>=0.10","DESCRIPTIVE_ONLY_NOT_CAUSAL_NOT_REQUIRED_FOR_ROBUSTNESS","results/03_phase3/baseline/baseline_ligand_expression_by_donor.csv|config/phase3_analysis.json"
"FAT4",0,0,0,2,4,1.37530671289049,3.76067712345446,0.0331124251905251,0.0596074158528852,0.683922558922559,0.731657048639736,0.537714756405992,"NO","MULTIDATASET_LOW_EXPRESSION",0.683922558922559,0.712542087542088,-0.0286195286195287,"NO_LARGE_CONTEXT_SHIFT","GSE182158 2/2 plus GSE199071 >=3/4 donor support; CPM>=1 and expressing fraction>=0.10","DESCRIPTIVE_ONLY_NOT_CAUSAL_NOT_REQUIRED_FOR_ROBUSTNESS","results/03_phase3/baseline/baseline_ligand_expression_by_donor.csv|config/phase3_analysis.json"
"FBLN1",2,4,6,2,4,320.540317420576,53.4953520391517,0.931483694786098,0.565740618771774,0.957070707070707,0.898598516075845,1.32772312333962,"NO","ROBUST_BASELINE_SENDER",0.957070707070707,0.917087542087542,0.039983164983165,"NO_LARGE_CONTEXT_SHIFT","GSE182158 2/2 plus GSE199071 >=3/4 donor support; CPM>=1 and expressing fraction>=0.10","DESCRIPTIVE_ONLY_NOT_CAUSAL_NOT_REQUIRED_FOR_ROBUSTNESS","results/03_phase3/baseline/baseline_ligand_expression_by_donor.csv|config/phase3_analysis.json"
"FBLN2",2,2,4,2,4,48.7419345521531,14.0556836453525,0.616346275235188,0.184784680745336,0.89520202020202,0.795548227535037,1.45333429080717,"YES","MULTIDATASET_LOW_EXPRESSION",0.89520202020202,0.894360269360269,0.000841750841750755,"NO_LARGE_CONTEXT_SHIFT","GSE182158 2/2 plus GSE199071 >=3/4 donor support; CPM>=1 and expressing fraction>=0.10","DESCRIPTIVE_ONLY_NOT_CAUSAL_NOT_REQUIRED_FOR_ROBUSTNESS","results/03_phase3/baseline/baseline_ligand_expression_by_donor.csv|config/phase3_analysis.json"
"FBN1",2,4,6,2,4,143.85595029005,120.158339644784,0.928645937558754,0.739341399706346,0.943602693602694,0.936933223413025,0.156899822237933,"NO","ROBUST_BASELINE_SENDER",0.943602693602694,0.930555555555556,0.013047138047138,"NO_LARGE_CONTEXT_SHIFT","GSE182158 2/2 plus GSE199071 >=3/4 donor support; CPM>=1 and expressing fraction>=0.10","DESCRIPTIVE_ONLY_NOT_CAUSAL_NOT_REQUIRED_FOR_ROBUSTNESS","results/03_phase3/baseline/baseline_ligand_expression_by_donor.csv|config/phase3_analysis.json"
"FCAR",0,0,0,0,0,0.00194534584313656,0.0192573406575419,5.07047966737653e-05,0.000312207305650952,0.100589225589226,0.323371805441055,0.0285279658702441,"YES","NOT_RELIABLY_EXPRESSED",0.100589225589226,0.138047138047138,-0.0374579124579125,"NO_LARGE_CONTEXT_SHIFT","GSE182158 2/2 plus GSE199071 >=3/4 donor support; CPM>=1 and expressing fraction>=0.10","DESCRIPTIVE_ONLY_NOT_CAUSAL_NOT_REQUIRED_FOR_ROBUSTNESS","results/03_phase3/baseline/baseline_ligand_expression_by_donor.csv|config/phase3_analysis.json"
"FCER2",0,0,0,0,0,0.0369025461888855,0,0.000915842455022776,0,0.416245791245791,0.199505358615004,0.0274605288515193,"NO","NOT_RELIABLY_EXPRESSED",0.416245791245791,0.412457912457912,0.00378787878787873,"NO_LARGE_CONTEXT_SHIFT","GSE182158 2/2 plus GSE199071 >=3/4 donor support; CPM>=1 and expressing fraction>=0.10","DESCRIPTIVE_ONLY_NOT_CAUSAL_NOT_REQUIRED_FOR_ROBUSTNESS","results/03_phase3/baseline/baseline_ligand_expression_by_donor.csv|config/phase3_analysis.json"
"FCGR3B",0,0,0,0,0,0.00778138337254625,0,0.000202819186695061,0,0.174873737373737,0.199505358615004,0.00909553022770131,"NO","NOT_RELIABLY_EXPRESSED",0.174873737373737,0.116582491582492,0.0582912457912458,"NO_LARGE_CONTEXT_SHIFT","GSE182158 2/2 plus GSE199071 >=3/4 donor support; CPM>=1 and expressing fraction>=0.10","DESCRIPTIVE_ONLY_NOT_CAUSAL_NOT_REQUIRED_FOR_ROBUSTNESS","results/03_phase3/baseline/baseline_ligand_expression_by_donor.csv|config/phase3_analysis.json"
"FCN1",0,0,0,0,0,0.00656608598270553,0.0192573406575419,0.000156985871271586,0.000379650721336371,0.180976430976431,0.318425391591096,0.0384224027033497,"YES","NOT_RELIABLY_EXPRESSED",0.180976430976431,0.217592592592593,-0.0366161616161616,"NO_LARGE_CONTEXT_SHIFT","GSE182158 2/2 plus GSE199071 >=3/4 donor support; CPM>=1 and expressing fraction>=0.10","DESCRIPTIVE_ONLY_NOT_CAUSAL_NOT_REQUIRED_FOR_ROBUSTNESS","results/03_phase3/baseline/baseline_ligand_expression_by_donor.csv|config/phase3_analysis.json"
"FCN2",0,0,0,0,0,0,0,0,0,0.0536616161616162,0.199505358615004,0,"NO","NOT_RELIABLY_EXPRESSED",0.0536616161616162,0.115319865319865,-0.0616582491582492,"NO_LARGE_CONTEXT_SHIFT","GSE182158 2/2 plus GSE199071 >=3/4 donor support; CPM>=1 and expressing fraction>=0.10","DESCRIPTIVE_ONLY_NOT_CAUSAL_NOT_REQUIRED_FOR_ROBUSTNESS","results/03_phase3/baseline/baseline_ligand_expression_by_donor.csv|config/phase3_analysis.json"
"FCRL6",0,0,0,0,0,0.022128852727798,0,0.000562624244661708,0,0.347222222222222,0.199505358615004,0.0181510290466993,"NO","NOT_RELIABLY_EXPRESSED",0.347222222222222,0.236111111111111,0.111111111111111,"NO_LARGE_CONTEXT_SHIFT","GSE182158 2/2 plus GSE199071 >=3/4 donor support; CPM>=1 and expressing fraction>=0.10","DESCRIPTIVE_ONLY_NOT_CAUSAL_NOT_REQUIRED_FOR_ROBUSTNESS","results/03_phase3/baseline/baseline_ligand_expression_by_donor.csv|config/phase3_analysis.json"
"FGA",0,0,0,0,0,0.0182381610415249,0,0.000461214651314178,0,0.328703703703704,0.199505358615004,0.0142123810857259,"NO","NOT_RELIABLY_EXPRESSED",0.328703703703704,0.224326599326599,0.104377104377104,"NO_LARGE_CONTEXT_SHIFT","GSE182158 2/2 plus GSE199071 >=3/4 donor support; CPM>=1 and expressing fraction>=0.10","DESCRIPTIVE_ONLY_NOT_CAUSAL_NOT_REQUIRED_FOR_ROBUSTNESS","results/03_phase3/baseline/baseline_ligand_expression_by_donor.csv|config/phase3_analysis.json"
"FGB",0,0,0,0,0,0.00389069168627313,0,0.000101409593347531,0,0.13510101010101,0.211871393239901,0.0119837205526627,"NO","NOT_RELIABLY_EXPRESSED",0.13510101010101,0.138047138047138,-0.00294612794612797,"NO_LARGE_CONTEXT_SHIFT","GSE182158 2/2 plus GSE199071 >=3/4 donor support; CPM>=1 and expressing fraction>=0.10","DESCRIPTIVE_ONLY_NOT_CAUSAL_NOT_REQUIRED_FOR_ROBUSTNESS","results/03_phase3/baseline/baseline_ligand_expression_by_donor.csv|config/phase3_analysis.json"
"FGF1",1,4,5,1,4,3.10117955412303,21.9249310156249,0.060837995070252,0.258975409601454,0.690025252525253,0.830997526793075,1.62418072406264,"NO","MULTIDATASET_LOW_EXPRESSION",0.690025252525253,0.746632996632997,-0.0566077441077441,"NO_LARGE_CONTEXT_SHIFT","GSE182158 2/2 plus GSE199071 >=3/4 donor support; CPM>=1 and expressing fraction>=0.10","DESCRIPTIVE_ONLY_NOT_CAUSAL_NOT_REQUIRED_FOR_ROBUSTNESS","results/03_phase3/baseline/baseline_ligand_expression_by_donor.csv|config/phase3_analysis.json"
"FGF10",0,0,0,0,0,0.202742191792038,0,0.0045568448530333,0,0.464436026936027,0.199505358615004,0.191870301682695,"NO","NOT_RELIABLY_EXPRESSED",0.464436026936027,0.614057239057239,-0.149621212121212,"NO_LARGE_CONTEXT_SHIFT","GSE182158 2/2 plus GSE199071 >=3/4 donor support; CPM>=1 and expressing fraction>=0.10","DESCRIPTIVE_ONLY_NOT_CAUSAL_NOT_REQUIRED_FOR_ROBUSTNESS","results/03_phase3/baseline/baseline_ligand_expression_by_donor.csv|config/phase3_analysis.json"
"FGF11",0,0,0,0,0,0.22098470293052,0.0103181979539674,0.00561478411776121,0.000156103652825476,0.563131313131313,0.294723825226711,0.14966633647464,"NO","NOT_RELIABLY_EXPRESSED",0.563131313131313,0.559343434343434,0.00378787878787878,"NO_LARGE_CONTEXT_SHIFT","GSE182158 2/2 plus GSE199071 >=3/4 donor support; CPM>=1 and expressing fraction>=0.10","DESCRIPTIVE_ONLY_NOT_CAUSAL_NOT_REQUIRED_FOR_ROBUSTNESS","results/03_phase3/baseline/baseline_ligand_expression_by_donor.csv|config/phase3_analysis.json"
"FGF12",0,0,0,0,0,0.160370807348869,0.133655610899228,0.00385184918085088,0.0021909554996704,0.494107744107744,0.521434460016488,0.137126658845856,"NO","NOT_RELIABLY_EXPRESSED",0.494107744107744,0.472222222222222,0.0218855218855218,"NO_LARGE_CONTEXT_SHIFT","GSE182158 2/2 plus GSE199071 >=3/4 donor support; CPM>=1 and expressing fraction>=0.10","DESCRIPTIVE_ONLY_NOT_CAUSAL_NOT_REQUIRED_FOR_ROBUSTNESS","results/03_phase3/baseline/baseline_ligand_expression_by_donor.csv|config/phase3_analysis.json"
"FGF13",0,0,0,0,0,0.0394555407269424,0,0.000989463909408279,0,0.428240740740741,0.211871393239901,0.0304822484790281,"NO","NOT_RELIABLY_EXPRESSED",0.428240740740741,0.604377104377104,-0.176136363636364,"NO_LARGE_CONTEXT_SHIFT","GSE182158 2/2 plus GSE199071 >=3/4 donor support; CPM>=1 and expressing fraction>=0.10","DESCRIPTIVE_ONLY_NOT_CAUSAL_NOT_REQUIRED_FOR_ROBUSTNESS","results/03_phase3/baseline/baseline_ligand_expression_by_donor.csv|config/phase3_analysis.json"
"FGF14",0,0,0,0,0,0.0784258325173399,0.0770293626301676,0.00189871951682548,0.00124882922260381,0.493476430976431,0.376133553173949,0.0971150880853201,"YES","NOT_RELIABLY_EXPRESSED",0.493476430976431,0.535774410774411,-0.0422979797979798,"NO_LARGE_CONTEXT_SHIFT","GSE182158 2/2 plus GSE199071 >=3/4 donor support; CPM>=1 and expressing fraction>=0.10","DESCRIPTIVE_ONLY_NOT_CAUSAL_NOT_REQUIRED_FOR_ROBUSTNESS","results/03_phase3/baseline/baseline_ligand_expression_by_donor.csv|config/phase3_analysis.json"
"FGF16",0,0,0,0,0,0.00717373467762589,0.0359281705861361,0.000179902528983323,0.000564477739556099,0.216329966329966,0.430544105523495,0.0260054965216442,"NO","NOT_RELIABLY_EXPRESSED",0.216329966329966,0.224326599326599,-0.007996632996633,"NO_LARGE_CONTEXT_SHIFT","GSE182158 2/2 plus GSE199071 >=3/4 donor support; CPM>=1 and expressing fraction>=0.10","DESCRIPTIVE_ONLY_NOT_CAUSAL_NOT_REQUIRED_FOR_ROBUSTNESS","results/03_phase3/baseline/baseline_ligand_expression_by_donor.csv|config/phase3_analysis.json"
"FGF17",0,0,0,0,0,0.0165966395458485,0,0.000421968183496281,0,0.308291245791246,0.211871393239901,0.0225763669335146,"NO","NOT_RELIABLY_EXPRESSED",0.308291245791246,0.314393939393939,-0.00610269360269361,"NO_LARGE_CONTEXT_SHIFT","GSE182158 2/2 plus GSE199071 >=3/4 donor support; CPM>=1 and expressing fraction>=0.10","DESCRIPTIVE_ONLY_NOT_CAUSAL_NOT_REQUIRED_FOR_ROBUSTNESS","results/03_phase3/baseline/baseline_ligand_expression_by_donor.csv|config/phase3_analysis.json"
"FGF18",0,0,0,0,0,0.0728302444077242,0.0849326496270253,0.00186290378171816,0.000972851826286721,0.46506734006734,0.509480626545754,0.0825201965695618,"NO","NOT_RELIABLY_EXPRESSED",0.46506734006734,0.5496632996633,-0.0845959595959596,"NO_LARGE_CONTEXT_SHIFT","GSE182158 2/2 plus GSE199071 >=3/4 donor support; CPM>=1 and expressing fraction>=0.10","DESCRIPTIVE_ONLY_NOT_CAUSAL_NOT_REQUIRED_FOR_ROBUSTNESS","results/03_phase3/baseline/baseline_ligand_expression_by_donor.csv|config/phase3_analysis.json"
"FGF19",0,0,0,0,0,0.0116720750588194,0,0.000304228780042592,0,0.201388888888889,0.199505358615004,0.0135911588898104,"NO","NOT_RELIABLY_EXPRESSED",0.201388888888889,0.116582491582492,0.0848063973063973,"NO_LARGE_CONTEXT_SHIFT","GSE182158 2/2 plus GSE199071 >=3/4 donor support; CPM>=1 and expressing fraction>=0.10","DESCRIPTIVE_ONLY_NOT_CAUSAL_NOT_REQUIRED_FOR_ROBUSTNESS","results/03_phase3/baseline/baseline_ligand_expression_by_donor.csv|config/phase3_analysis.json"
"FGF2",2,4,6,2,4,7.08323664652564,118.698501027502,0.157148357459105,0.690727940990555,0.782407407407407,0.935696619950536,2.05529633924791,"NO","ROBUST_BASELINE_SENDER",0.782407407407407,0.784090909090909,-0.00168350168350162,"NO_LARGE_CONTEXT_SHIFT","GSE182158 2/2 plus GSE199071 >=3/4 donor support; CPM>=1 and expressing fraction>=0.10","DESCRIPTIVE_ONLY_NOT_CAUSAL_NOT_REQUIRED_FOR_ROBUSTNESS","results/03_phase3/baseline/baseline_ligand_expression_by_donor.csv|config/phase3_analysis.json"
"FGF20",0,0,0,0,3,0.129857272650562,1.20508642846666,0.00324311700295011,0.0193470149828689,0.535563973063973,0.666323165704864,0.622734342453005,"NO","NOT_RELIABLY_EXPRESSED",0.535563973063973,0.428872053872054,0.106691919191919,"NO_LARGE_CONTEXT_SHIFT","GSE182158 2/2 plus GSE199071 >=3/4 donor support; CPM>=1 and expressing fraction>=0.10","DESCRIPTIVE_ONLY_NOT_CAUSAL_NOT_REQUIRED_FOR_ROBUSTNESS","results/03_phase3/baseline/baseline_ligand_expression_by_donor.csv|config/phase3_analysis.json"
"FGF21",0,0,0,0,0,0.0185419853889851,0,0.000472672980170047,0,0.318813131313131,0.211871393239901,0.0421885064404671,"NO","NOT_RELIABLY_EXPRESSED",0.318813131313131,0.246212121212121,0.0726010101010101,"NO_LARGE_CONTEXT_SHIFT","GSE182158 2/2 plus GSE199071 >=3/4 donor support; CPM>=1 and expressing fraction>=0.10","DESCRIPTIVE_ONLY_NOT_CAUSAL_NOT_REQUIRED_FOR_ROBUSTNESS","results/03_phase3/baseline/baseline_ligand_expression_by_donor.csv|config/phase3_analysis.json"
"FGF22",0,0,0,0,0,0.0572084528319224,0.178832286919449,0.00140971672654927,0.00301472225993983,0.457912457912458,0.548639736191261,0.106841189395876,"NO","NOT_RELIABLY_EXPRESSED",0.457912457912458,0.457491582491583,0.000420875420875433,"NO_LARGE_CONTEXT_SHIFT","GSE182158 2/2 plus GSE199071 >=3/4 donor support; CPM>=1 and expressing fraction>=0.10","DESCRIPTIVE_ONLY_NOT_CAUSAL_NOT_REQUIRED_FOR_ROBUSTNESS","results/03_phase3/baseline/baseline_ligand_expression_by_donor.csv|config/phase3_analysis.json"
"FGF23",0,0,0,0,0,0.173017730377736,0.0206363959079348,0.00441762954040758,0.000312207305650952,0.539772727272727,0.319043693322341,0.124063285775131,"YES","NOT_RELIABLY_EXPRESSED",0.539772727272727,0.507575757575758,0.0321969696969697,"NO_LARGE_CONTEXT_SHIFT","GSE182158 2/2 plus GSE199071 >=3/4 donor support; CPM>=1 and expressing fraction>=0.10","DESCRIPTIVE_ONLY_NOT_CAUSAL_NOT_REQUIRED_FOR_ROBUSTNESS","results/03_phase3/baseline/baseline_ligand_expression_by_donor.csv|config/phase3_analysis.json"
"FGF3",0,0,0,0,0,0.0231627255285541,0,0.000578954054767867,0,0.36763468013468,0.199505358615004,0.0170602721577962,"NO","NOT_RELIABLY_EXPRESSED",0.36763468013468,0.260521885521886,0.107112794612795,"NO_LARGE_CONTEXT_SHIFT","GSE182158 2/2 plus GSE199071 >=3/4 donor support; CPM>=1 and expressing fraction>=0.10","DESCRIPTIVE_ONLY_NOT_CAUSAL_NOT_REQUIRED_FOR_ROBUSTNESS","results/03_phase3/baseline/baseline_ligand_expression_by_donor.csv|config/phase3_analysis.json"
"FGF4",0,0,0,0,0,0.0162928151983883,0,0.000410509854640412,0,0.316287878787879,0.199505358615004,0.0123667643326455,"NO","NOT_RELIABLY_EXPRESSED",0.316287878787879,0.288299663299663,0.0279882154882155,"NO_LARGE_CONTEXT_SHIFT","GSE182158 2/2 plus GSE199071 >=3/4 donor support; CPM>=1 and expressing fraction>=0.10","DESCRIPTIVE_ONLY_NOT_CAUSAL_NOT_REQUIRED_FOR_ROBUSTNESS","results/03_phase3/baseline/baseline_ligand_expression_by_donor.csv|config/phase3_analysis.json"
"FGF5",0,4,4,0,4,0.092347077766756,148.968079689711,0.00225365309354183,0.717262890207938,0.510942760942761,0.949711459192086,3.67663272408203,"NO","DATASET_SPECIFIC",0.510942760942761,0.845538720538721,-0.33459595959596,"UC_LOWER_CONTEXT","GSE182158 2/2 plus GSE199071 >=3/4 donor support; CPM>=1 and expressing fraction>=0.10","DESCRIPTIVE_ONLY_NOT_CAUSAL_NOT_REQUIRED_FOR_ROBUSTNESS","results/03_phase3/baseline/baseline_ligand_expression_by_donor.csv|config/phase3_analysis.json"
"FGF6",0,0,0,0,0,0.00328304299135276,0,7.84929356357928e-05,0,0.134890572390572,0.199505358615004,0.00385463763488309,"NO","NOT_RELIABLY_EXPRESSED",0.134890572390572,0.0500841750841751,0.0848063973063973,"NO_LARGE_CONTEXT_SHIFT","GSE182158 2/2 plus GSE199071 >=3/4 donor support; CPM>=1 and expressing fraction>=0.10","DESCRIPTIVE_ONLY_NOT_CAUSAL_NOT_REQUIRED_FOR_ROBUSTNESS","results/03_phase3/baseline/baseline_ligand_expression_by_donor.csv|config/phase3_analysis.json"
"FGF7",2,3,5,2,4,62.0592167467346,17.2767089117929,0.533682710874245,0.152438524932321,0.903198653198653,0.814097279472383,1.31282547484557,"YES","ROBUST_BASELINE_SENDER",0.903198653198653,0.965909090909091,-0.0627104377104378,"NO_LARGE_CONTEXT_SHIFT","GSE182158 2/2 plus GSE199071 >=3/4 donor support; CPM>=1 and expressing fraction>=0.10","DESCRIPTIVE_ONLY_NOT_CAUSAL_NOT_REQUIRED_FOR_ROBUSTNESS","results/03_phase3/baseline/baseline_ligand_expression_by_donor.csv|config/phase3_analysis.json"
"FGF8",0,0,0,0,0,0.0469330997520285,0.0295755386115093,0.00118082476724747,0.000508712961711231,0.442760942760943,0.401277823577906,0.0269520361750761,"NO","NOT_RELIABLY_EXPRESSED",0.442760942760943,0.387205387205387,0.0555555555555556,"NO_LARGE_CONTEXT_SHIFT","GSE182158 2/2 plus GSE199071 >=3/4 donor support; CPM>=1 and expressing fraction>=0.10","DESCRIPTIVE_ONLY_NOT_CAUSAL_NOT_REQUIRED_FOR_ROBUSTNESS","results/03_phase3/baseline/baseline_ligand_expression_by_donor.csv|config/phase3_analysis.json"
"FGF9",0,0,0,0,0,0.0198796825372013,0,0.000500461119132074,0,0.344065656565657,0.211871393239901,0.023897537960514,"NO","NOT_RELIABLY_EXPRESSED",0.344065656565657,0.260521885521886,0.083543771043771,"NO_LARGE_CONTEXT_SHIFT","GSE182158 2/2 plus GSE199071 >=3/4 donor support; CPM>=1 and expressing fraction>=0.10","DESCRIPTIVE_ONLY_NOT_CAUSAL_NOT_REQUIRED_FOR_ROBUSTNESS","results/03_phase3/baseline/baseline_ligand_expression_by_donor.csv|config/phase3_analysis.json"
"FGFRL1",0,4,4,2,4,1.78409153985374,15.5948465858737,0.0428581060094816,0.215176555653264,0.697811447811448,0.812860676009893,1.35712531153428,"NO","MULTIDATASET_LOW_EXPRESSION",0.697811447811448,0.720959595959596,-0.023148148148148,"NO_LARGE_CONTEXT_SHIFT","GSE182158 2/2 plus GSE199071 >=3/4 donor support; CPM>=1 and expressing fraction>=0.10","DESCRIPTIVE_ONLY_NOT_CAUSAL_NOT_REQUIRED_FOR_ROBUSTNESS","results/03_phase3/baseline/baseline_ligand_expression_by_donor.csv|config/phase3_analysis.json"
"FGG",0,0,0,0,0,0.0179343366940647,0,0.000449756322458309,0,0.331649831649832,0.199505358615004,0.0133117620451778,"NO","NOT_RELIABLY_EXPRESSED",0.331649831649832,0.178030303030303,0.153619528619529,"NO_LARGE_CONTEXT_SHIFT","GSE182158 2/2 plus GSE199071 >=3/4 donor support; CPM>=1 and expressing fraction>=0.10","DESCRIPTIVE_ONLY_NOT_CAUSAL_NOT_REQUIRED_FOR_ROBUSTNESS","results/03_phase3/baseline/baseline_ligand_expression_by_donor.csv|config/phase3_analysis.json"
"FGL1",0,0,0,0,0,0.00972672921568282,0,0.000253523983368827,0,0.188973063973064,0.199505358615004,0.0113476339030551,"NO","NOT_RELIABLY_EXPRESSED",0.188973063973064,0.272727272727273,-0.0837542087542088,"NO_LARGE_CONTEXT_SHIFT","GSE182158 2/2 plus GSE199071 >=3/4 donor support; CPM>=1 and expressing fraction>=0.10","DESCRIPTIVE_ONLY_NOT_CAUSAL_NOT_REQUIRED_FOR_ROBUSTNESS","results/03_phase3/baseline/baseline_ligand_expression_by_donor.csv|config/phase3_analysis.json"
"FLRT1",0,0,0,0,0,0.129857272650562,0.0398937365654767,0.00324311700295011,0.000691858026987323,0.535563973063973,0.430544105523495,0.0771763869194681,"NO","NOT_RELIABLY_EXPRESSED",0.535563973063973,0.38973063973064,0.145833333333333,"NO_LARGE_CONTEXT_SHIFT","GSE182158 2/2 plus GSE199071 >=3/4 donor support; CPM>=1 and expressing fraction>=0.10","DESCRIPTIVE_ONLY_NOT_CAUSAL_NOT_REQUIRED_FOR_ROBUSTNESS","results/03_phase3/baseline/baseline_ligand_expression_by_donor.csv|config/phase3_analysis.json"
"FLRT2",2,4,6,2,4,39.1965474445047,16.3617246096675,0.547002494803355,0.210602330618697,0.882996632996633,0.817807089859852,0.751969624904416,"YES","ROBUST_BASELINE_SENDER",0.882996632996633,0.792508417508418,0.0904882154882155,"NO_LARGE_CONTEXT_SHIFT","GSE182158 2/2 plus GSE199071 >=3/4 donor support; CPM>=1 and expressing fraction>=0.10","DESCRIPTIVE_ONLY_NOT_CAUSAL_NOT_REQUIRED_FOR_ROBUSTNESS","results/03_phase3/baseline/baseline_ligand_expression_by_donor.csv|config/phase3_analysis.json"
"FLRT3",2,1,3,2,4,14.1942958241961,4.15231948894859,0.243564566310014,0.0666107632318183,0.811447811447811,0.732481450948063,1.04295884742823,"YES","MULTIDATASET_LOW_EXPRESSION",0.811447811447811,0.691498316498317,0.119949494949495,"NO_LARGE_CONTEXT_SHIFT","GSE182158 2/2 plus GSE199071 >=3/4 donor support; CPM>=1 and expressing fraction>=0.10","DESCRIPTIVE_ONLY_NOT_CAUSAL_NOT_REQUIRED_FOR_ROBUSTNESS","results/03_phase3/baseline/baseline_ligand_expression_by_donor.csv|config/phase3_analysis.json"
"FLT3LG",2,0,2,2,4,6.17047614623772,2.63060233651931,0.140568987418046,0.0380136810438498,0.773989898989899,0.717023907666941,0.573806619803918,"NO","MULTIDATASET_LOW_EXPRESSION",0.773989898989899,0.779882154882155,-0.00589225589225584,"NO_LARGE_CONTEXT_SHIFT","GSE182158 2/2 plus GSE199071 >=3/4 donor support; CPM>=1 and expressing fraction>=0.10","DESCRIPTIVE_ONLY_NOT_CAUSAL_NOT_REQUIRED_FOR_ROBUSTNESS","results/03_phase3/baseline/baseline_ligand_expression_by_donor.csv|config/phase3_analysis.json"
"FN1",2,4,6,2,4,1111.41724430038,1440.20915249604,0.999651653270889,0.961691665771767,0.989478114478114,0.992580379225062,0.499055340886719,"NO","ROBUST_BASELINE_SENDER",0.989478114478114,0.986952861952862,0.00252525252525249,"NO_LARGE_CONTEXT_SHIFT","GSE182158 2/2 plus GSE199071 >=3/4 donor support; CPM>=1 and expressing fraction>=0.10","DESCRIPTIVE_ONLY_NOT_CAUSAL_NOT_REQUIRED_FOR_ROBUSTNESS","results/03_phase3/baseline/baseline_ligand_expression_by_donor.csv|config/phase3_analysis.json"
"FNDC5",0,0,0,0,0,0.115387403536935,0.144902615490014,0.00286211065362702,0.002319180096183,0.529250841750842,0.536479802143446,0.0741392334623284,"NO","NOT_RELIABLY_EXPRESSED",0.529250841750842,0.479377104377104,0.0498737373737373,"NO_LARGE_CONTEXT_SHIFT","GSE182158 2/2 plus GSE199071 >=3/4 donor support; CPM>=1 and expressing fraction>=0.10","DESCRIPTIVE_ONLY_NOT_CAUSAL_NOT_REQUIRED_FOR_ROBUSTNESS","results/03_phase3/baseline/baseline_ligand_expression_by_donor.csv|config/phase3_analysis.json"
"FSHB",0,0,0,0,0,0.00717373467762589,0,0.000179902528983323,0,0.216329966329966,0.199505358615004,0.00535362831784548,"NO","NOT_RELIABLY_EXPRESSED",0.216329966329966,0.113636363636364,0.102693602693603,"NO_LARGE_CONTEXT_SHIFT","GSE182158 2/2 plus GSE199071 >=3/4 donor support; CPM>=1 and expressing fraction>=0.10","DESCRIPTIVE_ONLY_NOT_CAUSAL_NOT_REQUIRED_FOR_ROBUSTNESS","results/03_phase3/baseline/baseline_ligand_expression_by_donor.csv|config/phase3_analysis.json"
"FST",1,4,5,2,4,4.24981462393728,330.55406354512,0.093909530066034,0.762698741759517,0.746212121212121,0.968672712283594,3.11904161328437,"NO","MULTIDATASET_LOW_EXPRESSION",0.746212121212121,0.866582491582492,-0.12037037037037,"NO_LARGE_CONTEXT_SHIFT","GSE182158 2/2 plus GSE199071 >=3/4 donor support; CPM>=1 and expressing fraction>=0.10","DESCRIPTIVE_ONLY_NOT_CAUSAL_NOT_REQUIRED_FOR_ROBUSTNESS","results/03_phase3/baseline/baseline_ligand_expression_by_donor.csv|config/phase3_analysis.json"
"FSTL5",0,0,0,0,0,0.00881525617330227,0,0.00021914899680122,0,0.242003367003367,0.211871393239901,0.0561209551788035,"NO","NOT_RELIABLY_EXPRESSED",0.242003367003367,0.272727272727273,-0.0307239057239057,"NO_LARGE_CONTEXT_SHIFT","GSE182158 2/2 plus GSE199071 >=3/4 donor support; CPM>=1 and expressing fraction>=0.10","DESCRIPTIVE_ONLY_NOT_CAUSAL_NOT_REQUIRED_FOR_ROBUSTNESS","results/03_phase3/baseline/baseline_ligand_expression_by_donor.csv|config/phase3_analysis.json"
"FURIN",2,4,6,2,4,7.50279077569925,15.2302809994658,0.168145945279893,0.193754956015315,0.786616161616162,0.808326463314097,0.495999011241907,"NO","ROBUST_BASELINE_SENDER",0.786616161616162,0.789983164983165,-0.00336700336700346,"NO_LARGE_CONTEXT_SHIFT","GSE182158 2/2 plus GSE199071 >=3/4 donor support; CPM>=1 and expressing fraction>=0.10","DESCRIPTIVE_ONLY_NOT_CAUSAL_NOT_REQUIRED_FOR_ROBUSTNESS","results/03_phase3/baseline/baseline_ligand_expression_by_donor.csv|config/phase3_analysis.json"
"GAD1",0,0,0,0,0,0.0264457685199068,0.0412727918158695,0.00065744699040366,0.000624414611301905,0.379419191919192,0.349752679307502,0.174712639547504,"YES","NOT_RELIABLY_EXPRESSED",0.379419191919192,0.433501683501684,-0.0540824915824916,"NO_LARGE_CONTEXT_SHIFT","GSE182158 2/2 plus GSE199071 >=3/4 donor support; CPM>=1 and expressing fraction>=0.10","DESCRIPTIVE_ONLY_NOT_CAUSAL_NOT_REQUIRED_FOR_ROBUSTNESS","results/03_phase3/baseline/baseline_ligand_expression_by_donor.csv|config/phase3_analysis.json"
"GAL",1,1,2,2,4,7.15887031456824,6.80196632833992,0.123490593026427,0.0812257163369337,0.771885521885522,0.765045342126958,1.28730400857323,"YES","MULTIDATASET_LOW_EXPRESSION",0.771885521885522,0.726010101010101,0.0458754208754209,"NO_LARGE_CONTEXT_SHIFT","GSE182158 2/2 plus GSE199071 >=3/4 donor support; CPM>=1 and expressing fraction>=0.10","DESCRIPTIVE_ONLY_NOT_CAUSAL_NOT_REQUIRED_FOR_ROBUSTNESS","results/03_phase3/baseline/baseline_ligand_expression_by_donor.csv|config/phase3_analysis.json"
"GALP",0,0,0,0,0,0,0,0,0,0.0536616161616162,0.199505358615004,0,"NO","NOT_RELIABLY_EXPRESSED",0.0536616161616162,0.113636363636364,-0.0599747474747475,"NO_LARGE_CONTEXT_SHIFT","GSE182158 2/2 plus GSE199071 >=3/4 donor support; CPM>=1 and expressing fraction>=0.10","DESCRIPTIVE_ONLY_NOT_CAUSAL_NOT_REQUIRED_FOR_ROBUSTNESS","results/03_phase3/baseline/baseline_ligand_expression_by_donor.csv|config/phase3_analysis.json"
"GAS6",2,4,6,2,4,28.7281475988523,234.496084487236,0.448912103513564,0.886413676001034,0.873737373737374,0.963726298433636,1.56913038833383,"NO","ROBUST_BASELINE_SENDER",0.873737373737374,0.883417508417509,-0.00968013468013473,"NO_LARGE_CONTEXT_SHIFT","GSE182158 2/2 plus GSE199071 >=3/4 donor support; CPM>=1 and expressing fraction>=0.10","DESCRIPTIVE_ONLY_NOT_CAUSAL_NOT_REQUIRED_FOR_ROBUSTNESS","results/03_phase3/baseline/baseline_ligand_expression_by_donor.csv|config/phase3_analysis.json"
"GAST",0,0,0,0,0,0.00194534584313656,0,5.07047966737653e-05,0,0.100589225589226,0.211871393239901,0.0463117727059575,"NO","NOT_RELIABLY_EXPRESSED",0.100589225589226,0.047979797979798,0.0526094276094276,"NO_LARGE_CONTEXT_SHIFT","GSE182158 2/2 plus GSE199071 >=3/4 donor support; CPM>=1 and expressing fraction>=0.10","DESCRIPTIVE_ONLY_NOT_CAUSAL_NOT_REQUIRED_FOR_ROBUSTNESS","results/03_phase3/baseline/baseline_ligand_expression_by_donor.csv|config/phase3_analysis.json"
"GC",0,0,0,0,0,0.00164152149567638,0,3.92464678178964e-05,0,0.099537037037037,0.199505358615004,0.00193047220564663,"NO","NOT_RELIABLY_EXPRESSED",0.099537037037037,0.131734006734007,-0.0321969696969697,"NO_LARGE_CONTEXT_SHIFT","GSE182158 2/2 plus GSE199071 >=3/4 donor support; CPM>=1 and expressing fraction>=0.10","DESCRIPTIVE_ONLY_NOT_CAUSAL_NOT_REQUIRED_FOR_ROBUSTNESS","results/03_phase3/baseline/baseline_ligand_expression_by_donor.csv|config/phase3_analysis.json"
"GCG",0,0,0,0,0,0.0273572415622874,0,0.000590412383623736,0,0.380260942760943,0.211871393239901,0.0210154740150153,"NO","NOT_RELIABLY_EXPRESSED",0.380260942760943,0.260521885521886,0.119739057239057,"NO_LARGE_CONTEXT_SHIFT","GSE182158 2/2 plus GSE199071 >=3/4 donor support; CPM>=1 and expressing fraction>=0.10","DESCRIPTIVE_ONLY_NOT_CAUSAL_NOT_REQUIRED_FOR_ROBUSTNESS","results/03_phase3/baseline/baseline_ligand_expression_by_donor.csv|config/phase3_analysis.json"
"GDF1",0,0,0,0,0,0,0,0,0,0.0536616161616162,0.199505358615004,0,"NO","NOT_RELIABLY_EXPRESSED",0.0536616161616162,0.0437710437710438,0.00989057239057239,"NO_LARGE_CONTEXT_SHIFT","GSE182158 2/2 plus GSE199071 >=3/4 donor support; CPM>=1 and expressing fraction>=0.10","DESCRIPTIVE_ONLY_NOT_CAUSAL_NOT_REQUIRED_FOR_ROBUSTNESS","results/03_phase3/baseline/baseline_ligand_expression_by_donor.csv|config/phase3_analysis.json"
"GDF10",0,0,0,0,0,0.00911908052076245,0,0.000230607325657089,0,0.239478114478115,0.199505358615004,0.00714382482919286,"NO","NOT_RELIABLY_EXPRESSED",0.239478114478115,0.465488215488216,-0.226010101010101,"NO_LARGE_CONTEXT_SHIFT","GSE182158 2/2 plus GSE199071 >=3/4 donor support; CPM>=1 and expressing fraction>=0.10","DESCRIPTIVE_ONLY_NOT_CAUSAL_NOT_REQUIRED_FOR_ROBUSTNESS","results/03_phase3/baseline/baseline_ligand_expression_by_donor.csv|config/phase3_analysis.json"
"GDF11",2,4,6,2,4,7.01984730441754,9.4200912868971,0.156613867610651,0.145409371196844,0.779040404040404,0.783388293487222,0.410654095152254,"NO","ROBUST_BASELINE_SENDER",0.779040404040404,0.772306397306397,0.00673400673400681,"NO_LARGE_CONTEXT_SHIFT","GSE182158 2/2 plus GSE199071 >=3/4 donor support; CPM>=1 and expressing fraction>=0.10","DESCRIPTIVE_ONLY_NOT_CAUSAL_NOT_REQUIRED_FOR_ROBUSTNESS","results/03_phase3/baseline/baseline_ligand_expression_by_donor.csv|config/phase3_analysis.json"
"GDF15",2,4,6,2,4,55.0182336057826,20.3859166269694,0.502712503643661,0.11341848983169,0.906565656565657,0.827287716405606,0.765946814368401,"NO","ROBUST_BASELINE_SENDER",0.906565656565657,0.819444444444445,0.0871212121212122,"NO_LARGE_CONTEXT_SHIFT","GSE182158 2/2 plus GSE199071 >=3/4 donor support; CPM>=1 and expressing fraction>=0.10","DESCRIPTIVE_ONLY_NOT_CAUSAL_NOT_REQUIRED_FOR_ROBUSTNESS","results/03_phase3/baseline/baseline_ligand_expression_by_donor.csv|config/phase3_analysis.json"
"GDF2",0,0,0,0,0,0.00194534584313656,0,5.07047966737653e-05,0,0.100589225589226,0.199505358615004,0.00228708467680247,"NO","NOT_RELIABLY_EXPRESSED",0.100589225589226,0.116582491582492,-0.015993265993266,"NO_LARGE_CONTEXT_SHIFT","GSE182158 2/2 plus GSE199071 >=3/4 donor support; CPM>=1 and expressing fraction>=0.10","DESCRIPTIVE_ONLY_NOT_CAUSAL_NOT_REQUIRED_FOR_ROBUSTNESS","results/03_phase3/baseline/baseline_ligand_expression_by_donor.csv|config/phase3_analysis.json"
"GDF3",0,0,0,0,0,0,0,0,0,0.0536616161616162,0.199505358615004,0,"NO","NOT_RELIABLY_EXPRESSED",0.0536616161616162,0.047979797979798,0.00568181818181818,"NO_LARGE_CONTEXT_SHIFT","GSE182158 2/2 plus GSE199071 >=3/4 donor support; CPM>=1 and expressing fraction>=0.10","DESCRIPTIVE_ONLY_NOT_CAUSAL_NOT_REQUIRED_FOR_ROBUSTNESS","results/03_phase3/baseline/baseline_ligand_expression_by_donor.csv|config/phase3_analysis.json"
"GDF5",1,3,4,2,4,5.5112481078876,8.03210367189357,0.106331377417691,0.125839488601375,0.748947811447811,0.770816158285243,0.798789594953745,"NO","MULTIDATASET_LOW_EXPRESSION",0.748947811447811,0.696548821548822,0.0523989898989898,"NO_LARGE_CONTEXT_SHIFT","GSE182158 2/2 plus GSE199071 >=3/4 donor support; CPM>=1 and expressing fraction>=0.10","DESCRIPTIVE_ONLY_NOT_CAUSAL_NOT_REQUIRED_FOR_ROBUSTNESS","results/03_phase3/baseline/baseline_ligand_expression_by_donor.csv|config/phase3_analysis.json"
"GDF6",0,0,0,2,2,0.811965365622985,0.896416759299275,0.0200479482706003,0.0142125380052326,0.65256734006734,0.617683429513603,0.719862848810495,"NO","MULTIDATASET_LOW_EXPRESSION",0.65256734006734,0.547979797979798,0.104587542087542,"NO_LARGE_CONTEXT_SHIFT","GSE182158 2/2 plus GSE199071 >=3/4 donor support; CPM>=1 and expressing fraction>=0.10","DESCRIPTIVE_ONLY_NOT_CAUSAL_NOT_REQUIRED_FOR_ROBUSTNESS","results/03_phase3/baseline/baseline_ligand_expression_by_donor.csv|config/phase3_analysis.json"
"GDF7",0,0,0,0,0,0.0463254510571081,0.0269890278825616,0.00115790810953573,0.000408374086730623,0.44486531986532,0.409934047815334,0.0255530274341981,"NO","NOT_RELIABLY_EXPRESSED",0.44486531986532,0.475589225589226,-0.0307239057239057,"NO_LARGE_CONTEXT_SHIFT","GSE182158 2/2 plus GSE199071 >=3/4 donor support; CPM>=1 and expressing fraction>=0.10","DESCRIPTIVE_ONLY_NOT_CAUSAL_NOT_REQUIRED_FOR_ROBUSTNESS","results/03_phase3/baseline/baseline_ligand_expression_by_donor.csv|config/phase3_analysis.json"
"GDF9",0,0,0,0,0,0.0384216679261864,0.0718563411722721,0.00097313409930212,0.000884191589146663,0.421506734006734,0.489076669414674,0.0443722304548555,"NO","NOT_RELIABLY_EXPRESSED",0.421506734006734,0.331228956228956,0.0902777777777778,"NO_LARGE_CONTEXT_SHIFT","GSE182158 2/2 plus GSE199071 >=3/4 donor support; CPM>=1 and expressing fraction>=0.10","DESCRIPTIVE_ONLY_NOT_CAUSAL_NOT_REQUIRED_FOR_ROBUSTNESS","results/03_phase3/baseline/baseline_ligand_expression_by_donor.csv|config/phase3_analysis.json"
"GDNF",0,3,3,1,4,0.503748274195737,12.8527435836898,0.0119941878134325,0.156528960456787,0.620159932659933,0.79967023907667,1.66117247611568,"NO","MULTIDATASET_LOW_EXPRESSION",0.620159932659933,0.678030303030303,-0.0578703703703702,"NO_LARGE_CONTEXT_SHIFT","GSE182158 2/2 plus GSE199071 >=3/4 donor support; CPM>=1 and expressing fraction>=0.10","DESCRIPTIVE_ONLY_NOT_CAUSAL_NOT_REQUIRED_FOR_ROBUSTNESS","results/03_phase3/baseline/baseline_ligand_expression_by_donor.csv|config/phase3_analysis.json"
"GGT1",0,0,0,2,0,1.37540736216408,0.0205161552823478,0.0322632750650048,0.000352609308885755,0.682659932659933,0.332028029678483,0.629301440699542,"YES","NOT_RELIABLY_EXPRESSED",0.682659932659933,0.518518518518519,0.164141414141414,"NO_LARGE_CONTEXT_SHIFT","GSE182158 2/2 plus GSE199071 >=3/4 donor support; CPM>=1 and expressing fraction>=0.10","DESCRIPTIVE_ONLY_NOT_CAUSAL_NOT_REQUIRED_FOR_ROBUSTNESS","results/03_phase3/baseline/baseline_ligand_expression_by_donor.csv|config/phase3_analysis.json"
"GH1",0,0,0,0,0,0.00553221318194951,0,0.000140656061165427,0,0.180976430976431,0.199505358615004,0.00458733061698916,"NO","NOT_RELIABLY_EXPRESSED",0.180976430976431,0.272727272727273,-0.0917508417508417,"NO_LARGE_CONTEXT_SHIFT","GSE182158 2/2 plus GSE199071 >=3/4 donor support; CPM>=1 and expressing fraction>=0.10","DESCRIPTIVE_ONLY_NOT_CAUSAL_NOT_REQUIRED_FOR_ROBUSTNESS","results/03_phase3/baseline/baseline_ligand_expression_by_donor.csv|config/phase3_analysis.json"
"GH2",0,0,0,0,0,0.00164152149567638,0,3.92464678178964e-05,0,0.099537037037037,0.199505358615004,0.00193047220564663,"NO","NOT_RELIABLY_EXPRESSED",0.099537037037037,0.0437710437710438,0.0557659932659933,"NO_LARGE_CONTEXT_SHIFT","GSE182158 2/2 plus GSE199071 >=3/4 donor support; CPM>=1 and expressing fraction>=0.10","DESCRIPTIVE_ONLY_NOT_CAUSAL_NOT_REQUIRED_FOR_ROBUSTNESS","results/03_phase3/baseline/baseline_ligand_expression_by_donor.csv|config/phase3_analysis.json"
"GHRH",0,0,0,0,0,0.00522838883448933,0,0.000129197732309558,0,0.181818181818182,0.204451772464963,0.0227888352431907,"NO","NOT_RELIABLY_EXPRESSED",0.181818181818182,0.0500841750841751,0.131734006734007,"NO_LARGE_CONTEXT_SHIFT","GSE182158 2/2 plus GSE199071 >=3/4 donor support; CPM>=1 and expressing fraction>=0.10","DESCRIPTIVE_ONLY_NOT_CAUSAL_NOT_REQUIRED_FOR_ROBUSTNESS","results/03_phase3/baseline/baseline_ligand_expression_by_donor.csv|config/phase3_analysis.json"
"GHRL",0,0,0,1,0,0.381056036028887,0.287425364689089,0.00963480288092396,0.00435971826362331,0.605008417508418,0.583058532563891,0.101353407221311,"NO","NOT_RELIABLY_EXPRESSED",0.605008417508418,0.570707070707071,0.0343013468013468,"NO_LARGE_CONTEXT_SHIFT","GSE182158 2/2 plus GSE199071 >=3/4 donor support; CPM>=1 and expressing fraction>=0.10","DESCRIPTIVE_ONLY_NOT_CAUSAL_NOT_REQUIRED_FOR_ROBUSTNESS","results/03_phase3/baseline/baseline_ligand_expression_by_donor.csv|config/phase3_analysis.json"
"GIP",2,0,2,2,4,7.43478692007523,1.89392881969306,0.164525459618684,0.0276705281281714,0.789141414141414,0.696207749381698,0.846303399093513,"NO","MULTIDATASET_LOW_EXPRESSION",0.789141414141414,0.594276094276094,0.19486531986532,"NO_LARGE_CONTEXT_SHIFT","GSE182158 2/2 plus GSE199071 >=3/4 donor support; CPM>=1 and expressing fraction>=0.10","DESCRIPTIVE_ONLY_NOT_CAUSAL_NOT_REQUIRED_FOR_ROBUSTNESS","results/03_phase3/baseline/baseline_ligand_expression_by_donor.csv|config/phase3_analysis.json"
"GJB2",0,0,0,0,0,0.112838759095835,0.220742044974712,0.00249544413023921,0.00409503369734823,0.439814814814815,0.573371805441055,0.18861954725913,"NO","NOT_RELIABLY_EXPRESSED",0.439814814814815,0.493686868686869,-0.0538720538720538,"NO_LARGE_CONTEXT_SHIFT","GSE182158 2/2 plus GSE199071 >=3/4 donor support; CPM>=1 and expressing fraction>=0.10","DESCRIPTIVE_ONLY_NOT_CAUSAL_NOT_REQUIRED_FOR_ROBUSTNESS","results/03_phase3/baseline/baseline_ligand_expression_by_donor.csv|config/phase3_analysis.json"
"GJB6",0,0,0,0,0,0.014651293702712,0,0.000371263386822516,0,0.295875420875421,0.199505358615004,0.0116571491592045,"NO","NOT_RELIABLY_EXPRESSED",0.295875420875421,0.178030303030303,0.117845117845118,"NO_LARGE_CONTEXT_SHIFT","GSE182158 2/2 plus GSE199071 >=3/4 donor support; CPM>=1 and expressing fraction>=0.10","DESCRIPTIVE_ONLY_NOT_CAUSAL_NOT_REQUIRED_FOR_ROBUSTNESS","results/03_phase3/baseline/baseline_ligand_expression_by_donor.csv|config/phase3_analysis.json"
"GLG1",2,4,6,2,4,62.8269059832189,54.1863893133924,0.760924364363236,0.55656052569031,0.912457912457912,0.898598516075845,0.132468881794319,"NO","ROBUST_BASELINE_SENDER",0.912457912457912,0.893518518518519,0.0189393939393939,"NO_LARGE_CONTEXT_SHIFT","GSE182158 2/2 plus GSE199071 >=3/4 donor support; CPM>=1 and expressing fraction>=0.10","DESCRIPTIVE_ONLY_NOT_CAUSAL_NOT_REQUIRED_FOR_ROBUSTNESS","results/03_phase3/baseline/baseline_ligand_expression_by_donor.csv|config/phase3_analysis.json"
"GNAS",2,4,6,2,4,148.24898295182,277.393904020534,0.95239732597071,0.91903518697235,0.94486531986532,0.967848309975268,0.466572371722543,"NO","ROBUST_BASELINE_SENDER",0.94486531986532,0.94486531986532,0,"NO_LARGE_CONTEXT_SHIFT","GSE182158 2/2 plus GSE199071 >=3/4 donor support; CPM>=1 and expressing fraction>=0.10","DESCRIPTIVE_ONLY_NOT_CAUSAL_NOT_REQUIRED_FOR_ROBUSTNESS","results/03_phase3/baseline/baseline_ligand_expression_by_donor.csv|config/phase3_analysis.json"
"GNRH1",0,0,0,2,3,0.57791186565472,0.641534049092554,0.0142564177387507,0.0111198202194849,0.63236531986532,0.634171475680132,0.0633778209125433,"NO","MULTIDATASET_LOW_EXPRESSION",0.63236531986532,0.626683501683502,0.00568181818181812,"NO_LARGE_CONTEXT_SHIFT","GSE182158 2/2 plus GSE199071 >=3/4 donor support; CPM>=1 and expressing fraction>=0.10","DESCRIPTIVE_ONLY_NOT_CAUSAL_NOT_REQUIRED_FOR_ROBUSTNESS","results/03_phase3/baseline/baseline_ligand_expression_by_donor.csv|config/phase3_analysis.json"
"GNRH2",0,0,0,0,0,0.0104567776689787,0,0.000258395464619116,0,0.262415824915825,0.199505358615004,0.00811522783084505,"NO","NOT_RELIABLY_EXPRESSED",0.262415824915825,0.365319865319865,-0.10290404040404,"NO_LARGE_CONTEXT_SHIFT","GSE182158 2/2 plus GSE199071 >=3/4 donor support; CPM>=1 and expressing fraction>=0.10","DESCRIPTIVE_ONLY_NOT_CAUSAL_NOT_REQUIRED_FOR_ROBUSTNESS","results/03_phase3/baseline/baseline_ligand_expression_by_donor.csv|config/phase3_analysis.json"
"GP1BA",0,0,0,0,0,0.021094979927042,0.037186985210942,0.00054629443455555,0.000564477739556099,0.28030303030303,0.439200329760923,0.0273506202981204,"NO","NOT_RELIABLY_EXPRESSED",0.28030303030303,0.343855218855219,-0.0635521885521885,"NO_LARGE_CONTEXT_SHIFT","GSE182158 2/2 plus GSE199071 >=3/4 donor support; CPM>=1 and expressing fraction>=0.10","DESCRIPTIVE_ONLY_NOT_CAUSAL_NOT_REQUIRED_FOR_ROBUSTNESS","results/03_phase3/baseline/baseline_ligand_expression_by_donor.csv|config/phase3_analysis.json"
"GP5",0,0,0,0,0,0.00553221318194951,0,0.000140656061165427,0,0.180976430976431,0.211871393239901,0.011598320693326,"NO","NOT_RELIABLY_EXPRESSED",0.180976430976431,0.247053872053872,-0.0660774410774411,"NO_LARGE_CONTEXT_SHIFT","GSE182158 2/2 plus GSE199071 >=3/4 donor support; CPM>=1 and expressing fraction>=0.10","DESCRIPTIVE_ONLY_NOT_CAUSAL_NOT_REQUIRED_FOR_ROBUSTNESS","results/03_phase3/baseline/baseline_ligand_expression_by_donor.csv|config/phase3_analysis.json"
"GPC3",1,0,1,2,2,5.70105004362796,0.683388130957133,0.102770113685408,0.00971465638451338,0.731902356902357,0.592539159109646,1.29391617710011,"YES","MULTIDATASET_LOW_EXPRESSION",0.731902356902357,0.678030303030303,0.0538720538720539,"NO_LARGE_CONTEXT_SHIFT","GSE182158 2/2 plus GSE199071 >=3/4 donor support; CPM>=1 and expressing fraction>=0.10","DESCRIPTIVE_ONLY_NOT_CAUSAL_NOT_REQUIRED_FOR_ROBUSTNESS","results/03_phase3/baseline/baseline_ligand_expression_by_donor.csv|config/phase3_analysis.json"
"GPC6",2,1,3,2,4,38.5841108292337,4.44331236459104,0.53927821204539,0.0717742905588413,0.885521885521886,0.742786479802144,1.41562575768823,"NO","MULTIDATASET_LOW_EXPRESSION",0.885521885521886,0.829545454545455,0.055976430976431,"NO_LARGE_CONTEXT_SHIFT","GSE182158 2/2 plus GSE199071 >=3/4 donor support; CPM>=1 and expressing fraction>=0.10","DESCRIPTIVE_ONLY_NOT_CAUSAL_NOT_REQUIRED_FOR_ROBUSTNESS","results/03_phase3/baseline/baseline_ligand_expression_by_donor.csv|config/phase3_analysis.json"
"GPHA2",0,0,0,0,1,0.0271758169732027,0,0.000662318471653949,0,0.354587542087542,0.204451772464963,0.410175525965931,"NO","NOT_RELIABLY_EXPRESSED",0.354587542087542,0.304292929292929,0.0502946127946128,"NO_LARGE_CONTEXT_SHIFT","GSE182158 2/2 plus GSE199071 >=3/4 donor support; CPM>=1 and expressing fraction>=0.10","DESCRIPTIVE_ONLY_NOT_CAUSAL_NOT_REQUIRED_FOR_ROBUSTNESS","results/03_phase3/baseline/baseline_ligand_expression_by_donor.csv|config/phase3_analysis.json"
"GPHB5",0,0,0,0,0,0,0,0,0,0.0536616161616162,0.199505358615004,0,"NO","NOT_RELIABLY_EXPRESSED",0.0536616161616162,0.047979797979798,0.00568181818181818,"NO_LARGE_CONTEXT_SHIFT","GSE182158 2/2 plus GSE199071 >=3/4 donor support; CPM>=1 and expressing fraction>=0.10","DESCRIPTIVE_ONLY_NOT_CAUSAL_NOT_REQUIRED_FOR_ROBUSTNESS","results/03_phase3/baseline/baseline_ligand_expression_by_donor.csv|config/phase3_analysis.json"
"GPI",2,4,6,2,4,42.0140943465985,53.5832220753982,0.61735699615551,0.540693106790451,0.895622895622896,0.897774113767519,0.239275751717775,"NO","ROBUST_BASELINE_SENDER",0.895622895622896,0.863215488215488,0.0324074074074073,"NO_LARGE_CONTEXT_SHIFT","GSE182158 2/2 plus GSE199071 >=3/4 donor support; CPM>=1 and expressing fraction>=0.10","DESCRIPTIVE_ONLY_NOT_CAUSAL_NOT_REQUIRED_FOR_ROBUSTNESS","results/03_phase3/baseline/baseline_ligand_expression_by_donor.csv|config/phase3_analysis.json"
"GREM1",0,4,4,2,4,2.45549123197321,250.988179988514,0.0478980513597403,0.763198477209654,0.702020202020202,0.963314097279472,3.29500532197731,"YES","MULTIDATASET_LOW_EXPRESSION",0.702020202020202,0.876683501683502,-0.1746632996633,"NO_LARGE_CONTEXT_SHIFT","GSE182158 2/2 plus GSE199071 >=3/4 donor support; CPM>=1 and expressing fraction>=0.10","DESCRIPTIVE_ONLY_NOT_CAUSAL_NOT_REQUIRED_FOR_ROBUSTNESS","results/03_phase3/baseline/baseline_ligand_expression_by_donor.csv|config/phase3_analysis.json"
"GRN",2,4,6,2,4,196.360406921925,56.7326845319233,0.93857529789665,0.545681238948585,0.951178451178451,0.901071723000824,0.980363069619322,"NO","ROBUST_BASELINE_SENDER",0.951178451178451,0.938973063973064,0.0122053872053871,"NO_LARGE_CONTEXT_SHIFT","GSE182158 2/2 plus GSE199071 >=3/4 donor support; CPM>=1 and expressing fraction>=0.10","DESCRIPTIVE_ONLY_NOT_CAUSAL_NOT_REQUIRED_FOR_ROBUSTNESS","results/03_phase3/baseline/baseline_ligand_expression_by_donor.csv|config/phase3_analysis.json"
"GRP",0,0,0,0,0,0.00164152149567638,0.0808058065045854,3.92464678178964e-05,0.00143747864799363,0.099537037037037,0.477328936521022,0.171191471546354,"NO","NOT_RELIABLY_EXPRESSED",0.099537037037037,0.260521885521886,-0.160984848484849,"NO_LARGE_CONTEXT_SHIFT","GSE182158 2/2 plus GSE199071 >=3/4 donor support; CPM>=1 and expressing fraction>=0.10","DESCRIPTIVE_ONLY_NOT_CAUSAL_NOT_REQUIRED_FOR_ROBUSTNESS","results/03_phase3/baseline/baseline_ligand_expression_by_donor.csv|config/phase3_analysis.json"
"GSTP1",2,4,6,2,4,1363.2048573953,1174.35682092691,0.999949295203326,0.967563576460186,0.991161616161616,0.989694971145919,0.308777619313526,"NO","ROBUST_BASELINE_SENDER",0.991161616161616,0.987794612794613,0.00336700336700335,"NO_LARGE_CONTEXT_SHIFT","GSE182158 2/2 plus GSE199071 >=3/4 donor support; CPM>=1 and expressing fraction>=0.10","DESCRIPTIVE_ONLY_NOT_CAUSAL_NOT_REQUIRED_FOR_ROBUSTNESS","results/03_phase3/baseline/baseline_ligand_expression_by_donor.csv|config/phase3_analysis.json"
"GUCA2A",0,0,0,0,0,0.00164152149567638,0,3.92464678178964e-05,0,0.099537037037037,0.199505358615004,0.00193047220564663,"NO","NOT_RELIABLY_EXPRESSED",0.099537037037037,0.113636363636364,-0.0140993265993266,"NO_LARGE_CONTEXT_SHIFT","GSE182158 2/2 plus GSE199071 >=3/4 donor support; CPM>=1 and expressing fraction>=0.10","DESCRIPTIVE_ONLY_NOT_CAUSAL_NOT_REQUIRED_FOR_ROBUSTNESS","results/03_phase3/baseline/baseline_ligand_expression_by_donor.csv|config/phase3_analysis.json"
"GUCA2B",0,0,0,0,0,0,0,0,0,0.0536616161616162,0.199505358615004,0,"NO","NOT_RELIABLY_EXPRESSED",0.0536616161616162,0.0500841750841751,0.00357744107744108,"NO_LARGE_CONTEXT_SHIFT","GSE182158 2/2 plus GSE199071 >=3/4 donor support; CPM>=1 and expressing fraction>=0.10","DESCRIPTIVE_ONLY_NOT_CAUSAL_NOT_REQUIRED_FOR_ROBUSTNESS","results/03_phase3/baseline/baseline_ligand_expression_by_donor.csv|config/phase3_analysis.json"
"GUCY2D",0,0,0,0,0,0.173384929652862,0,0.00426208441767571,0,0.553872053872054,0.199505358615004,0.121004832010219,"NO","NOT_RELIABLY_EXPRESSED",0.553872053872054,0.307659932659933,0.246212121212121,"NO_LARGE_CONTEXT_SHIFT","GSE182158 2/2 plus GSE199071 >=3/4 donor support; CPM>=1 and expressing fraction>=0.10","DESCRIPTIVE_ONLY_NOT_CAUSAL_NOT_REQUIRED_FOR_ROBUSTNESS","results/03_phase3/baseline/baseline_ligand_expression_by_donor.csv|config/phase3_analysis.json"
"GZMB",0,0,0,0,0,0,0,0,0,0.0536616161616162,0.199505358615004,0,"NO","NOT_RELIABLY_EXPRESSED",0.0536616161616162,0.174242424242424,-0.120580808080808,"NO_LARGE_CONTEXT_SHIFT","GSE182158 2/2 plus GSE199071 >=3/4 donor support; CPM>=1 and expressing fraction>=0.10","DESCRIPTIVE_ONLY_NOT_CAUSAL_NOT_REQUIRED_FOR_ROBUSTNESS","results/03_phase3/baseline/baseline_ligand_expression_by_donor.csv|config/phase3_analysis.json"
"HAPLN1",0,4,4,2,4,3.87319850050246,16.5598606958654,0.0586306608482714,0.158412311651122,0.736531986531987,0.817807089859852,1.24383502285596,"NO","MULTIDATASET_LOW_EXPRESSION",0.736531986531987,0.477693602693603,0.258838383838384,"UC_HIGHER_CONTEXT","GSE182158 2/2 plus GSE199071 >=3/4 donor support; CPM>=1 and expressing fraction>=0.10","DESCRIPTIVE_ONLY_NOT_CAUSAL_NOT_REQUIRED_FOR_ROBUSTNESS","results/03_phase3/baseline/baseline_ligand_expression_by_donor.csv|config/phase3_analysis.json"
"HAS1",0,0,0,1,0,2.88361453832026,0.0166708299285942,0.0452856956594625,0.000252270433905146,0.646885521885522,0.337180544105524,1.07814142895998,"YES","NOT_RELIABLY_EXPRESSED",0.646885521885522,0.680555555555556,-0.0336700336700337,"NO_LARGE_CONTEXT_SHIFT","GSE182158 2/2 plus GSE199071 >=3/4 donor support; CPM>=1 and expressing fraction>=0.10","DESCRIPTIVE_ONLY_NOT_CAUSAL_NOT_REQUIRED_FOR_ROBUSTNESS","results/03_phase3/baseline/baseline_ligand_expression_by_donor.csv|config/phase3_analysis.json"
"HAS2",2,4,6,2,4,8.76992297060304,191.939008225467,0.168825278116208,0.715003058222479,0.798400673400673,0.955688375927453,2.18037016735405,"NO","ROBUST_BASELINE_SENDER",0.798400673400673,0.925505050505051,-0.127104377104377,"NO_LARGE_CONTEXT_SHIFT","GSE182158 2/2 plus GSE199071 >=3/4 donor support; CPM>=1 and expressing fraction>=0.10","DESCRIPTIVE_ONLY_NOT_CAUSAL_NOT_REQUIRED_FOR_ROBUSTNESS","results/03_phase3/baseline/baseline_ligand_expression_by_donor.csv|config/phase3_analysis.json"
"HAVCR1",0,0,0,0,0,0,0,0,0,0.0536616161616162,0.211871393239901,0.0120306665354514,"NO","NOT_RELIABLY_EXPRESSED",0.0536616161616162,0.0500841750841751,0.00357744107744108,"NO_LARGE_CONTEXT_SHIFT","GSE182158 2/2 plus GSE199071 >=3/4 donor support; CPM>=1 and expressing fraction>=0.10","DESCRIPTIVE_ONLY_NOT_CAUSAL_NOT_REQUIRED_FOR_ROBUSTNESS","results/03_phase3/baseline/baseline_ligand_expression_by_donor.csv|config/phase3_analysis.json"
"HBEGF",0,4,4,1,4,0.6148951871591,32.4015629161007,0.0137350976055396,0.338259426517074,0.606902356902357,0.867477328936521,2.26747483264427,"NO","MULTIDATASET_LOW_EXPRESSION",0.606902356902357,0.697390572390572,-0.0904882154882155,"NO_LARGE_CONTEXT_SHIFT","GSE182158 2/2 plus GSE199071 >=3/4 donor support; CPM>=1 and expressing fraction>=0.10","DESCRIPTIVE_ONLY_NOT_CAUSAL_NOT_REQUIRED_FOR_ROBUSTNESS","results/03_phase3/baseline/baseline_ligand_expression_by_donor.csv|config/phase3_analysis.json"
"HCRT",0,0,0,0,0,0.0409746624642433,0,0.000996050757013858,0,0.410984848484849,0.204451772464963,0.0367260195260847,"NO","NOT_RELIABLY_EXPRESSED",0.410984848484849,0.375420875420875,0.0355639730639731,"NO_LARGE_CONTEXT_SHIFT","GSE182158 2/2 plus GSE199071 >=3/4 donor support; CPM>=1 and expressing fraction>=0.10","DESCRIPTIVE_ONLY_NOT_CAUSAL_NOT_REQUIRED_FOR_ROBUSTNESS","results/03_phase3/baseline/baseline_ligand_expression_by_donor.csv|config/phase3_analysis.json"
"HDC",0,0,0,0,0,0.0134359963128712,0,0.00032543007139904,0,0.266835016835017,0.199505358615004,0.0131176898816131,"NO","NOT_RELIABLY_EXPRESSED",0.266835016835017,0.227693602693603,0.0391414141414141,"NO_LARGE_CONTEXT_SHIFT","GSE182158 2/2 plus GSE199071 >=3/4 donor support; CPM>=1 and expressing fraction>=0.10","DESCRIPTIVE_ONLY_NOT_CAUSAL_NOT_REQUIRED_FOR_ROBUSTNESS","results/03_phase3/baseline/baseline_ligand_expression_by_donor.csv|config/phase3_analysis.json"
"HEBP1",2,4,6,2,4,169.691842182955,78.1484919979909,0.937187673974366,0.64765082717322,0.947390572390572,0.917971970321517,0.673590841773143,"NO","ROBUST_BASELINE_SENDER",0.947390572390572,0.920454545454545,0.026936026936027,"NO_LARGE_CONTEXT_SHIFT","GSE182158 2/2 plus GSE199071 >=3/4 donor support; CPM>=1 and expressing fraction>=0.10","DESCRIPTIVE_ONLY_NOT_CAUSAL_NOT_REQUIRED_FOR_ROBUSTNESS","results/03_phase3/baseline/baseline_ligand_expression_by_donor.csv|config/phase3_analysis.json"
"HGF",2,1,3,2,4,17.3359405677917,4.52870448094048,0.290663002230215,0.0580135336802988,0.841750841750842,0.736191261335532,1.09225206895672,"NO","MULTIDATASET_LOW_EXPRESSION",0.841750841750842,0.848063973063973,-0.00631313131313138,"NO_LARGE_CONTEXT_SHIFT","GSE182158 2/2 plus GSE199071 >=3/4 donor support; CPM>=1 and expressing fraction>=0.10","DESCRIPTIVE_ONLY_NOT_CAUSAL_NOT_REQUIRED_FOR_ROBUSTNESS","results/03_phase3/baseline/baseline_ligand_expression_by_donor.csv|config/phase3_analysis.json"
"HHIPL2",0,0,0,0,0,0.0117944748171949,0.0103181979539674,0.000286183603581144,0.000156103652825476,0.253998316498317,0.289777411376752,0.0354721577485152,"YES","NOT_RELIABLY_EXPRESSED",0.253998316498317,0.573232323232323,-0.319234006734007,"UC_LOWER_CONTEXT","GSE182158 2/2 plus GSE199071 >=3/4 donor support; CPM>=1 and expressing fraction>=0.10","DESCRIPTIVE_ONLY_NOT_CAUSAL_NOT_REQUIRED_FOR_ROBUSTNESS","results/03_phase3/baseline/baseline_ligand_expression_by_donor.csv|config/phase3_analysis.json"
"HHLA2",0,0,0,0,0,0.00984912897405829,0.0205161552823478,0.000235478806907378,0.000312207305650952,0.207070707070707,0.3239901071723,0.0285724206444397,"YES","NOT_RELIABLY_EXPRESSED",0.207070707070707,0.246212121212121,-0.0391414141414141,"NO_LARGE_CONTEXT_SHIFT","GSE182158 2/2 plus GSE199071 >=3/4 donor support; CPM>=1 and expressing fraction>=0.10","DESCRIPTIVE_ONLY_NOT_CAUSAL_NOT_REQUIRED_FOR_ROBUSTNESS","results/03_phase3/baseline/baseline_ligand_expression_by_donor.csv|config/phase3_analysis.json"
"HJV",0,0,0,0,0,,0,,0,,0.199505358615004,0,"NO","NOT_RELIABLY_EXPRESSED",,,,"NO_LARGE_CONTEXT_SHIFT","GSE182158 2/2 plus GSE199071 >=3/4 donor support; CPM>=1 and expressing fraction>=0.10","DESCRIPTIVE_ONLY_NOT_CAUSAL_NOT_REQUIRED_FOR_ROBUSTNESS","results/03_phase3/baseline/baseline_ligand_expression_by_donor.csv|config/phase3_analysis.json"
"HLA-A",2,4,6,2,4,721.898133216823,171.8226476268,0.999337681528346,0.850107687301265,0.980218855218855,0.952184666117065,1.17763075123686,"NO","ROBUST_BASELINE_SENDER",0.980218855218855,0.990319865319865,-0.0101010101010101,"NO_LARGE_CONTEXT_SHIFT","GSE182158 2/2 plus GSE199071 >=3/4 donor support; CPM>=1 and expressing fraction>=0.10","DESCRIPTIVE_ONLY_NOT_CAUSAL_NOT_REQUIRED_FOR_ROBUSTNESS","results/03_phase3/baseline/baseline_ligand_expression_by_donor.csv|config/phase3_analysis.json"
"HLA-B",2,4,6,2,4,470.983078401914,109.481840538551,0.92575542585104,0.674325820682063,0.962962962962963,0.93239901071723,1.44976898759688,"YES","ROBUST_BASELINE_SENDER",0.962962962962963,0.98526936026936,-0.0223063973063973,"NO_LARGE_CONTEXT_SHIFT","GSE182158 2/2 plus GSE199071 >=3/4 donor support; CPM>=1 and expressing fraction>=0.10","DESCRIPTIVE_ONLY_NOT_CAUSAL_NOT_REQUIRED_FOR_ROBUSTNESS","results/03_phase3/baseline/baseline_ligand_expression_by_donor.csv|config/phase3_analysis.json"
"HLA-C",2,4,6,2,4,506.368942490784,121.656921290399,0.994700011478229,0.760245375566894,0.973484848484848,0.936108821104699,1.18824617197814,"NO","ROBUST_BASELINE_SENDER",0.973484848484848,0.983585858585858,-0.0101010101010101,"NO_LARGE_CONTEXT_SHIFT","GSE182158 2/2 plus GSE199071 >=3/4 donor support; CPM>=1 and expressing fraction>=0.10","DESCRIPTIVE_ONLY_NOT_CAUSAL_NOT_REQUIRED_FOR_ROBUSTNESS","results/03_phase3/baseline/baseline_ligand_expression_by_donor.csv|config/phase3_analysis.json"
"HLA-DMA",1,0,1,2,0,3.975392233673,0.519665218134499,0.0908693715486709,0.00860221398574239,0.742424242424242,0.623866446826051,0.877845163557923,"NO","NOT_RELIABLY_EXPRESSED",0.742424242424242,0.821969696969697,-0.0795454545454546,"NO_LARGE_CONTEXT_SHIFT","GSE182158 2/2 plus GSE199071 >=3/4 donor support; CPM>=1 and expressing fraction>=0.10","DESCRIPTIVE_ONLY_NOT_CAUSAL_NOT_REQUIRED_FOR_ROBUSTNESS","results/03_phase3/baseline/baseline_ligand_expression_by_donor.csv|config/phase3_analysis.json"
"HLA-DMB",0,0,0,0,0,0.00972672921568282,0,0.000253523983368827,0,0.188973063973064,0.199505358615004,0.0113476339030551,"NO","NOT_RELIABLY_EXPRESSED",0.188973063973064,0.656144781144781,-0.467171717171717,"UC_LOWER_CONTEXT","GSE182158 2/2 plus GSE199071 >=3/4 donor support; CPM>=1 and expressing fraction>=0.10","DESCRIPTIVE_ONLY_NOT_CAUSAL_NOT_REQUIRED_FOR_ROBUSTNESS","results/03_phase3/baseline/baseline_ligand_expression_by_donor.csv|config/phase3_analysis.json"
"HLA-DOA",0,0,0,0,0,0.0224326770752582,0,0.000574082573517577,0,0.333754208754209,0.199505358615004,0.0199355489480697,"NO","NOT_RELIABLY_EXPRESSED",0.333754208754209,0.502104377104377,-0.168350168350168,"NO_LARGE_CONTEXT_SHIFT","GSE182158 2/2 plus GSE199071 >=3/4 donor support; CPM>=1 and expressing fraction>=0.10","DESCRIPTIVE_ONLY_NOT_CAUSAL_NOT_REQUIRED_FOR_ROBUSTNESS","results/03_phase3/baseline/baseline_ligand_expression_by_donor.csv|config/phase3_analysis.json"
"HLA-DOB",0,0,0,0,0,0.0238927739818499,0.050211934519444,0.000583825536018156,0.000847961679812799,0.345749158249158,0.463932399010717,0.0338417075691365,"NO","NOT_RELIABLY_EXPRESSED",0.345749158249158,0.526515151515152,-0.180765993265993,"NO_LARGE_CONTEXT_SHIFT","GSE182158 2/2 plus GSE199071 >=3/4 donor support; CPM>=1 and expressing fraction>=0.10","DESCRIPTIVE_ONLY_NOT_CAUSAL_NOT_REQUIRED_FOR_ROBUSTNESS","results/03_phase3/baseline/baseline_ligand_expression_by_donor.csv|config/phase3_analysis.json"
"HLA-DPB1",2,1,3,2,3,10.5019797717256,1.56848198511827,0.218283926802333,0.0230111906313865,0.811447811447811,0.68755152514427,1.49249383447604,"NO","MULTIDATASET_LOW_EXPRESSION",0.811447811447811,0.86489898989899,-0.0534511784511785,"NO_LARGE_CONTEXT_SHIFT","GSE182158 2/2 plus GSE199071 >=3/4 donor support; CPM>=1 and expressing fraction>=0.10","DESCRIPTIVE_ONLY_NOT_CAUSAL_NOT_REQUIRED_FOR_ROBUSTNESS","results/03_phase3/baseline/baseline_ligand_expression_by_donor.csv|config/phase3_analysis.json"
"HLA-DQA1",0,0,0,0,0,0.0251080713716906,0,0.000629658851441632,0,0.378156565656566,0.199505358615004,0.0185697907064013,"NO","NOT_RELIABLY_EXPRESSED",0.378156565656566,0.530723905723906,-0.15256734006734,"NO_LARGE_CONTEXT_SHIFT","GSE182158 2/2 plus GSE199071 >=3/4 donor support; CPM>=1 and expressing fraction>=0.10","DESCRIPTIVE_ONLY_NOT_CAUSAL_NOT_REQUIRED_FOR_ROBUSTNESS","results/03_phase3/baseline/baseline_ligand_expression_by_donor.csv|config/phase3_analysis.json"
"HLA-DQA2",0,0,0,0,0,0.00164152149567638,0,3.92464678178964e-05,0,0.099537037037037,0.199505358615004,0.00193047220564663,"NO","NOT_RELIABLY_EXPRESSED",0.099537037037037,0.0500841750841751,0.049452861952862,"NO_LARGE_CONTEXT_SHIFT","GSE182158 2/2 plus GSE199071 >=3/4 donor support; CPM>=1 and expressing fraction>=0.10","DESCRIPTIVE_ONLY_NOT_CAUSAL_NOT_REQUIRED_FOR_ROBUSTNESS","results/03_phase3/baseline/baseline_ligand_expression_by_donor.csv|config/phase3_analysis.json"
"HLA-DQB1",0,0,0,0,0,0.00522838883448933,0,0.000129197732309558,0,0.181818181818182,0.199505358615004,0.00406972167935043,"NO","NOT_RELIABLY_EXPRESSED",0.181818181818182,0.638047138047138,-0.456228956228956,"UC_LOWER_CONTEXT","GSE182158 2/2 plus GSE199071 >=3/4 donor support; CPM>=1 and expressing fraction>=0.10","DESCRIPTIVE_ONLY_NOT_CAUSAL_NOT_REQUIRED_FOR_ROBUSTNESS","results/03_phase3/baseline/baseline_ligand_expression_by_donor.csv|config/phase3_analysis.json"
"HLA-DQB2",0,0,0,0,0,0.00358686733881295,0,8.99512644916617e-05,0,0.146464646464646,0.199505358615004,0.00268168191540828,"NO","NOT_RELIABLY_EXPRESSED",0.146464646464646,0.236952861952862,-0.0904882154882155,"NO_LARGE_CONTEXT_SHIFT","GSE182158 2/2 plus GSE199071 >=3/4 donor support; CPM>=1 and expressing fraction>=0.10","DESCRIPTIVE_ONLY_NOT_CAUSAL_NOT_REQUIRED_FOR_ROBUSTNESS","results/03_phase3/baseline/baseline_ligand_expression_by_donor.csv|config/phase3_analysis.json"
"HLA-DRA",0,0,0,0,0,0.00328304299135276,0,7.84929356357928e-05,0,0.134890572390572,0.199505358615004,0.00385463763488309,"NO","NOT_RELIABLY_EXPRESSED",0.134890572390572,0.868265993265993,-0.733375420875421,"UC_LOWER_CONTEXT","GSE182158 2/2 plus GSE199071 >=3/4 donor support; CPM>=1 and expressing fraction>=0.10","DESCRIPTIVE_ONLY_NOT_CAUSAL_NOT_REQUIRED_FOR_ROBUSTNESS","results/03_phase3/baseline/baseline_ligand_expression_by_donor.csv|config/phase3_analysis.json"
"HLA-DRB1",0,0,0,0,0,0.0117944748171949,0,0.000286183603581144,0,0.253998316498317,0.199505358615004,0.0112569263153218,"NO","NOT_RELIABLY_EXPRESSED",0.253998316498317,0.899410774410774,-0.645412457912458,"UC_LOWER_CONTEXT","GSE182158 2/2 plus GSE199071 >=3/4 donor support; CPM>=1 and expressing fraction>=0.10","DESCRIPTIVE_ONLY_NOT_CAUSAL_NOT_REQUIRED_FOR_ROBUSTNESS","results/03_phase3/baseline/baseline_ligand_expression_by_donor.csv|config/phase3_analysis.json"
"HLA-DRB3",0,0,0,0,0,,,,,,,,"NO","NOT_RELIABLY_EXPRESSED",,,,"NO_LARGE_CONTEXT_SHIFT","GSE182158 2/2 plus GSE199071 >=3/4 donor support; CPM>=1 and expressing fraction>=0.10","DESCRIPTIVE_ONLY_NOT_CAUSAL_NOT_REQUIRED_FOR_ROBUSTNESS","results/03_phase3/baseline/baseline_ligand_expression_by_donor.csv|config/phase3_analysis.json"
"HLA-DRB4",0,0,0,0,0,,,,,,,,"NO","NOT_RELIABLY_EXPRESSED",,,,"NO_LARGE_CONTEXT_SHIFT","GSE182158 2/2 plus GSE199071 >=3/4 donor support; CPM>=1 and expressing fraction>=0.10","DESCRIPTIVE_ONLY_NOT_CAUSAL_NOT_REQUIRED_FOR_ROBUSTNESS","results/03_phase3/baseline/baseline_ligand_expression_by_donor.csv|config/phase3_analysis.json"
"HLA-DRB5",0,0,0,0,0,0.00328304299135276,0,7.84929356357928e-05,0,0.134890572390572,0.211871393239901,0.0118762630731799,"NO","NOT_RELIABLY_EXPRESSED",0.134890572390572,0.5496632996633,-0.414772727272727,"UC_LOWER_CONTEXT","GSE182158 2/2 plus GSE199071 >=3/4 donor support; CPM>=1 and expressing fraction>=0.10","DESCRIPTIVE_ONLY_NOT_CAUSAL_NOT_REQUIRED_FOR_ROBUSTNESS","results/03_phase3/baseline/baseline_ligand_expression_by_donor.csv|config/phase3_analysis.json"
"HLA-E",2,4,6,2,4,181.42816542951,62.6835266408617,0.960291219059527,0.575844091684168,0.952441077441078,0.90436933223413,0.812063116477322,"NO","ROBUST_BASELINE_SENDER",0.952441077441078,0.94486531986532,0.00757575757575757,"NO_LARGE_CONTEXT_SHIFT","GSE182158 2/2 plus GSE199071 >=3/4 donor support; CPM>=1 and expressing fraction>=0.10","DESCRIPTIVE_ONLY_NOT_CAUSAL_NOT_REQUIRED_FOR_ROBUSTNESS","results/03_phase3/baseline/baseline_ligand_expression_by_donor.csv|config/phase3_analysis.json"
"HLA-F",1,0,1,2,0,3.8460183334323,0.220642449606602,0.0882677856427259,0.00398686804754576,0.735058922558923,0.557295960428689,1.04218476054928,"NO","NOT_RELIABLY_EXPRESSED",0.735058922558923,0.773148148148148,-0.0380892255892256,"NO_LARGE_CONTEXT_SHIFT","GSE182158 2/2 plus GSE199071 >=3/4 donor support; CPM>=1 and expressing fraction>=0.10","DESCRIPTIVE_ONLY_NOT_CAUSAL_NOT_REQUIRED_FOR_ROBUSTNESS","results/03_phase3/baseline/baseline_ligand_expression_by_donor.csv|config/phase3_analysis.json"
"HLA-G",0,0,0,0,0,0.0557483559253307,0.464479706890821,0.00139997376404869,0.00805879200661086,0.462121212121212,0.618507831821929,0.25761993784316,"NO","NOT_RELIABLY_EXPRESSED",0.462121212121212,0.463383838383838,-0.00126262626262624,"NO_LARGE_CONTEXT_SHIFT","GSE182158 2/2 plus GSE199071 >=3/4 donor support; CPM>=1 and expressing fraction>=0.10","DESCRIPTIVE_ONLY_NOT_CAUSAL_NOT_REQUIRED_FOR_ROBUSTNESS","results/03_phase3/baseline/baseline_ligand_expression_by_donor.csv|config/phase3_analysis.json"
"HMGB1",2,4,6,2,4,735.776326766032,1369.72432274767,0.999156063633007,0.965555616400816,0.980639730639731,0.991343775762572,0.620480002658424,"NO","ROBUST_BASELINE_SENDER",0.980639730639731,0.980218855218855,0.000420875420875433,"NO_LARGE_CONTEXT_SHIFT","GSE182158 2/2 plus GSE199071 >=3/4 donor support; CPM>=1 and expressing fraction>=0.10","DESCRIPTIVE_ONLY_NOT_CAUSAL_NOT_REQUIRED_FOR_ROBUSTNESS","results/03_phase3/baseline/baseline_ligand_expression_by_donor.csv|config/phase3_analysis.json"
"HP",0,0,0,0,0,0.0283911143630434,0.0205161552823478,0.000708151787077425,0.000312207305650952,0.389941077441077,0.3239901071723,0.026685484701222,"YES","NOT_RELIABLY_EXPRESSED",0.389941077441077,0.260521885521886,0.129419191919192,"NO_LARGE_CONTEXT_SHIFT","GSE182158 2/2 plus GSE199071 >=3/4 donor support; CPM>=1 and expressing fraction>=0.10","DESCRIPTIVE_ONLY_NOT_CAUSAL_NOT_REQUIRED_FOR_ROBUSTNESS","results/03_phase3/baseline/baseline_ligand_expression_by_donor.csv|config/phase3_analysis.json"
"HPX",0,0,0,0,0,0.107116421130886,0.138910705392148,0.00272001384392188,0.00210180730539892,0.455808080808081,0.534830997526793,0.0807020012946199,"NO","NOT_RELIABLY_EXPRESSED",0.455808080808081,0.423821548821549,0.031986531986532,"NO_LARGE_CONTEXT_SHIFT","GSE182158 2/2 plus GSE199071 >=3/4 donor support; CPM>=1 and expressing fraction>=0.10","DESCRIPTIVE_ONLY_NOT_CAUSAL_NOT_REQUIRED_FOR_ROBUSTNESS","results/03_phase3/baseline/baseline_ligand_expression_by_donor.csv|config/phase3_analysis.json"
"HRG",0,0,0,0,0,0.00553221318194951,0,0.000140656061165427,0,0.180976430976431,0.211871393239901,0.011598320693326,"NO","NOT_RELIABLY_EXPRESSED",0.180976430976431,0.131734006734007,0.0492424242424242,"NO_LARGE_CONTEXT_SHIFT","GSE182158 2/2 plus GSE199071 >=3/4 donor support; CPM>=1 and expressing fraction>=0.10","DESCRIPTIVE_ONLY_NOT_CAUSAL_NOT_REQUIRED_FOR_ROBUSTNESS","results/03_phase3/baseline/baseline_ligand_expression_by_donor.csv|config/phase3_analysis.json"
"HSP90B1",2,4,6,2,4,628.048559186292,783.54731929317,0.996995517918852,0.95783150809404,0.976430976430976,0.983511953833471,0.401232420895278,"NO","ROBUST_BASELINE_SENDER",0.976430976430976,0.974326599326599,0.00210437710437705,"NO_LARGE_CONTEXT_SHIFT","GSE182158 2/2 plus GSE199071 >=3/4 donor support; CPM>=1 and expressing fraction>=0.10","DESCRIPTIVE_ONLY_NOT_CAUSAL_NOT_REQUIRED_FOR_ROBUSTNESS","results/03_phase3/baseline/baseline_ligand_expression_by_donor.csv|config/phase3_analysis.json"
"HSPG2",2,4,6,2,4,21.9113984263418,47.1960663812428,0.399513289671489,0.440654416856255,0.856902356902357,0.891797197032152,0.569830815559909,"NO","ROBUST_BASELINE_SENDER",0.856902356902357,0.872474747474748,-0.0155723905723906,"NO_LARGE_CONTEXT_SHIFT","GSE182158 2/2 plus GSE199071 >=3/4 donor support; CPM>=1 and expressing fraction>=0.10","DESCRIPTIVE_ONLY_NOT_CAUSAL_NOT_REQUIRED_FOR_ROBUSTNESS","results/03_phase3/baseline/baseline_ligand_expression_by_donor.csv|config/phase3_analysis.json"
"IAPP",0,0,0,0,0,0.00358686733881295,0.218726023484925,8.99512644916617e-05,0.00383894085627298,0.146464646464646,0.571310799670239,0.17612151202943,"NO","NOT_RELIABLY_EXPRESSED",0.146464646464646,0.273989898989899,-0.127525252525253,"NO_LARGE_CONTEXT_SHIFT","GSE182158 2/2 plus GSE199071 >=3/4 donor support; CPM>=1 and expressing fraction>=0.10","DESCRIPTIVE_ONLY_NOT_CAUSAL_NOT_REQUIRED_FOR_ROBUSTNESS","results/03_phase3/baseline/baseline_ligand_expression_by_donor.csv|config/phase3_analysis.json"
"IBSP",0,0,0,0,0,0.0296064117528841,0.0192573406575419,0.000753985102500901,0.000312207305650952,0.383417508417508,0.323371805441055,0.028732981217492,"YES","NOT_RELIABLY_EXPRESSED",0.383417508417508,0.457491582491583,-0.0740740740740741,"NO_LARGE_CONTEXT_SHIFT","GSE182158 2/2 plus GSE199071 >=3/4 donor support; CPM>=1 and expressing fraction>=0.10","DESCRIPTIVE_ONLY_NOT_CAUSAL_NOT_REQUIRED_FOR_ROBUSTNESS","results/03_phase3/baseline/baseline_ligand_expression_by_donor.csv|config/phase3_analysis.json"
"ICAM1",2,1,3,2,4,12.183894381753,5.17596485197034,0.227656764187035,0.0792733731511438,0.817340067340067,0.747320692497939,0.789858793095845,"NO","MULTIDATASET_LOW_EXPRESSION",0.817340067340067,0.688131313131313,0.129208754208754,"NO_LARGE_CONTEXT_SHIFT","GSE182158 2/2 plus GSE199071 >=3/4 donor support; CPM>=1 and expressing fraction>=0.10","DESCRIPTIVE_ONLY_NOT_CAUSAL_NOT_REQUIRED_FOR_ROBUSTNESS","results/03_phase3/baseline/baseline_ligand_expression_by_donor.csv|config/phase3_analysis.json"
"ICAM2",0,0,0,1,0,0.557007010510677,0.0952508475809926,0.0132778629225672,0.00144116278476315,0.621001683501684,0.515663643858203,0.279215488208933,"NO","NOT_RELIABLY_EXPRESSED",0.621001683501684,0.709175084175084,-0.0881734006734006,"NO_LARGE_CONTEXT_SHIFT","GSE182158 2/2 plus GSE199071 >=3/4 donor support; CPM>=1 and expressing fraction>=0.10","DESCRIPTIVE_ONLY_NOT_CAUSAL_NOT_REQUIRED_FOR_ROBUSTNESS","results/03_phase3/baseline/baseline_ligand_expression_by_donor.csv|config/phase3_analysis.json"
"ICAM3",2,4,6,2,4,21.5305033439004,24.0625838907804,0.395036032245385,0.32234740607763,0.856060606060606,0.840478153338829,0.218677421572945,"NO","ROBUST_BASELINE_SENDER",0.856060606060606,0.837121212121212,0.0189393939393939,"NO_LARGE_CONTEXT_SHIFT","GSE182158 2/2 plus GSE199071 >=3/4 donor support; CPM>=1 and expressing fraction>=0.10","DESCRIPTIVE_ONLY_NOT_CAUSAL_NOT_REQUIRED_FOR_ROBUSTNESS","results/03_phase3/baseline/baseline_ligand_expression_by_donor.csv|config/phase3_analysis.json"
"ICAM4",2,0,2,2,2,8.00730884626447,0.601164158982936,0.169665787730458,0.010242983573439,0.792087542087542,0.624690849134378,1.32337991751539,"NO","MULTIDATASET_LOW_EXPRESSION",0.792087542087542,0.392676767676768,0.399410774410774,"UC_HIGHER_CONTEXT","GSE182158 2/2 plus GSE199071 >=3/4 donor support; CPM>=1 and expressing fraction>=0.10","DESCRIPTIVE_ONLY_NOT_CAUSAL_NOT_REQUIRED_FOR_ROBUSTNESS","results/03_phase3/baseline/baseline_ligand_expression_by_donor.csv|config/phase3_analysis.json"
"ICAM5",0,0,0,0,2,0.270289372631521,0.590086814132731,0.00673831724072934,0.00972361733965599,0.578703703703704,0.626751854905194,0.321959260173506,"NO","NOT_RELIABLY_EXPRESSED",0.578703703703704,0.336700336700337,0.242003367003367,"NO_LARGE_CONTEXT_SHIFT","GSE182158 2/2 plus GSE199071 >=3/4 donor support; CPM>=1 and expressing fraction>=0.10","DESCRIPTIVE_ONLY_NOT_CAUSAL_NOT_REQUIRED_FOR_ROBUSTNESS","results/03_phase3/baseline/baseline_ligand_expression_by_donor.csv|config/phase3_analysis.json"
"ICOSLG",0,0,0,1,0,0.347799382009523,0.164730445386717,0.00857514824984076,0.00261886445491203,0.593223905723906,0.536479802143446,0.186233847470334,"NO","NOT_RELIABLY_EXPRESSED",0.593223905723906,0.556818181818182,0.0364057239057239,"NO_LARGE_CONTEXT_SHIFT","GSE182158 2/2 plus GSE199071 >=3/4 donor support; CPM>=1 and expressing fraction>=0.10","DESCRIPTIVE_ONLY_NOT_CAUSAL_NOT_REQUIRED_FOR_ROBUSTNESS","results/03_phase3/baseline/baseline_ligand_expression_by_donor.csv|config/phase3_analysis.json"
"IFITM1",1,0,1,2,2,7.56294424344299,0.669480236568643,0.162496997113886,0.0117983556679336,0.779882154882155,0.615828524319868,1.31162080440742,"NO","MULTIDATASET_LOW_EXPRESSION",0.779882154882155,0.863215488215488,-0.0833333333333334,"NO_LARGE_CONTEXT_SHIFT","GSE182158 2/2 plus GSE199071 >=3/4 donor support; CPM>=1 and expressing fraction>=0.10","DESCRIPTIVE_ONLY_NOT_CAUSAL_NOT_REQUIRED_FOR_ROBUSTNESS","results/03_phase3/baseline/baseline_ligand_expression_by_donor.csv|config/phase3_analysis.json"
"IFNA1",0,0,0,0,0,0.00194534584313656,0,5.07047966737653e-05,0,0.100589225589226,0.199505358615004,0.00228708467680247,"NO","NOT_RELIABLY_EXPRESSED",0.100589225589226,0.116582491582492,-0.015993265993266,"NO_LARGE_CONTEXT_SHIFT","GSE182158 2/2 plus GSE199071 >=3/4 donor support; CPM>=1 and expressing fraction>=0.10","DESCRIPTIVE_ONLY_NOT_CAUSAL_NOT_REQUIRED_FOR_ROBUSTNESS","results/03_phase3/baseline/baseline_ligand_expression_by_donor.csv|config/phase3_analysis.json"
"IFNA10",0,0,0,0,0,0,0,0,0,0.0536616161616162,0.199505358615004,0,"NO","NOT_RELIABLY_EXPRESSED",0.0536616161616162,0.0500841750841751,0.00357744107744108,"NO_LARGE_CONTEXT_SHIFT","GSE182158 2/2 plus GSE199071 >=3/4 donor support; CPM>=1 and expressing fraction>=0.10","DESCRIPTIVE_ONLY_NOT_CAUSAL_NOT_REQUIRED_FOR_ROBUSTNESS","results/03_phase3/baseline/baseline_ligand_expression_by_donor.csv|config/phase3_analysis.json"
"IFNA13",0,0,0,0,0,0,0,0,0,0.0536616161616162,0.199505358615004,0,"NO","NOT_RELIABLY_EXPRESSED",0.0536616161616162,0.113636363636364,-0.0599747474747475,"NO_LARGE_CONTEXT_SHIFT","GSE182158 2/2 plus GSE199071 >=3/4 donor support; CPM>=1 and expressing fraction>=0.10","DESCRIPTIVE_ONLY_NOT_CAUSAL_NOT_REQUIRED_FOR_ROBUSTNESS","results/03_phase3/baseline/baseline_ligand_expression_by_donor.csv|config/phase3_analysis.json"
"IFNA14",0,0,0,0,0,0.00164152149567638,0,3.92464678178964e-05,0,0.099537037037037,0.199505358615004,0.00193047220564663,"NO","NOT_RELIABLY_EXPRESSED",0.099537037037037,0.0437710437710438,0.0557659932659933,"NO_LARGE_CONTEXT_SHIFT","GSE182158 2/2 plus GSE199071 >=3/4 donor support; CPM>=1 and expressing fraction>=0.10","DESCRIPTIVE_ONLY_NOT_CAUSAL_NOT_REQUIRED_FOR_ROBUSTNESS","results/03_phase3/baseline/baseline_ligand_expression_by_donor.csv|config/phase3_analysis.json"
"IFNA16",0,0,0,0,0,0.00164152149567638,0,3.92464678178964e-05,0,0.099537037037037,0.199505358615004,0.00193047220564663,"NO","NOT_RELIABLY_EXPRESSED",0.099537037037037,0.0437710437710438,0.0557659932659933,"NO_LARGE_CONTEXT_SHIFT","GSE182158 2/2 plus GSE199071 >=3/4 donor support; CPM>=1 and expressing fraction>=0.10","DESCRIPTIVE_ONLY_NOT_CAUSAL_NOT_REQUIRED_FOR_ROBUSTNESS","results/03_phase3/baseline/baseline_ligand_expression_by_donor.csv|config/phase3_analysis.json"
"IFNA17",0,0,0,0,0,0.00194534584313656,0,5.07047966737653e-05,0,0.100589225589226,0.199505358615004,0.00228708467680247,"NO","NOT_RELIABLY_EXPRESSED",0.100589225589226,0.0500841750841751,0.0505050505050505,"NO_LARGE_CONTEXT_SHIFT","GSE182158 2/2 plus GSE199071 >=3/4 donor support; CPM>=1 and expressing fraction>=0.10","DESCRIPTIVE_ONLY_NOT_CAUSAL_NOT_REQUIRED_FOR_ROBUSTNESS","results/03_phase3/baseline/baseline_ligand_expression_by_donor.csv|config/phase3_analysis.json"
"IFNA2",0,0,0,0,0,0.00164152149567638,0,3.92464678178964e-05,0,0.099537037037037,0.199505358615004,0.00193047220564663,"NO","NOT_RELIABLY_EXPRESSED",0.099537037037037,0.0500841750841751,0.049452861952862,"NO_LARGE_CONTEXT_SHIFT","GSE182158 2/2 plus GSE199071 >=3/4 donor support; CPM>=1 and expressing fraction>=0.10","DESCRIPTIVE_ONLY_NOT_CAUSAL_NOT_REQUIRED_FOR_ROBUSTNESS","results/03_phase3/baseline/baseline_ligand_expression_by_donor.csv|config/phase3_analysis.json"
"IFNA21",0,0,0,0,0,0,0,0,0,0.0536616161616162,0.199505358615004,0,"NO","NOT_RELIABLY_EXPRESSED",0.0536616161616162,0.0500841750841751,0.00357744107744108,"NO_LARGE_CONTEXT_SHIFT","GSE182158 2/2 plus GSE199071 >=3/4 donor support; CPM>=1 and expressing fraction>=0.10","DESCRIPTIVE_ONLY_NOT_CAUSAL_NOT_REQUIRED_FOR_ROBUSTNESS","results/03_phase3/baseline/baseline_ligand_expression_by_donor.csv|config/phase3_analysis.json"
"IFNA4",0,0,0,0,0,0,0,0,0,0.0536616161616162,0.199505358615004,0,"NO","NOT_RELIABLY_EXPRESSED",0.0536616161616162,0.0437710437710438,0.00989057239057239,"NO_LARGE_CONTEXT_SHIFT","GSE182158 2/2 plus GSE199071 >=3/4 donor support; CPM>=1 and expressing fraction>=0.10","DESCRIPTIVE_ONLY_NOT_CAUSAL_NOT_REQUIRED_FOR_ROBUSTNESS","results/03_phase3/baseline/baseline_ligand_expression_by_donor.csv|config/phase3_analysis.json"
"IFNA5",0,0,0,0,0,0,0,0,0,0.0536616161616162,0.199505358615004,0,"NO","NOT_RELIABLY_EXPRESSED",0.0536616161616162,0.0500841750841751,0.00357744107744108,"NO_LARGE_CONTEXT_SHIFT","GSE182158 2/2 plus GSE199071 >=3/4 donor support; CPM>=1 and expressing fraction>=0.10","DESCRIPTIVE_ONLY_NOT_CAUSAL_NOT_REQUIRED_FOR_ROBUSTNESS","results/03_phase3/baseline/baseline_ligand_expression_by_donor.csv|config/phase3_analysis.json"
"IFNA6",0,0,0,0,0,0.00358686733881295,0,8.99512644916617e-05,0,0.146464646464646,0.199505358615004,0.00268168191540828,"NO","NOT_RELIABLY_EXPRESSED",0.146464646464646,0.138047138047138,0.00841750841750841,"NO_LARGE_CONTEXT_SHIFT","GSE182158 2/2 plus GSE199071 >=3/4 donor support; CPM>=1 and expressing fraction>=0.10","DESCRIPTIVE_ONLY_NOT_CAUSAL_NOT_REQUIRED_FOR_ROBUSTNESS","results/03_phase3/baseline/baseline_ligand_expression_by_donor.csv|config/phase3_analysis.json"
"IFNA7",0,0,0,0,0,0,0,0,0,0.0536616161616162,0.199505358615004,0,"NO","NOT_RELIABLY_EXPRESSED",0.0536616161616162,0.0437710437710438,0.00989057239057239,"NO_LARGE_CONTEXT_SHIFT","GSE182158 2/2 plus GSE199071 >=3/4 donor support; CPM>=1 and expressing fraction>=0.10","DESCRIPTIVE_ONLY_NOT_CAUSAL_NOT_REQUIRED_FOR_ROBUSTNESS","results/03_phase3/baseline/baseline_ligand_expression_by_donor.csv|config/phase3_analysis.json"
"IFNA8",0,0,0,0,0,0,0,0,0,0.0536616161616162,0.199505358615004,0,"NO","NOT_RELIABLY_EXPRESSED",0.0536616161616162,0.0437710437710438,0.00989057239057239,"NO_LARGE_CONTEXT_SHIFT","GSE182158 2/2 plus GSE199071 >=3/4 donor support; CPM>=1 and expressing fraction>=0.10","DESCRIPTIVE_ONLY_NOT_CAUSAL_NOT_REQUIRED_FOR_ROBUSTNESS","results/03_phase3/baseline/baseline_ligand_expression_by_donor.csv|config/phase3_analysis.json"
"IFNB1",0,0,0,0,0,0.00164152149567638,0,3.92464678178964e-05,0,0.099537037037037,0.199505358615004,0.00193047220564663,"NO","NOT_RELIABLY_EXPRESSED",0.099537037037037,0.047979797979798,0.0515572390572391,"NO_LARGE_CONTEXT_SHIFT","GSE182158 2/2 plus GSE199071 >=3/4 donor support; CPM>=1 and expressing fraction>=0.10","DESCRIPTIVE_ONLY_NOT_CAUSAL_NOT_REQUIRED_FOR_ROBUSTNESS","results/03_phase3/baseline/baseline_ligand_expression_by_donor.csv|config/phase3_analysis.json"
"IFNE",0,0,0,1,4,0.27709590803402,0.905858687801603,0.00698381362795288,0.0158240743835684,0.575757575757576,0.662819455894477,0.461710412530615,"NO","MULTIDATASET_LOW_EXPRESSION",0.575757575757576,0.587121212121212,-0.0113636363636365,"NO_LARGE_CONTEXT_SHIFT","GSE182158 2/2 plus GSE199071 >=3/4 donor support; CPM>=1 and expressing fraction>=0.10","DESCRIPTIVE_ONLY_NOT_CAUSAL_NOT_REQUIRED_FOR_ROBUSTNESS","results/03_phase3/baseline/baseline_ligand_expression_by_donor.csv|config/phase3_analysis.json"
"IFNG",0,0,0,0,0,0,0,0,0,0.0536616161616162,0.199505358615004,0,"NO","NOT_RELIABLY_EXPRESSED",0.0536616161616162,0.047979797979798,0.00568181818181818,"NO_LARGE_CONTEXT_SHIFT","GSE182158 2/2 plus GSE199071 >=3/4 donor support; CPM>=1 and expressing fraction>=0.10","DESCRIPTIVE_ONLY_NOT_CAUSAL_NOT_REQUIRED_FOR_ROBUSTNESS","results/03_phase3/baseline/baseline_ligand_expression_by_donor.csv|config/phase3_analysis.json"
"IFNK",0,0,0,0,0,0,0,0,0,0.0536616161616162,0.199505358615004,0,"NO","NOT_RELIABLY_EXPRESSED",0.0536616161616162,0.0500841750841751,0.00357744107744108,"NO_LARGE_CONTEXT_SHIFT","GSE182158 2/2 plus GSE199071 >=3/4 donor support; CPM>=1 and expressing fraction>=0.10","DESCRIPTIVE_ONLY_NOT_CAUSAL_NOT_REQUIRED_FOR_ROBUSTNESS","results/03_phase3/baseline/baseline_ligand_expression_by_donor.csv|config/phase3_analysis.json"
"IFNL1",0,0,0,0,0,0.00194534584313656,0,5.07047966737653e-05,0,0.100589225589226,0.199505358615004,0.00228708467680247,"NO","NOT_RELIABLY_EXPRESSED",0.100589225589226,0.0500841750841751,0.0505050505050505,"NO_LARGE_CONTEXT_SHIFT","GSE182158 2/2 plus GSE199071 >=3/4 donor support; CPM>=1 and expressing fraction>=0.10","DESCRIPTIVE_ONLY_NOT_CAUSAL_NOT_REQUIRED_FOR_ROBUSTNESS","results/03_phase3/baseline/baseline_ligand_expression_by_donor.csv|config/phase3_analysis.json"
"IFNL2",0,0,0,0,0,0,0,0,0,0.0536616161616162,0.199505358615004,0,"NO","NOT_RELIABLY_EXPRESSED",0.0536616161616162,0.0500841750841751,0.00357744107744108,"NO_LARGE_CONTEXT_SHIFT","GSE182158 2/2 plus GSE199071 >=3/4 donor support; CPM>=1 and expressing fraction>=0.10","DESCRIPTIVE_ONLY_NOT_CAUSAL_NOT_REQUIRED_FOR_ROBUSTNESS","results/03_phase3/baseline/baseline_ligand_expression_by_donor.csv|config/phase3_analysis.json"
"IFNL3",0,0,0,0,0,0,0,0,0,0.0536616161616162,0.199505358615004,0,"NO","NOT_RELIABLY_EXPRESSED",0.0536616161616162,0.113636363636364,-0.0599747474747475,"NO_LARGE_CONTEXT_SHIFT","GSE182158 2/2 plus GSE199071 >=3/4 donor support; CPM>=1 and expressing fraction>=0.10","DESCRIPTIVE_ONLY_NOT_CAUSAL_NOT_REQUIRED_FOR_ROBUSTNESS","results/03_phase3/baseline/baseline_ligand_expression_by_donor.csv|config/phase3_analysis.json"
"IFNL4",0,0,0,0,0,,,,,,,,"NO","NOT_RELIABLY_EXPRESSED",,,,"NO_LARGE_CONTEXT_SHIFT","GSE182158 2/2 plus GSE199071 >=3/4 donor support; CPM>=1 and expressing fraction>=0.10","DESCRIPTIVE_ONLY_NOT_CAUSAL_NOT_REQUIRED_FOR_ROBUSTNESS","results/03_phase3/baseline/baseline_ligand_expression_by_donor.csv|config/phase3_analysis.json"
"IFNW1",0,0,0,0,0,0.00358686733881295,0,8.99512644916617e-05,0,0.146464646464646,0.199505358615004,0.00268168191540828,"NO","NOT_RELIABLY_EXPRESSED",0.146464646464646,0.138047138047138,0.00841750841750841,"NO_LARGE_CONTEXT_SHIFT","GSE182158 2/2 plus GSE199071 >=3/4 donor support; CPM>=1 and expressing fraction>=0.10","DESCRIPTIVE_ONLY_NOT_CAUSAL_NOT_REQUIRED_FOR_ROBUSTNESS","results/03_phase3/baseline/baseline_ligand_expression_by_donor.csv|config/phase3_analysis.json"
"IGF1",0,0,0,1,0,0.301165756507998,0,0.00643120696360733,0,0.535353535353535,0.211871393239901,0.254137050917524,"NO","NOT_RELIABLY_EXPRESSED",0.535353535353535,0.627525252525253,-0.0921717171717171,"NO_LARGE_CONTEXT_SHIFT","GSE182158 2/2 plus GSE199071 >=3/4 donor support; CPM>=1 and expressing fraction>=0.10","DESCRIPTIVE_ONLY_NOT_CAUSAL_NOT_REQUIRED_FOR_ROBUSTNESS","results/03_phase3/baseline/baseline_ligand_expression_by_donor.csv|config/phase3_analysis.json"
"IGF2",2,0,2,2,0,200.36285649593,0.0682618196984311,0.703112402902702,0.00103278869803253,0.942760942760943,0.48474855729596,3.74424391661425,"YES","DATASET_SPECIFIC",0.942760942760943,0.710016835016835,0.232744107744108,"NO_LARGE_CONTEXT_SHIFT","GSE182158 2/2 plus GSE199071 >=3/4 donor support; CPM>=1 and expressing fraction>=0.10","DESCRIPTIVE_ONLY_NOT_CAUSAL_NOT_REQUIRED_FOR_ROBUSTNESS","results/03_phase3/baseline/baseline_ligand_expression_by_donor.csv|config/phase3_analysis.json"
"IGFBP3",2,2,4,2,4,324.157663664104,12.560790881554,0.752996585823958,0.097412223593358,0.961279461279461,0.791014014839242,2.47216790400516,"YES","MULTIDATASET_LOW_EXPRESSION",0.961279461279461,0.964225589225589,-0.00294612794612792,"NO_LARGE_CONTEXT_SHIFT","GSE182158 2/2 plus GSE199071 >=3/4 donor support; CPM>=1 and expressing fraction>=0.10","DESCRIPTIVE_ONLY_NOT_CAUSAL_NOT_REQUIRED_FOR_ROBUSTNESS","results/03_phase3/baseline/baseline_ligand_expression_by_donor.csv|config/phase3_analysis.json"
"IGFBP4",2,4,6,2,4,195.648777883468,252.262473484423,0.866849084535642,0.89765118411949,0.946127946127946,0.965787304204452,0.828313211507747,"YES","ROBUST_BASELINE_SENDER",0.946127946127946,0.967592592592593,-0.0214646464646464,"NO_LARGE_CONTEXT_SHIFT","GSE182158 2/2 plus GSE199071 >=3/4 donor support; CPM>=1 and expressing fraction>=0.10","DESCRIPTIVE_ONLY_NOT_CAUSAL_NOT_REQUIRED_FOR_ROBUSTNESS","results/03_phase3/baseline/baseline_ligand_expression_by_donor.csv|config/phase3_analysis.json"
"IGFBP7",2,4,6,2,4,628.554677152454,704.47537811918,0.987566141103887,0.946595838041927,0.97979797979798,0.981038746908491,0.188233652137634,"NO","ROBUST_BASELINE_SENDER",0.97979797979798,0.988636363636364,-0.00883838383838387,"NO_LARGE_CONTEXT_SHIFT","GSE182158 2/2 plus GSE199071 >=3/4 donor support; CPM>=1 and expressing fraction>=0.10","DESCRIPTIVE_ONLY_NOT_CAUSAL_NOT_REQUIRED_FOR_ROBUSTNESS","results/03_phase3/baseline/baseline_ligand_expression_by_donor.csv|config/phase3_analysis.json"
"IGFBPL1",0,0,0,0,0,0.00389069168627313,0.055185511243678,0.000101409593347531,0.00101157187657789,0.13510101010101,0.481450948062655,0.0826564911657346,"NO","NOT_RELIABLY_EXPRESSED",0.13510101010101,0.131734006734007,0.00336700336700335,"NO_LARGE_CONTEXT_SHIFT","GSE182158 2/2 plus GSE199071 >=3/4 donor support; CPM>=1 and expressing fraction>=0.10","DESCRIPTIVE_ONLY_NOT_CAUSAL_NOT_REQUIRED_FOR_ROBUSTNESS","results/03_phase3/baseline/baseline_ligand_expression_by_donor.csv|config/phase3_analysis.json"
"IGFL1",0,0,0,0,0,0.00358686733881295,0,8.99512644916617e-05,0,0.146464646464646,0.199505358615004,0.00268168191540828,"NO","NOT_RELIABLY_EXPRESSED",0.146464646464646,0.11952861952862,0.0269360269360269,"NO_LARGE_CONTEXT_SHIFT","GSE182158 2/2 plus GSE199071 >=3/4 donor support; CPM>=1 and expressing fraction>=0.10","DESCRIPTIVE_ONLY_NOT_CAUSAL_NOT_REQUIRED_FOR_ROBUSTNESS","results/03_phase3/baseline/baseline_ligand_expression_by_donor.csv|config/phase3_analysis.json"
"IGFL2",0,0,0,0,0,0.032404205807692,0.102821257662913,0.000791516203963507,0.00168224253795917,0.379419191919192,0.503709810387469,0.102038252662814,"NO","NOT_RELIABLY_EXPRESSED",0.379419191919192,0.236952861952862,0.14246632996633,"NO_LARGE_CONTEXT_SHIFT","GSE182158 2/2 plus GSE199071 >=3/4 donor support; CPM>=1 and expressing fraction>=0.10","DESCRIPTIVE_ONLY_NOT_CAUSAL_NOT_REQUIRED_FOR_ROBUSTNESS","results/03_phase3/baseline/baseline_ligand_expression_by_donor.csv|config/phase3_analysis.json"
"IGFL3",0,0,0,0,0,0.012098299164655,0,0.000297641932437013,0,0.277777777777778,0.204451772464963,0.0228504835370852,"NO","NOT_RELIABLY_EXPRESSED",0.277777777777778,0.236952861952862,0.0408249158249159,"NO_LARGE_CONTEXT_SHIFT","GSE182158 2/2 plus GSE199071 >=3/4 donor support; CPM>=1 and expressing fraction>=0.10","DESCRIPTIVE_ONLY_NOT_CAUSAL_NOT_REQUIRED_FOR_ROBUSTNESS","results/03_phase3/baseline/baseline_ligand_expression_by_donor.csv|config/phase3_analysis.json"
"IGSF10",0,0,0,0,1,0.260744068004923,0.323059768579507,0.00636218237265654,0.0048642230103659,0.572180134680135,0.591508656224237,0.189964776343648,"NO","NOT_RELIABLY_EXPRESSED",0.572180134680135,0.665404040404041,-0.0932239057239057,"NO_LARGE_CONTEXT_SHIFT","GSE182158 2/2 plus GSE199071 >=3/4 donor support; CPM>=1 and expressing fraction>=0.10","DESCRIPTIVE_ONLY_NOT_CAUSAL_NOT_REQUIRED_FOR_ROBUSTNESS","results/03_phase3/baseline/baseline_ligand_expression_by_donor.csv|config/phase3_analysis.json"
"IGSF11",0,0,0,0,0,0.0152589423976323,0.0103181979539674,0.000394180044534254,0.000156103652825476,0.257786195286195,0.294723825226711,0.0230540363711242,"NO","NOT_RELIABLY_EXPRESSED",0.257786195286195,0.222222222222222,0.0355639730639731,"NO_LARGE_CONTEXT_SHIFT","GSE182158 2/2 plus GSE199071 >=3/4 donor support; CPM>=1 and expressing fraction>=0.10","DESCRIPTIVE_ONLY_NOT_CAUSAL_NOT_REQUIRED_FOR_ROBUSTNESS","results/03_phase3/baseline/baseline_ligand_expression_by_donor.csv|config/phase3_analysis.json"
"IGSF21",0,0,0,0,0,0.0104567776689787,0,0.000258395464619116,0,0.262415824915825,0.199505358615004,0.00811522783084505,"NO","NOT_RELIABLY_EXPRESSED",0.262415824915825,0.236111111111111,0.0263047138047138,"NO_LARGE_CONTEXT_SHIFT","GSE182158 2/2 plus GSE199071 >=3/4 donor support; CPM>=1 and expressing fraction>=0.10","DESCRIPTIVE_ONLY_NOT_CAUSAL_NOT_REQUIRED_FOR_ROBUSTNESS","results/03_phase3/baseline/baseline_ligand_expression_by_donor.csv|config/phase3_analysis.json"
"IGSF3",0,0,0,1,1,0.427440511916704,0.237412874903306,0.010699603611073,0.0042985579402167,0.611321548821549,0.579760923330585,0.581886018390577,"NO","MULTIDATASET_LOW_EXPRESSION",0.611321548821549,0.493265993265993,0.118055555555556,"NO_LARGE_CONTEXT_SHIFT","GSE182158 2/2 plus GSE199071 >=3/4 donor support; CPM>=1 and expressing fraction>=0.10","DESCRIPTIVE_ONLY_NOT_CAUSAL_NOT_REQUIRED_FOR_ROBUSTNESS","results/03_phase3/baseline/baseline_ligand_expression_by_donor.csv|config/phase3_analysis.json"
"IHH",0,0,0,0,0,0.00194534584313656,0.0205161552823478,5.07047966737653e-05,0.000352609308885755,0.100589225589226,0.332028029678483,0.0634260698432362,"YES","NOT_RELIABLY_EXPRESSED",0.100589225589226,0.197811447811448,-0.0972222222222222,"NO_LARGE_CONTEXT_SHIFT","GSE182158 2/2 plus GSE199071 >=3/4 donor support; CPM>=1 and expressing fraction>=0.10","DESCRIPTIVE_ONLY_NOT_CAUSAL_NOT_REQUIRED_FOR_ROBUSTNESS","results/03_phase3/baseline/baseline_ligand_expression_by_donor.csv|config/phase3_analysis.json"
"IL10",0,0,0,0,0,0.00942290486822264,0.0333416598571883,0.000242065654512958,0.000504540867810293,0.220749158249158,0.34439406430338,0.0510282496943354,"YES","NOT_RELIABLY_EXPRESSED",0.220749158249158,0.236952861952862,-0.0162037037037037,"NO_LARGE_CONTEXT_SHIFT","GSE182158 2/2 plus GSE199071 >=3/4 donor support; CPM>=1 and expressing fraction>=0.10","DESCRIPTIVE_ONLY_NOT_CAUSAL_NOT_REQUIRED_FOR_ROBUSTNESS","results/03_phase3/baseline/baseline_ligand_expression_by_donor.csv|config/phase3_analysis.json"
"IL11",0,4,4,2,4,3.0462581428712,37.156176087738,0.0625415846992187,0.34200238928376,0.727272727272727,0.875515251442704,1.68783617587819,"NO","MULTIDATASET_LOW_EXPRESSION",0.727272727272727,0.712121212121212,0.0151515151515151,"NO_LARGE_CONTEXT_SHIFT","GSE182158 2/2 plus GSE199071 >=3/4 donor support; CPM>=1 and expressing fraction>=0.10","DESCRIPTIVE_ONLY_NOT_CAUSAL_NOT_REQUIRED_FOR_ROBUSTNESS","results/03_phase3/baseline/baseline_ligand_expression_by_donor.csv|config/phase3_analysis.json"
"IL12A",0,0,0,0,4,0.0730160190937659,1.48439653354089,0.0017792647470165,0.0227342207429508,0.463173400673401,0.669208573784007,0.641080824903137,"NO","NOT_RELIABLY_EXPRESSED",0.463173400673401,0.630471380471381,-0.16729797979798,"NO_LARGE_CONTEXT_SHIFT","GSE182158 2/2 plus GSE199071 >=3/4 donor support; CPM>=1 and expressing fraction>=0.10","DESCRIPTIVE_ONLY_NOT_CAUSAL_NOT_REQUIRED_FOR_ROBUSTNESS","results/03_phase3/baseline/baseline_ligand_expression_by_donor.csv|config/phase3_analysis.json"
"IL12B",0,0,0,0,0,0.0124021235121152,0.0359281705861361,0.000309100261292882,0.000631921155241517,0.285563973063973,0.448680956306678,0.0610259513039848,"NO","NOT_RELIABLY_EXPRESSED",0.285563973063973,0.196127946127946,0.089436026936027,"NO_LARGE_CONTEXT_SHIFT","GSE182158 2/2 plus GSE199071 >=3/4 donor support; CPM>=1 and expressing fraction>=0.10","DESCRIPTIVE_ONLY_NOT_CAUSAL_NOT_REQUIRED_FOR_ROBUSTNESS","results/03_phase3/baseline/baseline_ligand_expression_by_donor.csv|config/phase3_analysis.json"
"IL13",0,0,0,0,0,0.00656608598270553,0.0192573406575419,0.000156985871271586,0.000312207305650952,0.180976430976431,0.323371805441055,0.0459221746316245,"YES","NOT_RELIABLY_EXPRESSED",0.180976430976431,0.217592592592593,-0.0366161616161616,"NO_LARGE_CONTEXT_SHIFT","GSE182158 2/2 plus GSE199071 >=3/4 donor support; CPM>=1 and expressing fraction>=0.10","DESCRIPTIVE_ONLY_NOT_CAUSAL_NOT_REQUIRED_FOR_ROBUSTNESS","results/03_phase3/baseline/baseline_ligand_expression_by_donor.csv|config/phase3_analysis.json"
"IL15",2,3,5,2,4,10.7655638552718,9.03408587859544,0.220700881976904,0.12329006642045,0.813552188552189,0.777411376751855,0.469613188765216,"NO","ROBUST_BASELINE_SENDER",0.813552188552189,0.728956228956229,0.0845959595959597,"NO_LARGE_CONTEXT_SHIFT","GSE182158 2/2 plus GSE199071 >=3/4 donor support; CPM>=1 and expressing fraction>=0.10","DESCRIPTIVE_ONLY_NOT_CAUSAL_NOT_REQUIRED_FOR_ROBUSTNESS","results/03_phase3/baseline/baseline_ligand_expression_by_donor.csv|config/phase3_analysis.json"
"IL16",0,0,0,0,0,0.256608576801899,0.0192573406575419,0.00639827272557943,0.000379650721336371,0.567760942760943,0.323371805441055,0.178291779480684,"YES","NOT_RELIABLY_EXPRESSED",0.567760942760943,0.508417508417509,0.0593434343434343,"NO_LARGE_CONTEXT_SHIFT","GSE182158 2/2 plus GSE199071 >=3/4 donor support; CPM>=1 and expressing fraction>=0.10","DESCRIPTIVE_ONLY_NOT_CAUSAL_NOT_REQUIRED_FOR_ROBUSTNESS","results/03_phase3/baseline/baseline_ligand_expression_by_donor.csv|config/phase3_analysis.json"
"IL17A",0,0,0,0,0,0.00328304299135276,0,7.84929356357928e-05,0,0.134890572390572,0.199505358615004,0.00385463763488309,"NO","NOT_RELIABLY_EXPRESSED",0.134890572390572,0.0500841750841751,0.0848063973063973,"NO_LARGE_CONTEXT_SHIFT","GSE182158 2/2 plus GSE199071 >=3/4 donor support; CPM>=1 and expressing fraction>=0.10","DESCRIPTIVE_ONLY_NOT_CAUSAL_NOT_REQUIRED_FOR_ROBUSTNESS","results/03_phase3/baseline/baseline_ligand_expression_by_donor.csv|config/phase3_analysis.json"
"IL17B",0,0,0,2,1,0.951081518940513,0.348470296478014,0.0229562345169282,0.00527263321816423,0.659301346801347,0.598103874690849,0.37493585982929,"NO","MULTIDATASET_LOW_EXPRESSION",0.659301346801347,0.659511784511785,-0.000210437710437716,"NO_LARGE_CONTEXT_SHIFT","GSE182158 2/2 plus GSE199071 >=3/4 donor support; CPM>=1 and expressing fraction>=0.10","DESCRIPTIVE_ONLY_NOT_CAUSAL_NOT_REQUIRED_FOR_ROBUSTNESS","results/03_phase3/baseline/baseline_ligand_expression_by_donor.csv|config/phase3_analysis.json"
"IL17C",0,0,0,0,0,0.0739274921361464,0.0397734959398897,0.00176293493691034,0.000732260030222125,0.48253367003367,0.453833470733718,0.0363294401924172,"NO","NOT_RELIABLY_EXPRESSED",0.48253367003367,0.246212121212121,0.236321548821549,"NO_LARGE_CONTEXT_SHIFT","GSE182158 2/2 plus GSE199071 >=3/4 donor support; CPM>=1 and expressing fraction>=0.10","DESCRIPTIVE_ONLY_NOT_CAUSAL_NOT_REQUIRED_FOR_ROBUSTNESS","results/03_phase3/baseline/baseline_ligand_expression_by_donor.csv|config/phase3_analysis.json"
"IL17F",0,0,0,0,0,0,0,0,0,0.0536616161616162,0.199505358615004,0,"NO","NOT_RELIABLY_EXPRESSED",0.0536616161616162,0.0500841750841751,0.00357744107744108,"NO_LARGE_CONTEXT_SHIFT","GSE182158 2/2 plus GSE199071 >=3/4 donor support; CPM>=1 and expressing fraction>=0.10","DESCRIPTIVE_ONLY_NOT_CAUSAL_NOT_REQUIRED_FOR_ROBUSTNESS","results/03_phase3/baseline/baseline_ligand_expression_by_donor.csv|config/phase3_analysis.json"
"IL18",0,0,0,0,0,0.151804700789275,0.210396002058921,0.00368628647780284,0.00353676635658665,0.544191919191919,0.566982687551525,0.130427803359496,"NO","NOT_RELIABLY_EXPRESSED",0.544191919191919,0.499579124579125,0.0446127946127947,"NO_LARGE_CONTEXT_SHIFT","GSE182158 2/2 plus GSE199071 >=3/4 donor support; CPM>=1 and expressing fraction>=0.10","DESCRIPTIVE_ONLY_NOT_CAUSAL_NOT_REQUIRED_FOR_ROBUSTNESS","results/03_phase3/baseline/baseline_ligand_expression_by_donor.csv|config/phase3_analysis.json"
"IL18BP",0,0,0,0,3,0.322940460251541,0.833631302123831,0.00803832215997021,0.0124310332171561,0.593644781144781,0.641797197032152,0.249247431451833,"NO","NOT_RELIABLY_EXPRESSED",0.593644781144781,0.639309764309764,-0.0456649831649831,"NO_LARGE_CONTEXT_SHIFT","GSE182158 2/2 plus GSE199071 >=3/4 donor support; CPM>=1 and expressing fraction>=0.10","DESCRIPTIVE_ONLY_NOT_CAUSAL_NOT_REQUIRED_FOR_ROBUSTNESS","results/03_phase3/baseline/baseline_ligand_expression_by_donor.csv|config/phase3_analysis.json"
"IL19",0,0,0,0,0,0.0543516339464053,0.074373970421884,0.00128539047549,0.0011289554791122,0.431397306397306,0.489694971145919,0.0358157854913667,"NO","NOT_RELIABLY_EXPRESSED",0.431397306397306,0.227693602693603,0.203703703703704,"NO_LARGE_CONTEXT_SHIFT","GSE182158 2/2 plus GSE199071 >=3/4 donor support; CPM>=1 and expressing fraction>=0.10","DESCRIPTIVE_ONLY_NOT_CAUSAL_NOT_REQUIRED_FOR_ROBUSTNESS","results/03_phase3/baseline/baseline_ligand_expression_by_donor.csv|config/phase3_analysis.json"
"IL1A",0,0,0,1,3,0.370911782901282,0.906077569939739,0.0089587614784277,0.0120015967047818,0.599116161616162,0.643652102225886,0.876011528702553,"NO","MULTIDATASET_LOW_EXPRESSION",0.599116161616162,0.131734006734007,0.467382154882155,"UC_HIGHER_CONTEXT","GSE182158 2/2 plus GSE199071 >=3/4 donor support; CPM>=1 and expressing fraction>=0.10","DESCRIPTIVE_ONLY_NOT_CAUSAL_NOT_REQUIRED_FOR_ROBUSTNESS","results/03_phase3/baseline/baseline_ligand_expression_by_donor.csv|config/phase3_analysis.json"
"IL1B",2,4,6,2,4,53.451339200017,25.8366239757621,0.51465358673951,0.200554911202427,0.902777777777778,0.842126957955482,0.736052152241312,"NO","ROBUST_BASELINE_SENDER",0.902777777777778,0.582491582491583,0.320286195286195,"UC_HIGHER_CONTEXT","GSE182158 2/2 plus GSE199071 >=3/4 donor support; CPM>=1 and expressing fraction>=0.10","DESCRIPTIVE_ONLY_NOT_CAUSAL_NOT_REQUIRED_FOR_ROBUSTNESS","results/03_phase3/baseline/baseline_ligand_expression_by_donor.csv|config/phase3_analysis.json"
"IL1F10",0,0,0,0,0,0.00194534584313656,0,5.07047966737653e-05,0,0.100589225589226,0.199505358615004,0.00228708467680247,"NO","NOT_RELIABLY_EXPRESSED",0.100589225589226,0.131734006734007,-0.0311447811447811,"NO_LARGE_CONTEXT_SHIFT","GSE182158 2/2 plus GSE199071 >=3/4 donor support; CPM>=1 and expressing fraction>=0.10","DESCRIPTIVE_ONLY_NOT_CAUSAL_NOT_REQUIRED_FOR_ROBUSTNESS","results/03_phase3/baseline/baseline_ligand_expression_by_donor.csv|config/phase3_analysis.json"
"IL1RN",0,0,0,1,0,0.33296231362077,0.0410323105646957,0.00802254158549521,0.000705218617771509,0.576599326599327,0.356760098928277,0.260489671390049,"YES","NOT_RELIABLY_EXPRESSED",0.576599326599327,0.490740740740741,0.0858585858585858,"NO_LARGE_CONTEXT_SHIFT","GSE182158 2/2 plus GSE199071 >=3/4 donor support; CPM>=1 and expressing fraction>=0.10","DESCRIPTIVE_ONLY_NOT_CAUSAL_NOT_REQUIRED_FOR_ROBUSTNESS","results/03_phase3/baseline/baseline_ligand_expression_by_donor.csv|config/phase3_analysis.json"
"IL2",0,0,0,0,0,0,0,0,0,0.0536616161616162,0.199505358615004,0,"NO","NOT_RELIABLY_EXPRESSED",0.0536616161616162,0.0500841750841751,0.00357744107744108,"NO_LARGE_CONTEXT_SHIFT","GSE182158 2/2 plus GSE199071 >=3/4 donor support; CPM>=1 and expressing fraction>=0.10","DESCRIPTIVE_ONLY_NOT_CAUSAL_NOT_REQUIRED_FOR_ROBUSTNESS","results/03_phase3/baseline/baseline_ligand_expression_by_donor.csv|config/phase3_analysis.json"
"IL20",0,0,0,0,0,0.00164152149567638,0,3.92464678178964e-05,0,0.099537037037037,0.199505358615004,0.00193047220564663,"NO","NOT_RELIABLY_EXPRESSED",0.099537037037037,0.113636363636364,-0.0140993265993266,"NO_LARGE_CONTEXT_SHIFT","GSE182158 2/2 plus GSE199071 >=3/4 donor support; CPM>=1 and expressing fraction>=0.10","DESCRIPTIVE_ONLY_NOT_CAUSAL_NOT_REQUIRED_FOR_ROBUSTNESS","results/03_phase3/baseline/baseline_ligand_expression_by_donor.csv|config/phase3_analysis.json"
"IL21",0,0,0,0,0,0.00164152149567638,0,3.92464678178964e-05,0,0.099537037037037,0.199505358615004,0.00193047220564663,"NO","NOT_RELIABLY_EXPRESSED",0.099537037037037,0.117845117845118,-0.0183080808080808,"NO_LARGE_CONTEXT_SHIFT","GSE182158 2/2 plus GSE199071 >=3/4 donor support; CPM>=1 and expressing fraction>=0.10","DESCRIPTIVE_ONLY_NOT_CAUSAL_NOT_REQUIRED_FOR_ROBUSTNESS","results/03_phase3/baseline/baseline_ligand_expression_by_donor.csv|config/phase3_analysis.json"
"IL22",0,0,0,0,0,0.00328304299135276,0.0103181979539674,7.84929356357928e-05,0.000156103652825476,0.134890572390572,0.294723825226711,0.0234841522036188,"NO","NOT_RELIABLY_EXPRESSED",0.134890572390572,0.131734006734007,0.00315656565656566,"NO_LARGE_CONTEXT_SHIFT","GSE182158 2/2 plus GSE199071 >=3/4 donor support; CPM>=1 and expressing fraction>=0.10","DESCRIPTIVE_ONLY_NOT_CAUSAL_NOT_REQUIRED_FOR_ROBUSTNESS","results/03_phase3/baseline/baseline_ligand_expression_by_donor.csv|config/phase3_analysis.json"
"IL23A",0,0,0,0,1,0.174055953275449,0.49042209199008,0.00418016074932934,0.00839095656098793,0.555976430976431,0.610882110469909,0.210067899479594,"NO","NOT_RELIABLY_EXPRESSED",0.555976430976431,0.502525252525253,0.0534511784511785,"NO_LARGE_CONTEXT_SHIFT","GSE182158 2/2 plus GSE199071 >=3/4 donor support; CPM>=1 and expressing fraction>=0.10","DESCRIPTIVE_ONLY_NOT_CAUSAL_NOT_REQUIRED_FOR_ROBUSTNESS","results/03_phase3/baseline/baseline_ligand_expression_by_donor.csv|config/phase3_analysis.json"
"IL24",0,0,0,0,1,0.00164152149567638,0.658221936906386,3.92464678178964e-05,0.00253388835454148,0.099537037037037,0.620981038746908,0.564140331610472,"NO","NOT_RELIABLY_EXPRESSED",0.099537037037037,0.423821548821549,-0.324284511784512,"UC_LOWER_CONTEXT","GSE182158 2/2 plus GSE199071 >=3/4 donor support; CPM>=1 and expressing fraction>=0.10","DESCRIPTIVE_ONLY_NOT_CAUSAL_NOT_REQUIRED_FOR_ROBUSTNESS","results/03_phase3/baseline/baseline_ligand_expression_by_donor.csv|config/phase3_analysis.json"
"IL25",0,0,0,0,0,0.00358686733881295,0,8.99512644916617e-05,0,0.146464646464646,0.211871393239901,0.102914913555189,"NO","NOT_RELIABLY_EXPRESSED",0.146464646464646,0.178030303030303,-0.0315656565656566,"NO_LARGE_CONTEXT_SHIFT","GSE182158 2/2 plus GSE199071 >=3/4 donor support; CPM>=1 and expressing fraction>=0.10","DESCRIPTIVE_ONLY_NOT_CAUSAL_NOT_REQUIRED_FOR_ROBUSTNESS","results/03_phase3/baseline/baseline_ligand_expression_by_donor.csv|config/phase3_analysis.json"
"IL26",0,0,0,0,0,0.0207911555795818,0.0488328792690512,0.000484131309025916,0.000915405095498217,0.308080808080808,0.434047815333883,0.0647465881279453,"NO","NOT_RELIABLY_EXPRESSED",0.308080808080808,0.544191919191919,-0.236111111111111,"NO_LARGE_CONTEXT_SHIFT","GSE182158 2/2 plus GSE199071 >=3/4 donor support; CPM>=1 and expressing fraction>=0.10","DESCRIPTIVE_ONLY_NOT_CAUSAL_NOT_REQUIRED_FOR_ROBUSTNESS","results/03_phase3/baseline/baseline_ligand_expression_by_donor.csv|config/phase3_analysis.json"
"IL27",0,0,0,0,0,0.00778138337254625,0,0.000202819186695061,0,0.174873737373737,0.199505358615004,0.00909553022770131,"NO","NOT_RELIABLY_EXPRESSED",0.174873737373737,0.131734006734007,0.0431397306397306,"NO_LARGE_CONTEXT_SHIFT","GSE182158 2/2 plus GSE199071 >=3/4 donor support; CPM>=1 and expressing fraction>=0.10","DESCRIPTIVE_ONLY_NOT_CAUSAL_NOT_REQUIRED_FOR_ROBUSTNESS","results/03_phase3/baseline/baseline_ligand_expression_by_donor.csv|config/phase3_analysis.json"
"IL3",0,0,0,0,0,0.00553221318194951,0,0.000140656061165427,0,0.180976430976431,0.199505358615004,0.00458733061698916,"NO","NOT_RELIABLY_EXPRESSED",0.180976430976431,0.131734006734007,0.0492424242424242,"NO_LARGE_CONTEXT_SHIFT","GSE182158 2/2 plus GSE199071 >=3/4 donor support; CPM>=1 and expressing fraction>=0.10","DESCRIPTIVE_ONLY_NOT_CAUSAL_NOT_REQUIRED_FOR_ROBUSTNESS","results/03_phase3/baseline/baseline_ligand_expression_by_donor.csv|config/phase3_analysis.json"
"IL31",0,0,0,0,0,0.00522838883448933,0,0.000129197732309558,0,0.181818181818182,0.199505358615004,0.00406972167935043,"NO","NOT_RELIABLY_EXPRESSED",0.181818181818182,0.181818181818182,0,"NO_LARGE_CONTEXT_SHIFT","GSE182158 2/2 plus GSE199071 >=3/4 donor support; CPM>=1 and expressing fraction>=0.10","DESCRIPTIVE_ONLY_NOT_CAUSAL_NOT_REQUIRED_FOR_ROBUSTNESS","results/03_phase3/baseline/baseline_ligand_expression_by_donor.csv|config/phase3_analysis.json"
"IL32",2,4,6,2,4,34.0905256149338,19.9611374827191,0.3720543975705,0.225119411588307,0.856060606060606,0.829760923330585,0.968801716736792,"YES","ROBUST_BASELINE_SENDER",0.856060606060606,0.708333333333333,0.147727272727273,"NO_LARGE_CONTEXT_SHIFT","GSE182158 2/2 plus GSE199071 >=3/4 donor support; CPM>=1 and expressing fraction>=0.10","DESCRIPTIVE_ONLY_NOT_CAUSAL_NOT_REQUIRED_FOR_ROBUSTNESS","results/03_phase3/baseline/baseline_ligand_expression_by_donor.csv|config/phase3_analysis.json"
"IL33",0,0,0,0,3,0.0646269870262993,1.2493877825181,0.00139654303133811,0.0132714883530293,0.37962962962963,0.677864798021435,0.659298507637346,"NO","NOT_RELIABLY_EXPRESSED",0.37962962962963,0.699915824915825,-0.320286195286195,"UC_LOWER_CONTEXT","GSE182158 2/2 plus GSE199071 >=3/4 donor support; CPM>=1 and expressing fraction>=0.10","DESCRIPTIVE_ONLY_NOT_CAUSAL_NOT_REQUIRED_FOR_ROBUSTNESS","results/03_phase3/baseline/baseline_ligand_expression_by_donor.csv|config/phase3_analysis.json"
"IL34",0,0,0,1,0,0.321856262813989,0.577769652574215,0.00747343331332205,0.00502032666319138,0.566919191919192,0.622011541632317,0.311484254335425,"NO","NOT_RELIABLY_EXPRESSED",0.566919191919192,0.659511784511785,-0.0925925925925926,"NO_LARGE_CONTEXT_SHIFT","GSE182158 2/2 plus GSE199071 >=3/4 donor support; CPM>=1 and expressing fraction>=0.10","DESCRIPTIVE_ONLY_NOT_CAUSAL_NOT_REQUIRED_FOR_ROBUSTNESS","results/03_phase3/baseline/baseline_ligand_expression_by_donor.csv|config/phase3_analysis.json"
"IL36A",0,0,0,0,0,0.00164152149567638,0,3.92464678178964e-05,0,0.099537037037037,0.199505358615004,0.00193047220564663,"NO","NOT_RELIABLY_EXPRESSED",0.099537037037037,0.047979797979798,0.0515572390572391,"NO_LARGE_CONTEXT_SHIFT","GSE182158 2/2 plus GSE199071 >=3/4 donor support; CPM>=1 and expressing fraction>=0.10","DESCRIPTIVE_ONLY_NOT_CAUSAL_NOT_REQUIRED_FOR_ROBUSTNESS","results/03_phase3/baseline/baseline_ligand_expression_by_donor.csv|config/phase3_analysis.json"
"IL36B",0,0,0,0,0,0,0,0,0,0.0536616161616162,0.199505358615004,0,"NO","NOT_RELIABLY_EXPRESSED",0.0536616161616162,0.131734006734007,-0.0780723905723906,"NO_LARGE_CONTEXT_SHIFT","GSE182158 2/2 plus GSE199071 >=3/4 donor support; CPM>=1 and expressing fraction>=0.10","DESCRIPTIVE_ONLY_NOT_CAUSAL_NOT_REQUIRED_FOR_ROBUSTNESS","results/03_phase3/baseline/baseline_ligand_expression_by_donor.csv|config/phase3_analysis.json"
"IL36G",0,0,0,0,0,0.0234665498760142,0.0166708299285942,0.000590412383623736,0.000252270433905146,0.365319865319865,0.319043693322341,0.0243910089634795,"YES","NOT_RELIABLY_EXPRESSED",0.365319865319865,0.117845117845118,0.247474747474747,"NO_LARGE_CONTEXT_SHIFT","GSE182158 2/2 plus GSE199071 >=3/4 donor support; CPM>=1 and expressing fraction>=0.10","DESCRIPTIVE_ONLY_NOT_CAUSAL_NOT_REQUIRED_FOR_ROBUSTNESS","results/03_phase3/baseline/baseline_ligand_expression_by_donor.csv|config/phase3_analysis.json"
"IL36RN",0,0,0,0,0,0.0510052160273863,0,0.00131173786591232,0,0.415614478114478,0.199505358615004,0.0473945834859663,"NO","NOT_RELIABLY_EXPRESSED",0.415614478114478,0.336700336700337,0.0789141414141414,"NO_LARGE_CONTEXT_SHIFT","GSE182158 2/2 plus GSE199071 >=3/4 donor support; CPM>=1 and expressing fraction>=0.10","DESCRIPTIVE_ONLY_NOT_CAUSAL_NOT_REQUIRED_FOR_ROBUSTNESS","results/03_phase3/baseline/baseline_ligand_expression_by_donor.csv|config/phase3_analysis.json"
"IL37",0,0,0,0,0,0.055566931336246,0.118302154446037,0.00137047025873137,0.00213803721473278,0.455176767676768,0.513808738664468,0.0969051907406858,"NO","NOT_RELIABLY_EXPRESSED",0.455176767676768,0.285774410774411,0.169402356902357,"NO_LARGE_CONTEXT_SHIFT","GSE182158 2/2 plus GSE199071 >=3/4 donor support; CPM>=1 and expressing fraction>=0.10","DESCRIPTIVE_ONLY_NOT_CAUSAL_NOT_REQUIRED_FOR_ROBUSTNESS","results/03_phase3/baseline/baseline_ligand_expression_by_donor.csv|config/phase3_analysis.json"
"IL4",0,0,0,0,0,0.00328304299135276,0.0488328792690512,7.84929356357928e-05,0.000861322270596985,0.134890572390572,0.434047815333883,0.0531429131902293,"NO","NOT_RELIABLY_EXPRESSED",0.134890572390572,0.227693602693603,-0.0928030303030303,"NO_LARGE_CONTEXT_SHIFT","GSE182158 2/2 plus GSE199071 >=3/4 donor support; CPM>=1 and expressing fraction>=0.10","DESCRIPTIVE_ONLY_NOT_CAUSAL_NOT_REQUIRED_FOR_ROBUSTNESS","results/03_phase3/baseline/baseline_ligand_expression_by_donor.csv|config/phase3_analysis.json"
"IL5",0,0,0,0,0,0.00911908052076245,0,0.000230607325657089,0,0.239478114478115,0.211871393239901,0.012013776808874,"NO","NOT_RELIABLY_EXPRESSED",0.239478114478115,0.113636363636364,0.125841750841751,"NO_LARGE_CONTEXT_SHIFT","GSE182158 2/2 plus GSE199071 >=3/4 donor support; CPM>=1 and expressing fraction>=0.10","DESCRIPTIVE_ONLY_NOT_CAUSAL_NOT_REQUIRED_FOR_ROBUSTNESS","results/03_phase3/baseline/baseline_ligand_expression_by_donor.csv|config/phase3_analysis.json"
"IL6",0,3,3,1,4,0.36568774416375,15.4107708461857,0.00683574686573513,0.134439190932567,0.591961279461279,0.810799670239077,2.10029075161282,"NO","MULTIDATASET_LOW_EXPRESSION",0.591961279461279,0.771464646464647,-0.179503367003367,"NO_LARGE_CONTEXT_SHIFT","GSE182158 2/2 plus GSE199071 >=3/4 donor support; CPM>=1 and expressing fraction>=0.10","DESCRIPTIVE_ONLY_NOT_CAUSAL_NOT_REQUIRED_FOR_ROBUSTNESS","results/03_phase3/baseline/baseline_ligand_expression_by_donor.csv|config/phase3_analysis.json"
"IL7",0,0,0,0,1,0.114843129769681,0.401447795200033,0.00269510720203927,0.00641125848607199,0.510521885521886,0.591920857378401,0.302616303716023,"NO","NOT_RELIABLY_EXPRESSED",0.510521885521886,0.736952861952862,-0.226430976430976,"NO_LARGE_CONTEXT_SHIFT","GSE182158 2/2 plus GSE199071 >=3/4 donor support; CPM>=1 and expressing fraction>=0.10","DESCRIPTIVE_ONLY_NOT_CAUSAL_NOT_REQUIRED_FOR_ROBUSTNESS","results/03_phase3/baseline/baseline_ligand_expression_by_donor.csv|config/phase3_analysis.json"
"IL9",0,0,0,0,0,0.0143474693552518,0,0.000359805057966647,0,0.302188552188552,0.199505358615004,0.0106685984024617,"NO","NOT_RELIABLY_EXPRESSED",0.302188552188552,0.11952861952862,0.182659932659933,"NO_LARGE_CONTEXT_SHIFT","GSE182158 2/2 plus GSE199071 >=3/4 donor support; CPM>=1 and expressing fraction>=0.10","DESCRIPTIVE_ONLY_NOT_CAUSAL_NOT_REQUIRED_FOR_ROBUSTNESS","results/03_phase3/baseline/baseline_ligand_expression_by_donor.csv|config/phase3_analysis.json"
"ILDR2",0,0,0,0,0,0.0260195444140712,0,0.000664033838009239,0,0.361742424242424,0.211871393239901,0.0363334772203808,"NO","NOT_RELIABLY_EXPRESSED",0.361742424242424,0.370791245791246,-0.00904882154882153,"NO_LARGE_CONTEXT_SHIFT","GSE182158 2/2 plus GSE199071 >=3/4 donor support; CPM>=1 and expressing fraction>=0.10","DESCRIPTIVE_ONLY_NOT_CAUSAL_NOT_REQUIRED_FOR_ROBUSTNESS","results/03_phase3/baseline/baseline_ligand_expression_by_donor.csv|config/phase3_analysis.json"
"IMPG2",0,0,0,0,0,0.138001505201278,0.134945139412808,0.00350494320027981,0.00204187043365311,0.531565656565657,0.534624896949711,0.139034881031684,"NO","NOT_RELIABLY_EXPRESSED",0.531565656565657,0.445286195286195,0.0862794612794613,"NO_LARGE_CONTEXT_SHIFT","GSE182158 2/2 plus GSE199071 >=3/4 donor support; CPM>=1 and expressing fraction>=0.10","DESCRIPTIVE_ONLY_NOT_CAUSAL_NOT_REQUIRED_FOR_ROBUSTNESS","results/03_phase3/baseline/baseline_ligand_expression_by_donor.csv|config/phase3_analysis.json"
"INHA",0,0,0,1,0,0.74130786618732,0.18593492605471,0.0185393611705055,0.00282238869778049,0.633627946127946,0.550082440230833,0.397102269337554,"NO","NOT_RELIABLY_EXPRESSED",0.633627946127946,0.45959595959596,0.174031986531987,"NO_LARGE_CONTEXT_SHIFT","GSE182158 2/2 plus GSE199071 >=3/4 donor support; CPM>=1 and expressing fraction>=0.10","DESCRIPTIVE_ONLY_NOT_CAUSAL_NOT_REQUIRED_FOR_ROBUSTNESS","results/03_phase3/baseline/baseline_ligand_expression_by_donor.csv|config/phase3_analysis.json"
"INHBA",2,4,6,2,4,18.9642840023588,230.205364498106,0.221367311755855,0.801706527774781,0.846380471380472,0.960840890354493,1.84930638721025,"NO","ROBUST_BASELINE_SENDER",0.846380471380472,0.894360269360269,-0.0479797979797979,"NO_LARGE_CONTEXT_SHIFT","GSE182158 2/2 plus GSE199071 >=3/4 donor support; CPM>=1 and expressing fraction>=0.10","DESCRIPTIVE_ONLY_NOT_CAUSAL_NOT_REQUIRED_FOR_ROBUSTNESS","results/03_phase3/baseline/baseline_ligand_expression_by_donor.csv|config/phase3_analysis.json"
"INHBB",0,0,0,1,0,0.335515308158826,0.302423372671572,0.00767906633763472,0.00457575878819459,0.573653198653199,0.588623248145095,0.217333733835122,"NO","NOT_RELIABLY_EXPRESSED",0.573653198653199,0.500420875420875,0.0732323232323232,"NO_LARGE_CONTEXT_SHIFT","GSE182158 2/2 plus GSE199071 >=3/4 donor support; CPM>=1 and expressing fraction>=0.10","DESCRIPTIVE_ONLY_NOT_CAUSAL_NOT_REQUIRED_FOR_ROBUSTNESS","results/03_phase3/baseline/baseline_ligand_expression_by_donor.csv|config/phase3_analysis.json"
"INHBC",0,0,0,0,0,0.0104567776689787,0.0103181979539674,0.000258395464619116,0.000156103652825476,0.262415824915825,0.289777411376752,0.0183627480587299,"NO","NOT_RELIABLY_EXPRESSED",0.262415824915825,0.284090909090909,-0.0216750841750842,"NO_LARGE_CONTEXT_SHIFT","GSE182158 2/2 plus GSE199071 >=3/4 donor support; CPM>=1 and expressing fraction>=0.10","DESCRIPTIVE_ONLY_NOT_CAUSAL_NOT_REQUIRED_FOR_ROBUSTNESS","results/03_phase3/baseline/baseline_ligand_expression_by_donor.csv|config/phase3_analysis.json"
"INHBE",0,0,0,2,0,3.83233941412936,0.0616687064726304,0.0810059513262608,0.00101742592342246,0.740319865319865,0.482069249793899,1.12563816376484,"NO","NOT_RELIABLY_EXPRESSED",0.740319865319865,0.544191919191919,0.196127946127946,"NO_LARGE_CONTEXT_SHIFT","GSE182158 2/2 plus GSE199071 >=3/4 donor support; CPM>=1 and expressing fraction>=0.10","DESCRIPTIVE_ONLY_NOT_CAUSAL_NOT_REQUIRED_FOR_ROBUSTNESS","results/03_phase3/baseline/baseline_ligand_expression_by_donor.csv|config/phase3_analysis.json"
"INS",0,0,0,0,0,0.00717373467762589,0,0.000179902528983323,0,0.216329966329966,0.199505358615004,0.00535362831784548,"NO","NOT_RELIABLY_EXPRESSED",0.216329966329966,0.113636363636364,0.102693602693603,"NO_LARGE_CONTEXT_SHIFT","GSE182158 2/2 plus GSE199071 >=3/4 donor support; CPM>=1 and expressing fraction>=0.10","DESCRIPTIVE_ONLY_NOT_CAUSAL_NOT_REQUIRED_FOR_ROBUSTNESS","results/03_phase3/baseline/baseline_ligand_expression_by_donor.csv|config/phase3_analysis.json"
"INSL3",0,0,0,0,0,0.0527691372814382,0,0.00133293915726877,0,0.452861952861953,0.211871393239901,0.0380942683727835,"NO","NOT_RELIABLY_EXPRESSED",0.452861952861953,0.258417508417508,0.194444444444444,"NO_LARGE_CONTEXT_SHIFT","GSE182158 2/2 plus GSE199071 >=3/4 donor support; CPM>=1 and expressing fraction>=0.10","DESCRIPTIVE_ONLY_NOT_CAUSAL_NOT_REQUIRED_FOR_ROBUSTNESS","results/03_phase3/baseline/baseline_ligand_expression_by_donor.csv|config/phase3_analysis.json"
"INSL5",0,0,0,0,0,0.00747755902508607,0,0.000191360857839192,0,0.204124579124579,0.204451772464963,0.0228708728749847,"NO","NOT_RELIABLY_EXPRESSED",0.204124579124579,0.246632996632997,-0.0425084175084175,"NO_LARGE_CONTEXT_SHIFT","GSE182158 2/2 plus GSE199071 >=3/4 donor support; CPM>=1 and expressing fraction>=0.10","DESCRIPTIVE_ONLY_NOT_CAUSAL_NOT_REQUIRED_FOR_ROBUSTNESS","results/03_phase3/baseline/baseline_ligand_expression_by_donor.csv|config/phase3_analysis.json"
"ITGA4",2,4,6,2,4,16.5781889978916,37.9916156936893,0.304404814042347,0.40250302992307,0.836279461279461,0.876751854905194,0.700922113256777,"NO","ROBUST_BASELINE_SENDER",0.836279461279461,0.773148148148148,0.0631313131313132,"NO_LARGE_CONTEXT_SHIFT","GSE182158 2/2 plus GSE199071 >=3/4 donor support; CPM>=1 and expressing fraction>=0.10","DESCRIPTIVE_ONLY_NOT_CAUSAL_NOT_REQUIRED_FOR_ROBUSTNESS","results/03_phase3/baseline/baseline_ligand_expression_by_donor.csv|config/phase3_analysis.json"
"ITGA9",0,0,0,0,0,0.0440762808665114,0,0.0010957449840061,0,0.438973063973064,0.199505358615004,0.0324409145794484,"NO","NOT_RELIABLY_EXPRESSED",0.438973063973064,0.518518518518519,-0.0795454545454545,"NO_LARGE_CONTEXT_SHIFT","GSE182158 2/2 plus GSE199071 >=3/4 donor support; CPM>=1 and expressing fraction>=0.10","DESCRIPTIVE_ONLY_NOT_CAUSAL_NOT_REQUIRED_FOR_ROBUSTNESS","results/03_phase3/baseline/baseline_ligand_expression_by_donor.csv|config/phase3_analysis.json"
"ITGAL",0,0,0,0,0,0.0234665498760142,0,0.000590412383623736,0,0.365319865319865,0.211871393239901,0.0248371948175156,"NO","NOT_RELIABLY_EXPRESSED",0.365319865319865,0.224326599326599,0.140993265993266,"NO_LARGE_CONTEXT_SHIFT","GSE182158 2/2 plus GSE199071 >=3/4 donor support; CPM>=1 and expressing fraction>=0.10","DESCRIPTIVE_ONLY_NOT_CAUSAL_NOT_REQUIRED_FOR_ROBUSTNESS","results/03_phase3/baseline/baseline_ligand_expression_by_donor.csv|config/phase3_analysis.json"
"ITGAM",0,0,0,0,0,0.0162928151983883,0,0.000410509854640412,0,0.316287878787879,0.211871393239901,0.0218843364528125,"NO","NOT_RELIABLY_EXPRESSED",0.316287878787879,0.260521885521886,0.0557659932659932,"NO_LARGE_CONTEXT_SHIFT","GSE182158 2/2 plus GSE199071 >=3/4 donor support; CPM>=1 and expressing fraction>=0.10","DESCRIPTIVE_ONLY_NOT_CAUSAL_NOT_REQUIRED_FOR_ROBUSTNESS","results/03_phase3/baseline/baseline_ligand_expression_by_donor.csv|config/phase3_analysis.json"
"ITGB1",2,4,6,2,4,384.677690233281,821.213665110533,0.997119844169912,0.956401565445834,0.970117845117845,0.983924154987634,0.651869953056072,"NO","ROBUST_BASELINE_SENDER",0.970117845117845,0.976010101010101,-0.00589225589225584,"NO_LARGE_CONTEXT_SHIFT","GSE182158 2/2 plus GSE199071 >=3/4 donor support; CPM>=1 and expressing fraction>=0.10","DESCRIPTIVE_ONLY_NOT_CAUSAL_NOT_REQUIRED_FOR_ROBUSTNESS","results/03_phase3/baseline/baseline_ligand_expression_by_donor.csv|config/phase3_analysis.json"
"ITGB2",0,0,0,0,0,0.0283911143630434,0.120541134853913,0.000708151787077425,0.00189327332476725,0.389941077441077,0.504946413849959,0.126847520993935,"NO","NOT_RELIABLY_EXPRESSED",0.389941077441077,0.514309764309764,-0.124368686868687,"NO_LARGE_CONTEXT_SHIFT","GSE182158 2/2 plus GSE199071 >=3/4 donor support; CPM>=1 and expressing fraction>=0.10","DESCRIPTIVE_ONLY_NOT_CAUSAL_NOT_REQUIRED_FOR_ROBUSTNESS","results/03_phase3/baseline/baseline_ligand_expression_by_donor.csv|config/phase3_analysis.json"
"ITIH2",0,0,0,0,0,0.00164152149567638,0,3.92464678178964e-05,0,0.099537037037037,0.199505358615004,0.00193047220564663,"NO","NOT_RELIABLY_EXPRESSED",0.099537037037037,0.224326599326599,-0.124789562289562,"NO_LARGE_CONTEXT_SHIFT","GSE182158 2/2 plus GSE199071 >=3/4 donor support; CPM>=1 and expressing fraction>=0.10","DESCRIPTIVE_ONLY_NOT_CAUSAL_NOT_REQUIRED_FOR_ROBUSTNESS","results/03_phase3/baseline/baseline_ligand_expression_by_donor.csv|config/phase3_analysis.json"
"ITM2B",2,4,6,2,4,428.953417879285,179.339689679649,0.998132499354847,0.867451329237243,0.971801346801347,0.955482275350371,0.657019935119641,"NO","ROBUST_BASELINE_SENDER",0.971801346801347,0.971801346801347,0,"NO_LARGE_CONTEXT_SHIFT","GSE182158 2/2 plus GSE199071 >=3/4 donor support; CPM>=1 and expressing fraction>=0.10","DESCRIPTIVE_ONLY_NOT_CAUSAL_NOT_REQUIRED_FOR_ROBUSTNESS","results/03_phase3/baseline/baseline_ligand_expression_by_donor.csv|config/phase3_analysis.json"
"IZUMO1",0,0,0,0,0,0.0260195444140712,0.0103181979539674,0.000664033838009239,0.000156103652825476,0.361742424242424,0.294723825226711,0.0408343814423859,"NO","NOT_RELIABLY_EXPRESSED",0.361742424242424,0.304292929292929,0.057449494949495,"NO_LARGE_CONTEXT_SHIFT","GSE182158 2/2 plus GSE199071 >=3/4 donor support; CPM>=1 and expressing fraction>=0.10","DESCRIPTIVE_ONLY_NOT_CAUSAL_NOT_REQUIRED_FOR_ROBUSTNESS","results/03_phase3/baseline/baseline_ligand_expression_by_donor.csv|config/phase3_analysis.json"
"JAG1",0,0,0,2,4,0.598276797128466,2.85176808009286,0.0142352164473943,0.041982635285062,0.634259259259259,0.713107996702391,0.752653907109066,"NO","MULTIDATASET_LOW_EXPRESSION",0.634259259259259,0.811026936026936,-0.176767676767677,"NO_LARGE_CONTEXT_SHIFT","GSE182158 2/2 plus GSE199071 >=3/4 donor support; CPM>=1 and expressing fraction>=0.10","DESCRIPTIVE_ONLY_NOT_CAUSAL_NOT_REQUIRED_FOR_ROBUSTNESS","results/03_phase3/baseline/baseline_ligand_expression_by_donor.csv|config/phase3_analysis.json"
"JAG2",0,0,0,0,0,0.136967632400522,0.0397734959398897,0.00348861339017365,0.000732260030222125,0.526515151515152,0.457337180544106,0.0806639412693913,"NO","NOT_RELIABLY_EXPRESSED",0.526515151515152,0.45959595959596,0.066919191919192,"NO_LARGE_CONTEXT_SHIFT","GSE182158 2/2 plus GSE199071 >=3/4 donor support; CPM>=1 and expressing fraction>=0.10","DESCRIPTIVE_ONLY_NOT_CAUSAL_NOT_REQUIRED_FOR_ROBUSTNESS","results/03_phase3/baseline/baseline_ligand_expression_by_donor.csv|config/phase3_analysis.json"
"JAM2",0,0,0,2,1,0.745165633624626,0.479799580528289,0.0180730680795873,0.00873303753776427,0.64246632996633,0.610263808738664,0.272877928377876,"NO","MULTIDATASET_LOW_EXPRESSION",0.64246632996633,0.755471380471381,-0.113005050505051,"NO_LARGE_CONTEXT_SHIFT","GSE182158 2/2 plus GSE199071 >=3/4 donor support; CPM>=1 and expressing fraction>=0.10","DESCRIPTIVE_ONLY_NOT_CAUSAL_NOT_REQUIRED_FOR_ROBUSTNESS","results/03_phase3/baseline/baseline_ligand_expression_by_donor.csv|config/phase3_analysis.json"
"JAM3",2,4,6,2,4,12.9592721992988,18.4728140152373,0.266733076418417,0.261955166736008,0.824915824915825,0.823784006595218,0.372491461133619,"NO","ROBUST_BASELINE_SENDER",0.824915824915825,0.802609427609428,0.0223063973063972,"NO_LARGE_CONTEXT_SHIFT","GSE182158 2/2 plus GSE199071 >=3/4 donor support; CPM>=1 and expressing fraction>=0.10","DESCRIPTIVE_ONLY_NOT_CAUSAL_NOT_REQUIRED_FOR_ROBUSTNESS","results/03_phase3/baseline/baseline_ligand_expression_by_donor.csv|config/phase3_analysis.json"
"JAML",0,0,0,0,0,0.00911908052076245,0,0.000230607325657089,0,0.239478114478115,0.199505358615004,0.00714382482919286,"NO","NOT_RELIABLY_EXPRESSED",0.239478114478115,0.260521885521886,-0.0210437710437711,"NO_LARGE_CONTEXT_SHIFT","GSE182158 2/2 plus GSE199071 >=3/4 donor support; CPM>=1 and expressing fraction>=0.10","DESCRIPTIVE_ONLY_NOT_CAUSAL_NOT_REQUIRED_FOR_ROBUSTNESS","results/03_phase3/baseline/baseline_ligand_expression_by_donor.csv|config/phase3_analysis.json"
"KCNA1",0,0,0,0,0,0.0224326770752582,0,0.000574082573517577,0,0.333754208754209,0.211871393239901,0.0204165384223106,"NO","NOT_RELIABLY_EXPRESSED",0.333754208754209,0.44486531986532,-0.111111111111111,"NO_LARGE_CONTEXT_SHIFT","GSE182158 2/2 plus GSE199071 >=3/4 donor support; CPM>=1 and expressing fraction>=0.10","DESCRIPTIVE_ONLY_NOT_CAUSAL_NOT_REQUIRED_FOR_ROBUSTNESS","results/03_phase3/baseline/baseline_ligand_expression_by_donor.csv|config/phase3_analysis.json"
"KIAA0319L",2,4,6,2,4,14.5428060631403,13.630295012107,0.299204595366967,0.187601620957648,0.832281144781145,0.803792250618302,0.148769335101104,"NO","ROBUST_BASELINE_SENDER",0.832281144781145,0.798400673400673,0.0338804713804713,"NO_LARGE_CONTEXT_SHIFT","GSE182158 2/2 plus GSE199071 >=3/4 donor support; CPM>=1 and expressing fraction>=0.10","DESCRIPTIVE_ONLY_NOT_CAUSAL_NOT_REQUIRED_FOR_ROBUSTNESS","results/03_phase3/baseline/baseline_ligand_expression_by_donor.csv|config/phase3_analysis.json"
"KIR2DL5A",0,0,0,0,0,,,,,,,,"NO","NOT_RELIABLY_EXPRESSED",,,,"NO_LARGE_CONTEXT_SHIFT","GSE182158 2/2 plus GSE199071 >=3/4 donor support; CPM>=1 and expressing fraction>=0.10","DESCRIPTIVE_ONLY_NOT_CAUSAL_NOT_REQUIRED_FOR_ROBUSTNESS","results/03_phase3/baseline/baseline_ligand_expression_by_donor.csv|config/phase3_analysis.json"
"KIR2DS3",0,0,0,0,0,,,,,,,,"NO","NOT_RELIABLY_EXPRESSED",,,,"NO_LARGE_CONTEXT_SHIFT","GSE182158 2/2 plus GSE199071 >=3/4 donor support; CPM>=1 and expressing fraction>=0.10","DESCRIPTIVE_ONLY_NOT_CAUSAL_NOT_REQUIRED_FOR_ROBUSTNESS","results/03_phase3/baseline/baseline_ligand_expression_by_donor.csv|config/phase3_analysis.json"
"KIR2DS5",0,0,0,0,0,,,,,,,,"NO","NOT_RELIABLY_EXPRESSED",,,,"NO_LARGE_CONTEXT_SHIFT","GSE182158 2/2 plus GSE199071 >=3/4 donor support; CPM>=1 and expressing fraction>=0.10","DESCRIPTIVE_ONLY_NOT_CAUSAL_NOT_REQUIRED_FOR_ROBUSTNESS","results/03_phase3/baseline/baseline_ligand_expression_by_donor.csv|config/phase3_analysis.json"
"KIRREL1",0,4,4,0,4,,19.6180155706138,,0.264699834032534,,0.82522671063479,0.134646767360272,"NO","DATASET_SPECIFIC",,,,"NO_LARGE_CONTEXT_SHIFT","GSE182158 2/2 plus GSE199071 >=3/4 donor support; CPM>=1 and expressing fraction>=0.10","DESCRIPTIVE_ONLY_NOT_CAUSAL_NOT_REQUIRED_FOR_ROBUSTNESS","results/03_phase3/baseline/baseline_ligand_expression_by_donor.csv|config/phase3_analysis.json"
"KIRREL3",0,0,0,0,4,0.0428609834766706,3.36343593590562,0.00104991166858262,0.0539402704263441,0.414983164983165,0.720115416323166,1.07919370322289,"NO","NOT_RELIABLY_EXPRESSED",0.414983164983165,0.563131313131313,-0.148148148148148,"NO_LARGE_CONTEXT_SHIFT","GSE182158 2/2 plus GSE199071 >=3/4 donor support; CPM>=1 and expressing fraction>=0.10","DESCRIPTIVE_ONLY_NOT_CAUSAL_NOT_REQUIRED_FOR_ROBUSTNESS","results/03_phase3/baseline/baseline_ligand_expression_by_donor.csv|config/phase3_analysis.json"
"KISS1",0,0,0,0,2,0.0314927327653114,0.754845582662083,0.0007571412173959,0.00697725045232254,0.312710437710438,0.638911788953009,0.935149299307491,"NO","NOT_RELIABLY_EXPRESSED",0.312710437710438,0.53956228956229,-0.226851851851852,"NO_LARGE_CONTEXT_SHIFT","GSE182158 2/2 plus GSE199071 >=3/4 donor support; CPM>=1 and expressing fraction>=0.10","DESCRIPTIVE_ONLY_NOT_CAUSAL_NOT_REQUIRED_FOR_ROBUSTNESS","results/03_phase3/baseline/baseline_ligand_expression_by_donor.csv|config/phase3_analysis.json"
"KITLG",1,4,5,2,4,6.97834636561745,14.7085750267992,0.145133111633177,0.201176834265333,0.765361952861953,0.8060593569662,1.05360853257574,"NO","MULTIDATASET_LOW_EXPRESSION",0.765361952861953,0.832912457912458,-0.0675505050505051,"NO_LARGE_CONTEXT_SHIFT","GSE182158 2/2 plus GSE199071 >=3/4 donor support; CPM>=1 and expressing fraction>=0.10","DESCRIPTIVE_ONLY_NOT_CAUSAL_NOT_REQUIRED_FOR_ROBUSTNESS","results/03_phase3/baseline/baseline_ligand_expression_by_donor.csv|config/phase3_analysis.json"
"KL",0,0,0,0,0,0.0143474693552518,0,0.000359805057966647,0,0.302188552188552,0.199505358615004,0.0106685984024617,"NO","NOT_RELIABLY_EXPRESSED",0.302188552188552,0.272727272727273,0.0294612794612795,"NO_LARGE_CONTEXT_SHIFT","GSE182158 2/2 plus GSE199071 >=3/4 donor support; CPM>=1 and expressing fraction>=0.10","DESCRIPTIVE_ONLY_NOT_CAUSAL_NOT_REQUIRED_FOR_ROBUSTNESS","results/03_phase3/baseline/baseline_ligand_expression_by_donor.csv|config/phase3_analysis.json"
"KLK3",0,0,0,0,0,0.00942290486822264,0,0.000242065654512958,0,0.220749158249158,0.199505358615004,0.0089124590175621,"NO","NOT_RELIABLY_EXPRESSED",0.220749158249158,0.174242424242424,0.046506734006734,"NO_LARGE_CONTEXT_SHIFT","GSE182158 2/2 plus GSE199071 >=3/4 donor support; CPM>=1 and expressing fraction>=0.10","DESCRIPTIVE_ONLY_NOT_CAUSAL_NOT_REQUIRED_FOR_ROBUSTNESS","results/03_phase3/baseline/baseline_ligand_expression_by_donor.csv|config/phase3_analysis.json"
"KLKB1",0,0,0,0,0,0.0107606020164388,0,0.000269853793474985,0,0.265151515151515,0.199505358615004,0.0184389415927255,"NO","NOT_RELIABLY_EXPRESSED",0.265151515151515,0.349326599326599,-0.0841750841750842,"NO_LARGE_CONTEXT_SHIFT","GSE182158 2/2 plus GSE199071 >=3/4 donor support; CPM>=1 and expressing fraction>=0.10","DESCRIPTIVE_ONLY_NOT_CAUSAL_NOT_REQUIRED_FOR_ROBUSTNESS","results/03_phase3/baseline/baseline_ligand_expression_by_donor.csv|config/phase3_analysis.json"
"KLRA1P",0,0,0,0,0,,,,,,,,"NO","NOT_RELIABLY_EXPRESSED",,,,"NO_LARGE_CONTEXT_SHIFT","GSE182158 2/2 plus GSE199071 >=3/4 donor support; CPM>=1 and expressing fraction>=0.10","DESCRIPTIVE_ONLY_NOT_CAUSAL_NOT_REQUIRED_FOR_ROBUSTNESS","results/03_phase3/baseline/baseline_ligand_expression_by_donor.csv|config/phase3_analysis.json"
"KNG1",0,0,0,0,0,0.0179343366940647,0,0.000449756322458309,0,0.331649831649832,0.211871393239901,0.0148722528031466,"NO","NOT_RELIABLY_EXPRESSED",0.331649831649832,0.307659932659933,0.023989898989899,"NO_LARGE_CONTEXT_SHIFT","GSE182158 2/2 plus GSE199071 >=3/4 donor support; CPM>=1 and expressing fraction>=0.10","DESCRIPTIVE_ONLY_NOT_CAUSAL_NOT_REQUIRED_FOR_ROBUSTNESS","results/03_phase3/baseline/baseline_ligand_expression_by_donor.csv|config/phase3_analysis.json"
"L1CAM",0,0,0,0,0,0.0192720338422809,0.0103181979539674,0.000477544461420336,0.000156103652825476,0.341119528619529,0.289777411376752,0.0512577137839714,"YES","NOT_RELIABLY_EXPRESSED",0.341119528619529,0.552609427609428,-0.211489898989899,"NO_LARGE_CONTEXT_SHIFT","GSE182158 2/2 plus GSE199071 >=3/4 donor support; CPM>=1 and expressing fraction>=0.10","DESCRIPTIVE_ONLY_NOT_CAUSAL_NOT_REQUIRED_FOR_ROBUSTNESS","results/03_phase3/baseline/baseline_ligand_expression_by_donor.csv|config/phase3_analysis.json"
"LACRT",0,0,0,0,0,0.00717373467762589,0,0.000179902528983323,0,0.216329966329966,0.199505358615004,0.00535362831784548,"NO","NOT_RELIABLY_EXPRESSED",0.216329966329966,0.131734006734007,0.0845959595959596,"NO_LARGE_CONTEXT_SHIFT","GSE182158 2/2 plus GSE199071 >=3/4 donor support; CPM>=1 and expressing fraction>=0.10","DESCRIPTIVE_ONLY_NOT_CAUSAL_NOT_REQUIRED_FOR_ROBUSTNESS","results/03_phase3/baseline/baseline_ligand_expression_by_donor.csv|config/phase3_analysis.json"
"LAIR2",0,0,0,0,0,0.00164152149567638,0,3.92464678178964e-05,0,0.099537037037037,0.199505358615004,0.00193047220564663,"NO","NOT_RELIABLY_EXPRESSED",0.099537037037037,0.047979797979798,0.0515572390572391,"NO_LARGE_CONTEXT_SHIFT","GSE182158 2/2 plus GSE199071 >=3/4 donor support; CPM>=1 and expressing fraction>=0.10","DESCRIPTIVE_ONLY_NOT_CAUSAL_NOT_REQUIRED_FOR_ROBUSTNESS","results/03_phase3/baseline/baseline_ligand_expression_by_donor.csv|config/phase3_analysis.json"
"LAMA1",0,0,0,2,3,0.851783755528096,0.876997393239269,0.020730027285071,0.0144365653782722,0.656355218855219,0.645507007419621,0.369642789968281,"NO","MULTIDATASET_LOW_EXPRESSION",0.656355218855219,0.648148148148148,0.00820707070707072,"NO_LARGE_CONTEXT_SHIFT","GSE182158 2/2 plus GSE199071 >=3/4 donor support; CPM>=1 and expressing fraction>=0.10","DESCRIPTIVE_ONLY_NOT_CAUSAL_NOT_REQUIRED_FOR_ROBUSTNESS","results/03_phase3/baseline/baseline_ligand_expression_by_donor.csv|config/phase3_analysis.json"
"LAMA2",2,0,2,2,4,20.0985180367753,2.15511803258717,0.3539919918261,0.0310113846976835,0.837542087542088,0.705482275350371,1.40443110691127,"YES","MULTIDATASET_LOW_EXPRESSION",0.837542087542088,0.732323232323232,0.105218855218855,"NO_LARGE_CONTEXT_SHIFT","GSE182158 2/2 plus GSE199071 >=3/4 donor support; CPM>=1 and expressing fraction>=0.10","DESCRIPTIVE_ONLY_NOT_CAUSAL_NOT_REQUIRED_FOR_ROBUSTNESS","results/03_phase3/baseline/baseline_ligand_expression_by_donor.csv|config/phase3_analysis.json"
"LAMA3",0,0,0,1,2,0.33662560617812,0.588087850528183,0.00817527287060948,0.0100656630991589,0.590488215488215,0.624072547403133,0.311248088379943,"NO","MULTIDATASET_LOW_EXPRESSION",0.590488215488215,0.643939393939394,-0.0534511784511785,"NO_LARGE_CONTEXT_SHIFT","GSE182158 2/2 plus GSE199071 >=3/4 donor support; CPM>=1 and expressing fraction>=0.10","DESCRIPTIVE_ONLY_NOT_CAUSAL_NOT_REQUIRED_FOR_ROBUSTNESS","results/03_phase3/baseline/baseline_ligand_expression_by_donor.csv|config/phase3_analysis.json"
"LAMA4",2,1,3,2,4,14.9424966306814,3.92207147686452,0.265469444429851,0.0509130252194824,0.832070707070707,0.732481450948063,1.16995721325112,"NO","MULTIDATASET_LOW_EXPRESSION",0.832070707070707,0.947390572390572,-0.115319865319865,"NO_LARGE_CONTEXT_SHIFT","GSE182158 2/2 plus GSE199071 >=3/4 donor support; CPM>=1 and expressing fraction>=0.10","DESCRIPTIVE_ONLY_NOT_CAUSAL_NOT_REQUIRED_FOR_ROBUSTNESS","results/03_phase3/baseline/baseline_ligand_expression_by_donor.csv|config/phase3_analysis.json"
"LAMA5",0,0,0,2,4,1.88601684649607,3.65919132202071,0.04448203259212,0.0543961236459589,0.702441077441077,0.725267930750206,0.375535511127992,"NO","MULTIDATASET_LOW_EXPRESSION",0.702441077441077,0.694023569023569,0.00841750841750844,"NO_LARGE_CONTEXT_SHIFT","GSE182158 2/2 plus GSE199071 >=3/4 donor support; CPM>=1 and expressing fraction>=0.10","DESCRIPTIVE_ONLY_NOT_CAUSAL_NOT_REQUIRED_FOR_ROBUSTNESS","results/03_phase3/baseline/baseline_ligand_expression_by_donor.csv|config/phase3_analysis.json"
"LAMB1",2,4,6,2,4,89.2705394587512,30.9657150406163,0.823950219670373,0.39046802036381,0.922979797979798,0.863973619126134,0.773073931265605,"NO","ROBUST_BASELINE_SENDER",0.922979797979798,0.882575757575758,0.0404040404040404,"NO_LARGE_CONTEXT_SHIFT","GSE182158 2/2 plus GSE199071 >=3/4 donor support; CPM>=1 and expressing fraction>=0.10","DESCRIPTIVE_ONLY_NOT_CAUSAL_NOT_REQUIRED_FOR_ROBUSTNESS","results/03_phase3/baseline/baseline_ligand_expression_by_donor.csv|config/phase3_analysis.json"
"LAMB2",2,4,6,2,4,16.0020602450095,21.4171942050364,0.319599656576492,0.28273500711534,0.838383838383838,0.834707337180544,0.275601155479437,"NO","ROBUST_BASELINE_SENDER",0.838383838383838,0.86489898989899,-0.0265151515151515,"NO_LARGE_CONTEXT_SHIFT","GSE182158 2/2 plus GSE199071 >=3/4 donor support; CPM>=1 and expressing fraction>=0.10","DESCRIPTIVE_ONLY_NOT_CAUSAL_NOT_REQUIRED_FOR_ROBUSTNESS","results/03_phase3/baseline/baseline_ligand_expression_by_donor.csv|config/phase3_analysis.json"
"LAMB3",0,0,0,2,4,0.949785446235177,1.38756718597584,0.0235348462944186,0.0201702487407827,0.662878787878788,0.670651277823578,0.452859225649147,"NO","MULTIDATASET_LOW_EXPRESSION",0.662878787878788,0.677188552188552,-0.0143097643097644,"NO_LARGE_CONTEXT_SHIFT","GSE182158 2/2 plus GSE199071 >=3/4 donor support; CPM>=1 and expressing fraction>=0.10","DESCRIPTIVE_ONLY_NOT_CAUSAL_NOT_REQUIRED_FOR_ROBUSTNESS","results/03_phase3/baseline/baseline_ligand_expression_by_donor.csv|config/phase3_analysis.json"
"LAMC1",2,4,6,2,4,71.8018928171778,81.4916505656854,0.756180898794659,0.611153125554278,0.914983164983165,0.916735366859027,0.418571183842335,"NO","ROBUST_BASELINE_SENDER",0.914983164983165,0.928872053872054,-0.0138888888888888,"NO_LARGE_CONTEXT_SHIFT","GSE182158 2/2 plus GSE199071 >=3/4 donor support; CPM>=1 and expressing fraction>=0.10","DESCRIPTIVE_ONLY_NOT_CAUSAL_NOT_REQUIRED_FOR_ROBUSTNESS","results/03_phase3/baseline/baseline_ligand_expression_by_donor.csv|config/phase3_analysis.json"
"LAMC2",0,0,0,2,4,0.798769818729908,1.46270895111579,0.0195804213894961,0.0228715615942112,0.651515151515152,0.675185490519374,0.275259059961388,"NO","MULTIDATASET_LOW_EXPRESSION",0.651515151515152,0.640151515151515,0.0113636363636365,"NO_LARGE_CONTEXT_SHIFT","GSE182158 2/2 plus GSE199071 >=3/4 donor support; CPM>=1 and expressing fraction>=0.10","DESCRIPTIVE_ONLY_NOT_CAUSAL_NOT_REQUIRED_FOR_ROBUSTNESS","results/03_phase3/baseline/baseline_ligand_expression_by_donor.csv|config/phase3_analysis.json"
"LAMC3",0,0,0,0,0,0.187909473500242,0.0192573406575419,0.00476453552097865,0.000352609308885755,0.496422558922559,0.323371805441055,0.16454146111448,"YES","NOT_RELIABLY_EXPRESSED",0.496422558922559,0.403619528619529,0.0928030303030303,"NO_LARGE_CONTEXT_SHIFT","GSE182158 2/2 plus GSE199071 >=3/4 donor support; CPM>=1 and expressing fraction>=0.10","DESCRIPTIVE_ONLY_NOT_CAUSAL_NOT_REQUIRED_FOR_ROBUSTNESS","results/03_phase3/baseline/baseline_ligand_expression_by_donor.csv|config/phase3_analysis.json"
"LAYN",2,4,6,2,4,60.7823400813715,63.1519636538281,0.70093276926038,0.564793084610393,0.910353535353535,0.911788953009068,0.33833664206634,"NO","ROBUST_BASELINE_SENDER",0.910353535353535,0.888468013468014,0.0218855218855218,"NO_LARGE_CONTEXT_SHIFT","GSE182158 2/2 plus GSE199071 >=3/4 donor support; CPM>=1 and expressing fraction>=0.10","DESCRIPTIVE_ONLY_NOT_CAUSAL_NOT_REQUIRED_FOR_ROBUSTNESS","results/03_phase3/baseline/baseline_ligand_expression_by_donor.csv|config/phase3_analysis.json"
"LCN1",0,0,0,0,0,0.00656608598270553,0.0525990005147302,0.000156985871271586,0.000884191589146663,0.180976430976431,0.473413025556472,0.139815657492286,"NO","NOT_RELIABLY_EXPRESSED",0.180976430976431,0.28956228956229,-0.108585858585859,"NO_LARGE_CONTEXT_SHIFT","GSE182158 2/2 plus GSE199071 >=3/4 donor support; CPM>=1 and expressing fraction>=0.10","DESCRIPTIVE_ONLY_NOT_CAUSAL_NOT_REQUIRED_FOR_ROBUSTNESS","results/03_phase3/baseline/baseline_ligand_expression_by_donor.csv|config/phase3_analysis.json"
"LCN2",0,0,0,0,0,0.127363302943214,0.0166708299285942,0.00316633943366961,0.000252270433905146,0.533038720538721,0.329760923330585,0.0840827345136746,"YES","NOT_RELIABLY_EXPRESSED",0.533038720538721,0.134259259259259,0.398779461279461,"UC_HIGHER_CONTEXT","GSE182158 2/2 plus GSE199071 >=3/4 donor support; CPM>=1 and expressing fraction>=0.10","DESCRIPTIVE_ONLY_NOT_CAUSAL_NOT_REQUIRED_FOR_ROBUSTNESS","results/03_phase3/baseline/baseline_ligand_expression_by_donor.csv|config/phase3_analysis.json"
"LEAP2",0,0,0,2,4,2.27504004058354,1.41553812044923,0.0555314236808435,0.0240589272917308,0.713383838383838,0.675391591096455,0.302045285656403,"NO","MULTIDATASET_LOW_EXPRESSION",0.713383838383838,0.688973063973064,0.0244107744107744,"NO_LARGE_CONTEXT_SHIFT","GSE182158 2/2 plus GSE199071 >=3/4 donor support; CPM>=1 and expressing fraction>=0.10","DESCRIPTIVE_ONLY_NOT_CAUSAL_NOT_REQUIRED_FOR_ROBUSTNESS","results/03_phase3/baseline/baseline_ligand_expression_by_donor.csv|config/phase3_analysis.json"
"LEFTY1",0,0,0,0,0,0.0523429131756025,0.0205161552823478,0.00133952600487435,0.000352609308885755,0.437710437710438,0.332028029678483,0.0502061714694288,"YES","NOT_RELIABLY_EXPRESSED",0.437710437710438,0.386784511784512,0.0509259259259259,"NO_LARGE_CONTEXT_SHIFT","GSE182158 2/2 plus GSE199071 >=3/4 donor support; CPM>=1 and expressing fraction>=0.10","DESCRIPTIVE_ONLY_NOT_CAUSAL_NOT_REQUIRED_FOR_ROBUSTNESS","results/03_phase3/baseline/baseline_ligand_expression_by_donor.csv|config/phase3_analysis.json"
"LEFTY2",0,0,0,0,0,0.0153813421560078,0,0.000376134868072805,0,0.301346801346801,0.199505358615004,0.0132472634414629,"NO","NOT_RELIABLY_EXPRESSED",0.301346801346801,0.288299663299663,0.0130471380471381,"NO_LARGE_CONTEXT_SHIFT","GSE182158 2/2 plus GSE199071 >=3/4 donor support; CPM>=1 and expressing fraction>=0.10","DESCRIPTIVE_ONLY_NOT_CAUSAL_NOT_REQUIRED_FOR_ROBUSTNESS","results/03_phase3/baseline/baseline_ligand_expression_by_donor.csv|config/phase3_analysis.json"
"LEP",0,0,0,0,0,0.00522838883448933,0,0.000129197732309558,0,0.181818181818182,0.199505358615004,0.00406972167935043,"NO","NOT_RELIABLY_EXPRESSED",0.181818181818182,0.222222222222222,-0.0404040404040404,"NO_LARGE_CONTEXT_SHIFT","GSE182158 2/2 plus GSE199071 >=3/4 donor support; CPM>=1 and expressing fraction>=0.10","DESCRIPTIVE_ONLY_NOT_CAUSAL_NOT_REQUIRED_FOR_ROBUSTNESS","results/03_phase3/baseline/baseline_ligand_expression_by_donor.csv|config/phase3_analysis.json"
"LFNG",0,0,0,0,3,0.0705220493864182,1.46061496569107,0.00171394550659186,0.0230371782096034,0.483375420875421,0.671475680131904,0.781449846832073,"NO","NOT_RELIABLY_EXPRESSED",0.483375420875421,0.66456228956229,-0.181186868686869,"NO_LARGE_CONTEXT_SHIFT","GSE182158 2/2 plus GSE199071 >=3/4 donor support; CPM>=1 and expressing fraction>=0.10","DESCRIPTIVE_ONLY_NOT_CAUSAL_NOT_REQUIRED_FOR_ROBUSTNESS","results/03_phase3/baseline/baseline_ligand_expression_by_donor.csv|config/phase3_analysis.json"
"LGALS1",2,4,6,2,4,7948.44391788508,8685.81335951652,1,0.979141621595115,0.999158249158249,0.999587798845837,0.367350477275552,"NO","ROBUST_BASELINE_SENDER",0.999158249158249,0.999579124579125,-0.000420875420875433,"NO_LARGE_CONTEXT_SHIFT","GSE182158 2/2 plus GSE199071 >=3/4 donor support; CPM>=1 and expressing fraction>=0.10","DESCRIPTIVE_ONLY_NOT_CAUSAL_NOT_REQUIRED_FOR_ROBUSTNESS","results/03_phase3/baseline/baseline_ligand_expression_by_donor.csv|config/phase3_analysis.json"
"LGALS3",2,4,6,2,4,189.805236695908,211.126570863028,0.951372798540211,0.844347115733138,0.949074074074074,0.95795548227535,0.357789899243062,"NO","ROBUST_BASELINE_SENDER",0.949074074074074,0.970117845117845,-0.0210437710437711,"NO_LARGE_CONTEXT_SHIFT","GSE182158 2/2 plus GSE199071 >=3/4 donor support; CPM>=1 and expressing fraction>=0.10","DESCRIPTIVE_ONLY_NOT_CAUSAL_NOT_REQUIRED_FOR_ROBUSTNESS","results/03_phase3/baseline/baseline_ligand_expression_by_donor.csv|config/phase3_analysis.json"
"LGALS3BP",2,4,6,2,4,187.332388921572,47.6594688955573,0.96169723043555,0.510781803509441,0.954545454545455,0.89282769991756,1.00891812308928,"NO","ROBUST_BASELINE_SENDER",0.954545454545455,0.928872053872054,0.0256734006734007,"NO_LARGE_CONTEXT_SHIFT","GSE182158 2/2 plus GSE199071 >=3/4 donor support; CPM>=1 and expressing fraction>=0.10","DESCRIPTIVE_ONLY_NOT_CAUSAL_NOT_REQUIRED_FOR_ROBUSTNESS","results/03_phase3/baseline/baseline_ligand_expression_by_donor.csv|config/phase3_analysis.json"
"LGALS9",0,0,0,1,0,0.588051768685367,0.0602896512222376,0.014870570633533,0.00100406533263828,0.624158249158249,0.463314097279472,0.352849947621645,"NO","NOT_RELIABLY_EXPRESSED",0.624158249158249,0.704124579124579,-0.07996632996633,"NO_LARGE_CONTEXT_SHIFT","GSE182158 2/2 plus GSE199071 >=3/4 donor support; CPM>=1 and expressing fraction>=0.10","DESCRIPTIVE_ONLY_NOT_CAUSAL_NOT_REQUIRED_FOR_ROBUSTNESS","results/03_phase3/baseline/baseline_ligand_expression_by_donor.csv|config/phase3_analysis.json"
"LGI1",0,0,0,0,0,0.0598838471283548,0.0166708299285942,0.00146529300447333,0.000252270433905146,0.452651515151515,0.318425391591096,0.0450714539578705,"YES","NOT_RELIABLY_EXPRESSED",0.452651515151515,0.403619528619529,0.0490319865319865,"NO_LARGE_CONTEXT_SHIFT","GSE182158 2/2 plus GSE199071 >=3/4 donor support; CPM>=1 and expressing fraction>=0.10","DESCRIPTIVE_ONLY_NOT_CAUSAL_NOT_REQUIRED_FOR_ROBUSTNESS","results/03_phase3/baseline/baseline_ligand_expression_by_donor.csv|config/phase3_analysis.json"
"LGI2",0,0,0,0,0,0.0188458097364453,0,0.000484131309025916,0,0.301136363636364,0.199505358615004,0.0176896773523604,"NO","NOT_RELIABLY_EXPRESSED",0.301136363636364,0.536616161616162,-0.235479797979798,"NO_LARGE_CONTEXT_SHIFT","GSE182158 2/2 plus GSE199071 >=3/4 donor support; CPM>=1 and expressing fraction>=0.10","DESCRIPTIVE_ONLY_NOT_CAUSAL_NOT_REQUIRED_FOR_ROBUSTNESS","results/03_phase3/baseline/baseline_ligand_expression_by_donor.csv|config/phase3_analysis.json"
"LGI3",0,0,0,0,0,0.0107606020164388,0,0.000269853793474985,0,0.265151515151515,0.199505358615004,0.00801591035801151,"NO","NOT_RELIABLY_EXPRESSED",0.265151515151515,0.307239057239057,-0.0420875420875421,"NO_LARGE_CONTEXT_SHIFT","GSE182158 2/2 plus GSE199071 >=3/4 donor support; CPM>=1 and expressing fraction>=0.10","DESCRIPTIVE_ONLY_NOT_CAUSAL_NOT_REQUIRED_FOR_ROBUSTNESS","results/03_phase3/baseline/baseline_ligand_expression_by_donor.csv|config/phase3_analysis.json"
"LGI4",0,0,0,1,0,0.356673663013535,0.0103181979539674,0.00893179719291241,0.000156103652825476,0.586279461279461,0.294723825226711,0.244619338477443,"NO","NOT_RELIABLY_EXPRESSED",0.586279461279461,0.646043771043771,-0.0597643097643098,"NO_LARGE_CONTEXT_SHIFT","GSE182158 2/2 plus GSE199071 >=3/4 donor support; CPM>=1 and expressing fraction>=0.10","DESCRIPTIVE_ONLY_NOT_CAUSAL_NOT_REQUIRED_FOR_ROBUSTNESS","results/03_phase3/baseline/baseline_ligand_expression_by_donor.csv|config/phase3_analysis.json"
"LHB",0,0,0,0,0,0.045536377773103,0.0797874731309533,0.00110548794650668,0.00138371605397465,0.398358585858586,0.489076669414674,0.0518305139451582,"NO","NOT_RELIABLY_EXPRESSED",0.398358585858586,0.445286195286195,-0.0469276094276094,"NO_LARGE_CONTEXT_SHIFT","GSE182158 2/2 plus GSE199071 >=3/4 donor support; CPM>=1 and expressing fraction>=0.10","DESCRIPTIVE_ONLY_NOT_CAUSAL_NOT_REQUIRED_FOR_ROBUSTNESS","results/03_phase3/baseline/baseline_ligand_expression_by_donor.csv|config/phase3_analysis.json"
"LIF",0,4,4,1,4,0.660908113674833,23.7838588663638,0.0153464673880598,0.229057278543203,0.631313131313131,0.83924154987634,2.051453684259,"NO","MULTIDATASET_LOW_EXPRESSION",0.631313131313131,0.675505050505051,-0.0441919191919192,"NO_LARGE_CONTEXT_SHIFT","GSE182158 2/2 plus GSE199071 >=3/4 donor support; CPM>=1 and expressing fraction>=0.10","DESCRIPTIVE_ONLY_NOT_CAUSAL_NOT_REQUIRED_FOR_ROBUSTNESS","results/03_phase3/baseline/baseline_ligand_expression_by_donor.csv|config/phase3_analysis.json"
"LILRA6",0,0,0,0,0,0.00194534584313656,0,5.07047966737653e-05,0,0.100589225589226,0.199505358615004,0.00228708467680247,"NO","NOT_RELIABLY_EXPRESSED",0.100589225589226,0.131734006734007,-0.0311447811447811,"NO_LARGE_CONTEXT_SHIFT","GSE182158 2/2 plus GSE199071 >=3/4 donor support; CPM>=1 and expressing fraction>=0.10","DESCRIPTIVE_ONLY_NOT_CAUSAL_NOT_REQUIRED_FOR_ROBUSTNESS","results/03_phase3/baseline/baseline_ligand_expression_by_donor.csv|config/phase3_analysis.json"
"LILRB2",0,0,0,0,0,0.0107606020164388,0,0.000269853793474985,0,0.265151515151515,0.199505358615004,0.00801591035801151,"NO","NOT_RELIABLY_EXPRESSED",0.265151515151515,0.187710437710438,0.0774410774410774,"NO_LARGE_CONTEXT_SHIFT","GSE182158 2/2 plus GSE199071 >=3/4 donor support; CPM>=1 and expressing fraction>=0.10","DESCRIPTIVE_ONLY_NOT_CAUSAL_NOT_REQUIRED_FOR_ROBUSTNESS","results/03_phase3/baseline/baseline_ligand_expression_by_donor.csv|config/phase3_analysis.json"
"LILRB4",0,0,0,0,0,0.0630444903613321,0,0.00156183111657057,0,0.470749158249158,0.211871393239901,0.0445302858553963,"NO","NOT_RELIABLY_EXPRESSED",0.470749158249158,0.463804713804714,0.00694444444444442,"NO_LARGE_CONTEXT_SHIFT","GSE182158 2/2 plus GSE199071 >=3/4 donor support; CPM>=1 and expressing fraction>=0.10","DESCRIPTIVE_ONLY_NOT_CAUSAL_NOT_REQUIRED_FOR_ROBUSTNESS","results/03_phase3/baseline/baseline_ligand_expression_by_donor.csv|config/phase3_analysis.json"
"LIN7A",2,4,6,2,4,8.68777729426791,35.1934180912422,0.182022455140583,0.375602338449313,0.796717171717172,0.870568837592745,1.10782255296035,"YES","ROBUST_BASELINE_SENDER",0.796717171717172,0.717592592592593,0.0791245791245792,"NO_LARGE_CONTEXT_SHIFT","GSE182158 2/2 plus GSE199071 >=3/4 donor support; CPM>=1 and expressing fraction>=0.10","DESCRIPTIVE_ONLY_NOT_CAUSAL_NOT_REQUIRED_FOR_ROBUSTNESS","results/03_phase3/baseline/baseline_ligand_expression_by_donor.csv|config/phase3_analysis.json"
"LIN7B",2,4,6,2,4,7.142550119305,10.1917103563248,0.160160250241306,0.153847083848641,0.783670033670034,0.783594394064303,0.327832082913847,"NO","ROBUST_BASELINE_SENDER",0.783670033670034,0.781565656565657,0.00210437710437716,"NO_LARGE_CONTEXT_SHIFT","GSE182158 2/2 plus GSE199071 >=3/4 donor support; CPM>=1 and expressing fraction>=0.10","DESCRIPTIVE_ONLY_NOT_CAUSAL_NOT_REQUIRED_FOR_ROBUSTNESS","results/03_phase3/baseline/baseline_ligand_expression_by_donor.csv|config/phase3_analysis.json"
"LIN7C",2,4,6,2,4,8.54486427487047,32.8221775625854,0.189803273348842,0.402909685049792,0.796717171717172,0.867477328936521,0.955048004309834,"NO","ROBUST_BASELINE_SENDER",0.796717171717172,0.792929292929293,0.00378787878787878,"NO_LARGE_CONTEXT_SHIFT","GSE182158 2/2 plus GSE199071 >=3/4 donor support; CPM>=1 and expressing fraction>=0.10","DESCRIPTIVE_ONLY_NOT_CAUSAL_NOT_REQUIRED_FOR_ROBUSTNESS","results/03_phase3/baseline/baseline_ligand_expression_by_donor.csv|config/phase3_analysis.json"
"LINGO4",0,0,0,0,0,0.00553221318194951,0,0.000140656061165427,0,0.180976430976431,0.199505358615004,0.00458733061698916,"NO","NOT_RELIABLY_EXPRESSED",0.180976430976431,0.178030303030303,0.00294612794612792,"NO_LARGE_CONTEXT_SHIFT","GSE182158 2/2 plus GSE199071 >=3/4 donor support; CPM>=1 and expressing fraction>=0.10","DESCRIPTIVE_ONLY_NOT_CAUSAL_NOT_REQUIRED_FOR_ROBUSTNESS","results/03_phase3/baseline/baseline_ligand_expression_by_donor.csv|config/phase3_analysis.json"
"LIPC",0,0,0,2,0,0.737869499188625,0.0476254237904963,0.0180567382694811,0.000720581392381575,0.642255892255892,0.463932399010717,0.386944073359742,"NO","NOT_RELIABLY_EXPRESSED",0.642255892255892,0.602272727272727,0.039983164983165,"NO_LARGE_CONTEXT_SHIFT","GSE182158 2/2 plus GSE199071 >=3/4 donor support; CPM>=1 and expressing fraction>=0.10","DESCRIPTIVE_ONLY_NOT_CAUSAL_NOT_REQUIRED_FOR_ROBUSTNESS","results/03_phase3/baseline/baseline_ligand_expression_by_donor.csv|config/phase3_analysis.json"
"LIPH",0,0,0,2,0,0.538211525411026,0.0103181979539674,0.0132686691956978,0.000156103652825476,0.627525252525253,0.294723825226711,0.312571819631192,"NO","NOT_RELIABLY_EXPRESSED",0.627525252525253,0.597222222222222,0.0303030303030304,"NO_LARGE_CONTEXT_SHIFT","GSE182158 2/2 plus GSE199071 >=3/4 donor support; CPM>=1 and expressing fraction>=0.10","DESCRIPTIVE_ONLY_NOT_CAUSAL_NOT_REQUIRED_FOR_ROBUSTNESS","results/03_phase3/baseline/baseline_ligand_expression_by_donor.csv|config/phase3_analysis.json"
"LOC101059948",0,0,0,0,0,,,,,,,,"NO","NOT_RELIABLY_EXPRESSED",,,,"NO_LARGE_CONTEXT_SHIFT","GSE182158 2/2 plus GSE199071 >=3/4 donor support; CPM>=1 and expressing fraction>=0.10","DESCRIPTIVE_ONLY_NOT_CAUSAL_NOT_REQUIRED_FOR_ROBUSTNESS","results/03_phase3/baseline/baseline_ligand_expression_by_donor.csv|config/phase3_analysis.json"
"LPA",0,0,0,0,0,0.00164152149567638,0,3.92464678178964e-05,0,0.099537037037037,0.211871393239901,0.011797190906278,"NO","NOT_RELIABLY_EXPRESSED",0.099537037037037,0.181818181818182,-0.0822811447811448,"NO_LARGE_CONTEXT_SHIFT","GSE182158 2/2 plus GSE199071 >=3/4 donor support; CPM>=1 and expressing fraction>=0.10","DESCRIPTIVE_ONLY_NOT_CAUSAL_NOT_REQUIRED_FOR_ROBUSTNESS","results/03_phase3/baseline/baseline_ligand_expression_by_donor.csv|config/phase3_analysis.json"
"LPL",0,0,0,0,0,0.0124021235121152,0,0.000309100261292882,0,0.285563973063973,0.199505358615004,0.00920616067215987,"NO","NOT_RELIABLY_EXPRESSED",0.285563973063973,0.513047138047138,-0.227483164983165,"NO_LARGE_CONTEXT_SHIFT","GSE182158 2/2 plus GSE199071 >=3/4 donor support; CPM>=1 and expressing fraction>=0.10","DESCRIPTIVE_ONLY_NOT_CAUSAL_NOT_REQUIRED_FOR_ROBUSTNESS","results/03_phase3/baseline/baseline_ligand_expression_by_donor.csv|config/phase3_analysis.json"
"LRCH4",2,4,6,2,4,8.10825683136648,8.89101644703191,0.179963251360313,0.120582195740434,0.79503367003367,0.780502885408079,0.232548658172815,"NO","ROBUST_BASELINE_SENDER",0.79503367003367,0.762205387205387,0.0328282828282828,"NO_LARGE_CONTEXT_SHIFT","GSE182158 2/2 plus GSE199071 >=3/4 donor support; CPM>=1 and expressing fraction>=0.10","DESCRIPTIVE_ONLY_NOT_CAUSAL_NOT_REQUIRED_FOR_ROBUSTNESS","results/03_phase3/baseline/baseline_ligand_expression_by_donor.csv|config/phase3_analysis.json"
"LRFN1",0,0,0,0,0,0.261474116458219,0.159547101300083,0.00651916824392812,0.00241401461104987,0.57449494949495,0.548845836768343,0.140470855658058,"NO","NOT_RELIABLY_EXPRESSED",0.57449494949495,0.531986531986532,0.0425084175084175,"NO_LARGE_CONTEXT_SHIFT","GSE182158 2/2 plus GSE199071 >=3/4 donor support; CPM>=1 and expressing fraction>=0.10","DESCRIPTIVE_ONLY_NOT_CAUSAL_NOT_REQUIRED_FOR_ROBUSTNESS","results/03_phase3/baseline/baseline_ligand_expression_by_donor.csv|config/phase3_analysis.json"
"LRFN3",0,0,0,2,4,2.96913273315616,4.06477331807214,0.0717240920378823,0.0607488942789193,0.726010101010101,0.734542456718879,0.205790517708536,"NO","MULTIDATASET_LOW_EXPRESSION",0.726010101010101,0.696548821548822,0.0294612794612794,"NO_LARGE_CONTEXT_SHIFT","GSE182158 2/2 plus GSE199071 >=3/4 donor support; CPM>=1 and expressing fraction>=0.10","DESCRIPTIVE_ONLY_NOT_CAUSAL_NOT_REQUIRED_FOR_ROBUSTNESS","results/03_phase3/baseline/baseline_ligand_expression_by_donor.csv|config/phase3_analysis.json"
"LRFN4",2,4,6,2,4,6.28445625107513,15.3984905346589,0.139967530622274,0.207336475368869,0.773148148148148,0.809150865622424,0.670547387944938,"NO","ROBUST_BASELINE_SENDER",0.773148148148148,0.728535353535354,0.0446127946127947,"NO_LARGE_CONTEXT_SHIFT","GSE182158 2/2 plus GSE199071 >=3/4 donor support; CPM>=1 and expressing fraction>=0.10","DESCRIPTIVE_ONLY_NOT_CAUSAL_NOT_REQUIRED_FOR_ROBUSTNESS","results/03_phase3/baseline/baseline_ligand_expression_by_donor.csv|config/phase3_analysis.json"
"LRFN5",0,0,0,2,3,0.742835688118535,0.711687572875231,0.0182574998125435,0.0114439689219904,0.644570707070707,0.629843363561418,0.20423691089491,"NO","MULTIDATASET_LOW_EXPRESSION",0.644570707070707,0.651515151515152,-0.00694444444444442,"NO_LARGE_CONTEXT_SHIFT","GSE182158 2/2 plus GSE199071 >=3/4 donor support; CPM>=1 and expressing fraction>=0.10","DESCRIPTIVE_ONLY_NOT_CAUSAL_NOT_REQUIRED_FOR_ROBUSTNESS","results/03_phase3/baseline/baseline_ligand_expression_by_donor.csv|config/phase3_analysis.json"
"LRIG1",0,3,3,2,4,1.33736159370693,8.4187664071447,0.032445784473252,0.112945639698907,0.683501683501684,0.775762572135202,1.12083251656738,"NO","MULTIDATASET_LOW_EXPRESSION",0.683501683501684,0.692340067340067,-0.00883838383838387,"NO_LARGE_CONTEXT_SHIFT","GSE182158 2/2 plus GSE199071 >=3/4 donor support; CPM>=1 and expressing fraction>=0.10","DESCRIPTIVE_ONLY_NOT_CAUSAL_NOT_REQUIRED_FOR_ROBUSTNESS","results/03_phase3/baseline/baseline_ligand_expression_by_donor.csv|config/phase3_analysis.json"
"LRIG2",1,0,1,2,4,5.11516359920385,4.39835722281281,0.118768877984837,0.0692759972440065,0.759259259259259,0.738046166529266,0.170063581358166,"NO","MULTIDATASET_LOW_EXPRESSION",0.759259259259259,0.726010101010101,0.0332491582491583,"NO_LARGE_CONTEXT_SHIFT","GSE182158 2/2 plus GSE199071 >=3/4 donor support; CPM>=1 and expressing fraction>=0.10","DESCRIPTIVE_ONLY_NOT_CAUSAL_NOT_REQUIRED_FOR_ROBUSTNESS","results/03_phase3/baseline/baseline_ligand_expression_by_donor.csv|config/phase3_analysis.json"
"LRIT1",0,0,0,0,0,0.00656608598270553,0,0.000156985871271586,0,0.180976430976431,0.211871393239901,0.0220469113701511,"NO","NOT_RELIABLY_EXPRESSED",0.180976430976431,0.138047138047138,0.0429292929292929,"NO_LARGE_CONTEXT_SHIFT","GSE182158 2/2 plus GSE199071 >=3/4 donor support; CPM>=1 and expressing fraction>=0.10","DESCRIPTIVE_ONLY_NOT_CAUSAL_NOT_REQUIRED_FOR_ROBUSTNESS","results/03_phase3/baseline/baseline_ligand_expression_by_donor.csv|config/phase3_analysis.json"
"LRIT2",0,0,0,0,0,0.00328304299135276,0,7.84929356357928e-05,0,0.134890572390572,0.199505358615004,0.00385463763488309,"NO","NOT_RELIABLY_EXPRESSED",0.134890572390572,0.117845117845118,0.0170454545454545,"NO_LARGE_CONTEXT_SHIFT","GSE182158 2/2 plus GSE199071 >=3/4 donor support; CPM>=1 and expressing fraction>=0.10","DESCRIPTIVE_ONLY_NOT_CAUSAL_NOT_REQUIRED_FOR_ROBUSTNESS","results/03_phase3/baseline/baseline_ligand_expression_by_donor.csv|config/phase3_analysis.json"
"LRP1B",0,0,0,0,0,0.0482707969002447,0.123577894196435,0.00110720331286197,0.00195404784037532,0.447811447811448,0.526174773289365,0.0808329087648822,"NO","NOT_RELIABLY_EXPRESSED",0.447811447811448,0.525673400673401,-0.0778619528619529,"NO_LARGE_CONTEXT_SHIFT","GSE182158 2/2 plus GSE199071 >=3/4 donor support; CPM>=1 and expressing fraction>=0.10","DESCRIPTIVE_ONLY_NOT_CAUSAL_NOT_REQUIRED_FOR_ROBUSTNESS","results/03_phase3/baseline/baseline_ligand_expression_by_donor.csv|config/phase3_analysis.json"
"LRPAP1",2,4,6,2,4,124.91840863064,111.493494508712,0.92707758725404,0.768947680037118,0.938131313131313,0.934460016488046,0.143845971484105,"NO","ROBUST_BASELINE_SENDER",0.938131313131313,0.933080808080808,0.00505050505050508,"NO_LARGE_CONTEXT_SHIFT","GSE182158 2/2 plus GSE199071 >=3/4 donor support; CPM>=1 and expressing fraction>=0.10","DESCRIPTIVE_ONLY_NOT_CAUSAL_NOT_REQUIRED_FOR_ROBUSTNESS","results/03_phase3/baseline/baseline_ligand_expression_by_donor.csv|config/phase3_analysis.json"
"LRRC4",0,0,0,0,1,0.0563560046202511,0.559608387547934,0.00142289042176043,0.00815495878769053,0.46043771043771,0.627988458367684,0.309318287856101,"NO","NOT_RELIABLY_EXPRESSED",0.46043771043771,0.437289562289562,0.0231481481481481,"NO_LARGE_CONTEXT_SHIFT","GSE182158 2/2 plus GSE199071 >=3/4 donor support; CPM>=1 and expressing fraction>=0.10","DESCRIPTIVE_ONLY_NOT_CAUSAL_NOT_REQUIRED_FOR_ROBUSTNESS","results/03_phase3/baseline/baseline_ligand_expression_by_donor.csv|config/phase3_analysis.json"
"LRRC4B",0,0,0,0,0,0.0544106587771145,0,0.00137218562508666,0,0.457070707070707,0.204451772464963,0.051546476405664,"NO","NOT_RELIABLY_EXPRESSED",0.457070707070707,0.392676767676768,0.0643939393939394,"NO_LARGE_CONTEXT_SHIFT","GSE182158 2/2 plus GSE199071 >=3/4 donor support; CPM>=1 and expressing fraction>=0.10","DESCRIPTIVE_ONLY_NOT_CAUSAL_NOT_REQUIRED_FOR_ROBUSTNESS","results/03_phase3/baseline/baseline_ligand_expression_by_donor.csv|config/phase3_analysis.json"
"LRRC4C",0,0,0,0,0,0.305921946696813,0.037186985210942,0.00744763515853089,0.000564477739556099,0.588173400673401,0.439200329760923,0.187726292480179,"NO","NOT_RELIABLY_EXPRESSED",0.588173400673401,0.609427609427609,-0.0212542087542087,"NO_LARGE_CONTEXT_SHIFT","GSE182158 2/2 plus GSE199071 >=3/4 donor support; CPM>=1 and expressing fraction>=0.10","DESCRIPTIVE_ONLY_NOT_CAUSAL_NOT_REQUIRED_FOR_ROBUSTNESS","results/03_phase3/baseline/baseline_ligand_expression_by_donor.csv|config/phase3_analysis.json"
"LRRC52",0,0,0,1,0,0.268112277562504,0,0.00648568477026906,0,0.551557239057239,0.199505358615004,0.220891092559346,"NO","NOT_RELIABLY_EXPRESSED",0.551557239057239,0.603956228956229,-0.0523989898989898,"NO_LARGE_CONTEXT_SHIFT","GSE182158 2/2 plus GSE199071 >=3/4 donor support; CPM>=1 and expressing fraction>=0.10","DESCRIPTIVE_ONLY_NOT_CAUSAL_NOT_REQUIRED_FOR_ROBUSTNESS","results/03_phase3/baseline/baseline_ligand_expression_by_donor.csv|config/phase3_analysis.json"
"LRRN1",0,0,0,0,0,0.0165966395458485,0,0.000421968183496281,0,0.308291245791246,0.199505358615004,0.0136623423528769,"NO","NOT_RELIABLY_EXPRESSED",0.308291245791246,0.38973063973064,-0.0814393939393939,"NO_LARGE_CONTEXT_SHIFT","GSE182158 2/2 plus GSE199071 >=3/4 donor support; CPM>=1 and expressing fraction>=0.10","DESCRIPTIVE_ONLY_NOT_CAUSAL_NOT_REQUIRED_FOR_ROBUSTNESS","results/03_phase3/baseline/baseline_ligand_expression_by_donor.csv|config/phase3_analysis.json"
"LRRN2",0,0,0,1,0,0.40226471552039,0.0359281705861361,0.00988228925231837,0.000631921155241517,0.578493265993266,0.448680956306678,0.293923063655662,"NO","NOT_RELIABLY_EXPRESSED",0.578493265993266,0.400252525252525,0.178240740740741,"NO_LARGE_CONTEXT_SHIFT","GSE182158 2/2 plus GSE199071 >=3/4 donor support; CPM>=1 and expressing fraction>=0.10","DESCRIPTIVE_ONLY_NOT_CAUSAL_NOT_REQUIRED_FOR_ROBUSTNESS","results/03_phase3/baseline/baseline_ligand_expression_by_donor.csv|config/phase3_analysis.json"
"LRRTM2",0,0,0,1,0,0.508237914383016,0.223121911265652,0.0125295731547633,0.00362927845674541,0.623947811447811,0.570486397361913,0.199597603604114,"NO","NOT_RELIABLY_EXPRESSED",0.623947811447811,0.537878787878788,0.0860690235690236,"NO_LARGE_CONTEXT_SHIFT","GSE182158 2/2 plus GSE199071 >=3/4 donor support; CPM>=1 and expressing fraction>=0.10","DESCRIPTIVE_ONLY_NOT_CAUSAL_NOT_REQUIRED_FOR_ROBUSTNESS","results/03_phase3/baseline/baseline_ligand_expression_by_donor.csv|config/phase3_analysis.json"
"LRRTM3",0,0,0,0,1,0.0507647666075924,0.195204076746272,0.00123468567881624,0.00324878342632766,0.416877104377104,0.535861500412201,0.451916968409674,"NO","NOT_RELIABLY_EXPRESSED",0.416877104377104,0.272727272727273,0.144149831649832,"NO_LARGE_CONTEXT_SHIFT","GSE182158 2/2 plus GSE199071 >=3/4 donor support; CPM>=1 and expressing fraction>=0.10","DESCRIPTIVE_ONLY_NOT_CAUSAL_NOT_REQUIRED_FOR_ROBUSTNESS","results/03_phase3/baseline/baseline_ligand_expression_by_donor.csv|config/phase3_analysis.json"
"LRTM2",0,0,0,0,0,0.00492456448702914,0,0.000117739403453689,0,0.160563973063973,0.199505358615004,0.0057725373615381,"NO","NOT_RELIABLY_EXPRESSED",0.160563973063973,0.197811447811448,-0.0372474747474747,"NO_LARGE_CONTEXT_SHIFT","GSE182158 2/2 plus GSE199071 >=3/4 donor support; CPM>=1 and expressing fraction>=0.10","DESCRIPTIVE_ONLY_NOT_CAUSAL_NOT_REQUIRED_FOR_ROBUSTNESS","results/03_phase3/baseline/baseline_ligand_expression_by_donor.csv|config/phase3_analysis.json"
"LSAMP",2,0,2,2,2,56.4345314428978,0.982937483279729,0.521699583392834,0.0150147533953433,0.86026936026936,0.649835119538335,2.41721017873822,"YES","MULTIDATASET_LOW_EXPRESSION",0.86026936026936,0.710016835016835,0.150252525252525,"NO_LARGE_CONTEXT_SHIFT","GSE182158 2/2 plus GSE199071 >=3/4 donor support; CPM>=1 and expressing fraction>=0.10","DESCRIPTIVE_ONLY_NOT_CAUSAL_NOT_REQUIRED_FOR_ROBUSTNESS","results/03_phase3/baseline/baseline_ligand_expression_by_donor.csv|config/phase3_analysis.json"
"LTA",0,0,0,0,0,0.00851143182584209,0.0385146813150838,0.000207690667945351,0.000624414611301905,0.22790404040404,0.349752679307502,0.0545198896825625,"YES","NOT_RELIABLY_EXPRESSED",0.22790404040404,0.236952861952862,-0.00904882154882156,"NO_LARGE_CONTEXT_SHIFT","GSE182158 2/2 plus GSE199071 >=3/4 donor support; CPM>=1 and expressing fraction>=0.10","DESCRIPTIVE_ONLY_NOT_CAUSAL_NOT_REQUIRED_FOR_ROBUSTNESS","results/03_phase3/baseline/baseline_ligand_expression_by_donor.csv|config/phase3_analysis.json"
"LTB",0,0,0,0,0,0.2387376150355,0.11968120969643,0.00594508567041054,0.00194570365257344,0.56797138047138,0.519991755976917,0.107225272700671,"NO","NOT_RELIABLY_EXPRESSED",0.56797138047138,0.530723905723906,0.0372474747474747,"NO_LARGE_CONTEXT_SHIFT","GSE182158 2/2 plus GSE199071 >=3/4 donor support; CPM>=1 and expressing fraction>=0.10","DESCRIPTIVE_ONLY_NOT_CAUSAL_NOT_REQUIRED_FOR_ROBUSTNESS","results/03_phase3/baseline/baseline_ligand_expression_by_donor.csv|config/phase3_analysis.json"
"LTBP1",2,4,6,2,4,119.553955448246,86.7034230249392,0.900758096409798,0.644193144527015,0.936868686868687,0.924567188788129,0.517176902391614,"NO","ROBUST_BASELINE_SENDER",0.936868686868687,0.908670033670034,0.0281986531986532,"NO_LARGE_CONTEXT_SHIFT","GSE182158 2/2 plus GSE199071 >=3/4 donor support; CPM>=1 and expressing fraction>=0.10","DESCRIPTIVE_ONLY_NOT_CAUSAL_NOT_REQUIRED_FOR_ROBUSTNESS","results/03_phase3/baseline/baseline_ligand_expression_by_donor.csv|config/phase3_analysis.json"
"LTBP3",2,4,6,2,4,17.7122926147953,22.5214626469456,0.342863622245603,0.272081229164224,0.843434343434343,0.834089035449299,0.401195565399773,"NO","ROBUST_BASELINE_SENDER",0.843434343434343,0.857323232323232,-0.013888888888889,"NO_LARGE_CONTEXT_SHIFT","GSE182158 2/2 plus GSE199071 >=3/4 donor support; CPM>=1 and expressing fraction>=0.10","DESCRIPTIVE_ONLY_NOT_CAUSAL_NOT_REQUIRED_FOR_ROBUSTNESS","results/03_phase3/baseline/baseline_ligand_expression_by_donor.csv|config/phase3_analysis.json"
"LTF",0,0,0,0,0,0.0319779817018563,0.0295755386115093,0.00075885658375119,0.000535754374161847,0.40256734006734,0.401277823577906,0.0305811440685441,"NO","NOT_RELIABLY_EXPRESSED",0.40256734006734,0.246212121212121,0.156355218855219,"NO_LARGE_CONTEXT_SHIFT","GSE182158 2/2 plus GSE199071 >=3/4 donor support; CPM>=1 and expressing fraction>=0.10","DESCRIPTIVE_ONLY_NOT_CAUSAL_NOT_REQUIRED_FOR_ROBUSTNESS","results/03_phase3/baseline/baseline_ligand_expression_by_donor.csv|config/phase3_analysis.json"
"LUM",2,4,6,2,4,1374.8306594524,75.1290121562073,0.999478337589512,0.421129456396989,0.98989898989899,0.915086562242374,2.66960417372282,"YES","ROBUST_BASELINE_SENDER",0.98989898989899,0.931397306397306,0.0585016835016834,"NO_LARGE_CONTEXT_SHIFT","GSE182158 2/2 plus GSE199071 >=3/4 donor support; CPM>=1 and expressing fraction>=0.10","DESCRIPTIVE_ONLY_NOT_CAUSAL_NOT_REQUIRED_FOR_ROBUSTNESS","results/03_phase3/baseline/baseline_ligand_expression_by_donor.csv|config/phase3_analysis.json"
"LVRN",0,0,0,0,0,0.066631357700145,0.129999407650397,0.00161253591324433,0.00223167773378744,0.476430976430977,0.525144270403957,0.0924904471510125,"NO","NOT_RELIABLY_EXPRESSED",0.476430976430977,0.495791245791246,-0.0193602693602694,"NO_LARGE_CONTEXT_SHIFT","GSE182158 2/2 plus GSE199071 >=3/4 donor support; CPM>=1 and expressing fraction>=0.10","DESCRIPTIVE_ONLY_NOT_CAUSAL_NOT_REQUIRED_FOR_ROBUSTNESS","results/03_phase3/baseline/baseline_ligand_expression_by_donor.csv|config/phase3_analysis.json"
"LY6G5C",0,0,0,2,4,2.47526838871013,2.35601361580008,0.0582082787480675,0.0370736267612301,0.715488215488216,0.703215169002473,0.169101700033705,"NO","MULTIDATASET_LOW_EXPRESSION",0.715488215488216,0.662457912457913,0.0530303030303031,"NO_LARGE_CONTEXT_SHIFT","GSE182158 2/2 plus GSE199071 >=3/4 donor support; CPM>=1 and expressing fraction>=0.10","DESCRIPTIVE_ONLY_NOT_CAUSAL_NOT_REQUIRED_FOR_ROBUSTNESS","results/03_phase3/baseline/baseline_ligand_expression_by_donor.csv|config/phase3_analysis.json"
"LY6G6F",0,0,0,0,0,0,0,0,0,0.0536616161616162,0.199505358615004,0,"NO","NOT_RELIABLY_EXPRESSED",0.0536616161616162,0.047979797979798,0.00568181818181818,"NO_LARGE_CONTEXT_SHIFT","GSE182158 2/2 plus GSE199071 >=3/4 donor support; CPM>=1 and expressing fraction>=0.10","DESCRIPTIVE_ONLY_NOT_CAUSAL_NOT_REQUIRED_FOR_ROBUSTNESS","results/03_phase3/baseline/baseline_ligand_expression_by_donor.csv|config/phase3_analysis.json"
"LY86",0,0,0,0,0,0.00194534584313656,0,5.07047966737653e-05,0,0.100589225589226,0.199505358615004,0.00228708467680247,"NO","NOT_RELIABLY_EXPRESSED",0.100589225589226,0.217592592592593,-0.117003367003367,"NO_LARGE_CONTEXT_SHIFT","GSE182158 2/2 plus GSE199071 >=3/4 donor support; CPM>=1 and expressing fraction>=0.10","DESCRIPTIVE_ONLY_NOT_CAUSAL_NOT_REQUIRED_FOR_ROBUSTNESS","results/03_phase3/baseline/baseline_ligand_expression_by_donor.csv|config/phase3_analysis.json"
"LY9",0,0,0,0,0,0.00942290486822264,0.0166708299285942,0.000242065654512958,0.000252270433905146,0.220749158249158,0.337180544105524,0.0993363181370015,"YES","NOT_RELIABLY_EXPRESSED",0.220749158249158,0.272727272727273,-0.0519781144781145,"NO_LARGE_CONTEXT_SHIFT","GSE182158 2/2 plus GSE199071 >=3/4 donor support; CPM>=1 and expressing fraction>=0.10","DESCRIPTIVE_ONLY_NOT_CAUSAL_NOT_REQUIRED_FOR_ROBUSTNESS","results/03_phase3/baseline/baseline_ligand_expression_by_donor.csv|config/phase3_analysis.json"
"LYPD6",1,2,3,2,4,5.44378229940719,6.58266531308087,0.121246754534816,0.0871442734847786,0.761784511784512,0.758037922506183,0.488438924445938,"NO","MULTIDATASET_LOW_EXPRESSION",0.761784511784512,0.577861952861953,0.183922558922559,"NO_LARGE_CONTEXT_SHIFT","GSE182158 2/2 plus GSE199071 >=3/4 donor support; CPM>=1 and expressing fraction>=0.10","DESCRIPTIVE_ONLY_NOT_CAUSAL_NOT_REQUIRED_FOR_ROBUSTNESS","results/03_phase3/baseline/baseline_ligand_expression_by_donor.csv|config/phase3_analysis.json"
"LYZ",0,0,0,0,0,0.027783465668123,0.0205161552823478,0.000685235129365687,0.000352609308885755,0.376473063973064,0.332028029678483,0.0407246778198623,"YES","NOT_RELIABLY_EXPRESSED",0.376473063973064,0.382575757575758,-0.00610269360269361,"NO_LARGE_CONTEXT_SHIFT","GSE182158 2/2 plus GSE199071 >=3/4 donor support; CPM>=1 and expressing fraction>=0.10","DESCRIPTIVE_ONLY_NOT_CAUSAL_NOT_REQUIRED_FOR_ROBUSTNESS","results/03_phase3/baseline/baseline_ligand_expression_by_donor.csv|config/phase3_analysis.json"
"MADCAM1",0,0,0,2,2,1.08147871526137,0.648122621090554,0.0263225116402134,0.0103248585269364,0.670244107744108,0.624484748557296,0.218891495625275,"NO","MULTIDATASET_LOW_EXPRESSION",0.670244107744108,0.624158249158249,0.0460858585858586,"NO_LARGE_CONTEXT_SHIFT","GSE182158 2/2 plus GSE199071 >=3/4 donor support; CPM>=1 and expressing fraction>=0.10","DESCRIPTIVE_ONLY_NOT_CAUSAL_NOT_REQUIRED_FOR_ROBUSTNESS","results/03_phase3/baseline/baseline_ligand_expression_by_donor.csv|config/phase3_analysis.json"
"MAG",0,0,0,0,0,0.0341047521340776,0,0.000878311353560169,0,0.361111111111111,0.199505358615004,0.0327449989101306,"NO","NOT_RELIABLY_EXPRESSED",0.361111111111111,0.246632996632997,0.114478114478115,"NO_LARGE_CONTEXT_SHIFT","GSE182158 2/2 plus GSE199071 >=3/4 donor support; CPM>=1 and expressing fraction>=0.10","DESCRIPTIVE_ONLY_NOT_CAUSAL_NOT_REQUIRED_FOR_ROBUSTNESS","results/03_phase3/baseline/baseline_ligand_expression_by_donor.csv|config/phase3_analysis.json"
"MANSC1",0,0,0,2,4,1.77811570217813,1.95528726435356,0.0429262390875238,0.0301077489500984,0.699284511784512,0.696619950535862,0.209115984237847,"NO","MULTIDATASET_LOW_EXPRESSION",0.699284511784512,0.718434343434343,-0.0191498316498318,"NO_LARGE_CONTEXT_SHIFT","GSE182158 2/2 plus GSE199071 >=3/4 donor support; CPM>=1 and expressing fraction>=0.10","DESCRIPTIVE_ONLY_NOT_CAUSAL_NOT_REQUIRED_FOR_ROBUSTNESS","results/03_phase3/baseline/baseline_ligand_expression_by_donor.csv|config/phase3_analysis.json"
"MATN1",0,0,0,1,0,0.410653747587857,0.0602896512222376,0.0104122538767678,0.00100406533263828,0.57449494949495,0.475061830173125,0.291377903756502,"NO","NOT_RELIABLY_EXPRESSED",0.57449494949495,0.432239057239057,0.142255892255892,"NO_LARGE_CONTEXT_SHIFT","GSE182158 2/2 plus GSE199071 >=3/4 donor support; CPM>=1 and expressing fraction>=0.10","DESCRIPTIVE_ONLY_NOT_CAUSAL_NOT_REQUIRED_FOR_ROBUSTNESS","results/03_phase3/baseline/baseline_ligand_expression_by_donor.csv|config/phase3_analysis.json"
"MBL2",0,0,0,0,0,0.00194534584313656,0,5.07047966737653e-05,0,0.100589225589226,0.199505358615004,0.00228708467680247,"NO","NOT_RELIABLY_EXPRESSED",0.100589225589226,0.1746632996633,-0.0740740740740741,"NO_LARGE_CONTEXT_SHIFT","GSE182158 2/2 plus GSE199071 >=3/4 donor support; CPM>=1 and expressing fraction>=0.10","DESCRIPTIVE_ONLY_NOT_CAUSAL_NOT_REQUIRED_FOR_ROBUSTNESS","results/03_phase3/baseline/baseline_ligand_expression_by_donor.csv|config/phase3_analysis.json"
"MCAM",0,3,3,2,4,0.730092465913035,16.8938408280448,0.0172076558034227,0.214541890895281,0.638468013468014,0.816982687551525,1.76860070707631,"NO","MULTIDATASET_LOW_EXPRESSION",0.638468013468014,0.723484848484849,-0.085016835016835,"NO_LARGE_CONTEXT_SHIFT","GSE182158 2/2 plus GSE199071 >=3/4 donor support; CPM>=1 and expressing fraction>=0.10","DESCRIPTIVE_ONLY_NOT_CAUSAL_NOT_REQUIRED_FOR_ROBUSTNESS","results/03_phase3/baseline/baseline_ligand_expression_by_donor.csv|config/phase3_analysis.json"
"MDK",2,4,6,2,4,625.359699719439,197.113291911159,0.994480862481428,0.807981720819344,0.979377104377104,0.955070074196208,1.0096451856927,"NO","ROBUST_BASELINE_SENDER",0.979377104377104,0.952441077441078,0.0269360269360269,"NO_LARGE_CONTEXT_SHIFT","GSE182158 2/2 plus GSE199071 >=3/4 donor support; CPM>=1 and expressing fraction>=0.10","DESCRIPTIVE_ONLY_NOT_CAUSAL_NOT_REQUIRED_FOR_ROBUSTNESS","results/03_phase3/baseline/baseline_ligand_expression_by_donor.csv|config/phase3_analysis.json"
"MEGF10",0,0,0,0,0,0.0928323267033009,0,0.00234531972438878,0,0.501473063973064,0.199505358615004,0.0689086970438989,"NO","NOT_RELIABLY_EXPRESSED",0.501473063973064,0.331228956228956,0.170244107744108,"NO_LARGE_CONTEXT_SHIFT","GSE182158 2/2 plus GSE199071 >=3/4 donor support; CPM>=1 and expressing fraction>=0.10","DESCRIPTIVE_ONLY_NOT_CAUSAL_NOT_REQUIRED_FOR_ROBUSTNESS","results/03_phase3/baseline/baseline_ligand_expression_by_donor.csv|config/phase3_analysis.json"
"MELTF",0,3,3,0,4,,9.207977560045,,0.135803284993951,,0.781121187139324,0.481906139782835,"NO","DATASET_SPECIFIC",,,,"NO_LARGE_CONTEXT_SHIFT","GSE182158 2/2 plus GSE199071 >=3/4 donor support; CPM>=1 and expressing fraction>=0.10","DESCRIPTIVE_ONLY_NOT_CAUSAL_NOT_REQUIRED_FOR_ROBUSTNESS","results/03_phase3/baseline/baseline_ligand_expression_by_donor.csv|config/phase3_analysis.json"
"MFAP2",2,4,6,2,4,112.298292598405,49.3843264244163,0.725098181839022,0.487716469970193,0.918350168350168,0.892415498763397,0.885300404131404,"YES","ROBUST_BASELINE_SENDER",0.918350168350168,0.861531986531987,0.0568181818181819,"NO_LARGE_CONTEXT_SHIFT","GSE182158 2/2 plus GSE199071 >=3/4 donor support; CPM>=1 and expressing fraction>=0.10","DESCRIPTIVE_ONLY_NOT_CAUSAL_NOT_REQUIRED_FOR_ROBUSTNESS","results/03_phase3/baseline/baseline_ligand_expression_by_donor.csv|config/phase3_analysis.json"
"MFAP3L",0,0,0,0,2,0.262507989258975,0.642670008162266,0.00658620285070805,0.0108757348035294,0.576178451178451,0.626133553173949,0.281001497857624,"NO","NOT_RELIABLY_EXPRESSED",0.576178451178451,0.597643097643098,-0.0214646464646465,"NO_LARGE_CONTEXT_SHIFT","GSE182158 2/2 plus GSE199071 >=3/4 donor support; CPM>=1 and expressing fraction>=0.10","DESCRIPTIVE_ONLY_NOT_CAUSAL_NOT_REQUIRED_FOR_ROBUSTNESS","results/03_phase3/baseline/baseline_ligand_expression_by_donor.csv|config/phase3_analysis.json"
"MFAP5",0,1,1,0,4,0.0747165654201515,4.97067799830508,0.00181535509993939,0.0495805521627208,0.490530303030303,0.746908491343776,1.8710947576407,"NO","NOT_RELIABLY_EXPRESSED",0.490530303030303,0.912878787878788,-0.422348484848485,"UC_LOWER_CONTEXT","GSE182158 2/2 plus GSE199071 >=3/4 donor support; CPM>=1 and expressing fraction>=0.10","DESCRIPTIVE_ONLY_NOT_CAUSAL_NOT_REQUIRED_FOR_ROBUSTNESS","results/03_phase3/baseline/baseline_ligand_expression_by_donor.csv|config/phase3_analysis.json"
"MFGE8",2,4,6,2,4,216.509582934807,75.2326550134125,0.933345500096554,0.546107827442524,0.954124579124579,0.912613355317395,0.89843078684207,"NO","ROBUST_BASELINE_SENDER",0.954124579124579,0.912878787878788,0.0412457912457913,"NO_LARGE_CONTEXT_SHIFT","GSE182158 2/2 plus GSE199071 >=3/4 donor support; CPM>=1 and expressing fraction>=0.10","DESCRIPTIVE_ONLY_NOT_CAUSAL_NOT_REQUIRED_FOR_ROBUSTNESS","results/03_phase3/baseline/baseline_ligand_expression_by_donor.csv|config/phase3_analysis.json"
"MFNG",0,0,0,0,0,0.00358686733881295,0,8.99512644916617e-05,0,0.146464646464646,0.199505358615004,0.0186482688630421,"NO","NOT_RELIABLY_EXPRESSED",0.146464646464646,0.324915824915825,-0.178451178451178,"NO_LARGE_CONTEXT_SHIFT","GSE182158 2/2 plus GSE199071 >=3/4 donor support; CPM>=1 and expressing fraction>=0.10","DESCRIPTIVE_ONLY_NOT_CAUSAL_NOT_REQUIRED_FOR_ROBUSTNESS","results/03_phase3/baseline/baseline_ligand_expression_by_donor.csv|config/phase3_analysis.json"
"MIA",0,0,0,0,0,0.0189682094948207,0.0205161552823478,0.000426839664746571,0.000312207305650952,0.332491582491583,0.3239901071723,0.0268477284801596,"YES","NOT_RELIABLY_EXPRESSED",0.332491582491583,0.336700336700337,-0.00420875420875422,"NO_LARGE_CONTEXT_SHIFT","GSE182158 2/2 plus GSE199071 >=3/4 donor support; CPM>=1 and expressing fraction>=0.10","DESCRIPTIVE_ONLY_NOT_CAUSAL_NOT_REQUIRED_FOR_ROBUSTNESS","results/03_phase3/baseline/baseline_ligand_expression_by_donor.csv|config/phase3_analysis.json"
"MICA",2,4,6,2,4,21.5417219001844,30.3961265441391,0.370423482163453,0.356593254648872,0.853114478114478,0.861706512778236,0.541477632608107,"NO","ROBUST_BASELINE_SENDER",0.853114478114478,0.842171717171717,0.010942760942761,"NO_LARGE_CONTEXT_SHIFT","GSE182158 2/2 plus GSE199071 >=3/4 donor support; CPM>=1 and expressing fraction>=0.10","DESCRIPTIVE_ONLY_NOT_CAUSAL_NOT_REQUIRED_FOR_ROBUSTNESS","results/03_phase3/baseline/baseline_ligand_expression_by_donor.csv|config/phase3_analysis.json"
"MICB",0,1,1,2,4,1.48808644715561,6.11169493457211,0.0356290706121207,0.0900220482648716,0.685816498316498,0.755358615004122,0.813876561586396,"NO","MULTIDATASET_LOW_EXPRESSION",0.685816498316498,0.668771043771044,0.0170454545454545,"NO_LARGE_CONTEXT_SHIFT","GSE182158 2/2 plus GSE199071 >=3/4 donor support; CPM>=1 and expressing fraction>=0.10","DESCRIPTIVE_ONLY_NOT_CAUSAL_NOT_REQUIRED_FOR_ROBUSTNESS","results/03_phase3/baseline/baseline_ligand_expression_by_donor.csv|config/phase3_analysis.json"
"MIF",2,4,6,2,4,165.178835667365,2041.10149120557,0.944309942740992,0.969752991156971,0.946548821548822,0.995877988458368,1.90679456499416,"NO","ROBUST_BASELINE_SENDER",0.946548821548822,0.948232323232323,-0.00168350168350162,"NO_LARGE_CONTEXT_SHIFT","GSE182158 2/2 plus GSE199071 >=3/4 donor support; CPM>=1 and expressing fraction>=0.10","DESCRIPTIVE_ONLY_NOT_CAUSAL_NOT_REQUIRED_FOR_ROBUSTNESS","results/03_phase3/baseline/baseline_ligand_expression_by_donor.csv|config/phase3_analysis.json"
"MLN",0,0,0,0,0,0,0,0,0,0.0536616161616162,0.199505358615004,0,"NO","NOT_RELIABLY_EXPRESSED",0.0536616161616162,0.117845117845118,-0.0641835016835017,"NO_LARGE_CONTEXT_SHIFT","GSE182158 2/2 plus GSE199071 >=3/4 donor support; CPM>=1 and expressing fraction>=0.10","DESCRIPTIVE_ONLY_NOT_CAUSAL_NOT_REQUIRED_FOR_ROBUSTNESS","results/03_phase3/baseline/baseline_ligand_expression_by_donor.csv|config/phase3_analysis.json"
"MMP1",0,1,1,1,3,1.21732922597537,3.96540347056326,0.0152184357864744,0.0327634824198691,0.642676767676768,0.712901896125309,2.7471689012495,"YES","MULTIDATASET_LOW_EXPRESSION",0.642676767676768,0.839646464646465,-0.196969696969697,"NO_LARGE_CONTEXT_SHIFT","GSE182158 2/2 plus GSE199071 >=3/4 donor support; CPM>=1 and expressing fraction>=0.10","DESCRIPTIVE_ONLY_NOT_CAUSAL_NOT_REQUIRED_FOR_ROBUSTNESS","results/03_phase3/baseline/baseline_ligand_expression_by_donor.csv|config/phase3_analysis.json"
"MMP12",0,0,0,0,0,0.00583603752940969,0,0.000152114390021296,0,0.158249158249158,0.199505358615004,0.00683478200624849,"NO","NOT_RELIABLY_EXPRESSED",0.158249158249158,0.447811447811448,-0.28956228956229,"UC_LOWER_CONTEXT","GSE182158 2/2 plus GSE199071 >=3/4 donor support; CPM>=1 and expressing fraction>=0.10","DESCRIPTIVE_ONLY_NOT_CAUSAL_NOT_REQUIRED_FOR_ROBUSTNESS","results/03_phase3/baseline/baseline_ligand_expression_by_donor.csv|config/phase3_analysis.json"
"MMP13",0,0,0,0,0,0.12389448526582,0.0166708299285942,0.00307007593938795,0.000252270433905146,0.38973063973064,0.333676834295136,0.120417626885361,"YES","NOT_RELIABLY_EXPRESSED",0.38973063973064,0.343434343434343,0.0462962962962963,"NO_LARGE_CONTEXT_SHIFT","GSE182158 2/2 plus GSE199071 >=3/4 donor support; CPM>=1 and expressing fraction>=0.10","DESCRIPTIVE_ONLY_NOT_CAUSAL_NOT_REQUIRED_FOR_ROBUSTNESS","results/03_phase3/baseline/baseline_ligand_expression_by_donor.csv|config/phase3_analysis.json"
"MMP14",2,4,6,2,4,45.8721076001637,53.3757758271082,0.583685942608538,0.522235413115437,0.883417508417509,0.895713107996702,0.632640385146774,"YES","ROBUST_BASELINE_SENDER",0.883417508417509,0.885942760942761,-0.00252525252525249,"NO_LARGE_CONTEXT_SHIFT","GSE182158 2/2 plus GSE199071 >=3/4 donor support; CPM>=1 and expressing fraction>=0.10","DESCRIPTIVE_ONLY_NOT_CAUSAL_NOT_REQUIRED_FOR_ROBUSTNESS","results/03_phase3/baseline/baseline_ligand_expression_by_donor.csv|config/phase3_analysis.json"
"MMP15",0,0,0,1,1,0.540760169852126,0.360422684339683,0.0135175963156319,0.00615927882720049,0.627525252525253,0.591920857378401,0.254156501643713,"NO","MULTIDATASET_LOW_EXPRESSION",0.627525252525253,0.50462962962963,0.122895622895623,"NO_LARGE_CONTEXT_SHIFT","GSE182158 2/2 plus GSE199071 >=3/4 donor support; CPM>=1 and expressing fraction>=0.10","DESCRIPTIVE_ONLY_NOT_CAUSAL_NOT_REQUIRED_FOR_ROBUSTNESS","results/03_phase3/baseline/baseline_ligand_expression_by_donor.csv|config/phase3_analysis.json"
"MMP16",1,2,3,2,4,2.78923886582461,7.0830226269267,0.0625394593961242,0.10364080675302,0.70959595959596,0.765457543281121,0.818371736477421,"NO","MULTIDATASET_LOW_EXPRESSION",0.70959595959596,0.742003367003367,-0.0324074074074074,"NO_LARGE_CONTEXT_SHIFT","GSE182158 2/2 plus GSE199071 >=3/4 donor support; CPM>=1 and expressing fraction>=0.10","DESCRIPTIVE_ONLY_NOT_CAUSAL_NOT_REQUIRED_FOR_ROBUSTNESS","results/03_phase3/baseline/baseline_ligand_expression_by_donor.csv|config/phase3_analysis.json"
"MMP2",2,4,6,2,4,612.594623306354,46.962735189259,0.991488387964767,0.447339612090127,0.974747474747475,0.887881286067601,1.82309881629833,"YES","ROBUST_BASELINE_SENDER",0.974747474747475,0.959175084175084,0.0155723905723906,"NO_LARGE_CONTEXT_SHIFT","GSE182158 2/2 plus GSE199071 >=3/4 donor support; CPM>=1 and expressing fraction>=0.10","DESCRIPTIVE_ONLY_NOT_CAUSAL_NOT_REQUIRED_FOR_ROBUSTNESS","results/03_phase3/baseline/baseline_ligand_expression_by_donor.csv|config/phase3_analysis.json"
"MMP25",0,0,0,0,0,0.0939885992624324,0,0.00234360435803349,0,0.513257575757576,0.199505358615004,0.0657915616096094,"NO","NOT_RELIABLY_EXPRESSED",0.513257575757576,0.400252525252525,0.113005050505051,"NO_LARGE_CONTEXT_SHIFT","GSE182158 2/2 plus GSE199071 >=3/4 donor support; CPM>=1 and expressing fraction>=0.10","DESCRIPTIVE_ONLY_NOT_CAUSAL_NOT_REQUIRED_FOR_ROBUSTNESS","results/03_phase3/baseline/baseline_ligand_expression_by_donor.csv|config/phase3_analysis.json"
"MMP26",0,0,0,0,0,0.00358686733881295,0,8.99512644916617e-05,0,0.146464646464646,0.199505358615004,0.00268168191540828,"NO","NOT_RELIABLY_EXPRESSED",0.146464646464646,0.131734006734007,0.0147306397306397,"NO_LARGE_CONTEXT_SHIFT","GSE182158 2/2 plus GSE199071 >=3/4 donor support; CPM>=1 and expressing fraction>=0.10","DESCRIPTIVE_ONLY_NOT_CAUSAL_NOT_REQUIRED_FOR_ROBUSTNESS","results/03_phase3/baseline/baseline_ligand_expression_by_donor.csv|config/phase3_analysis.json"
"MMP7",0,0,0,0,0,0.0746531904924852,0.037186985210942,0.00177953936483208,0.000604879742790901,0.418560606060606,0.453833470733718,0.065404414839223,"NO","NOT_RELIABLY_EXPRESSED",0.418560606060606,0.289141414141414,0.129419191919192,"NO_LARGE_CONTEXT_SHIFT","GSE182158 2/2 plus GSE199071 >=3/4 donor support; CPM>=1 and expressing fraction>=0.10","DESCRIPTIVE_ONLY_NOT_CAUSAL_NOT_REQUIRED_FOR_ROBUSTNESS","results/03_phase3/baseline/baseline_ligand_expression_by_donor.csv|config/phase3_analysis.json"
"MMP9",0,0,0,0,0,0.0173266879991444,0,0.000426839664746571,0,0.32449494949495,0.204451772464963,0.0444010743791042,"NO","NOT_RELIABLY_EXPRESSED",0.32449494949495,0.424242424242424,-0.0997474747474748,"NO_LARGE_CONTEXT_SHIFT","GSE182158 2/2 plus GSE199071 >=3/4 donor support; CPM>=1 and expressing fraction>=0.10","DESCRIPTIVE_ONLY_NOT_CAUSAL_NOT_REQUIRED_FOR_ROBUSTNESS","results/03_phase3/baseline/baseline_ligand_expression_by_donor.csv|config/phase3_analysis.json"
"MMRN2",0,0,0,0,0,0.203358540680873,0.47872483878572,0.0050240971163219,0.00753054417638862,0.567340067340067,0.611294311624073,0.151018359653897,"NO","NOT_RELIABLY_EXPRESSED",0.567340067340067,0.561868686868687,0.00547138047138052,"NO_LARGE_CONTEXT_SHIFT","GSE182158 2/2 plus GSE199071 >=3/4 donor support; CPM>=1 and expressing fraction>=0.10","DESCRIPTIVE_ONLY_NOT_CAUSAL_NOT_REQUIRED_FOR_ROBUSTNESS","results/03_phase3/baseline/baseline_ligand_expression_by_donor.csv|config/phase3_analysis.json"
"MPDZ",2,4,6,2,4,17.8754624956821,20.6606845893525,0.345649019009443,0.266751610759174,0.844276094276094,0.827699917559769,0.186499064307306,"NO","ROBUST_BASELINE_SENDER",0.844276094276094,0.836279461279461,0.007996632996633,"NO_LARGE_CONTEXT_SHIFT","GSE182158 2/2 plus GSE199071 >=3/4 donor support; CPM>=1 and expressing fraction>=0.10","DESCRIPTIVE_ONLY_NOT_CAUSAL_NOT_REQUIRED_FOR_ROBUSTNESS","results/03_phase3/baseline/baseline_ligand_expression_by_donor.csv|config/phase3_analysis.json"
"MPIG6B",0,0,0,0,0,,0.0103181979539674,,0.000156103652825476,,0.294723825226711,0.0278135963506179,"NO","NOT_RELIABLY_EXPRESSED",,,,"NO_LARGE_CONTEXT_SHIFT","GSE182158 2/2 plus GSE199071 >=3/4 donor support; CPM>=1 and expressing fraction>=0.10","DESCRIPTIVE_ONLY_NOT_CAUSAL_NOT_REQUIRED_FOR_ROBUSTNESS","results/03_phase3/baseline/baseline_ligand_expression_by_donor.csv|config/phase3_analysis.json"
"MPZ",0,0,0,2,0,0.50398872361553,0.180183497208018,0.0123688819329656,0.00272622191670082,0.621632996632997,0.554410552349547,0.20411540304873,"NO","NOT_RELIABLY_EXPRESSED",0.621632996632997,0.624579124579125,-0.00294612794612803,"NO_LARGE_CONTEXT_SHIFT","GSE182158 2/2 plus GSE199071 >=3/4 donor support; CPM>=1 and expressing fraction>=0.10","DESCRIPTIVE_ONLY_NOT_CAUSAL_NOT_REQUIRED_FOR_ROBUSTNESS","results/03_phase3/baseline/baseline_ligand_expression_by_donor.csv|config/phase3_analysis.json"
"MPZL3",0,0,0,0,1,0.0694881765856622,0.207172525090579,0.0017368621643036,0.0033918467192512,0.481902356902357,0.564921681780709,0.288501708671441,"NO","NOT_RELIABLY_EXPRESSED",0.481902356902357,0.370791245791246,0.111111111111111,"NO_LARGE_CONTEXT_SHIFT","GSE182158 2/2 plus GSE199071 >=3/4 donor support; CPM>=1 and expressing fraction>=0.10","DESCRIPTIVE_ONLY_NOT_CAUSAL_NOT_REQUIRED_FOR_ROBUSTNESS","results/03_phase3/baseline/baseline_ligand_expression_by_donor.csv|config/phase3_analysis.json"
"MSMB",0,0,0,0,0,0.0528915370398136,0.0103181979539674,0.00131489398080732,0.000156103652825476,0.456439393939394,0.294723825226711,0.0346832115011742,"NO","NOT_RELIABLY_EXPRESSED",0.456439393939394,0.348905723905724,0.10753367003367,"NO_LARGE_CONTEXT_SHIFT","GSE182158 2/2 plus GSE199071 >=3/4 donor support; CPM>=1 and expressing fraction>=0.10","DESCRIPTIVE_ONLY_NOT_CAUSAL_NOT_REQUIRED_FOR_ROBUSTNESS","results/03_phase3/baseline/baseline_ligand_expression_by_donor.csv|config/phase3_analysis.json"
"MSMP",0,0,0,0,0,0.0104567776689787,0.055185511243678,0.000258395464619116,0.000957489051676655,0.262415824915825,0.481450948062655,0.0496180751147371,"NO","NOT_RELIABLY_EXPRESSED",0.262415824915825,0.311868686868687,-0.0494528619528619,"NO_LARGE_CONTEXT_SHIFT","GSE182158 2/2 plus GSE199071 >=3/4 donor support; CPM>=1 and expressing fraction>=0.10","DESCRIPTIVE_ONLY_NOT_CAUSAL_NOT_REQUIRED_FOR_ROBUSTNESS","results/03_phase3/baseline/baseline_ligand_expression_by_donor.csv|config/phase3_analysis.json"
"MSN",2,4,6,2,4,53.5525434145877,266.13212331409,0.667888743805776,0.908817213171687,0.903198653198653,0.967436108821105,1.29366882112259,"NO","ROBUST_BASELINE_SENDER",0.903198653198653,0.91540404040404,-0.0122053872053873,"NO_LARGE_CONTEXT_SHIFT","GSE182158 2/2 plus GSE199071 >=3/4 donor support; CPM>=1 and expressing fraction>=0.10","DESCRIPTIVE_ONLY_NOT_CAUSAL_NOT_REQUIRED_FOR_ROBUSTNESS","results/03_phase3/baseline/baseline_ligand_expression_by_donor.csv|config/phase3_analysis.json"
"MST1",0,0,0,2,0,2.5511524004536,0.459306685432926,0.0613023021569677,0.00783283415584605,0.715488215488216,0.606966199505359,0.693156104994253,"NO","NOT_RELIABLY_EXPRESSED",0.715488215488216,0.625841750841751,0.0896464646464646,"NO_LARGE_CONTEXT_SHIFT","GSE182158 2/2 plus GSE199071 >=3/4 donor support; CPM>=1 and expressing fraction>=0.10","DESCRIPTIVE_ONLY_NOT_CAUSAL_NOT_REQUIRED_FOR_ROBUSTNESS","results/03_phase3/baseline/baseline_ligand_expression_by_donor.csv|config/phase3_analysis.json"
"MSTN",0,0,0,0,0,0.0390293166211067,0,0.000996050757013858,0,0.407617845117845,0.199505358615004,0.0330835548214145,"NO","NOT_RELIABLY_EXPRESSED",0.407617845117845,0.38973063973064,0.0178872053872054,"NO_LARGE_CONTEXT_SHIFT","GSE182158 2/2 plus GSE199071 >=3/4 donor support; CPM>=1 and expressing fraction>=0.10","DESCRIPTIVE_ONLY_NOT_CAUSAL_NOT_REQUIRED_FOR_ROBUSTNESS","results/03_phase3/baseline/baseline_ligand_expression_by_donor.csv|config/phase3_analysis.json"
"MUC1",0,0,0,2,4,1.94012803102268,1.3623693789547,0.0470757302008117,0.0236080402033875,0.705387205387206,0.675597691673537,0.301061815291808,"NO","MULTIDATASET_LOW_EXPRESSION",0.705387205387206,0.667087542087542,0.0382996632996634,"NO_LARGE_CONTEXT_SHIFT","GSE182158 2/2 plus GSE199071 >=3/4 donor support; CPM>=1 and expressing fraction>=0.10","DESCRIPTIVE_ONLY_NOT_CAUSAL_NOT_REQUIRED_FOR_ROBUSTNESS","results/03_phase3/baseline/baseline_ligand_expression_by_donor.csv|config/phase3_analysis.json"
"MUC4",0,0,0,0,0,0.0385440676845618,0.037186985210942,0.000955088922840672,0.000604879742790901,0.420454545454545,0.457337180544106,0.0267205083593035,"NO","NOT_RELIABLY_EXPRESSED",0.420454545454545,0.428872053872054,-0.00841750841750844,"NO_LARGE_CONTEXT_SHIFT","GSE182158 2/2 plus GSE199071 >=3/4 donor support; CPM>=1 and expressing fraction>=0.10","DESCRIPTIVE_ONLY_NOT_CAUSAL_NOT_REQUIRED_FOR_ROBUSTNESS","results/03_phase3/baseline/baseline_ligand_expression_by_donor.csv|config/phase3_analysis.json"
"MUC7",0,0,0,0,0,0.00164152149567638,0,3.92464678178964e-05,0,0.099537037037037,0.199505358615004,0.00193047220564663,"NO","NOT_RELIABLY_EXPRESSED",0.099537037037037,0.131734006734007,-0.0321969696969697,"NO_LARGE_CONTEXT_SHIFT","GSE182158 2/2 plus GSE199071 >=3/4 donor support; CPM>=1 and expressing fraction>=0.10","DESCRIPTIVE_ONLY_NOT_CAUSAL_NOT_REQUIRED_FOR_ROBUSTNESS","results/03_phase3/baseline/baseline_ligand_expression_by_donor.csv|config/phase3_analysis.json"
"MXRA5",0,0,0,2,4,0.924622700129735,1.75506907985437,0.0195389103196918,0.0258735447168577,0.658670033670034,0.683223413025556,0.377532893605117,"NO","MULTIDATASET_LOW_EXPRESSION",0.658670033670034,0.779040404040404,-0.12037037037037,"NO_LARGE_CONTEXT_SHIFT","GSE182158 2/2 plus GSE199071 >=3/4 donor support; CPM>=1 and expressing fraction>=0.10","DESCRIPTIVE_ONLY_NOT_CAUSAL_NOT_REQUIRED_FOR_ROBUSTNESS","results/03_phase3/baseline/baseline_ligand_expression_by_donor.csv|config/phase3_analysis.json"
"MXRA8",2,4,6,2,4,202.668867940812,110.49021268692,0.956386332820554,0.719388602099495,0.954545454545455,0.931574608408904,0.576914973701486,"NO","ROBUST_BASELINE_SENDER",0.954545454545455,0.938973063973064,0.0155723905723906,"NO_LARGE_CONTEXT_SHIFT","GSE182158 2/2 plus GSE199071 >=3/4 donor support; CPM>=1 and expressing fraction>=0.10","DESCRIPTIVE_ONLY_NOT_CAUSAL_NOT_REQUIRED_FOR_ROBUSTNESS","results/03_phase3/baseline/baseline_ligand_expression_by_donor.csv|config/phase3_analysis.json"
"MYEOV",0,4,4,1,4,0.810476694564383,20.086433868379,0.0182060388218848,0.261616647863869,0.623316498316498,0.829760923330585,1.89499959139078,"NO","MULTIDATASET_LOW_EXPRESSION",0.623316498316498,0.719276094276094,-0.095959595959596,"NO_LARGE_CONTEXT_SHIFT","GSE182158 2/2 plus GSE199071 >=3/4 donor support; CPM>=1 and expressing fraction>=0.10","DESCRIPTIVE_ONLY_NOT_CAUSAL_NOT_REQUIRED_FOR_ROBUSTNESS","results/03_phase3/baseline/baseline_ligand_expression_by_donor.csv|config/phase3_analysis.json"
"MYOC",0,0,0,0,0,0.00656608598270553,0,0.000156985871271586,0,0.180976430976431,0.211871393239901,0.0129153232678204,"NO","NOT_RELIABLY_EXPRESSED",0.180976430976431,0.541245791245791,-0.36026936026936,"UC_LOWER_CONTEXT","GSE182158 2/2 plus GSE199071 >=3/4 donor support; CPM>=1 and expressing fraction>=0.10","DESCRIPTIVE_ONLY_NOT_CAUSAL_NOT_REQUIRED_FOR_ROBUSTNESS","results/03_phase3/baseline/baseline_ligand_expression_by_donor.csv|config/phase3_analysis.json"
"NAALADL1",2,4,6,2,4,19.0567764244559,10.4867192522632,0.360018439989321,0.151593843452117,0.846380471380472,0.782357790601814,0.485144510560255,"NO","ROBUST_BASELINE_SENDER",0.846380471380472,0.818602693602694,0.0277777777777779,"NO_LARGE_CONTEXT_SHIFT","GSE182158 2/2 plus GSE199071 >=3/4 donor support; CPM>=1 and expressing fraction>=0.10","DESCRIPTIVE_ONLY_NOT_CAUSAL_NOT_REQUIRED_FOR_ROBUSTNESS","results/03_phase3/baseline/baseline_ligand_expression_by_donor.csv|config/phase3_analysis.json"
"NAMPT",2,4,6,2,4,62.0021283054867,35.4811752229456,0.690708453468678,0.389788852088402,0.90993265993266,0.874278647980214,0.503059417180569,"NO","ROBUST_BASELINE_SENDER",0.90993265993266,0.860690235690236,0.0492424242424242,"NO_LARGE_CONTEXT_SHIFT","GSE182158 2/2 plus GSE199071 >=3/4 donor support; CPM>=1 and expressing fraction>=0.10","DESCRIPTIVE_ONLY_NOT_CAUSAL_NOT_REQUIRED_FOR_ROBUSTNESS","results/03_phase3/baseline/baseline_ligand_expression_by_donor.csv|config/phase3_analysis.json"
"NCAM1",1,3,4,2,4,8.30848210887923,9.72079768212972,0.165491588973705,0.137943888112652,0.783670033670034,0.777205276174773,0.878576837943717,"NO","MULTIDATASET_LOW_EXPRESSION",0.783670033670034,0.561447811447811,0.222222222222222,"NO_LARGE_CONTEXT_SHIFT","GSE182158 2/2 plus GSE199071 >=3/4 donor support; CPM>=1 and expressing fraction>=0.10","DESCRIPTIVE_ONLY_NOT_CAUSAL_NOT_REQUIRED_FOR_ROBUSTNESS","results/03_phase3/baseline/baseline_ligand_expression_by_donor.csv|config/phase3_analysis.json"
"NCAN",0,0,0,0,0,0.0506423668492169,0,0.00125273085527768,0,0.448021885521886,0.211871393239901,0.0363329760104811,"NO","NOT_RELIABLY_EXPRESSED",0.448021885521886,0.403619528619529,0.0444023569023569,"NO_LARGE_CONTEXT_SHIFT","GSE182158 2/2 plus GSE199071 >=3/4 donor support; CPM>=1 and expressing fraction>=0.10","DESCRIPTIVE_ONLY_NOT_CAUSAL_NOT_REQUIRED_FOR_ROBUSTNESS","results/03_phase3/baseline/baseline_ligand_expression_by_donor.csv|config/phase3_analysis.json"
"NCR2",0,0,0,0,0,0.00358686733881295,0,8.99512644916617e-05,0,0.146464646464646,0.211871393239901,0.0114731140935598,"NO","NOT_RELIABLY_EXPRESSED",0.146464646464646,0.116582491582492,0.0298821548821549,"NO_LARGE_CONTEXT_SHIFT","GSE182158 2/2 plus GSE199071 >=3/4 donor support; CPM>=1 and expressing fraction>=0.10","DESCRIPTIVE_ONLY_NOT_CAUSAL_NOT_REQUIRED_FOR_ROBUSTNESS","results/03_phase3/baseline/baseline_ligand_expression_by_donor.csv|config/phase3_analysis.json"
"NCR3LG1",0,0,0,2,4,1.41505302767402,1.59886784662988,0.034289202329969,0.0283375485149135,0.685185185185185,0.678070898598516,0.241715023485857,"NO","MULTIDATASET_LOW_EXPRESSION",0.685185185185185,0.613215488215488,0.071969696969697,"NO_LARGE_CONTEXT_SHIFT","GSE182158 2/2 plus GSE199071 >=3/4 donor support; CPM>=1 and expressing fraction>=0.10","DESCRIPTIVE_ONLY_NOT_CAUSAL_NOT_REQUIRED_FOR_ROBUSTNESS","results/03_phase3/baseline/baseline_ligand_expression_by_donor.csv|config/phase3_analysis.json"
"NDP",0,0,0,0,1,0.0183605607999004,0.459583407976369,0.000443169474852729,0.00664266178525334,0.283249158249158,0.616652926628195,0.332166544360382,"NO","NOT_RELIABLY_EXPRESSED",0.283249158249158,0.63510101010101,-0.351851851851852,"UC_LOWER_CONTEXT","GSE182158 2/2 plus GSE199071 >=3/4 donor support; CPM>=1 and expressing fraction>=0.10","DESCRIPTIVE_ONLY_NOT_CAUSAL_NOT_REQUIRED_FOR_ROBUSTNESS","results/03_phase3/baseline/baseline_ligand_expression_by_donor.csv|config/phase3_analysis.json"
"NECTIN1",0,1,1,0,4,,5.8278216837917,,0.091703682934848,,0.753091508656224,0.152218430059275,"NO","NOT_RELIABLY_EXPRESSED",,,,"NO_LARGE_CONTEXT_SHIFT","GSE182158 2/2 plus GSE199071 >=3/4 donor support; CPM>=1 and expressing fraction>=0.10","DESCRIPTIVE_ONLY_NOT_CAUSAL_NOT_REQUIRED_FOR_ROBUSTNESS","results/03_phase3/baseline/baseline_ligand_expression_by_donor.csv|config/phase3_analysis.json"
"NECTIN2",0,4,4,0,4,,69.7673720157804,,0.615220141709403,,0.909727947238252,0.286736936923018,"NO","DATASET_SPECIFIC",,,,"NO_LARGE_CONTEXT_SHIFT","GSE182158 2/2 plus GSE199071 >=3/4 donor support; CPM>=1 and expressing fraction>=0.10","DESCRIPTIVE_ONLY_NOT_CAUSAL_NOT_REQUIRED_FOR_ROBUSTNESS","results/03_phase3/baseline/baseline_ligand_expression_by_donor.csv|config/phase3_analysis.json"
"NECTIN3",0,4,4,0,4,,65.4539729291481,,0.596049112635008,,0.913025556471558,0.666706549986666,"YES","DATASET_SPECIFIC",,,,"NO_LARGE_CONTEXT_SHIFT","GSE182158 2/2 plus GSE199071 >=3/4 donor support; CPM>=1 and expressing fraction>=0.10","DESCRIPTIVE_ONLY_NOT_CAUSAL_NOT_REQUIRED_FOR_ROBUSTNESS","results/03_phase3/baseline/baseline_ligand_expression_by_donor.csv|config/phase3_analysis.json"
"NECTIN4",0,0,0,0,0,,0.125862241899219,,0.00166972625625635,,0.474031327287716,0.1658790614894,"YES","NOT_RELIABLY_EXPRESSED",,,,"NO_LARGE_CONTEXT_SHIFT","GSE182158 2/2 plus GSE199071 >=3/4 donor support; CPM>=1 and expressing fraction>=0.10","DESCRIPTIVE_ONLY_NOT_CAUSAL_NOT_REQUIRED_FOR_ROBUSTNESS","results/03_phase3/baseline/baseline_ligand_expression_by_donor.csv|config/phase3_analysis.json"
"NEGR1",1,4,5,2,4,6.66128732039158,26.205135782326,0.136002196624127,0.325534403404367,0.77483164983165,0.84954657873042,1.05383369030943,"NO","MULTIDATASET_LOW_EXPRESSION",0.77483164983165,0.763047138047138,0.0117845117845118,"NO_LARGE_CONTEXT_SHIFT","GSE182158 2/2 plus GSE199071 >=3/4 donor support; CPM>=1 and expressing fraction>=0.10","DESCRIPTIVE_ONLY_NOT_CAUSAL_NOT_REQUIRED_FOR_ROBUSTNESS","results/03_phase3/baseline/baseline_ligand_expression_by_donor.csv|config/phase3_analysis.json"
"NELL2",0,0,0,0,0,0.0346533759982887,0.0192573406575419,0.000814432861675245,0.000379650721336371,0.401936026936027,0.323371805441055,0.0527593349100424,"YES","NOT_RELIABLY_EXPRESSED",0.401936026936027,0.311868686868687,0.0900673400673401,"NO_LARGE_CONTEXT_SHIFT","GSE182158 2/2 plus GSE199071 >=3/4 donor support; CPM>=1 and expressing fraction>=0.10","DESCRIPTIVE_ONLY_NOT_CAUSAL_NOT_REQUIRED_FOR_ROBUSTNESS","results/03_phase3/baseline/baseline_ligand_expression_by_donor.csv|config/phase3_analysis.json"
"NEO1",1,4,5,2,4,4.3048242312154,15.2683623037039,0.0989181212256965,0.235894824434299,0.747053872053872,0.809769167353669,0.96524858740772,"NO","MULTIDATASET_LOW_EXPRESSION",0.747053872053872,0.760521885521886,-0.0134680134680134,"NO_LARGE_CONTEXT_SHIFT","GSE182158 2/2 plus GSE199071 >=3/4 donor support; CPM>=1 and expressing fraction>=0.10","DESCRIPTIVE_ONLY_NOT_CAUSAL_NOT_REQUIRED_FOR_ROBUSTNESS","results/03_phase3/baseline/baseline_ligand_expression_by_donor.csv|config/phase3_analysis.json"
"NETO2",2,4,6,2,4,14.931365758776,41.6617371653336,0.286673032228032,0.421400159494339,0.833333333333333,0.880873866446826,0.74697324546993,"NO","ROBUST_BASELINE_SENDER",0.833333333333333,0.751262626262626,0.082070707070707,"NO_LARGE_CONTEXT_SHIFT","GSE182158 2/2 plus GSE199071 >=3/4 donor support; CPM>=1 and expressing fraction>=0.10","DESCRIPTIVE_ONLY_NOT_CAUSAL_NOT_REQUIRED_FOR_ROBUSTNESS","results/03_phase3/baseline/baseline_ligand_expression_by_donor.csv|config/phase3_analysis.json"
"NFASC",0,0,0,0,0,0.0612805691072803,0.069469275176986,0.00154062982521412,0.00122761240114917,0.471801346801347,0.481450948062655,0.0404461806424858,"NO","NOT_RELIABLY_EXPRESSED",0.471801346801347,0.763888888888889,-0.292087542087542,"UC_LOWER_CONTEXT","GSE182158 2/2 plus GSE199071 >=3/4 donor support; CPM>=1 and expressing fraction>=0.10","DESCRIPTIVE_ONLY_NOT_CAUSAL_NOT_REQUIRED_FOR_ROBUSTNESS","results/03_phase3/baseline/baseline_ligand_expression_by_donor.csv|config/phase3_analysis.json"
"NGF",0,2,2,1,4,0.586866921974226,6.61798558222352,0.0130908243103471,0.092024980821754,0.607954545454545,0.759686727122836,1.35750494891779,"NO","MULTIDATASET_LOW_EXPRESSION",0.607954545454545,0.79503367003367,-0.187079124579125,"NO_LARGE_CONTEXT_SHIFT","GSE182158 2/2 plus GSE199071 >=3/4 donor support; CPM>=1 and expressing fraction>=0.10","DESCRIPTIVE_ONLY_NOT_CAUSAL_NOT_REQUIRED_FOR_ROBUSTNESS","results/03_phase3/baseline/baseline_ligand_expression_by_donor.csv|config/phase3_analysis.json"
"NID1",2,4,6,2,4,118.763507532875,25.9566286065887,0.736969758767751,0.320284420069157,0.919612794612795,0.847073371805441,1.19686405061338,"YES","ROBUST_BASELINE_SENDER",0.919612794612795,0.850589225589226,0.0690235690235691,"NO_LARGE_CONTEXT_SHIFT","GSE182158 2/2 plus GSE199071 >=3/4 donor support; CPM>=1 and expressing fraction>=0.10","DESCRIPTIVE_ONLY_NOT_CAUSAL_NOT_REQUIRED_FOR_ROBUSTNESS","results/03_phase3/baseline/baseline_ligand_expression_by_donor.csv|config/phase3_analysis.json"
"NID2",2,4,6,2,4,53.4858725644312,28.3469385199684,0.641390190205871,0.321599502223822,0.897306397306397,0.856553998351195,0.603908496936764,"YES","ROBUST_BASELINE_SENDER",0.897306397306397,0.86489898989899,0.0324074074074073,"NO_LARGE_CONTEXT_SHIFT","GSE182158 2/2 plus GSE199071 >=3/4 donor support; CPM>=1 and expressing fraction>=0.10","DESCRIPTIVE_ONLY_NOT_CAUSAL_NOT_REQUIRED_FOR_ROBUSTNESS","results/03_phase3/baseline/baseline_ligand_expression_by_donor.csv|config/phase3_analysis.json"
"NLGN1",0,0,0,0,2,0.0251080713716906,1.21646519293787,0.000629658851441632,0.0184716417568685,0.378156565656566,0.644888705688376,0.800330932508548,"NO","NOT_RELIABLY_EXPRESSED",0.378156565656566,0.678872053872054,-0.300715488215488,"UC_LOWER_CONTEXT","GSE182158 2/2 plus GSE199071 >=3/4 donor support; CPM>=1 and expressing fraction>=0.10","DESCRIPTIVE_ONLY_NOT_CAUSAL_NOT_REQUIRED_FOR_ROBUSTNESS","results/03_phase3/baseline/baseline_ligand_expression_by_donor.csv|config/phase3_analysis.json"
"NLGN2",2,0,2,2,4,5.38542439768336,4.76253642421472,0.12377842831687,0.0759897932469339,0.763468013468014,0.744023083264633,0.145012807909149,"NO","MULTIDATASET_LOW_EXPRESSION",0.763468013468014,0.789983164983165,-0.0265151515151515,"NO_LARGE_CONTEXT_SHIFT","GSE182158 2/2 plus GSE199071 >=3/4 donor support; CPM>=1 and expressing fraction>=0.10","DESCRIPTIVE_ONLY_NOT_CAUSAL_NOT_REQUIRED_FOR_ROBUSTNESS","results/03_phase3/baseline/baseline_ligand_expression_by_donor.csv|config/phase3_analysis.json"
"NLGN3",0,0,0,0,0,0.201172745417942,0.0269890278825616,0.00485709366473415,0.000408374086730623,0.558712121212121,0.401277823577906,0.135463965799841,"NO","NOT_RELIABLY_EXPRESSED",0.558712121212121,0.482323232323232,0.0763888888888889,"NO_LARGE_CONTEXT_SHIFT","GSE182158 2/2 plus GSE199071 >=3/4 donor support; CPM>=1 and expressing fraction>=0.10","DESCRIPTIVE_ONLY_NOT_CAUSAL_NOT_REQUIRED_FOR_ROBUSTNESS","results/03_phase3/baseline/baseline_ligand_expression_by_donor.csv|config/phase3_analysis.json"
"NLGN4X",0,0,0,0,0,0.0234665498760142,0,0.000590412383623736,0,0.365319865319865,0.199505358615004,0.0175992847313124,"NO","NOT_RELIABLY_EXPRESSED",0.365319865319865,0.701599326599327,-0.336279461279461,"UC_LOWER_CONTEXT","GSE182158 2/2 plus GSE199071 >=3/4 donor support; CPM>=1 and expressing fraction>=0.10","DESCRIPTIVE_ONLY_NOT_CAUSAL_NOT_REQUIRED_FOR_ROBUSTNESS","results/03_phase3/baseline/baseline_ligand_expression_by_donor.csv|config/phase3_analysis.json"
"NLGN4Y",1,3,4,2,3,5.3426118623168,8.27908576777972,0.122778469230944,0.113185387185891,0.758417508417509,0.775350370981039,1.3052865581814,"NO","MULTIDATASET_LOW_EXPRESSION",0.758417508417509,0.195286195286195,0.563131313131313,"UC_HIGHER_CONTEXT","GSE182158 2/2 plus GSE199071 >=3/4 donor support; CPM>=1 and expressing fraction>=0.10","DESCRIPTIVE_ONLY_NOT_CAUSAL_NOT_REQUIRED_FOR_ROBUSTNESS","results/03_phase3/baseline/baseline_ligand_expression_by_donor.csv|config/phase3_analysis.json"
"NMB",2,4,6,2,4,17.3373566520811,32.7255256987265,0.321041268769332,0.398775865725237,0.838383838383838,0.868507831821929,0.59989589650502,"NO","ROBUST_BASELINE_SENDER",0.838383838383838,0.857323232323232,-0.0189393939393939,"NO_LARGE_CONTEXT_SHIFT","GSE182158 2/2 plus GSE199071 >=3/4 donor support; CPM>=1 and expressing fraction>=0.10","DESCRIPTIVE_ONLY_NOT_CAUSAL_NOT_REQUIRED_FOR_ROBUSTNESS","results/03_phase3/baseline/baseline_ligand_expression_by_donor.csv|config/phase3_analysis.json"
"NMS",0,0,0,0,0,0.00194534584313656,0,5.07047966737653e-05,0,0.100589225589226,0.199505358615004,0.00228708467680247,"NO","NOT_RELIABLY_EXPRESSED",0.100589225589226,0.0437710437710438,0.0568181818181818,"NO_LARGE_CONTEXT_SHIFT","GSE182158 2/2 plus GSE199071 >=3/4 donor support; CPM>=1 and expressing fraction>=0.10","DESCRIPTIVE_ONLY_NOT_CAUSAL_NOT_REQUIRED_FOR_ROBUSTNESS","results/03_phase3/baseline/baseline_ligand_expression_by_donor.csv|config/phase3_analysis.json"
"NMU",0,0,0,0,2,0.101225708867725,0.62486321916396,0.00228946882864915,0.0104878990642433,0.47979797979798,0.640766694146744,0.425808173275881,"NO","NOT_RELIABLY_EXPRESSED",0.47979797979798,0.373316498316498,0.106481481481481,"NO_LARGE_CONTEXT_SHIFT","GSE182158 2/2 plus GSE199071 >=3/4 donor support; CPM>=1 and expressing fraction>=0.10","DESCRIPTIVE_ONLY_NOT_CAUSAL_NOT_REQUIRED_FOR_ROBUSTNESS","results/03_phase3/baseline/baseline_ligand_expression_by_donor.csv|config/phase3_analysis.json"
"NODAL",0,0,0,0,0,0.00851143182584209,0,0.000207690667945351,0,0.22790404040404,0.211871393239901,0.0124096934988484,"NO","NOT_RELIABLY_EXPRESSED",0.22790404040404,0.196127946127946,0.0317760942760943,"NO_LARGE_CONTEXT_SHIFT","GSE182158 2/2 plus GSE199071 >=3/4 donor support; CPM>=1 and expressing fraction>=0.10","DESCRIPTIVE_ONLY_NOT_CAUSAL_NOT_REQUIRED_FOR_ROBUSTNESS","results/03_phase3/baseline/baseline_ligand_expression_by_donor.csv|config/phase3_analysis.json"
"NOG",0,1,1,0,3,0.00851143182584209,0.927524668607602,0.000207690667945351,0.0141470654263466,0.22790404040404,0.662201154163232,1.27092863559723,"NO","NOT_RELIABLY_EXPRESSED",0.22790404040404,0.50462962962963,-0.276725589225589,"UC_LOWER_CONTEXT","GSE182158 2/2 plus GSE199071 >=3/4 donor support; CPM>=1 and expressing fraction>=0.10","DESCRIPTIVE_ONLY_NOT_CAUSAL_NOT_REQUIRED_FOR_ROBUSTNESS","results/03_phase3/baseline/baseline_ligand_expression_by_donor.csv|config/phase3_analysis.json"
"NPB",0,0,0,2,4,2.2345351031947,4.06494062424092,0.0513989469322165,0.0640592319382107,0.705808080808081,0.735572959604287,0.52423336681104,"NO","MULTIDATASET_LOW_EXPRESSION",0.705808080808081,0.69486531986532,0.0109427609427609,"NO_LARGE_CONTEXT_SHIFT","GSE182158 2/2 plus GSE199071 >=3/4 donor support; CPM>=1 and expressing fraction>=0.10","DESCRIPTIVE_ONLY_NOT_CAUSAL_NOT_REQUIRED_FOR_ROBUSTNESS","results/03_phase3/baseline/baseline_ligand_expression_by_donor.csv|config/phase3_analysis.json"
"NPFF",0,0,0,0,4,0.00358686733881295,0.998722469387309,8.99512644916617e-05,0.0166945846996997,0.146464646464646,0.652102225886233,0.5103442045456,"NO","NOT_RELIABLY_EXPRESSED",0.146464646464646,0.0437710437710438,0.102693602693603,"NO_LARGE_CONTEXT_SHIFT","GSE182158 2/2 plus GSE199071 >=3/4 donor support; CPM>=1 and expressing fraction>=0.10","DESCRIPTIVE_ONLY_NOT_CAUSAL_NOT_REQUIRED_FOR_ROBUSTNESS","results/03_phase3/baseline/baseline_ligand_expression_by_donor.csv|config/phase3_analysis.json"
"NPHS1",0,0,0,0,0,0.0264457685199068,0,0.00065744699040366,0,0.379419191919192,0.211871393239901,0.0195556543895522,"NO","NOT_RELIABLY_EXPRESSED",0.379419191919192,0.327861952861953,0.0515572390572391,"NO_LARGE_CONTEXT_SHIFT","GSE182158 2/2 plus GSE199071 >=3/4 donor support; CPM>=1 and expressing fraction>=0.10","DESCRIPTIVE_ONLY_NOT_CAUSAL_NOT_REQUIRED_FOR_ROBUSTNESS","results/03_phase3/baseline/baseline_ligand_expression_by_donor.csv|config/phase3_analysis.json"
"NPNT",0,0,0,0,0,0.012098299164655,0,0.000297641932437013,0,0.277777777777778,0.204451772464963,0.0228504835370852,"NO","NOT_RELIABLY_EXPRESSED",0.277777777777778,0.419191919191919,-0.141414141414141,"NO_LARGE_CONTEXT_SHIFT","GSE182158 2/2 plus GSE199071 >=3/4 donor support; CPM>=1 and expressing fraction>=0.10","DESCRIPTIVE_ONLY_NOT_CAUSAL_NOT_REQUIRED_FOR_ROBUSTNESS","results/03_phase3/baseline/baseline_ligand_expression_by_donor.csv|config/phase3_analysis.json"
"NPPA",0,0,0,0,0,0,0,0,0,0.0536616161616162,0.199505358615004,0,"NO","NOT_RELIABLY_EXPRESSED",0.0536616161616162,0.131734006734007,-0.0780723905723906,"NO_LARGE_CONTEXT_SHIFT","GSE182158 2/2 plus GSE199071 >=3/4 donor support; CPM>=1 and expressing fraction>=0.10","DESCRIPTIVE_ONLY_NOT_CAUSAL_NOT_REQUIRED_FOR_ROBUSTNESS","results/03_phase3/baseline/baseline_ligand_expression_by_donor.csv|config/phase3_analysis.json"
"NPPB",0,1,1,0,1,0.0200020822955768,0.610778899964313,0.000403923007034833,0.00314708282928566,0.288089225589226,0.640148392415499,2.57454282269883,"NO","NOT_RELIABLY_EXPRESSED",0.288089225589226,0.246632996632997,0.0414562289562289,"NO_LARGE_CONTEXT_SHIFT","GSE182158 2/2 plus GSE199071 >=3/4 donor support; CPM>=1 and expressing fraction>=0.10","DESCRIPTIVE_ONLY_NOT_CAUSAL_NOT_REQUIRED_FOR_ROBUSTNESS","results/03_phase3/baseline/baseline_ligand_expression_by_donor.csv|config/phase3_analysis.json"
"NPPC",0,0,0,0,0,0.0201835068846615,0.157968601316029,0.000511919447987943,0.00214554375867239,0.339225589225589,0.532151690024732,0.161472902499589,"NO","NOT_RELIABLY_EXPRESSED",0.339225589225589,0.355639730639731,-0.0164141414141414,"NO_LARGE_CONTEXT_SHIFT","GSE182158 2/2 plus GSE199071 >=3/4 donor support; CPM>=1 and expressing fraction>=0.10","DESCRIPTIVE_ONLY_NOT_CAUSAL_NOT_REQUIRED_FOR_ROBUSTNESS","results/03_phase3/baseline/baseline_ligand_expression_by_donor.csv|config/phase3_analysis.json"
"NPS",0,0,0,0,0,0,0,0,0,0.0536616161616162,0.199505358615004,0,"NO","NOT_RELIABLY_EXPRESSED",0.0536616161616162,0.0500841750841751,0.00357744107744108,"NO_LARGE_CONTEXT_SHIFT","GSE182158 2/2 plus GSE199071 >=3/4 donor support; CPM>=1 and expressing fraction>=0.10","DESCRIPTIVE_ONLY_NOT_CAUSAL_NOT_REQUIRED_FOR_ROBUSTNESS","results/03_phase3/baseline/baseline_ligand_expression_by_donor.csv|config/phase3_analysis.json"
"NPTX2",0,0,0,0,2,0.0407932378751586,0.498469133796952,0.00101725204837031,0.00738562453905317,0.430765993265993,0.611912613355317,0.377295169736881,"NO","NOT_RELIABLY_EXPRESSED",0.430765993265993,0.482323232323232,-0.051557239057239,"NO_LARGE_CONTEXT_SHIFT","GSE182158 2/2 plus GSE199071 >=3/4 donor support; CPM>=1 and expressing fraction>=0.10","DESCRIPTIVE_ONLY_NOT_CAUSAL_NOT_REQUIRED_FOR_ROBUSTNESS","results/03_phase3/baseline/baseline_ligand_expression_by_donor.csv|config/phase3_analysis.json"
"NPVF",0,0,0,0,0,0.00522838883448933,0,0.000129197732309558,0,0.181818181818182,0.199505358615004,0.00406972167935043,"NO","NOT_RELIABLY_EXPRESSED",0.181818181818182,0.131734006734007,0.0500841750841751,"NO_LARGE_CONTEXT_SHIFT","GSE182158 2/2 plus GSE199071 >=3/4 donor support; CPM>=1 and expressing fraction>=0.10","DESCRIPTIVE_ONLY_NOT_CAUSAL_NOT_REQUIRED_FOR_ROBUSTNESS","results/03_phase3/baseline/baseline_ligand_expression_by_donor.csv|config/phase3_analysis.json"
"NPW",1,1,2,2,4,4.89562781941574,6.81333239544189,0.100000417896676,0.0873407643662698,0.757154882154882,0.758862324814509,0.726891119662617,"NO","MULTIDATASET_LOW_EXPRESSION",0.757154882154882,0.712542087542088,0.0446127946127946,"NO_LARGE_CONTEXT_SHIFT","GSE182158 2/2 plus GSE199071 >=3/4 donor support; CPM>=1 and expressing fraction>=0.10","DESCRIPTIVE_ONLY_NOT_CAUSAL_NOT_REQUIRED_FOR_ROBUSTNESS","results/03_phase3/baseline/baseline_ligand_expression_by_donor.csv|config/phase3_analysis.json"
"NPY",0,0,0,0,0,0.212228471587927,0.232346902515309,0.00332016919004619,0.000732260030222125,0.545454545454545,0.539365210222589,0.367974889144063,"NO","NOT_RELIABLY_EXPRESSED",0.545454545454545,0.370791245791246,0.1746632996633,"NO_LARGE_CONTEXT_SHIFT","GSE182158 2/2 plus GSE199071 >=3/4 donor support; CPM>=1 and expressing fraction>=0.10","DESCRIPTIVE_ONLY_NOT_CAUSAL_NOT_REQUIRED_FOR_ROBUSTNESS","results/03_phase3/baseline/baseline_ligand_expression_by_donor.csv|config/phase3_analysis.json"
"NRG1",0,4,4,2,4,1.27189520875983,27.4662469634014,0.0254436510510221,0.304026502299121,0.677188552188552,0.85325638911789,2.09399591200617,"YES","MULTIDATASET_LOW_EXPRESSION",0.677188552188552,0.765572390572391,-0.0883838383838384,"NO_LARGE_CONTEXT_SHIFT","GSE182158 2/2 plus GSE199071 >=3/4 donor support; CPM>=1 and expressing fraction>=0.10","DESCRIPTIVE_ONLY_NOT_CAUSAL_NOT_REQUIRED_FOR_ROBUSTNESS","results/03_phase3/baseline/baseline_ligand_expression_by_donor.csv|config/phase3_analysis.json"
"NRG2",0,0,0,0,0,0.0569636533151715,0.0605301324734114,0.00144580707947217,0.00100406533263828,0.456860269360269,0.475061830173125,0.0846217608665362,"NO","NOT_RELIABLY_EXPRESSED",0.456860269360269,0.575757575757576,-0.118897306397306,"NO_LARGE_CONTEXT_SHIFT","GSE182158 2/2 plus GSE199071 >=3/4 donor support; CPM>=1 and expressing fraction>=0.10","DESCRIPTIVE_ONLY_NOT_CAUSAL_NOT_REQUIRED_FOR_ROBUSTNESS","results/03_phase3/baseline/baseline_ligand_expression_by_donor.csv|config/phase3_analysis.json"
"NRG3",0,0,0,0,0,0.0406708381167831,0,0.00103529722483175,0,0.420454545454545,0.199505358615004,0.0334112219258824,"NO","NOT_RELIABLY_EXPRESSED",0.420454545454545,0.28956228956229,0.130892255892256,"NO_LARGE_CONTEXT_SHIFT","GSE182158 2/2 plus GSE199071 >=3/4 donor support; CPM>=1 and expressing fraction>=0.10","DESCRIPTIVE_ONLY_NOT_CAUSAL_NOT_REQUIRED_FOR_ROBUSTNESS","results/03_phase3/baseline/baseline_ligand_expression_by_donor.csv|config/phase3_analysis.json"
"NRG4",0,0,0,0,0,0.209983651494287,0.12823178556142,0.00513868040488059,0.00206690966227785,0.566287878787879,0.534830997526793,0.0648387293107173,"NO","NOT_RELIABLY_EXPRESSED",0.566287878787879,0.455387205387205,0.110900673400673,"NO_LARGE_CONTEXT_SHIFT","GSE182158 2/2 plus GSE199071 >=3/4 donor support; CPM>=1 and expressing fraction>=0.10","DESCRIPTIVE_ONLY_NOT_CAUSAL_NOT_REQUIRED_FOR_ROBUSTNESS","results/03_phase3/baseline/baseline_ligand_expression_by_donor.csv|config/phase3_analysis.json"
"NRP1",2,4,6,2,4,50.7446456224039,82.6676737837162,0.673794177051598,0.66528022442893,0.903198653198653,0.917559769167354,0.445147710335346,"NO","ROBUST_BASELINE_SENDER",0.903198653198653,0.899410774410774,0.00378787878787867,"NO_LARGE_CONTEXT_SHIFT","GSE182158 2/2 plus GSE199071 >=3/4 donor support; CPM>=1 and expressing fraction>=0.10","DESCRIPTIVE_ONLY_NOT_CAUSAL_NOT_REQUIRED_FOR_ROBUSTNESS","results/03_phase3/baseline/baseline_ligand_expression_by_donor.csv|config/phase3_analysis.json"
"NRTN",0,0,0,0,0,0.308225791621162,0.195275827152558,0.00769340616357001,0.00315711563525028,0.590909090909091,0.564303380049464,0.163470771606524,"NO","NOT_RELIABLY_EXPRESSED",0.590909090909091,0.496212121212121,0.0946969696969697,"NO_LARGE_CONTEXT_SHIFT","GSE182158 2/2 plus GSE199071 >=3/4 donor support; CPM>=1 and expressing fraction>=0.10","DESCRIPTIVE_ONLY_NOT_CAUSAL_NOT_REQUIRED_FOR_ROBUSTNESS","results/03_phase3/baseline/baseline_ligand_expression_by_donor.csv|config/phase3_analysis.json"
"NRXN1",0,0,0,0,0,0.0523429131756025,0.0269890278825616,0.00133952600487435,0.000408374086730623,0.437710437710438,0.420032976092333,0.0595973442984726,"NO","NOT_RELIABLY_EXPRESSED",0.437710437710438,0.457491582491583,-0.0197811447811448,"NO_LARGE_CONTEXT_SHIFT","GSE182158 2/2 plus GSE199071 >=3/4 donor support; CPM>=1 and expressing fraction>=0.10","DESCRIPTIVE_ONLY_NOT_CAUSAL_NOT_REQUIRED_FOR_ROBUSTNESS","results/03_phase3/baseline/baseline_ligand_expression_by_donor.csv|config/phase3_analysis.json"
"NRXN2",0,0,0,0,0,0.152775198662365,0,0.00385816141064088,0,0.544823232323232,0.199505358615004,0.109694389634276,"NO","NOT_RELIABLY_EXPRESSED",0.544823232323232,0.6746632996633,-0.129840067340067,"NO_LARGE_CONTEXT_SHIFT","GSE182158 2/2 plus GSE199071 >=3/4 donor support; CPM>=1 and expressing fraction>=0.10","DESCRIPTIVE_ONLY_NOT_CAUSAL_NOT_REQUIRED_FOR_ROBUSTNESS","results/03_phase3/baseline/baseline_ligand_expression_by_donor.csv|config/phase3_analysis.json"
"NRXN3",0,4,4,2,4,1.47709844601025,16.563602412203,0.033241965200112,0.196865180703783,0.676557239057239,0.81244847485573,1.62622762199862,"NO","MULTIDATASET_LOW_EXPRESSION",0.676557239057239,0.5496632996633,0.126893939393939,"NO_LARGE_CONTEXT_SHIFT","GSE182158 2/2 plus GSE199071 >=3/4 donor support; CPM>=1 and expressing fraction>=0.10","DESCRIPTIVE_ONLY_NOT_CAUSAL_NOT_REQUIRED_FOR_ROBUSTNESS","results/03_phase3/baseline/baseline_ligand_expression_by_donor.csv|config/phase3_analysis.json"
"NT5E",2,4,6,2,4,16.1801617023309,165.813487135777,0.285280182607315,0.824552095931759,0.823232323232323,0.953009068425392,2.01408883423299,"YES","ROBUST_BASELINE_SENDER",0.823232323232323,0.925505050505051,-0.102272727272727,"NO_LARGE_CONTEXT_SHIFT","GSE182158 2/2 plus GSE199071 >=3/4 donor support; CPM>=1 and expressing fraction>=0.10","DESCRIPTIVE_ONLY_NOT_CAUSAL_NOT_REQUIRED_FOR_ROBUSTNESS","results/03_phase3/baseline/baseline_ligand_expression_by_donor.csv|config/phase3_analysis.json"
"NTF3",0,4,4,1,4,1.11865651164571,23.0200798944607,0.0244823175578532,0.303255822002484,0.637415824915825,0.838829348722177,1.93626441819319,"NO","MULTIDATASET_LOW_EXPRESSION",0.637415824915825,0.546717171717172,0.0906986531986532,"NO_LARGE_CONTEXT_SHIFT","GSE182158 2/2 plus GSE199071 >=3/4 donor support; CPM>=1 and expressing fraction>=0.10","DESCRIPTIVE_ONLY_NOT_CAUSAL_NOT_REQUIRED_FOR_ROBUSTNESS","results/03_phase3/baseline/baseline_ligand_expression_by_donor.csv|config/phase3_analysis.json"
"NTF4",0,0,0,0,0,0.106875971711093,0,0.00259225686015203,0,0.517676767676768,0.199505358615004,0.0775639717088277,"NO","NOT_RELIABLY_EXPRESSED",0.517676767676768,0.134259259259259,0.383417508417508,"UC_HIGHER_CONTEXT","GSE182158 2/2 plus GSE199071 >=3/4 donor support; CPM>=1 and expressing fraction>=0.10","DESCRIPTIVE_ONLY_NOT_CAUSAL_NOT_REQUIRED_FOR_ROBUSTNESS","results/03_phase3/baseline/baseline_ligand_expression_by_donor.csv|config/phase3_analysis.json"
"NTM",0,4,4,2,4,2.13091360032295,35.5906096717918,0.0457776436263116,0.396427207919938,0.681397306397306,0.873866446826051,1.90982952801665,"YES","MULTIDATASET_LOW_EXPRESSION",0.681397306397306,0.88510101010101,-0.203703703703704,"NO_LARGE_CONTEXT_SHIFT","GSE182158 2/2 plus GSE199071 >=3/4 donor support; CPM>=1 and expressing fraction>=0.10","DESCRIPTIVE_ONLY_NOT_CAUSAL_NOT_REQUIRED_FOR_ROBUSTNESS","results/03_phase3/baseline/baseline_ligand_expression_by_donor.csv|config/phase3_analysis.json"
"NTN1",0,0,0,0,0,0.0273572415622874,0.0308343532363152,0.000691821976971266,0.000508712961711231,0.380260942760943,0.409934047815334,0.0363088623786889,"NO","NOT_RELIABLY_EXPRESSED",0.380260942760943,0.462542087542088,-0.0822811447811448,"NO_LARGE_CONTEXT_SHIFT","GSE182158 2/2 plus GSE199071 >=3/4 donor support; CPM>=1 and expressing fraction>=0.10","DESCRIPTIVE_ONLY_NOT_CAUSAL_NOT_REQUIRED_FOR_ROBUSTNESS","results/03_phase3/baseline/baseline_ligand_expression_by_donor.csv|config/phase3_analysis.json"
"NTN3",0,0,0,0,0,0.00164152149567638,0,3.92464678178964e-05,0,0.099537037037037,0.199505358615004,0.00193047220564663,"NO","NOT_RELIABLY_EXPRESSED",0.099537037037037,0.131734006734007,-0.0321969696969697,"NO_LARGE_CONTEXT_SHIFT","GSE182158 2/2 plus GSE199071 >=3/4 donor support; CPM>=1 and expressing fraction>=0.10","DESCRIPTIVE_ONLY_NOT_CAUSAL_NOT_REQUIRED_FOR_ROBUSTNESS","results/03_phase3/baseline/baseline_ligand_expression_by_donor.csv|config/phase3_analysis.json"
"NTN4",0,3,3,0,4,0.18809959828324,22.6151082626919,0.00462991707178764,0.232288851300796,0.562289562289562,0.83800494641385,2.22428795230311,"YES","DATASET_SPECIFIC",0.562289562289562,0.736111111111111,-0.173821548821549,"NO_LARGE_CONTEXT_SHIFT","GSE182158 2/2 plus GSE199071 >=3/4 donor support; CPM>=1 and expressing fraction>=0.10","DESCRIPTIVE_ONLY_NOT_CAUSAL_NOT_REQUIRED_FOR_ROBUSTNESS","results/03_phase3/baseline/baseline_ligand_expression_by_donor.csv|config/phase3_analysis.json"
"NTNG1",0,0,0,0,1,0.0162928151983883,0.268273146803152,0.000410509854640412,0.00405869497346238,0.316287878787879,0.412201154163232,0.597845724566354,"YES","NOT_RELIABLY_EXPRESSED",0.316287878787879,0.757996632996633,-0.441708754208754,"UC_LOWER_CONTEXT","GSE182158 2/2 plus GSE199071 >=3/4 donor support; CPM>=1 and expressing fraction>=0.10","DESCRIPTIVE_ONLY_NOT_CAUSAL_NOT_REQUIRED_FOR_ROBUSTNESS","results/03_phase3/baseline/baseline_ligand_expression_by_donor.csv|config/phase3_analysis.json"
"NTNG2",0,0,0,1,0,0.328345923578158,0.258619760050402,0.00824800281208643,0.00453079888326031,0.59006734006734,0.583264633140973,0.104125860310503,"NO","NOT_RELIABLY_EXPRESSED",0.59006734006734,0.555555555555556,0.0345117845117845,"NO_LARGE_CONTEXT_SHIFT","GSE182158 2/2 plus GSE199071 >=3/4 donor support; CPM>=1 and expressing fraction>=0.10","DESCRIPTIVE_ONLY_NOT_CAUSAL_NOT_REQUIRED_FOR_ROBUSTNESS","results/03_phase3/baseline/baseline_ligand_expression_by_donor.csv|config/phase3_analysis.json"
"NTS",0,0,0,0,0,0.00164152149567638,0.0103181979539674,3.92464678178964e-05,0.000156103652825476,0.099537037037037,0.294723825226711,0.120203040926557,"YES","NOT_RELIABLY_EXPRESSED",0.099537037037037,0.331228956228956,-0.231691919191919,"NO_LARGE_CONTEXT_SHIFT","GSE182158 2/2 plus GSE199071 >=3/4 donor support; CPM>=1 and expressing fraction>=0.10","DESCRIPTIVE_ONLY_NOT_CAUSAL_NOT_REQUIRED_FOR_ROBUSTNESS","results/03_phase3/baseline/baseline_ligand_expression_by_donor.csv|config/phase3_analysis.json"
"NUCB2",2,4,6,2,4,202.214465023589,166.146775815991,0.962356046535063,0.844052332297621,0.951178451178451,0.950535861500412,0.272297519225776,"NO","ROBUST_BASELINE_SENDER",0.951178451178451,0.946548821548822,0.00462962962962954,"NO_LARGE_CONTEXT_SHIFT","GSE182158 2/2 plus GSE199071 >=3/4 donor support; CPM>=1 and expressing fraction>=0.10","DESCRIPTIVE_ONLY_NOT_CAUSAL_NOT_REQUIRED_FOR_ROBUSTNESS","results/03_phase3/baseline/baseline_ligand_expression_by_donor.csv|config/phase3_analysis.json"
"NXPH1",0,0,0,0,0,0.00389069168627313,0,0.000101409593347531,0,0.13510101010101,0.199505358615004,0.00456532261990384,"NO","NOT_RELIABLY_EXPRESSED",0.13510101010101,0.1746632996633,-0.0395622895622896,"NO_LARGE_CONTEXT_SHIFT","GSE182158 2/2 plus GSE199071 >=3/4 donor support; CPM>=1 and expressing fraction>=0.10","DESCRIPTIVE_ONLY_NOT_CAUSAL_NOT_REQUIRED_FOR_ROBUSTNESS","results/03_phase3/baseline/baseline_ligand_expression_by_donor.csv|config/phase3_analysis.json"
"NXPH2",0,0,0,0,0,0.00389069168627313,0,0.000101409593347531,0,0.13510101010101,0.204451772464963,0.147865403588483,"NO","NOT_RELIABLY_EXPRESSED",0.13510101010101,0.307239057239057,-0.172138047138047,"NO_LARGE_CONTEXT_SHIFT","GSE182158 2/2 plus GSE199071 >=3/4 donor support; CPM>=1 and expressing fraction>=0.10","DESCRIPTIVE_ONLY_NOT_CAUSAL_NOT_REQUIRED_FOR_ROBUSTNESS","results/03_phase3/baseline/baseline_ligand_expression_by_donor.csv|config/phase3_analysis.json"
"NXPH3",0,0,0,0,0,0.0238927739818499,0.375959989491744,0.000583825536018156,0.00656736213889746,0.345749158249158,0.604699093157461,0.239638493390087,"NO","NOT_RELIABLY_EXPRESSED",0.345749158249158,0.557239057239057,-0.211489898989899,"NO_LARGE_CONTEXT_SHIFT","GSE182158 2/2 plus GSE199071 >=3/4 donor support; CPM>=1 and expressing fraction>=0.10","DESCRIPTIVE_ONLY_NOT_CAUSAL_NOT_REQUIRED_FOR_ROBUSTNESS","results/03_phase3/baseline/baseline_ligand_expression_by_donor.csv|config/phase3_analysis.json"
"NYX",0,0,0,0,0,0.00194534584313656,0,5.07047966737653e-05,0,0.100589225589226,0.199505358615004,0.00228708467680247,"NO","NOT_RELIABLY_EXPRESSED",0.100589225589226,0.187710437710438,-0.0871212121212121,"NO_LARGE_CONTEXT_SHIFT","GSE182158 2/2 plus GSE199071 >=3/4 donor support; CPM>=1 and expressing fraction>=0.10","DESCRIPTIVE_ONLY_NOT_CAUSAL_NOT_REQUIRED_FOR_ROBUSTNESS","results/03_phase3/baseline/baseline_ligand_expression_by_donor.csv|config/phase3_analysis.json"
"OBP2A",0,0,0,0,0,0.00747755902508607,0,0.000191360857839192,0,0.204124579124579,0.199505358615004,0.00672035901807528,"NO","NOT_RELIABLY_EXPRESSED",0.204124579124579,0.131734006734007,0.0723905723905724,"NO_LARGE_CONTEXT_SHIFT","GSE182158 2/2 plus GSE199071 >=3/4 donor support; CPM>=1 and expressing fraction>=0.10","DESCRIPTIVE_ONLY_NOT_CAUSAL_NOT_REQUIRED_FOR_ROBUSTNESS","results/03_phase3/baseline/baseline_ligand_expression_by_donor.csv|config/phase3_analysis.json"
"OCLN",0,0,0,1,3,0.431879827467188,0.71808725817858,0.0108156276481714,0.0124534444857718,0.611742424242424,0.636026380873866,0.282388547540502,"NO","MULTIDATASET_LOW_EXPRESSION",0.611742424242424,0.554292929292929,0.057449494949495,"NO_LARGE_CONTEXT_SHIFT","GSE182158 2/2 plus GSE199071 >=3/4 donor support; CPM>=1 and expressing fraction>=0.10","DESCRIPTIVE_ONLY_NOT_CAUSAL_NOT_REQUIRED_FOR_ROBUSTNESS","results/03_phase3/baseline/baseline_ligand_expression_by_donor.csv|config/phase3_analysis.json"
"OGN",0,0,0,0,0,0.19678810460121,0.0205161552823478,0.00487884419172176,0.000352609308885755,0.553030303030303,0.332028029678483,0.137850742793481,"YES","NOT_RELIABLY_EXPRESSED",0.553030303030303,0.591750841750842,-0.0387205387205388,"NO_LARGE_CONTEXT_SHIFT","GSE182158 2/2 plus GSE199071 >=3/4 donor support; CPM>=1 and expressing fraction>=0.10","DESCRIPTIVE_ONLY_NOT_CAUSAL_NOT_REQUIRED_FOR_ROBUSTNESS","results/03_phase3/baseline/baseline_ligand_expression_by_donor.csv|config/phase3_analysis.json"
"OLFM2",0,0,0,1,0,0.498439110045753,0.138938550353972,0.0119594705495875,0.00229912114947286,0.595328282828283,0.542662819455894,0.333138698939238,"NO","NOT_RELIABLY_EXPRESSED",0.595328282828283,0.838804713804714,-0.243476430976431,"NO_LARGE_CONTEXT_SHIFT","GSE182158 2/2 plus GSE199071 >=3/4 donor support; CPM>=1 and expressing fraction>=0.10","DESCRIPTIVE_ONLY_NOT_CAUSAL_NOT_REQUIRED_FOR_ROBUSTNESS","results/03_phase3/baseline/baseline_ligand_expression_by_donor.csv|config/phase3_analysis.json"
"OMG",0,0,0,1,0,0.473094939351225,0.0205161552823478,0.0104200068550975,0.000352609308885755,0.617213804713805,0.319661995053586,0.290355937350282,"YES","NOT_RELIABLY_EXPRESSED",0.617213804713805,0.472222222222222,0.144991582491583,"NO_LARGE_CONTEXT_SHIFT","GSE182158 2/2 plus GSE199071 >=3/4 donor support; CPM>=1 and expressing fraction>=0.10","DESCRIPTIVE_ONLY_NOT_CAUSAL_NOT_REQUIRED_FOR_ROBUSTNESS","results/03_phase3/baseline/baseline_ligand_expression_by_donor.csv|config/phase3_analysis.json"
"OPCML",0,0,0,0,2,0.0215212040328777,0.340451099632965,0.00053970758694997,0.0060696578974137,0.35479797979798,0.582234130255565,0.318424574883546,"NO","NOT_RELIABLY_EXPRESSED",0.35479797979798,0.400252525252525,-0.0454545454545455,"NO_LARGE_CONTEXT_SHIFT","GSE182158 2/2 plus GSE199071 >=3/4 donor support; CPM>=1 and expressing fraction>=0.10","DESCRIPTIVE_ONLY_NOT_CAUSAL_NOT_REQUIRED_FOR_ROBUSTNESS","results/03_phase3/baseline/baseline_ligand_expression_by_donor.csv|config/phase3_analysis.json"
"ORM1",0,0,0,0,0,0.0999426864532606,0,0.00243870172159103,0,0.427819865319865,0.199505358615004,0.0995936166339776,"NO","NOT_RELIABLY_EXPRESSED",0.427819865319865,0.134259259259259,0.293560606060606,"UC_HIGHER_CONTEXT","GSE182158 2/2 plus GSE199071 >=3/4 donor support; CPM>=1 and expressing fraction>=0.10","DESCRIPTIVE_ONLY_NOT_CAUSAL_NOT_REQUIRED_FOR_ROBUSTNESS","results/03_phase3/baseline/baseline_ligand_expression_by_donor.csv|config/phase3_analysis.json"
"OSM",0,0,0,0,0,0.0107606020164388,0,0.000269853793474985,0,0.265151515151515,0.199505358615004,0.00801591035801151,"NO","NOT_RELIABLY_EXPRESSED",0.265151515151515,0.11952861952862,0.145622895622896,"NO_LARGE_CONTEXT_SHIFT","GSE182158 2/2 plus GSE199071 >=3/4 donor support; CPM>=1 and expressing fraction>=0.10","DESCRIPTIVE_ONLY_NOT_CAUSAL_NOT_REQUIRED_FOR_ROBUSTNESS","results/03_phase3/baseline/baseline_ligand_expression_by_donor.csv|config/phase3_analysis.json"
"OSTN",0,0,0,1,0,0.937779096150199,0,0.0117961724485259,0,0.528619528619529,0.204451772464963,0.608067999927203,"NO","NOT_RELIABLY_EXPRESSED",0.528619528619529,0.341329966329966,0.187289562289562,"NO_LARGE_CONTEXT_SHIFT","GSE182158 2/2 plus GSE199071 >=3/4 donor support; CPM>=1 and expressing fraction>=0.10","DESCRIPTIVE_ONLY_NOT_CAUSAL_NOT_REQUIRED_FOR_ROBUSTNESS","results/03_phase3/baseline/baseline_ligand_expression_by_donor.csv|config/phase3_analysis.json"
"OXT",0,0,0,2,1,1.51006244944634,0.284174042758923,0.0364978459615341,0.00429978139187751,0.688131313131313,0.590272052761748,0.516331216584699,"NO","MULTIDATASET_LOW_EXPRESSION",0.688131313131313,0.64520202020202,0.0429292929292929,"NO_LARGE_CONTEXT_SHIFT","GSE182158 2/2 plus GSE199071 >=3/4 donor support; CPM>=1 and expressing fraction>=0.10","DESCRIPTIVE_ONLY_NOT_CAUSAL_NOT_REQUIRED_FOR_ROBUSTNESS","results/03_phase3/baseline/baseline_ligand_expression_by_donor.csv|config/phase3_analysis.json"
"PAEP",0,0,0,0,0,0.00389069168627313,0,0.000101409593347531,0,0.13510101010101,0.199505358615004,0.00456532261990384,"NO","NOT_RELIABLY_EXPRESSED",0.13510101010101,0.134259259259259,0.00084175084175081,"NO_LARGE_CONTEXT_SHIFT","GSE182158 2/2 plus GSE199071 >=3/4 donor support; CPM>=1 and expressing fraction>=0.10","DESCRIPTIVE_ONLY_NOT_CAUSAL_NOT_REQUIRED_FOR_ROBUSTNESS","results/03_phase3/baseline/baseline_ligand_expression_by_donor.csv|config/phase3_analysis.json"
"PAM",2,4,6,2,4,27.9670804879636,18.1861830402426,0.477150496294092,0.262380133848511,0.87037037037037,0.824402308326463,0.353740139425197,"NO","ROBUST_BASELINE_SENDER",0.87037037037037,0.907828282828283,-0.0374579124579124,"NO_LARGE_CONTEXT_SHIFT","GSE182158 2/2 plus GSE199071 >=3/4 donor support; CPM>=1 and expressing fraction>=0.10","DESCRIPTIVE_ONLY_NOT_CAUSAL_NOT_REQUIRED_FOR_ROBUSTNESS","results/03_phase3/baseline/baseline_ligand_expression_by_donor.csv|config/phase3_analysis.json"
"PAPLN",0,0,0,2,0,2.15758489144509,0.35904362908929,0.051611099144673,0.00622672224288591,0.710016835016835,0.591714756801319,0.660496093140957,"NO","NOT_RELIABLY_EXPRESSED",0.710016835016835,0.570707070707071,0.139309764309764,"NO_LARGE_CONTEXT_SHIFT","GSE182158 2/2 plus GSE199071 >=3/4 donor support; CPM>=1 and expressing fraction>=0.10","DESCRIPTIVE_ONLY_NOT_CAUSAL_NOT_REQUIRED_FOR_ROBUSTNESS","results/03_phase3/baseline/baseline_ligand_expression_by_donor.csv|config/phase3_analysis.json"
"PATJ",0,0,0,0,4,,2.10309123465343,,0.0313584829812364,,0.703627370156637,0.207458123032117,"NO","NOT_RELIABLY_EXPRESSED",,,,"NO_LARGE_CONTEXT_SHIFT","GSE182158 2/2 plus GSE199071 >=3/4 donor support; CPM>=1 and expressing fraction>=0.10","DESCRIPTIVE_ONLY_NOT_CAUSAL_NOT_REQUIRED_FOR_ROBUSTNESS","results/03_phase3/baseline/baseline_ligand_expression_by_donor.csv|config/phase3_analysis.json"
"PCDH15",0,0,0,0,0,0.166206844878279,0,0.0042967340220589,0,0.495580808080808,0.211871393239901,0.149392331517306,"NO","NOT_RELIABLY_EXPRESSED",0.495580808080808,0.380892255892256,0.114688552188552,"NO_LARGE_CONTEXT_SHIFT","GSE182158 2/2 plus GSE199071 >=3/4 donor support; CPM>=1 and expressing fraction>=0.10","DESCRIPTIVE_ONLY_NOT_CAUSAL_NOT_REQUIRED_FOR_ROBUSTNESS","results/03_phase3/baseline/baseline_ligand_expression_by_donor.csv|config/phase3_analysis.json"
"PCDHA1",0,0,0,0,0,0.00851143182584209,0,0.000207690667945351,0,0.22790404040404,0.199505358615004,0.00756624701105444,"NO","NOT_RELIABLY_EXPRESSED",0.22790404040404,0.197811447811448,0.0300925925925926,"NO_LARGE_CONTEXT_SHIFT","GSE182158 2/2 plus GSE199071 >=3/4 donor support; CPM>=1 and expressing fraction>=0.10","DESCRIPTIVE_ONLY_NOT_CAUSAL_NOT_REQUIRED_FOR_ROBUSTNESS","results/03_phase3/baseline/baseline_ligand_expression_by_donor.csv|config/phase3_analysis.json"
"PCDHA10",0,0,0,0,0,0.0227365014227184,0.0103181979539674,0.000585540902373446,0.000156103652825476,0.315656565656566,0.294723825226711,0.0256404557275772,"NO","NOT_RELIABLY_EXPRESSED",0.315656565656566,0.472222222222222,-0.156565656565657,"NO_LARGE_CONTEXT_SHIFT","GSE182158 2/2 plus GSE199071 >=3/4 donor support; CPM>=1 and expressing fraction>=0.10","DESCRIPTIVE_ONLY_NOT_CAUSAL_NOT_REQUIRED_FOR_ROBUSTNESS","results/03_phase3/baseline/baseline_ligand_expression_by_donor.csv|config/phase3_analysis.json"
"PCDHA11",0,0,0,0,0,0.00747755902508607,0,0.000191360857839192,0,0.204124579124579,0.199505358615004,0.00672035901807528,"NO","NOT_RELIABLY_EXPRESSED",0.204124579124579,0.178030303030303,0.0260942760942761,"NO_LARGE_CONTEXT_SHIFT","GSE182158 2/2 plus GSE199071 >=3/4 donor support; CPM>=1 and expressing fraction>=0.10","DESCRIPTIVE_ONLY_NOT_CAUSAL_NOT_REQUIRED_FOR_ROBUSTNESS","results/03_phase3/baseline/baseline_ligand_expression_by_donor.csv|config/phase3_analysis.json"
"PCDHA12",0,0,0,0,0,0.0149551180501721,0,0.000382721715678385,0,0.282617845117845,0.199505358615004,0.0133649629345163,"NO","NOT_RELIABLY_EXPRESSED",0.282617845117845,0.402777777777778,-0.120159932659933,"NO_LARGE_CONTEXT_SHIFT","GSE182158 2/2 plus GSE199071 >=3/4 donor support; CPM>=1 and expressing fraction>=0.10","DESCRIPTIVE_ONLY_NOT_CAUSAL_NOT_REQUIRED_FOR_ROBUSTNESS","results/03_phase3/baseline/baseline_ligand_expression_by_donor.csv|config/phase3_analysis.json"
"PCDHA13",0,0,0,0,0,0.00778138337254625,0,0.000202819186695061,0,0.174873737373737,0.199505358615004,0.00909553022770131,"NO","NOT_RELIABLY_EXPRESSED",0.174873737373737,0.11952861952862,0.0553451178451179,"NO_LARGE_CONTEXT_SHIFT","GSE182158 2/2 plus GSE199071 >=3/4 donor support; CPM>=1 and expressing fraction>=0.10","DESCRIPTIVE_ONLY_NOT_CAUSAL_NOT_REQUIRED_FOR_ROBUSTNESS","results/03_phase3/baseline/baseline_ligand_expression_by_donor.csv|config/phase3_analysis.json"
"PCDHA2",0,0,0,0,0,0.00389069168627313,0,0.000101409593347531,0,0.13510101010101,0.199505358615004,0.00456532261990384,"NO","NOT_RELIABLY_EXPRESSED",0.13510101010101,0.11952861952862,0.0155723905723906,"NO_LARGE_CONTEXT_SHIFT","GSE182158 2/2 plus GSE199071 >=3/4 donor support; CPM>=1 and expressing fraction>=0.10","DESCRIPTIVE_ONLY_NOT_CAUSAL_NOT_REQUIRED_FOR_ROBUSTNESS","results/03_phase3/baseline/baseline_ligand_expression_by_donor.csv|config/phase3_analysis.json"
"PCDHA3",0,0,0,0,0,0.0354424492822938,0,0.000906099492522197,0,0.393308080808081,0.211871393239901,0.0328616863574204,"NO","NOT_RELIABLY_EXPRESSED",0.393308080808081,0.424242424242424,-0.0309343434343435,"NO_LARGE_CONTEXT_SHIFT","GSE182158 2/2 plus GSE199071 >=3/4 donor support; CPM>=1 and expressing fraction>=0.10","DESCRIPTIVE_ONLY_NOT_CAUSAL_NOT_REQUIRED_FOR_ROBUSTNESS","results/03_phase3/baseline/baseline_ligand_expression_by_donor.csv|config/phase3_analysis.json"
"PCDHA4",0,0,0,0,0,0.0270534172148272,0,0.000680363648115397,0,0.386153198653199,0.211871393239901,0.0200453300482374,"NO","NOT_RELIABLY_EXPRESSED",0.386153198653199,0.336700336700337,0.0494528619528619,"NO_LARGE_CONTEXT_SHIFT","GSE182158 2/2 plus GSE199071 >=3/4 donor support; CPM>=1 and expressing fraction>=0.10","DESCRIPTIVE_ONLY_NOT_CAUSAL_NOT_REQUIRED_FOR_ROBUSTNESS","results/03_phase3/baseline/baseline_ligand_expression_by_donor.csv|config/phase3_analysis.json"
"PCDHA5",0,0,0,0,0,0.00881525617330227,0,0.00021914899680122,0,0.242003367003367,0.199505358615004,0.00660476797910502,"NO","NOT_RELIABLY_EXPRESSED",0.242003367003367,0.288299663299663,-0.0462962962962963,"NO_LARGE_CONTEXT_SHIFT","GSE182158 2/2 plus GSE199071 >=3/4 donor support; CPM>=1 and expressing fraction>=0.10","DESCRIPTIVE_ONLY_NOT_CAUSAL_NOT_REQUIRED_FOR_ROBUSTNESS","results/03_phase3/baseline/baseline_ligand_expression_by_donor.csv|config/phase3_analysis.json"
"PCDHA6",0,0,0,0,0,0.0309441089011003,0,0.000781773241462928,0,0.400673400673401,0.199505358615004,0.0237514778955232,"NO","NOT_RELIABLY_EXPRESSED",0.400673400673401,0.316498316498317,0.0841750841750842,"NO_LARGE_CONTEXT_SHIFT","GSE182158 2/2 plus GSE199071 >=3/4 donor support; CPM>=1 and expressing fraction>=0.10","DESCRIPTIVE_ONLY_NOT_CAUSAL_NOT_REQUIRED_FOR_ROBUSTNESS","results/03_phase3/baseline/baseline_ligand_expression_by_donor.csv|config/phase3_analysis.json"
"PCDHA7",0,0,0,0,0,0.0308217091427248,0.0103181979539674,0.000698408824576846,0.000156103652825476,0.300084175084175,0.294723825226711,0.0343636086035773,"NO","NOT_RELIABLY_EXPRESSED",0.300084175084175,0.392255892255892,-0.0921717171717172,"NO_LARGE_CONTEXT_SHIFT","GSE182158 2/2 plus GSE199071 >=3/4 donor support; CPM>=1 and expressing fraction>=0.10","DESCRIPTIVE_ONLY_NOT_CAUSAL_NOT_REQUIRED_FOR_ROBUSTNESS","results/03_phase3/baseline/baseline_ligand_expression_by_donor.csv|config/phase3_analysis.json"
"PCDHA8",0,0,0,0,0,0,0,0,0,0.0536616161616162,0.199505358615004,0,"NO","NOT_RELIABLY_EXPRESSED",0.0536616161616162,0.0500841750841751,0.00357744107744108,"NO_LARGE_CONTEXT_SHIFT","GSE182158 2/2 plus GSE199071 >=3/4 donor support; CPM>=1 and expressing fraction>=0.10","DESCRIPTIVE_ONLY_NOT_CAUSAL_NOT_REQUIRED_FOR_ROBUSTNESS","results/03_phase3/baseline/baseline_ligand_expression_by_donor.csv|config/phase3_analysis.json"
"PCDHA9",0,0,0,0,0,0.0370839707779702,0.0103181979539674,0.000894641163666328,0.000156103652825476,0.404040404040404,0.289777411376752,0.0292135701821429,"NO","NOT_RELIABLY_EXPRESSED",0.404040404040404,0.365740740740741,0.0382996632996633,"NO_LARGE_CONTEXT_SHIFT","GSE182158 2/2 plus GSE199071 >=3/4 donor support; CPM>=1 and expressing fraction>=0.10","DESCRIPTIVE_ONLY_NOT_CAUSAL_NOT_REQUIRED_FOR_ROBUSTNESS","results/03_phase3/baseline/baseline_ligand_expression_by_donor.csv|config/phase3_analysis.json"
"PCDHB3",0,0,0,0,0,0.0136174209019559,0,0.000354933576716357,0,0.211910774410774,0.204451772464963,0.0257194025585206,"NO","NOT_RELIABLY_EXPRESSED",0.211910774410774,0.468013468013468,-0.256102693602694,"UC_LOWER_CONTEXT","GSE182158 2/2 plus GSE199071 >=3/4 donor support; CPM>=1 and expressing fraction>=0.10","DESCRIPTIVE_ONLY_NOT_CAUSAL_NOT_REQUIRED_FOR_ROBUSTNESS","results/03_phase3/baseline/baseline_ligand_expression_by_donor.csv|config/phase3_analysis.json"
"PCDHGB6",0,0,0,2,4,1.71894015301829,1.06208171936264,0.0415047217548413,0.0159819902393758,0.694444444444445,0.662201154163232,0.309946408889892,"NO","MULTIDATASET_LOW_EXPRESSION",0.694444444444445,0.679292929292929,0.0151515151515151,"NO_LARGE_CONTEXT_SHIFT","GSE182158 2/2 plus GSE199071 >=3/4 donor support; CPM>=1 and expressing fraction>=0.10","DESCRIPTIVE_ONLY_NOT_CAUSAL_NOT_REQUIRED_FOR_ROBUSTNESS","results/03_phase3/baseline/baseline_ligand_expression_by_donor.csv|config/phase3_analysis.json"
"PCSK9",0,0,0,1,0,0.356509638812278,0,0.00823716137832353,0,0.57723063973064,0.211871393239901,0.268080333139192,"NO","NOT_RELIABLY_EXPRESSED",0.57723063973064,0.481481481481482,0.0957491582491583,"NO_LARGE_CONTEXT_SHIFT","GSE182158 2/2 plus GSE199071 >=3/4 donor support; CPM>=1 and expressing fraction>=0.10","DESCRIPTIVE_ONLY_NOT_CAUSAL_NOT_REQUIRED_FOR_ROBUSTNESS","results/03_phase3/baseline/baseline_ligand_expression_by_donor.csv|config/phase3_analysis.json"
"PDCD1LG2",0,4,4,2,4,2.3448885927771,13.097768905622,0.0542636644651074,0.181612398813348,0.707070707070707,0.798845836768343,1.19153548864549,"NO","MULTIDATASET_LOW_EXPRESSION",0.707070707070707,0.708333333333333,-0.0012626262626263,"NO_LARGE_CONTEXT_SHIFT","GSE182158 2/2 plus GSE199071 >=3/4 donor support; CPM>=1 and expressing fraction>=0.10","DESCRIPTIVE_ONLY_NOT_CAUSAL_NOT_REQUIRED_FOR_ROBUSTNESS","results/03_phase3/baseline/baseline_ligand_expression_by_donor.csv|config/phase3_analysis.json"
"PDGFA",1,4,5,2,4,5.25855257030034,15.2749086739091,0.114625902079725,0.202919294502936,0.759259259259259,0.806471558120363,0.840142591848942,"NO","MULTIDATASET_LOW_EXPRESSION",0.759259259259259,0.74452861952862,0.0147306397306398,"NO_LARGE_CONTEXT_SHIFT","GSE182158 2/2 plus GSE199071 >=3/4 donor support; CPM>=1 and expressing fraction>=0.10","DESCRIPTIVE_ONLY_NOT_CAUSAL_NOT_REQUIRED_FOR_ROBUSTNESS","results/03_phase3/baseline/baseline_ligand_expression_by_donor.csv|config/phase3_analysis.json"
"PDGFB",0,0,0,0,0,0.122746912900602,0,0.00295837414790868,0,0.513047138047138,0.204451772464963,0.0962347221186387,"NO","NOT_RELIABLY_EXPRESSED",0.513047138047138,0.375420875420875,0.137626262626263,"NO_LARGE_CONTEXT_SHIFT","GSE182158 2/2 plus GSE199071 >=3/4 donor support; CPM>=1 and expressing fraction>=0.10","DESCRIPTIVE_ONLY_NOT_CAUSAL_NOT_REQUIRED_FOR_ROBUSTNESS","results/03_phase3/baseline/baseline_ligand_expression_by_donor.csv|config/phase3_analysis.json"
"PDGFC",2,4,6,2,4,6.7847941353806,28.3700123519034,0.149414124780286,0.354658298286592,0.776515151515152,0.857790601813685,1.09173543536307,"NO","ROBUST_BASELINE_SENDER",0.776515151515152,0.782407407407407,-0.00589225589225595,"NO_LARGE_CONTEXT_SHIFT","GSE182158 2/2 plus GSE199071 >=3/4 donor support; CPM>=1 and expressing fraction>=0.10","DESCRIPTIVE_ONLY_NOT_CAUSAL_NOT_REQUIRED_FOR_ROBUSTNESS","results/03_phase3/baseline/baseline_ligand_expression_by_donor.csv|config/phase3_analysis.json"
"PDGFD",1,0,1,2,2,10.5980559051517,0.554311313908845,0.1917785754165,0.00954642180533824,0.769360269360269,0.632110469909316,1.47778471617419,"YES","MULTIDATASET_LOW_EXPRESSION",0.769360269360269,0.675505050505051,0.0938552188552189,"NO_LARGE_CONTEXT_SHIFT","GSE182158 2/2 plus GSE199071 >=3/4 donor support; CPM>=1 and expressing fraction>=0.10","DESCRIPTIVE_ONLY_NOT_CAUSAL_NOT_REQUIRED_FOR_ROBUSTNESS","results/03_phase3/baseline/baseline_ligand_expression_by_donor.csv|config/phase3_analysis.json"
"PDPN",2,2,4,2,4,59.1475219128579,7.80647608048819,0.541350378582549,0.105256151222812,0.910353535353535,0.770610057708162,1.44489554989752,"NO","MULTIDATASET_LOW_EXPRESSION",0.910353535353535,0.761363636363636,0.148989898989899,"NO_LARGE_CONTEXT_SHIFT","GSE182158 2/2 plus GSE199071 >=3/4 donor support; CPM>=1 and expressing fraction>=0.10","DESCRIPTIVE_ONLY_NOT_CAUSAL_NOT_REQUIRED_FOR_ROBUSTNESS","results/03_phase3/baseline/baseline_ligand_expression_by_donor.csv|config/phase3_analysis.json"
"PDYN",0,0,0,0,0,0.0143474693552518,0,0.000359805057966647,0,0.302188552188552,0.199505358615004,0.0106685984024617,"NO","NOT_RELIABLY_EXPRESSED",0.302188552188552,0.247053872053872,0.0551346801346802,"NO_LARGE_CONTEXT_SHIFT","GSE182158 2/2 plus GSE199071 >=3/4 donor support; CPM>=1 and expressing fraction>=0.10","DESCRIPTIVE_ONLY_NOT_CAUSAL_NOT_REQUIRED_FOR_ROBUSTNESS","results/03_phase3/baseline/baseline_ligand_expression_by_donor.csv|config/phase3_analysis.json"
"PECAM1",0,0,0,0,0,0.119581919570668,0.144094049478783,0.00301422504364831,0.00230665714926107,0.529461279461279,0.537922506183017,0.0949268871247059,"NO","NOT_RELIABLY_EXPRESSED",0.529461279461279,0.56523569023569,-0.0357744107744108,"NO_LARGE_CONTEXT_SHIFT","GSE182158 2/2 plus GSE199071 >=3/4 donor support; CPM>=1 and expressing fraction>=0.10","DESCRIPTIVE_ONLY_NOT_CAUSAL_NOT_REQUIRED_FOR_ROBUSTNESS","results/03_phase3/baseline/baseline_ligand_expression_by_donor.csv|config/phase3_analysis.json"
"PENK",0,0,0,0,1,0.0849285435723792,0.727026400882154,0.00165349774741752,0.00821363608670781,0.489478114478115,0.63643858202803,0.924055202474153,"NO","NOT_RELIABLY_EXPRESSED",0.489478114478115,0.805976430976431,-0.316498316498317,"UC_LOWER_CONTEXT","GSE182158 2/2 plus GSE199071 >=3/4 donor support; CPM>=1 and expressing fraction>=0.10","DESCRIPTIVE_ONLY_NOT_CAUSAL_NOT_REQUIRED_FOR_ROBUSTNESS","results/03_phase3/baseline/baseline_ligand_expression_by_donor.csv|config/phase3_analysis.json"
"PF4",1,0,1,2,4,3.58178062665135,1.64115942018611,0.0768054091590534,0.0256199638199856,0.733585858585859,0.684253915910965,0.55577981268789,"NO","MULTIDATASET_LOW_EXPRESSION",0.733585858585859,0.699074074074074,0.0345117845117845,"NO_LARGE_CONTEXT_SHIFT","GSE182158 2/2 plus GSE199071 >=3/4 donor support; CPM>=1 and expressing fraction>=0.10","DESCRIPTIVE_ONLY_NOT_CAUSAL_NOT_REQUIRED_FOR_ROBUSTNESS","results/03_phase3/baseline/baseline_ligand_expression_by_donor.csv|config/phase3_analysis.json"
"PF4V1",0,0,0,0,2,0.0686357283739909,0.669365733796956,0.00175003585951476,0.0109298176284306,0.46696127946128,0.638911788953009,0.411286877268816,"NO","NOT_RELIABLY_EXPRESSED",0.46696127946128,0.583333333333333,-0.116372053872054,"NO_LARGE_CONTEXT_SHIFT","GSE182158 2/2 plus GSE199071 >=3/4 donor support; CPM>=1 and expressing fraction>=0.10","DESCRIPTIVE_ONLY_NOT_CAUSAL_NOT_REQUIRED_FOR_ROBUSTNESS","results/03_phase3/baseline/baseline_ligand_expression_by_donor.csv|config/phase3_analysis.json"
"PGF",1,0,1,2,3,3.9981399088599,0.988021950443543,0.0736737233097353,0.0148573688189889,0.740319865319865,0.651483924154988,0.750741965192731,"NO","MULTIDATASET_LOW_EXPRESSION",0.740319865319865,0.901094276094276,-0.160774410774411,"NO_LARGE_CONTEXT_SHIFT","GSE182158 2/2 plus GSE199071 >=3/4 donor support; CPM>=1 and expressing fraction>=0.10","DESCRIPTIVE_ONLY_NOT_CAUSAL_NOT_REQUIRED_FOR_ROBUSTNESS","results/03_phase3/baseline/baseline_ligand_expression_by_donor.csv|config/phase3_analysis.json"
"PGLYRP1",0,0,0,0,0,0,0,0,0,0.0536616161616162,0.199505358615004,0,"NO","NOT_RELIABLY_EXPRESSED",0.0536616161616162,0.0500841750841751,0.00357744107744108,"NO_LARGE_CONTEXT_SHIFT","GSE182158 2/2 plus GSE199071 >=3/4 donor support; CPM>=1 and expressing fraction>=0.10","DESCRIPTIVE_ONLY_NOT_CAUSAL_NOT_REQUIRED_FOR_ROBUSTNESS","results/03_phase3/baseline/baseline_ligand_expression_by_donor.csv|config/phase3_analysis.json"
"PI16",0,0,0,0,0,0.0786662819371338,0.055185511243678,0.00196431337506569,0.00101157187657789,0.468434343434343,0.481450948062655,0.213742518427255,"NO","NOT_RELIABLY_EXPRESSED",0.468434343434343,0.566077441077441,-0.0976430976430976,"NO_LARGE_CONTEXT_SHIFT","GSE182158 2/2 plus GSE199071 >=3/4 donor support; CPM>=1 and expressing fraction>=0.10","DESCRIPTIVE_ONLY_NOT_CAUSAL_NOT_REQUIRED_FOR_ROBUSTNESS","results/03_phase3/baseline/baseline_ligand_expression_by_donor.csv|config/phase3_analysis.json"
"PIGA",0,0,0,2,4,0.918415113228242,2.13897073689,0.022365479856027,0.0361269650085393,0.660774410774411,0.6939406430338,0.427223062642691,"NO","MULTIDATASET_LOW_EXPRESSION",0.660774410774411,0.629208754208754,0.0315656565656566,"NO_LARGE_CONTEXT_SHIFT","GSE182158 2/2 plus GSE199071 >=3/4 donor support; CPM>=1 and expressing fraction>=0.10","DESCRIPTIVE_ONLY_NOT_CAUSAL_NOT_REQUIRED_FOR_ROBUSTNESS","results/03_phase3/baseline/baseline_ligand_expression_by_donor.csv|config/phase3_analysis.json"
"PIP",0,0,0,0,0,0.00984912897405829,0,0.000196232339089482,0,0.207070707070707,0.199505358615004,0.0114890470960609,"NO","NOT_RELIABLY_EXPRESSED",0.207070707070707,0.131734006734007,0.0753367003367003,"NO_LARGE_CONTEXT_SHIFT","GSE182158 2/2 plus GSE199071 >=3/4 donor support; CPM>=1 and expressing fraction>=0.10","DESCRIPTIVE_ONLY_NOT_CAUSAL_NOT_REQUIRED_FOR_ROBUSTNESS","results/03_phase3/baseline/baseline_ligand_expression_by_donor.csv|config/phase3_analysis.json"
"PLA2G10",0,0,0,0,0,0.00358686733881295,0,8.99512644916617e-05,0,0.146464646464646,0.199505358615004,0.00268168191540828,"NO","NOT_RELIABLY_EXPRESSED",0.146464646464646,0.197811447811448,-0.0513468013468013,"NO_LARGE_CONTEXT_SHIFT","GSE182158 2/2 plus GSE199071 >=3/4 donor support; CPM>=1 and expressing fraction>=0.10","DESCRIPTIVE_ONLY_NOT_CAUSAL_NOT_REQUIRED_FOR_ROBUSTNESS","results/03_phase3/baseline/baseline_ligand_expression_by_donor.csv|config/phase3_analysis.json"
"PLA2G2A",0,0,0,0,0,0.0556259561669553,0,0.000399051525784543,0,0.44949494949495,0.199505358615004,0.0460058034460545,"NO","NOT_RELIABLY_EXPRESSED",0.44949494949495,0.573653198653199,-0.124158249158249,"NO_LARGE_CONTEXT_SHIFT","GSE182158 2/2 plus GSE199071 >=3/4 donor support; CPM>=1 and expressing fraction>=0.10","DESCRIPTIVE_ONLY_NOT_CAUSAL_NOT_REQUIRED_FOR_ROBUSTNESS","results/03_phase3/baseline/baseline_ligand_expression_by_donor.csv|config/phase3_analysis.json"
"PLAT",2,4,6,2,4,62.2749983943049,114.395374534571,0.507678747940167,0.579145107792456,0.905723905723906,0.937757625721352,1.06789266907192,"YES","ROBUST_BASELINE_SENDER",0.905723905723906,0.817760942760943,0.0879629629629629,"NO_LARGE_CONTEXT_SHIFT","GSE182158 2/2 plus GSE199071 >=3/4 donor support; CPM>=1 and expressing fraction>=0.10","DESCRIPTIVE_ONLY_NOT_CAUSAL_NOT_REQUIRED_FOR_ROBUSTNESS","results/03_phase3/baseline/baseline_ligand_expression_by_donor.csv|config/phase3_analysis.json"
"PLAU",0,3,3,2,4,3.47062748706434,18.4881216511816,0.0761658043667257,0.162933462854596,0.733164983164983,0.814303380049464,1.59269601011124,"YES","MULTIDATASET_LOW_EXPRESSION",0.733164983164983,0.891835016835017,-0.158670033670034,"NO_LARGE_CONTEXT_SHIFT","GSE182158 2/2 plus GSE199071 >=3/4 donor support; CPM>=1 and expressing fraction>=0.10","DESCRIPTIVE_ONLY_NOT_CAUSAL_NOT_REQUIRED_FOR_ROBUSTNESS","results/03_phase3/baseline/baseline_ligand_expression_by_donor.csv|config/phase3_analysis.json"
"PLB1",0,0,0,0,0,0.372186105121832,0.113259696242467,0.00915355306897747,0.00179794418754984,0.600799663299663,0.510717230008244,0.175741314670987,"NO","NOT_RELIABLY_EXPRESSED",0.600799663299663,0.455387205387205,0.145412457912458,"NO_LARGE_CONTEXT_SHIFT","GSE182158 2/2 plus GSE199071 >=3/4 donor support; CPM>=1 and expressing fraction>=0.10","DESCRIPTIVE_ONLY_NOT_CAUSAL_NOT_REQUIRED_FOR_ROBUSTNESS","results/03_phase3/baseline/baseline_ligand_expression_by_donor.csv|config/phase3_analysis.json"
"PLEKHO2",1,1,2,2,4,4.41626191823535,6.00965899168768,0.101514974949283,0.0853810583103063,0.748737373737374,0.757007419620775,0.238834964525105,"NO","MULTIDATASET_LOW_EXPRESSION",0.748737373737374,0.731902356902357,0.0168350168350168,"NO_LARGE_CONTEXT_SHIFT","GSE182158 2/2 plus GSE199071 >=3/4 donor support; CPM>=1 and expressing fraction>=0.10","DESCRIPTIVE_ONLY_NOT_CAUSAL_NOT_REQUIRED_FOR_ROBUSTNESS","results/03_phase3/baseline/baseline_ligand_expression_by_donor.csv|config/phase3_analysis.json"
"PLG",0,0,0,0,0,0.0237703742234744,0,0.000601870712479605,0,0.362584175084175,0.211871393239901,0.0244528058397344,"NO","NOT_RELIABLY_EXPRESSED",0.362584175084175,0.28956228956229,0.0730218855218855,"NO_LARGE_CONTEXT_SHIFT","GSE182158 2/2 plus GSE199071 >=3/4 donor support; CPM>=1 and expressing fraction>=0.10","DESCRIPTIVE_ONLY_NOT_CAUSAL_NOT_REQUIRED_FOR_ROBUSTNESS","results/03_phase3/baseline/baseline_ligand_expression_by_donor.csv|config/phase3_analysis.json"
"PLTP",2,4,6,2,4,164.740687435579,12.8704578700467,0.795977509676497,0.172744752629641,0.936868686868687,0.798845836768343,1.75815954021069,"YES","ROBUST_BASELINE_SENDER",0.936868686868687,0.853114478114478,0.0837542087542087,"NO_LARGE_CONTEXT_SHIFT","GSE182158 2/2 plus GSE199071 >=3/4 donor support; CPM>=1 and expressing fraction>=0.10","DESCRIPTIVE_ONLY_NOT_CAUSAL_NOT_REQUIRED_FOR_ROBUSTNESS","results/03_phase3/baseline/baseline_ligand_expression_by_donor.csv|config/phase3_analysis.json"
"PLXNA1",2,4,6,2,4,5.65012253230222,13.7868260924982,0.12877960877548,0.198605787611927,0.767045454545455,0.800906842539159,0.608230959248246,"NO","ROBUST_BASELINE_SENDER",0.767045454545455,0.777777777777778,-0.0107323232323232,"NO_LARGE_CONTEXT_SHIFT","GSE182158 2/2 plus GSE199071 >=3/4 donor support; CPM>=1 and expressing fraction>=0.10","DESCRIPTIVE_ONLY_NOT_CAUSAL_NOT_REQUIRED_FOR_ROBUSTNESS","results/03_phase3/baseline/baseline_ligand_expression_by_donor.csv|config/phase3_analysis.json"
"PLXNA2",1,2,3,2,4,3.92234784619612,6.52658718399137,0.0900010101159651,0.0952267510140132,0.740740740740741,0.75638911788953,0.509399084283592,"NO","MULTIDATASET_LOW_EXPRESSION",0.740740740740741,0.637205387205387,0.103535353535353,"NO_LARGE_CONTEXT_SHIFT","GSE182158 2/2 plus GSE199071 >=3/4 donor support; CPM>=1 and expressing fraction>=0.10","DESCRIPTIVE_ONLY_NOT_CAUSAL_NOT_REQUIRED_FOR_ROBUSTNESS","results/03_phase3/baseline/baseline_ligand_expression_by_donor.csv|config/phase3_analysis.json"
"PMCH",0,0,0,0,2,0.00583603752940969,1.20590651373273,0.000152114390021296,0.00843510161268944,0.158249158249158,0.647361912613356,0.862891639930562,"NO","NOT_RELIABLY_EXPRESSED",0.158249158249158,0.284090909090909,-0.125841750841751,"NO_LARGE_CONTEXT_SHIFT","GSE182158 2/2 plus GSE199071 >=3/4 donor support; CPM>=1 and expressing fraction>=0.10","DESCRIPTIVE_ONLY_NOT_CAUSAL_NOT_REQUIRED_FOR_ROBUSTNESS","results/03_phase3/baseline/baseline_ligand_expression_by_donor.csv|config/phase3_analysis.json"
"PNOC",0,0,0,0,0,0.00717373467762589,0,0.000179902528983323,0,0.216329966329966,0.211871393239901,0.0211926851635159,"NO","NOT_RELIABLY_EXPRESSED",0.216329966329966,0.117845117845118,0.0984848484848485,"NO_LARGE_CONTEXT_SHIFT","GSE182158 2/2 plus GSE199071 >=3/4 donor support; CPM>=1 and expressing fraction>=0.10","DESCRIPTIVE_ONLY_NOT_CAUSAL_NOT_REQUIRED_FOR_ROBUSTNESS","results/03_phase3/baseline/baseline_ligand_expression_by_donor.csv|config/phase3_analysis.json"
"PODXL",0,0,0,0,4,0.0355648490406693,2.30308632063919,0.000888054316060748,0.0373050300604115,0.414351851851852,0.700329760923331,0.839942513625178,"NO","NOT_RELIABLY_EXPRESSED",0.414351851851852,0.658670033670034,-0.244318181818182,"NO_LARGE_CONTEXT_SHIFT","GSE182158 2/2 plus GSE199071 >=3/4 donor support; CPM>=1 and expressing fraction>=0.10","DESCRIPTIVE_ONLY_NOT_CAUSAL_NOT_REQUIRED_FOR_ROBUSTNESS","results/03_phase3/baseline/baseline_ligand_expression_by_donor.csv|config/phase3_analysis.json"
"PODXL2",0,0,0,2,4,1.25840453771321,1.11084359163056,0.0298166134067303,0.0188574872029378,0.674452861952862,0.665292662819456,0.328485328255104,"NO","MULTIDATASET_LOW_EXPRESSION",0.674452861952862,0.651094276094276,0.023358585858586,"NO_LARGE_CONTEXT_SHIFT","GSE182158 2/2 plus GSE199071 >=3/4 donor support; CPM>=1 and expressing fraction>=0.10","DESCRIPTIVE_ONLY_NOT_CAUSAL_NOT_REQUIRED_FOR_ROBUSTNESS","results/03_phase3/baseline/baseline_ligand_expression_by_donor.csv|config/phase3_analysis.json"
"POMC",0,0,0,2,4,2.14420356986597,2.20176435885225,0.0474621572670162,0.0355822149968996,0.70959595959596,0.697032151690025,0.605092572997856,"NO","MULTIDATASET_LOW_EXPRESSION",0.70959595959596,0.669612794612795,0.0399831649831649,"NO_LARGE_CONTEXT_SHIFT","GSE182158 2/2 plus GSE199071 >=3/4 donor support; CPM>=1 and expressing fraction>=0.10","DESCRIPTIVE_ONLY_NOT_CAUSAL_NOT_REQUIRED_FOR_ROBUSTNESS","results/03_phase3/baseline/baseline_ligand_expression_by_donor.csv|config/phase3_analysis.json"
"POMZP3",0,1,1,2,4,1.98080756933337,5.15498829986723,0.0479076590033172,0.0783620521487481,0.707070707070707,0.746496290189613,0.605449884113506,"NO","MULTIDATASET_LOW_EXPRESSION",0.707070707070707,0.675505050505051,0.0315656565656566,"NO_LARGE_CONTEXT_SHIFT","GSE182158 2/2 plus GSE199071 >=3/4 donor support; CPM>=1 and expressing fraction>=0.10","DESCRIPTIVE_ONLY_NOT_CAUSAL_NOT_REQUIRED_FOR_ROBUSTNESS","results/03_phase3/baseline/baseline_ligand_expression_by_donor.csv|config/phase3_analysis.json"
"POSTN",2,2,4,2,4,20.5465254611524,25.2595348603548,0.277772250928407,0.178374054786449,0.854377104377105,0.827287716405606,1.41066157360771,"YES","MULTIDATASET_LOW_EXPRESSION",0.854377104377105,0.938973063973064,-0.0845959595959596,"NO_LARGE_CONTEXT_SHIFT","GSE182158 2/2 plus GSE199071 >=3/4 donor support; CPM>=1 and expressing fraction>=0.10","DESCRIPTIVE_ONLY_NOT_CAUSAL_NOT_REQUIRED_FOR_ROBUSTNESS","results/03_phase3/baseline/baseline_ligand_expression_by_donor.csv|config/phase3_analysis.json"
"PPBP",0,0,0,0,0,0.00328304299135276,0.0309545938619022,7.84929356357928e-05,0.000468310958476428,0.134890572390572,0.338623248145095,0.0693830790059603,"YES","NOT_RELIABLY_EXPRESSED",0.134890572390572,0.272727272727273,-0.1378367003367,"NO_LARGE_CONTEXT_SHIFT","GSE182158 2/2 plus GSE199071 >=3/4 donor support; CPM>=1 and expressing fraction>=0.10","DESCRIPTIVE_ONLY_NOT_CAUSAL_NOT_REQUIRED_FOR_ROBUSTNESS","results/03_phase3/baseline/baseline_ligand_expression_by_donor.csv|config/phase3_analysis.json"
"PPY",0,0,0,0,0,0.0107606020164388,0.0410323105646957,0.000269853793474985,0.000379650721336371,0.265151515151515,0.356760098928277,0.0843573887609065,"YES","NOT_RELIABLY_EXPRESSED",0.265151515151515,0.376262626262626,-0.111111111111111,"NO_LARGE_CONTEXT_SHIFT","GSE182158 2/2 plus GSE199071 >=3/4 donor support; CPM>=1 and expressing fraction>=0.10","DESCRIPTIVE_ONLY_NOT_CAUSAL_NOT_REQUIRED_FOR_ROBUSTNESS","results/03_phase3/baseline/baseline_ligand_expression_by_donor.csv|config/phase3_analysis.json"
"PRG4",0,0,0,0,0,0.0499713432266303,0.037186985210942,0.00129540805580616,0.000604879742790901,0.356271043771044,0.457337180544106,0.0637544588221793,"NO","NOT_RELIABLY_EXPRESSED",0.356271043771044,0.779882154882155,-0.423611111111111,"UC_LOWER_CONTEXT","GSE182158 2/2 plus GSE199071 >=3/4 donor support; CPM>=1 and expressing fraction>=0.10","DESCRIPTIVE_ONLY_NOT_CAUSAL_NOT_REQUIRED_FOR_ROBUSTNESS","results/03_phase3/baseline/baseline_ligand_expression_by_donor.csv|config/phase3_analysis.json"
"PRL",0,0,0,1,0,0.779172210055381,0,0.0148221304388456,0,0.476220538720539,0.199505358615004,0.549865126295927,"YES","NOT_RELIABLY_EXPRESSED",0.476220538720539,0.273989898989899,0.20223063973064,"NO_LARGE_CONTEXT_SHIFT","GSE182158 2/2 plus GSE199071 >=3/4 donor support; CPM>=1 and expressing fraction>=0.10","DESCRIPTIVE_ONLY_NOT_CAUSAL_NOT_REQUIRED_FOR_ROBUSTNESS","results/03_phase3/baseline/baseline_ligand_expression_by_donor.csv|config/phase3_analysis.json"
"PRLH",0,0,0,0,0,0.00194534584313656,0,5.07047966737653e-05,0,0.100589225589226,0.199505358615004,0.00228708467680247,"NO","NOT_RELIABLY_EXPRESSED",0.100589225589226,0.11952861952862,-0.0189393939393939,"NO_LARGE_CONTEXT_SHIFT","GSE182158 2/2 plus GSE199071 >=3/4 donor support; CPM>=1 and expressing fraction>=0.10","DESCRIPTIVE_ONLY_NOT_CAUSAL_NOT_REQUIRED_FOR_ROBUSTNESS","results/03_phase3/baseline/baseline_ligand_expression_by_donor.csv|config/phase3_analysis.json"
"PRND",0,0,0,0,0,0.00747755902508607,0.0103181979539674,0.000191360857839192,0.000156103652825476,0.204124579124579,0.294723825226711,0.0226198381557898,"NO","NOT_RELIABLY_EXPRESSED",0.204124579124579,0.178030303030303,0.0260942760942761,"NO_LARGE_CONTEXT_SHIFT","GSE182158 2/2 plus GSE199071 >=3/4 donor support; CPM>=1 and expressing fraction>=0.10","DESCRIPTIVE_ONLY_NOT_CAUSAL_NOT_REQUIRED_FOR_ROBUSTNESS","results/03_phase3/baseline/baseline_ligand_expression_by_donor.csv|config/phase3_analysis.json"
"PRNP",2,4,6,2,4,37.1802763578438,56.0061184514224,0.572135258587299,0.551362988230445,0.885942760942761,0.901896125309151,0.461393938205423,"NO","ROBUST_BASELINE_SENDER",0.885942760942761,0.870791245791246,0.0151515151515153,"NO_LARGE_CONTEXT_SHIFT","GSE182158 2/2 plus GSE199071 >=3/4 donor support; CPM>=1 and expressing fraction>=0.10","DESCRIPTIVE_ONLY_NOT_CAUSAL_NOT_REQUIRED_FOR_ROBUSTNESS","results/03_phase3/baseline/baseline_ligand_expression_by_donor.csv|config/phase3_analysis.json"
"PROC",0,0,0,0,0,0.0345309762399133,0,0.00087172450595459,0,0.414983164983165,0.211871393239901,0.0296372739922093,"NO","NOT_RELIABLY_EXPRESSED",0.414983164983165,0.376262626262626,0.0387205387205388,"NO_LARGE_CONTEXT_SHIFT","GSE182158 2/2 plus GSE199071 >=3/4 donor support; CPM>=1 and expressing fraction>=0.10","DESCRIPTIVE_ONLY_NOT_CAUSAL_NOT_REQUIRED_FOR_ROBUSTNESS","results/03_phase3/baseline/baseline_ligand_expression_by_donor.csv|config/phase3_analysis.json"
"PROK1",0,0,0,0,0,0.021094979927042,0,0.000495589637881785,0,0.28030303030303,0.199505358615004,0.0221754827910649,"NO","NOT_RELIABLY_EXPRESSED",0.28030303030303,0.117845117845118,0.162457912457912,"NO_LARGE_CONTEXT_SHIFT","GSE182158 2/2 plus GSE199071 >=3/4 donor support; CPM>=1 and expressing fraction>=0.10","DESCRIPTIVE_ONLY_NOT_CAUSAL_NOT_REQUIRED_FOR_ROBUSTNESS","results/03_phase3/baseline/baseline_ligand_expression_by_donor.csv|config/phase3_analysis.json"
"PROK2",0,0,0,0,0,0.00328304299135276,0,7.84929356357928e-05,0,0.134890572390572,0.199505358615004,0.00385463763488309,"NO","NOT_RELIABLY_EXPRESSED",0.134890572390572,0.0500841750841751,0.0848063973063973,"NO_LARGE_CONTEXT_SHIFT","GSE182158 2/2 plus GSE199071 >=3/4 donor support; CPM>=1 and expressing fraction>=0.10","DESCRIPTIVE_ONLY_NOT_CAUSAL_NOT_REQUIRED_FOR_ROBUSTNESS","results/03_phase3/baseline/baseline_ligand_expression_by_donor.csv|config/phase3_analysis.json"
"PROS1",1,0,1,2,4,9.07064629670453,1.42803141178048,0.196076471589314,0.022484440450003,0.786616161616162,0.679719703215169,1.0859357282022,"NO","MULTIDATASET_LOW_EXPRESSION",0.786616161616162,0.823653198653199,-0.037037037037037,"NO_LARGE_CONTEXT_SHIFT","GSE182158 2/2 plus GSE199071 >=3/4 donor support; CPM>=1 and expressing fraction>=0.10","DESCRIPTIVE_ONLY_NOT_CAUSAL_NOT_REQUIRED_FOR_ROBUSTNESS","results/03_phase3/baseline/baseline_ligand_expression_by_donor.csv|config/phase3_analysis.json"
"PRRG4",0,0,0,0,0,0.113927306630343,0.0952508475809926,0.00280166289445267,0.00144116278476315,0.515361952861953,0.515663643858203,0.120052727477595,"NO","NOT_RELIABLY_EXPRESSED",0.515361952861953,0.603114478114478,-0.0877525252525253,"NO_LARGE_CONTEXT_SHIFT","GSE182158 2/2 plus GSE199071 >=3/4 donor support; CPM>=1 and expressing fraction>=0.10","DESCRIPTIVE_ONLY_NOT_CAUSAL_NOT_REQUIRED_FOR_ROBUSTNESS","results/03_phase3/baseline/baseline_ligand_expression_by_donor.csv|config/phase3_analysis.json"
"PRSS1",0,0,0,0,0,0.0130097722070356,0,0.00033201691900462,0,0.27020202020202,0.204451772464963,0.0233036757631558,"NO","NOT_RELIABLY_EXPRESSED",0.27020202020202,0.138047138047138,0.132154882154882,"NO_LARGE_CONTEXT_SHIFT","GSE182158 2/2 plus GSE199071 >=3/4 donor support; CPM>=1 and expressing fraction>=0.10","DESCRIPTIVE_ONLY_NOT_CAUSAL_NOT_REQUIRED_FOR_ROBUSTNESS","results/03_phase3/baseline/baseline_ligand_expression_by_donor.csv|config/phase3_analysis.json"
"PRSS2",0,0,0,0,0,0.00881525617330227,0,0.00021914899680122,0,0.242003367003367,0.204451772464963,0.0225086212873992,"NO","NOT_RELIABLY_EXPRESSED",0.242003367003367,0.117845117845118,0.124158249158249,"NO_LARGE_CONTEXT_SHIFT","GSE182158 2/2 plus GSE199071 >=3/4 donor support; CPM>=1 and expressing fraction>=0.10","DESCRIPTIVE_ONLY_NOT_CAUSAL_NOT_REQUIRED_FOR_ROBUSTNESS","results/03_phase3/baseline/baseline_ligand_expression_by_donor.csv|config/phase3_analysis.json"
"PRSS3",1,4,5,2,4,16.5280369125154,62.0101228110887,0.247720485072174,0.523728170083523,0.804292929292929,0.909315746084089,1.54281839599418,"YES","MULTIDATASET_LOW_EXPRESSION",0.804292929292929,0.698232323232323,0.106060606060606,"NO_LARGE_CONTEXT_SHIFT","GSE182158 2/2 plus GSE199071 >=3/4 donor support; CPM>=1 and expressing fraction>=0.10","DESCRIPTIVE_ONLY_NOT_CAUSAL_NOT_REQUIRED_FOR_ROBUSTNESS","results/03_phase3/baseline/baseline_ligand_expression_by_donor.csv|config/phase3_analysis.json"
"PRSS55",0,0,0,0,0,0.00194534584313656,0,5.07047966737653e-05,0,0.100589225589226,0.211871393239901,0.0117881988603906,"NO","NOT_RELIABLY_EXPRESSED",0.100589225589226,0.113636363636364,-0.013047138047138,"NO_LARGE_CONTEXT_SHIFT","GSE182158 2/2 plus GSE199071 >=3/4 donor support; CPM>=1 and expressing fraction>=0.10","DESCRIPTIVE_ONLY_NOT_CAUSAL_NOT_REQUIRED_FOR_ROBUSTNESS","results/03_phase3/baseline/baseline_ligand_expression_by_donor.csv|config/phase3_analysis.json"
"PSAP",2,4,6,2,4,306.534577699384,51.8819007368521,0.976880399722548,0.521909600987475,0.962542087542088,0.897155812036274,1.30974139458522,"NO","ROBUST_BASELINE_SENDER",0.962542087542088,0.960858585858586,0.00168350168350173,"NO_LARGE_CONTEXT_SHIFT","GSE182158 2/2 plus GSE199071 >=3/4 donor support; CPM>=1 and expressing fraction>=0.10","DESCRIPTIVE_ONLY_NOT_CAUSAL_NOT_REQUIRED_FOR_ROBUSTNESS","results/03_phase3/baseline/baseline_ligand_expression_by_donor.csv|config/phase3_analysis.json"
"PSEN1",2,4,6,2,4,9.07753053680868,11.1962492130532,0.201574539155486,0.160361803480976,0.801767676767677,0.790601813685078,0.150609739416502,"NO","ROBUST_BASELINE_SENDER",0.801767676767677,0.777356902356902,0.0244107744107744,"NO_LARGE_CONTEXT_SHIFT","GSE182158 2/2 plus GSE199071 >=3/4 donor support; CPM>=1 and expressing fraction>=0.10","DESCRIPTIVE_ONLY_NOT_CAUSAL_NOT_REQUIRED_FOR_ROBUSTNESS","results/03_phase3/baseline/baseline_ligand_expression_by_donor.csv|config/phase3_analysis.json"
"PSG4",0,0,0,0,3,0.0107606020164388,1.76020342823288,0.000269853793474985,0.0211125236522354,0.265151515151515,0.684253915910965,1.0340478969963,"NO","NOT_RELIABLY_EXPRESSED",0.265151515151515,0.359006734006734,-0.0938552188552189,"NO_LARGE_CONTEXT_SHIFT","GSE182158 2/2 plus GSE199071 >=3/4 donor support; CPM>=1 and expressing fraction>=0.10","DESCRIPTIVE_ONLY_NOT_CAUSAL_NOT_REQUIRED_FOR_ROBUSTNESS","results/03_phase3/baseline/baseline_ligand_expression_by_donor.csv|config/phase3_analysis.json"
"PSG5",0,0,0,0,2,0.0298512112696351,0.912005617966879,0.000678648281760108,0.0120309899877891,0.311026936026936,0.649010717230008,0.668944753940168,"NO","NOT_RELIABLY_EXPRESSED",0.311026936026936,0.744107744107744,-0.433080808080808,"UC_LOWER_CONTEXT","GSE182158 2/2 plus GSE199071 >=3/4 donor support; CPM>=1 and expressing fraction>=0.10","DESCRIPTIVE_ONLY_NOT_CAUSAL_NOT_REQUIRED_FOR_ROBUSTNESS","results/03_phase3/baseline/baseline_ligand_expression_by_donor.csv|config/phase3_analysis.json"
"PSG6",0,0,0,0,0,0.0130097722070356,0.0103181979539674,0.00033201691900462,0.000156103652825476,0.27020202020202,0.294723825226711,0.0212292338170018,"NO","NOT_RELIABLY_EXPRESSED",0.27020202020202,0.28956228956229,-0.0193602693602694,"NO_LARGE_CONTEXT_SHIFT","GSE182158 2/2 plus GSE199071 >=3/4 donor support; CPM>=1 and expressing fraction>=0.10","DESCRIPTIVE_ONLY_NOT_CAUSAL_NOT_REQUIRED_FOR_ROBUSTNESS","results/03_phase3/baseline/baseline_ligand_expression_by_donor.csv|config/phase3_analysis.json"
"PSG7",0,0,0,0,0,0.00164152149567638,0,3.92464678178964e-05,0,0.099537037037037,0.211871393239901,0.011797190906278,"NO","NOT_RELIABLY_EXPRESSED",0.099537037037037,0.134259259259259,-0.0347222222222222,"NO_LARGE_CONTEXT_SHIFT","GSE182158 2/2 plus GSE199071 >=3/4 donor support; CPM>=1 and expressing fraction>=0.10","DESCRIPTIVE_ONLY_NOT_CAUSAL_NOT_REQUIRED_FOR_ROBUSTNESS","results/03_phase3/baseline/baseline_ligand_expression_by_donor.csv|config/phase3_analysis.json"
"PSG9",0,0,0,0,0,0.00389069168627313,0.0411525511902826,0.000101409593347531,0.000664816614536707,0.13510101010101,0.439200329760923,0.0787466371720599,"NO","NOT_RELIABLY_EXPRESSED",0.13510101010101,0.395622895622896,-0.260521885521885,"UC_LOWER_CONTEXT","GSE182158 2/2 plus GSE199071 >=3/4 donor support; CPM>=1 and expressing fraction>=0.10","DESCRIPTIVE_ONLY_NOT_CAUSAL_NOT_REQUIRED_FOR_ROBUSTNESS","results/03_phase3/baseline/baseline_ligand_expression_by_donor.csv|config/phase3_analysis.json"
"PSPN",0,0,0,2,1,0.79104746018807,0.535103406099261,0.0199763168003856,0.00829000668009143,0.650462962962963,0.612737015663644,0.200923305804726,"NO","MULTIDATASET_LOW_EXPRESSION",0.650462962962963,0.611531986531987,0.0389309764309765,"NO_LARGE_CONTEXT_SHIFT","GSE182158 2/2 plus GSE199071 >=3/4 donor support; CPM>=1 and expressing fraction>=0.10","DESCRIPTIVE_ONLY_NOT_CAUSAL_NOT_REQUIRED_FOR_ROBUSTNESS","results/03_phase3/baseline/baseline_ligand_expression_by_donor.csv|config/phase3_analysis.json"
"PTDSS1",2,4,6,2,4,22.8901565350532,27.429859744126,0.421934895041071,0.335802547326503,0.863215488215488,0.85078318219291,0.140591364070865,"NO","ROBUST_BASELINE_SENDER",0.863215488215488,0.816919191919192,0.0462962962962963,"NO_LARGE_CONTEXT_SHIFT","GSE182158 2/2 plus GSE199071 >=3/4 donor support; CPM>=1 and expressing fraction>=0.10","DESCRIPTIVE_ONLY_NOT_CAUSAL_NOT_REQUIRED_FOR_ROBUSTNESS","results/03_phase3/baseline/baseline_ligand_expression_by_donor.csv|config/phase3_analysis.json"
"PTGFRN",0,2,2,2,3,3.60177648232328,7.12499612772091,0.0832169948787359,0.112188625365694,0.734848484848485,0.763396537510305,1.13994293271666,"NO","MULTIDATASET_LOW_EXPRESSION",0.734848484848485,0.742003367003367,-0.00715488215488214,"NO_LARGE_CONTEXT_SHIFT","GSE182158 2/2 plus GSE199071 >=3/4 donor support; CPM>=1 and expressing fraction>=0.10","DESCRIPTIVE_ONLY_NOT_CAUSAL_NOT_REQUIRED_FOR_ROBUSTNESS","results/03_phase3/baseline/baseline_ligand_expression_by_donor.csv|config/phase3_analysis.json"
"PTGS2",0,3,3,2,4,1.83975477036662,13.8756016928139,0.0400546600892118,0.124897343683879,0.701388888888889,0.802555647155812,1.35376328179091,"NO","MULTIDATASET_LOW_EXPRESSION",0.701388888888889,0.695707070707071,0.00568181818181812,"NO_LARGE_CONTEXT_SHIFT","GSE182158 2/2 plus GSE199071 >=3/4 donor support; CPM>=1 and expressing fraction>=0.10","DESCRIPTIVE_ONLY_NOT_CAUSAL_NOT_REQUIRED_FOR_ROBUSTNESS","results/03_phase3/baseline/baseline_ligand_expression_by_donor.csv|config/phase3_analysis.json"
"PTH",0,0,0,0,0,0,0,0,0,0.0536616161616162,0.199505358615004,0,"NO","NOT_RELIABLY_EXPRESSED",0.0536616161616162,0.047979797979798,0.00568181818181818,"NO_LARGE_CONTEXT_SHIFT","GSE182158 2/2 plus GSE199071 >=3/4 donor support; CPM>=1 and expressing fraction>=0.10","DESCRIPTIVE_ONLY_NOT_CAUSAL_NOT_REQUIRED_FOR_ROBUSTNESS","results/03_phase3/baseline/baseline_ligand_expression_by_donor.csv|config/phase3_analysis.json"
"PTH2",0,0,0,0,0,0.00164152149567638,0,3.92464678178964e-05,0,0.099537037037037,0.199505358615004,0.00193047220564663,"NO","NOT_RELIABLY_EXPRESSED",0.099537037037037,0.11952861952862,-0.0199915824915825,"NO_LARGE_CONTEXT_SHIFT","GSE182158 2/2 plus GSE199071 >=3/4 donor support; CPM>=1 and expressing fraction>=0.10","DESCRIPTIVE_ONLY_NOT_CAUSAL_NOT_REQUIRED_FOR_ROBUSTNESS","results/03_phase3/baseline/baseline_ligand_expression_by_donor.csv|config/phase3_analysis.json"
"PTHLH",1,1,2,1,4,6.10182421156306,2.50707493857428,0.0810211189856112,0.038801951044595,0.671296296296296,0.713520197856554,1.32271275946537,"NO","MULTIDATASET_LOW_EXPRESSION",0.671296296296296,0.717592592592593,-0.0462962962962963,"NO_LARGE_CONTEXT_SHIFT","GSE182158 2/2 plus GSE199071 >=3/4 donor support; CPM>=1 and expressing fraction>=0.10","DESCRIPTIVE_ONLY_NOT_CAUSAL_NOT_REQUIRED_FOR_ROBUSTNESS","results/03_phase3/baseline/baseline_ligand_expression_by_donor.csv|config/phase3_analysis.json"
"PTN",2,4,6,2,4,18.9990367481476,55.2522591976799,0.296727192433221,0.518870762532563,0.846380471380471,0.897361912613355,1.10966460165595,"YES","ROBUST_BASELINE_SENDER",0.846380471380471,0.898569023569024,-0.0521885521885522,"NO_LARGE_CONTEXT_SHIFT","GSE182158 2/2 plus GSE199071 >=3/4 donor support; CPM>=1 and expressing fraction>=0.10","DESCRIPTIVE_ONLY_NOT_CAUSAL_NOT_REQUIRED_FOR_ROBUSTNESS","results/03_phase3/baseline/baseline_ligand_expression_by_donor.csv|config/phase3_analysis.json"
"PTPRC",0,0,0,0,0,0.0159889908509282,0.21608095390538,0.000399051525784543,0.00312757741662326,0.317550505050505,0.553173948887057,0.147323652289523,"NO","NOT_RELIABLY_EXPRESSED",0.317550505050505,0.284090909090909,0.033459595959596,"NO_LARGE_CONTEXT_SHIFT","GSE182158 2/2 plus GSE199071 >=3/4 donor support; CPM>=1 and expressing fraction>=0.10","DESCRIPTIVE_ONLY_NOT_CAUSAL_NOT_REQUIRED_FOR_ROBUSTNESS","results/03_phase3/baseline/baseline_ligand_expression_by_donor.csv|config/phase3_analysis.json"
"PTPRK",1,4,5,2,4,4.64626317588636,21.2598064530886,0.108797186703658,0.269110997567672,0.752946127946128,0.832234130255565,1.05073572496424,"NO","MULTIDATASET_LOW_EXPRESSION",0.752946127946128,0.776515151515152,-0.0235690235690236,"NO_LARGE_CONTEXT_SHIFT","GSE182158 2/2 plus GSE199071 >=3/4 donor support; CPM>=1 and expressing fraction>=0.10","DESCRIPTIVE_ONLY_NOT_CAUSAL_NOT_REQUIRED_FOR_ROBUSTNESS","results/03_phase3/baseline/baseline_ligand_expression_by_donor.csv|config/phase3_analysis.json"
"PTPRM",1,0,1,2,4,3.05779476788078,4.02203061556579,0.0718749726377177,0.0633191863939264,0.725378787878788,0.727535037098104,0.412743671989987,"NO","MULTIDATASET_LOW_EXPRESSION",0.725378787878788,0.746212121212121,-0.0208333333333334,"NO_LARGE_CONTEXT_SHIFT","GSE182158 2/2 plus GSE199071 >=3/4 donor support; CPM>=1 and expressing fraction>=0.10","DESCRIPTIVE_ONLY_NOT_CAUSAL_NOT_REQUIRED_FOR_ROBUSTNESS","results/03_phase3/baseline/baseline_ligand_expression_by_donor.csv|config/phase3_analysis.json"
"PTPRZ1",0,0,0,0,0,0.0195758581897411,0.0617889470982174,0.000489002790276205,0.000977023920187659,0.342382154882155,0.464962901896125,0.223851763760891,"NO","NOT_RELIABLY_EXPRESSED",0.342382154882155,0.433501683501684,-0.0911195286195287,"NO_LARGE_CONTEXT_SHIFT","GSE182158 2/2 plus GSE199071 >=3/4 donor support; CPM>=1 and expressing fraction>=0.10","DESCRIPTIVE_ONLY_NOT_CAUSAL_NOT_REQUIRED_FOR_ROBUSTNESS","results/03_phase3/baseline/baseline_ligand_expression_by_donor.csv|config/phase3_analysis.json"
"PVR",1,4,5,2,4,5.46404410803708,21.7430055608177,0.115086702814331,0.289839897979988,0.755050505050505,0.83161582852432,1.17872519838668,"NO","MULTIDATASET_LOW_EXPRESSION",0.755050505050505,0.721801346801347,0.0332491582491582,"NO_LARGE_CONTEXT_SHIFT","GSE182158 2/2 plus GSE199071 >=3/4 donor support; CPM>=1 and expressing fraction>=0.10","DESCRIPTIVE_ONLY_NOT_CAUSAL_NOT_REQUIRED_FOR_ROBUSTNESS","results/03_phase3/baseline/baseline_ligand_expression_by_donor.csv|config/phase3_analysis.json"
"PYY",0,0,0,0,0,0.166455994491987,0,0.00414750112911702,0,0.550084175084175,0.211871393239901,0.1098279394656,"NO","NOT_RELIABLY_EXPRESSED",0.550084175084175,0.406986531986532,0.143097643097643,"NO_LARGE_CONTEXT_SHIFT","GSE182158 2/2 plus GSE199071 >=3/4 donor support; CPM>=1 and expressing fraction>=0.10","DESCRIPTIVE_ONLY_NOT_CAUSAL_NOT_REQUIRED_FOR_ROBUSTNESS","results/03_phase3/baseline/baseline_ligand_expression_by_donor.csv|config/phase3_analysis.json"
"PZP",0,0,0,0,0,0.0143474693552518,0,0.000359805057966647,0,0.302188552188552,0.199505358615004,0.0106685984024617,"NO","NOT_RELIABLY_EXPRESSED",0.302188552188552,0.236111111111111,0.0660774410774411,"NO_LARGE_CONTEXT_SHIFT","GSE182158 2/2 plus GSE199071 >=3/4 donor support; CPM>=1 and expressing fraction>=0.10","DESCRIPTIVE_ONLY_NOT_CAUSAL_NOT_REQUIRED_FOR_ROBUSTNESS","results/03_phase3/baseline/baseline_ligand_expression_by_donor.csv|config/phase3_analysis.json"
"QRFP",0,0,0,0,0,0.0130097722070356,0,0.00033201691900462,0,0.27020202020202,0.199505358615004,0.0112307889219852,"NO","NOT_RELIABLY_EXPRESSED",0.27020202020202,0.181818181818182,0.0883838383838384,"NO_LARGE_CONTEXT_SHIFT","GSE182158 2/2 plus GSE199071 >=3/4 donor support; CPM>=1 and expressing fraction>=0.10","DESCRIPTIVE_ONLY_NOT_CAUSAL_NOT_REQUIRED_FOR_ROBUSTNESS","results/03_phase3/baseline/baseline_ligand_expression_by_donor.csv|config/phase3_analysis.json"
"RAET1E",0,0,0,0,0,0.0617067932131159,0.163512667279424,0.00153404297760854,0.00247395148279568,0.468434343434343,0.547403132728772,0.154474617166863,"NO","NOT_RELIABLY_EXPRESSED",0.468434343434343,0.5,-0.0315656565656566,"NO_LARGE_CONTEXT_SHIFT","GSE182158 2/2 plus GSE199071 >=3/4 donor support; CPM>=1 and expressing fraction>=0.10","DESCRIPTIVE_ONLY_NOT_CAUSAL_NOT_REQUIRED_FOR_ROBUSTNESS","results/03_phase3/baseline/baseline_ligand_expression_by_donor.csv|config/phase3_analysis.json"
"RAET1G",0,0,0,2,4,1.20435237801731,0.96373581881287,0.0286541084337599,0.015788486375828,0.671506734006734,0.664468260511129,0.243864197669436,"NO","MULTIDATASET_LOW_EXPRESSION",0.671506734006734,0.698232323232323,-0.0267255892255892,"NO_LARGE_CONTEXT_SHIFT","GSE182158 2/2 plus GSE199071 >=3/4 donor support; CPM>=1 and expressing fraction>=0.10","DESCRIPTIVE_ONLY_NOT_CAUSAL_NOT_REQUIRED_FOR_ROBUSTNESS","results/03_phase3/baseline/baseline_ligand_expression_by_donor.csv|config/phase3_analysis.json"
"RARRES1",2,1,3,2,4,54.3228758882269,5.30904375532303,0.582816745382481,0.0833837108003926,0.904040404040404,0.752267106347898,1.58647817077691,"NO","MULTIDATASET_LOW_EXPRESSION",0.904040404040404,0.817760942760943,0.0862794612794613,"NO_LARGE_CONTEXT_SHIFT","GSE182158 2/2 plus GSE199071 >=3/4 donor support; CPM>=1 and expressing fraction>=0.10","DESCRIPTIVE_ONLY_NOT_CAUSAL_NOT_REQUIRED_FOR_ROBUSTNESS","results/03_phase3/baseline/baseline_ligand_expression_by_donor.csv|config/phase3_analysis.json"
"RARRES2",1,0,1,2,2,20.7833244686161,0.835774034271358,0.234000368067472,0.00780518264127381,0.813973063973064,0.449917559769167,1.94580192176041,"YES","MULTIDATASET_LOW_EXPRESSION",0.813973063973064,0.827861952861953,-0.0138888888888888,"NO_LARGE_CONTEXT_SHIFT","GSE182158 2/2 plus GSE199071 >=3/4 donor support; CPM>=1 and expressing fraction>=0.10","DESCRIPTIVE_ONLY_NOT_CAUSAL_NOT_REQUIRED_FOR_ROBUSTNESS","results/03_phase3/baseline/baseline_ligand_expression_by_donor.csv|config/phase3_analysis.json"
"RBP3",0,0,0,0,0,0.0114906504697347,0,0.000274725274725275,0,0.219907407407407,0.199505358615004,0.0133822868288667,"NO","NOT_RELIABLY_EXPRESSED",0.219907407407407,0.269360269360269,-0.049452861952862,"NO_LARGE_CONTEXT_SHIFT","GSE182158 2/2 plus GSE199071 >=3/4 donor support; CPM>=1 and expressing fraction>=0.10","DESCRIPTIVE_ONLY_NOT_CAUSAL_NOT_REQUIRED_FOR_ROBUSTNESS","results/03_phase3/baseline/baseline_ligand_expression_by_donor.csv|config/phase3_analysis.json"
"RBP4",0,0,0,0,0,0.146939161132955,0.0784084178805605,0.00347543969496249,0.00145115946966006,0.54229797979798,0.47835943940643,0.188945714559221,"NO","NOT_RELIABLY_EXPRESSED",0.54229797979798,0.659511784511785,-0.117213804713805,"NO_LARGE_CONTEXT_SHIFT","GSE182158 2/2 plus GSE199071 >=3/4 donor support; CPM>=1 and expressing fraction>=0.10","DESCRIPTIVE_ONLY_NOT_CAUSAL_NOT_REQUIRED_FOR_ROBUSTNESS","results/03_phase3/baseline/baseline_ligand_expression_by_donor.csv|config/phase3_analysis.json"
"RECK",2,4,6,2,4,22.3223293860478,62.0414943205205,0.369601841579111,0.562772430998194,0.848063973063973,0.906018136850783,1.0301396111977,"YES","ROBUST_BASELINE_SENDER",0.848063973063973,0.865740740740741,-0.0176767676767677,"NO_LARGE_CONTEXT_SHIFT","GSE182158 2/2 plus GSE199071 >=3/4 donor support; CPM>=1 and expressing fraction>=0.10","DESCRIPTIVE_ONLY_NOT_CAUSAL_NOT_REQUIRED_FOR_ROBUSTNESS","results/03_phase3/baseline/baseline_ligand_expression_by_donor.csv|config/phase3_analysis.json"
"RELN",0,0,0,0,3,0.0617067932131159,1.20850935016866,0.00153404297760854,0.0198403357141215,0.468434343434343,0.665910964550701,0.618973903712251,"NO","NOT_RELIABLY_EXPRESSED",0.468434343434343,0.593855218855219,-0.125420875420875,"NO_LARGE_CONTEXT_SHIFT","GSE182158 2/2 plus GSE199071 >=3/4 donor support; CPM>=1 and expressing fraction>=0.10","DESCRIPTIVE_ONLY_NOT_CAUSAL_NOT_REQUIRED_FOR_ROBUSTNESS","results/03_phase3/baseline/baseline_ligand_expression_by_donor.csv|config/phase3_analysis.json"
"REN",0,0,0,1,1,0.88835637678778,0.0885271711008663,0.00592587436322497,0.00151611274438818,0.576599326599327,0.517930750206101,0.647195558387076,"NO","MULTIDATASET_LOW_EXPRESSION",0.576599326599327,0.5,0.0765993265993266,"NO_LARGE_CONTEXT_SHIFT","GSE182158 2/2 plus GSE199071 >=3/4 donor support; CPM>=1 and expressing fraction>=0.10","DESCRIPTIVE_ONLY_NOT_CAUSAL_NOT_REQUIRED_FOR_ROBUSTNESS","results/03_phase3/baseline/baseline_ligand_expression_by_donor.csv|config/phase3_analysis.json"
"RET",0,0,0,0,0,0.0732564685135598,0.0538578151395362,0.00185631693411258,0.000884191589146663,0.481902356902357,0.482069249793899,0.0546372598529933,"NO","NOT_RELIABLY_EXPRESSED",0.481902356902357,0.482323232323232,-0.000420875420875377,"NO_LARGE_CONTEXT_SHIFT","GSE182158 2/2 plus GSE199071 >=3/4 donor support; CPM>=1 and expressing fraction>=0.10","DESCRIPTIVE_ONLY_NOT_CAUSAL_NOT_REQUIRED_FOR_ROBUSTNESS","results/03_phase3/baseline/baseline_ligand_expression_by_donor.csv|config/phase3_analysis.json"
"RETN",0,0,0,0,0,0.00194534584313656,0,5.07047966737653e-05,0,0.100589225589226,0.199505358615004,0.00228708467680247,"NO","NOT_RELIABLY_EXPRESSED",0.100589225589226,0.0500841750841751,0.0505050505050505,"NO_LARGE_CONTEXT_SHIFT","GSE182158 2/2 plus GSE199071 >=3/4 donor support; CPM>=1 and expressing fraction>=0.10","DESCRIPTIVE_ONLY_NOT_CAUSAL_NOT_REQUIRED_FOR_ROBUSTNESS","results/03_phase3/baseline/baseline_ligand_expression_by_donor.csv|config/phase3_analysis.json"
"RGMA",0,0,0,1,0,0.405429708850324,0.0192573406575419,0.0100799623399476,0.000379650721336371,0.598063973063973,0.323371805441055,0.268588037412137,"YES","NOT_RELIABLY_EXPRESSED",0.598063973063973,0.720959595959596,-0.122895622895623,"NO_LARGE_CONTEXT_SHIFT","GSE182158 2/2 plus GSE199071 >=3/4 donor support; CPM>=1 and expressing fraction>=0.10","DESCRIPTIVE_ONLY_NOT_CAUSAL_NOT_REQUIRED_FOR_ROBUSTNESS","results/03_phase3/baseline/baseline_ligand_expression_by_donor.csv|config/phase3_analysis.json"
"RLN1",0,0,0,0,0,0.0319779817018563,0.0823051023805652,0.000798103051569087,0.00132963322907341,0.40256734006734,0.506801319043693,0.0437994316804391,"NO","NOT_RELIABLY_EXPRESSED",0.40256734006734,0.382575757575758,0.0199915824915825,"NO_LARGE_CONTEXT_SHIFT","GSE182158 2/2 plus GSE199071 >=3/4 donor support; CPM>=1 and expressing fraction>=0.10","DESCRIPTIVE_ONLY_NOT_CAUSAL_NOT_REQUIRED_FOR_ROBUSTNESS","results/03_phase3/baseline/baseline_ligand_expression_by_donor.csv|config/phase3_analysis.json"
"RLN2",0,0,0,0,0,0.0365987218414253,0.259157130921686,0.000904384126166907,0.00474616949021851,0.412457912457912,0.572547403132729,0.193148214175175,"NO","NOT_RELIABLY_EXPRESSED",0.412457912457912,0.333333333333333,0.0791245791245792,"NO_LARGE_CONTEXT_SHIFT","GSE182158 2/2 plus GSE199071 >=3/4 donor support; CPM>=1 and expressing fraction>=0.10","DESCRIPTIVE_ONLY_NOT_CAUSAL_NOT_REQUIRED_FOR_ROBUSTNESS","results/03_phase3/baseline/baseline_ligand_expression_by_donor.csv|config/phase3_analysis.json"
"RLN3",0,0,0,0,0,0.00194534584313656,0,5.07047966737653e-05,0,0.100589225589226,0.211871393239901,0.0463117727059575,"NO","NOT_RELIABLY_EXPRESSED",0.100589225589226,0.047979797979798,0.0526094276094276,"NO_LARGE_CONTEXT_SHIFT","GSE182158 2/2 plus GSE199071 >=3/4 donor support; CPM>=1 and expressing fraction>=0.10","DESCRIPTIVE_ONLY_NOT_CAUSAL_NOT_REQUIRED_FOR_ROBUSTNESS","results/03_phase3/baseline/baseline_ligand_expression_by_donor.csv|config/phase3_analysis.json"
"ROBO1",2,4,6,2,4,17.1952027669366,11.1398840912928,0.330668469910723,0.151055487523837,0.838804713804714,0.793075020610058,0.459424568298455,"NO","ROBUST_BASELINE_SENDER",0.838804713804714,0.801767676767677,0.0370370370370371,"NO_LARGE_CONTEXT_SHIFT","GSE182158 2/2 plus GSE199071 >=3/4 donor support; CPM>=1 and expressing fraction>=0.10","DESCRIPTIVE_ONLY_NOT_CAUSAL_NOT_REQUIRED_FOR_ROBUSTNESS","results/03_phase3/baseline/baseline_ligand_expression_by_donor.csv|config/phase3_analysis.json"
"RPS19",2,4,6,2,4,7829.55976809,4134.37749347667,1,0.975312865145646,0.999158249158249,0.99876339653751,0.488381599084498,"NO","ROBUST_BASELINE_SENDER",0.999158249158249,0.997895622895623,0.00126262626262619,"NO_LARGE_CONTEXT_SHIFT","GSE182158 2/2 plus GSE199071 >=3/4 donor support; CPM>=1 and expressing fraction>=0.10","DESCRIPTIVE_ONLY_NOT_CAUSAL_NOT_REQUIRED_FOR_ROBUSTNESS","results/03_phase3/baseline/baseline_ligand_expression_by_donor.csv|config/phase3_analysis.json"
"RSPO1",0,0,0,0,0,0.284455417397688,0,0.00697866752888701,0,0.585648148148148,0.199505358615004,0.190251621340249,"NO","NOT_RELIABLY_EXPRESSED",0.585648148148148,0.563973063973064,0.0216750841750841,"NO_LARGE_CONTEXT_SHIFT","GSE182158 2/2 plus GSE199071 >=3/4 donor support; CPM>=1 and expressing fraction>=0.10","DESCRIPTIVE_ONLY_NOT_CAUSAL_NOT_REQUIRED_FOR_ROBUSTNESS","results/03_phase3/baseline/baseline_ligand_expression_by_donor.csv|config/phase3_analysis.json"
"RSPO2",0,0,0,0,0,0.0165966395458485,0,0.000421968183496281,0,0.308291245791246,0.211871393239901,0.0238657644047713,"NO","NOT_RELIABLY_EXPRESSED",0.308291245791246,0.449915824915825,-0.141624579124579,"NO_LARGE_CONTEXT_SHIFT","GSE182158 2/2 plus GSE199071 >=3/4 donor support; CPM>=1 and expressing fraction>=0.10","DESCRIPTIVE_ONLY_NOT_CAUSAL_NOT_REQUIRED_FOR_ROBUSTNESS","results/03_phase3/baseline/baseline_ligand_expression_by_donor.csv|config/phase3_analysis.json"
"RSPO3",0,0,0,2,0,1.37794730641126,0.118061673194863,0.0255696250089748,0.00222382150311699,0.679292929292929,0.520816158285243,0.585181310978829,"NO","NOT_RELIABLY_EXPRESSED",0.679292929292929,0.78493265993266,-0.105639730639731,"NO_LARGE_CONTEXT_SHIFT","GSE182158 2/2 plus GSE199071 >=3/4 donor support; CPM>=1 and expressing fraction>=0.10","DESCRIPTIVE_ONLY_NOT_CAUSAL_NOT_REQUIRED_FOR_ROBUSTNESS","results/03_phase3/baseline/baseline_ligand_expression_by_donor.csv|config/phase3_analysis.json"
"RSPO4",0,0,0,0,0,0.0798225544962653,0,0.00201330280538416,0,0.490951178451179,0.204451772464963,0.0629243622002801,"NO","NOT_RELIABLY_EXPRESSED",0.490951178451179,0.571548821548822,-0.0805976430976431,"NO_LARGE_CONTEXT_SHIFT","GSE182158 2/2 plus GSE199071 >=3/4 donor support; CPM>=1 and expressing fraction>=0.10","DESCRIPTIVE_ONLY_NOT_CAUSAL_NOT_REQUIRED_FOR_ROBUSTNESS","results/03_phase3/baseline/baseline_ligand_expression_by_donor.csv|config/phase3_analysis.json"
"RTN4",2,4,6,2,4,534.288449906008,942.491813924736,0.998842091890464,0.960678567241851,0.97516835016835,0.98722176422094,0.47076513931207,"NO","ROBUST_BASELINE_SENDER",0.97516835016835,0.972643097643098,0.00252525252525249,"NO_LARGE_CONTEXT_SHIFT","GSE182158 2/2 plus GSE199071 >=3/4 donor support; CPM>=1 and expressing fraction>=0.10","DESCRIPTIVE_ONLY_NOT_CAUSAL_NOT_REQUIRED_FOR_ROBUSTNESS","results/03_phase3/baseline/baseline_ligand_expression_by_donor.csv|config/phase3_analysis.json"
"S100A10",2,4,6,2,4,810.703897771791,2166.58928709062,0.975189024616423,0.971672461585108,0.97516835016835,0.996290189612531,1.21014616089147,"NO","ROBUST_BASELINE_SENDER",0.97516835016835,0.992003367003367,-0.0168350168350169,"NO_LARGE_CONTEXT_SHIFT","GSE182158 2/2 plus GSE199071 >=3/4 donor support; CPM>=1 and expressing fraction>=0.10","DESCRIPTIVE_ONLY_NOT_CAUSAL_NOT_REQUIRED_FOR_ROBUSTNESS","results/03_phase3/baseline/baseline_ligand_expression_by_donor.csv|config/phase3_analysis.json"
"S100A12",0,0,0,0,0,0,0,0,0,0.0536616161616162,0.199505358615004,0,"NO","NOT_RELIABLY_EXPRESSED",0.0536616161616162,0.11952861952862,-0.0658670033670034,"NO_LARGE_CONTEXT_SHIFT","GSE182158 2/2 plus GSE199071 >=3/4 donor support; CPM>=1 and expressing fraction>=0.10","DESCRIPTIVE_ONLY_NOT_CAUSAL_NOT_REQUIRED_FOR_ROBUSTNESS","results/03_phase3/baseline/baseline_ligand_expression_by_donor.csv|config/phase3_analysis.json"
"S100A4",2,4,6,2,4,347.623007457482,1485.10447061473,0.907162677385199,0.920077892996576,0.966329966329966,0.992992580379225,1.63437855714847,"YES","ROBUST_BASELINE_SENDER",0.966329966329966,0.99452861952862,-0.0281986531986531,"NO_LARGE_CONTEXT_SHIFT","GSE182158 2/2 plus GSE199071 >=3/4 donor support; CPM>=1 and expressing fraction>=0.10","DESCRIPTIVE_ONLY_NOT_CAUSAL_NOT_REQUIRED_FOR_ROBUSTNESS","results/03_phase3/baseline/baseline_ligand_expression_by_donor.csv|config/phase3_analysis.json"
"S100A8",0,0,0,0,0,0,0,0,0,0.0536616161616162,0.199505358615004,0,"NO","NOT_RELIABLY_EXPRESSED",0.0536616161616162,0.196127946127946,-0.14246632996633,"NO_LARGE_CONTEXT_SHIFT","GSE182158 2/2 plus GSE199071 >=3/4 donor support; CPM>=1 and expressing fraction>=0.10","DESCRIPTIVE_ONLY_NOT_CAUSAL_NOT_REQUIRED_FOR_ROBUSTNESS","results/03_phase3/baseline/baseline_ligand_expression_by_donor.csv|config/phase3_analysis.json"
"S100A9",0,0,0,0,0,0,0,0,0,0.0536616161616162,0.199505358615004,0,"NO","NOT_RELIABLY_EXPRESSED",0.0536616161616162,0.439393939393939,-0.385732323232323,"UC_LOWER_CONTEXT","GSE182158 2/2 plus GSE199071 >=3/4 donor support; CPM>=1 and expressing fraction>=0.10","DESCRIPTIVE_ONLY_NOT_CAUSAL_NOT_REQUIRED_FOR_ROBUSTNESS","results/03_phase3/baseline/baseline_ligand_expression_by_donor.csv|config/phase3_analysis.json"
"S100B",0,0,0,0,0,0.00686991033016571,0,0.000168444200127455,0,0.207491582491583,0.211871393239901,0.0117993185582936,"NO","NOT_RELIABLY_EXPRESSED",0.207491582491583,0.551346801346801,-0.343855218855219,"UC_LOWER_CONTEXT","GSE182158 2/2 plus GSE199071 >=3/4 donor support; CPM>=1 and expressing fraction>=0.10","DESCRIPTIVE_ONLY_NOT_CAUSAL_NOT_REQUIRED_FOR_ROBUSTNESS","results/03_phase3/baseline/baseline_ligand_expression_by_donor.csv|config/phase3_analysis.json"
"SAA1",1,0,1,2,0,21.3227750892203,0,0.108864424288823,0,0.855639730639731,0.211871393239901,2.26366037838795,"NO","NOT_RELIABLY_EXPRESSED",0.855639730639731,0.134259259259259,0.721380471380471,"UC_HIGHER_CONTEXT","GSE182158 2/2 plus GSE199071 >=3/4 donor support; CPM>=1 and expressing fraction>=0.10","DESCRIPTIVE_ONLY_NOT_CAUSAL_NOT_REQUIRED_FOR_ROBUSTNESS","results/03_phase3/baseline/baseline_ligand_expression_by_donor.csv|config/phase3_analysis.json"
"SARAF",2,4,6,2,4,188.857443763415,90.4510060964925,0.971785837266736,0.687888101517323,0.955387205387206,0.922506183017313,0.573925864681067,"NO","ROBUST_BASELINE_SENDER",0.955387205387206,0.922979797979798,0.0324074074074074,"NO_LARGE_CONTEXT_SHIFT","GSE182158 2/2 plus GSE199071 >=3/4 donor support; CPM>=1 and expressing fraction>=0.10","DESCRIPTIVE_ONLY_NOT_CAUSAL_NOT_REQUIRED_FOR_ROBUSTNESS","results/03_phase3/baseline/baseline_ligand_expression_by_donor.csv|config/phase3_analysis.json"
"SCGB1A1",0,0,0,0,0,0.00164152149567638,0,3.92464678178964e-05,0,0.099537037037037,0.199505358615004,0.00193047220564663,"NO","NOT_RELIABLY_EXPRESSED",0.099537037037037,0.0500841750841751,0.049452861952862,"NO_LARGE_CONTEXT_SHIFT","GSE182158 2/2 plus GSE199071 >=3/4 donor support; CPM>=1 and expressing fraction>=0.10","DESCRIPTIVE_ONLY_NOT_CAUSAL_NOT_REQUIRED_FOR_ROBUSTNESS","results/03_phase3/baseline/baseline_ligand_expression_by_donor.csv|config/phase3_analysis.json"
"SCGB3A1",0,0,0,0,0,0.111011462914117,0.0538578151395362,0.0026804927582884,0.000884191589146663,0.52293771043771,0.48083264633141,0.0520581574552313,"NO","NOT_RELIABLY_EXPRESSED",0.52293771043771,0.311868686868687,0.211069023569024,"NO_LARGE_CONTEXT_SHIFT","GSE182158 2/2 plus GSE199071 >=3/4 donor support; CPM>=1 and expressing fraction>=0.10","DESCRIPTIVE_ONLY_NOT_CAUSAL_NOT_REQUIRED_FOR_ROBUSTNESS","results/03_phase3/baseline/baseline_ligand_expression_by_donor.csv|config/phase3_analysis.json"
"SCGB3A2",0,0,0,0,0,0,0,0,0,0.0536616161616162,0.199505358615004,0,"NO","NOT_RELIABLY_EXPRESSED",0.0536616161616162,0.115319865319865,-0.0616582491582492,"NO_LARGE_CONTEXT_SHIFT","GSE182158 2/2 plus GSE199071 >=3/4 donor support; CPM>=1 and expressing fraction>=0.10","DESCRIPTIVE_ONLY_NOT_CAUSAL_NOT_REQUIRED_FOR_ROBUSTNESS","results/03_phase3/baseline/baseline_ligand_expression_by_donor.csv|config/phase3_analysis.json"
"SCT",0,0,0,0,0,0.0349572003457489,0.0205161552823478,0.000865137658349011,0.000312207305650952,0.408249158249158,0.3239901071723,0.0288928159507445,"YES","NOT_RELIABLY_EXPRESSED",0.408249158249158,0.307239057239057,0.101010101010101,"NO_LARGE_CONTEXT_SHIFT","GSE182158 2/2 plus GSE199071 >=3/4 donor support; CPM>=1 and expressing fraction>=0.10","DESCRIPTIVE_ONLY_NOT_CAUSAL_NOT_REQUIRED_FOR_ROBUSTNESS","results/03_phase3/baseline/baseline_ligand_expression_by_donor.csv|config/phase3_analysis.json"
"SCUBE2",0,0,0,1,0,0.966963633894204,0.175048643340685,0.0226974291155698,0.0027749681077375,0.61952861952862,0.53957131079967,0.534239157801894,"NO","NOT_RELIABLY_EXPRESSED",0.61952861952862,0.571969696969697,0.0475589225589225,"NO_LARGE_CONTEXT_SHIFT","GSE182158 2/2 plus GSE199071 >=3/4 donor support; CPM>=1 and expressing fraction>=0.10","DESCRIPTIVE_ONLY_NOT_CAUSAL_NOT_REQUIRED_FOR_ROBUSTNESS","results/03_phase3/baseline/baseline_ligand_expression_by_donor.csv|config/phase3_analysis.json"
"SDC2",2,4,6,2,4,20.6876018871307,29.3509406002898,0.363686752930093,0.344116081230264,0.85479797979798,0.861088211046991,0.295068650004277,"NO","ROBUST_BASELINE_SENDER",0.85479797979798,0.906986531986532,-0.0521885521885522,"NO_LARGE_CONTEXT_SHIFT","GSE182158 2/2 plus GSE199071 >=3/4 donor support; CPM>=1 and expressing fraction>=0.10","DESCRIPTIVE_ONLY_NOT_CAUSAL_NOT_REQUIRED_FOR_ROBUSTNESS","results/03_phase3/baseline/baseline_ligand_expression_by_donor.csv|config/phase3_analysis.json"
"SDC4",2,4,6,2,4,16.530519026019,71.361266802492,0.29435209060573,0.626248858102732,0.833754208754209,0.908903544929926,1.20127569461001,"NO","ROBUST_BASELINE_SENDER",0.833754208754209,0.849747474747475,-0.015993265993266,"NO_LARGE_CONTEXT_SHIFT","GSE182158 2/2 plus GSE199071 >=3/4 donor support; CPM>=1 and expressing fraction>=0.10","DESCRIPTIVE_ONLY_NOT_CAUSAL_NOT_REQUIRED_FOR_ROBUSTNESS","results/03_phase3/baseline/baseline_ligand_expression_by_donor.csv|config/phase3_analysis.json"
"SDK2",0,0,0,0,0,0.152838573590031,0.176217931228677,0.00369115795905313,0.00266628504495502,0.543139730639731,0.555234954657873,0.0942839465338496,"NO","NOT_RELIABLY_EXPRESSED",0.543139730639731,0.516414141414141,0.0267255892255892,"NO_LARGE_CONTEXT_SHIFT","GSE182158 2/2 plus GSE199071 >=3/4 donor support; CPM>=1 and expressing fraction>=0.10","DESCRIPTIVE_ONLY_NOT_CAUSAL_NOT_REQUIRED_FOR_ROBUSTNESS","results/03_phase3/baseline/baseline_ligand_expression_by_donor.csv|config/phase3_analysis.json"
"SECTM1",2,0,2,2,3,19.7259119341713,0.847747996286198,0.33316041564879,0.0125746139230596,0.841750841750842,0.652926628194559,1.79944441613581,"YES","MULTIDATASET_LOW_EXPRESSION",0.841750841750842,0.776515151515152,0.0652356902356902,"NO_LARGE_CONTEXT_SHIFT","GSE182158 2/2 plus GSE199071 >=3/4 donor support; CPM>=1 and expressing fraction>=0.10","DESCRIPTIVE_ONLY_NOT_CAUSAL_NOT_REQUIRED_FOR_ROBUSTNESS","results/03_phase3/baseline/baseline_ligand_expression_by_donor.csv|config/phase3_analysis.json"
"SELE",0,0,0,0,0,0.00942290486822264,0,0.000242065654512958,0,0.220749158249158,0.199505358615004,0.0089124590175621,"NO","NOT_RELIABLY_EXPRESSED",0.220749158249158,0.134259259259259,0.086489898989899,"NO_LARGE_CONTEXT_SHIFT","GSE182158 2/2 plus GSE199071 >=3/4 donor support; CPM>=1 and expressing fraction>=0.10","DESCRIPTIVE_ONLY_NOT_CAUSAL_NOT_REQUIRED_FOR_ROBUSTNESS","results/03_phase3/baseline/baseline_ligand_expression_by_donor.csv|config/phase3_analysis.json"
"SELL",0,0,0,0,0,0.0260195444140712,0,0.000664033838009239,0,0.361742424242424,0.199505358615004,0.0222560788106452,"NO","NOT_RELIABLY_EXPRESSED",0.361742424242424,0.471380471380471,-0.109638047138047,"NO_LARGE_CONTEXT_SHIFT","GSE182158 2/2 plus GSE199071 >=3/4 donor support; CPM>=1 and expressing fraction>=0.10","DESCRIPTIVE_ONLY_NOT_CAUSAL_NOT_REQUIRED_FOR_ROBUSTNESS","results/03_phase3/baseline/baseline_ligand_expression_by_donor.csv|config/phase3_analysis.json"
"SELP",0,0,0,0,0,0.00389069168627313,0,0.000101409593347531,0,0.13510101010101,0.199505358615004,0.00456532261990384,"NO","NOT_RELIABLY_EXPRESSED",0.13510101010101,0.134259259259259,0.00084175084175081,"NO_LARGE_CONTEXT_SHIFT","GSE182158 2/2 plus GSE199071 >=3/4 donor support; CPM>=1 and expressing fraction>=0.10","DESCRIPTIVE_ONLY_NOT_CAUSAL_NOT_REQUIRED_FOR_ROBUSTNESS","results/03_phase3/baseline/baseline_ligand_expression_by_donor.csv|config/phase3_analysis.json"
"SELPLG",0,0,0,2,4,0.991435482418964,0.838629829923072,0.0242965843752492,0.0153233778097634,0.665824915824916,0.653751030502885,0.127410081018832,"NO","MULTIDATASET_LOW_EXPRESSION",0.665824915824916,0.605639730639731,0.0601851851851852,"NO_LARGE_CONTEXT_SHIFT","GSE182158 2/2 plus GSE199071 >=3/4 donor support; CPM>=1 and expressing fraction>=0.10","DESCRIPTIVE_ONLY_NOT_CAUSAL_NOT_REQUIRED_FOR_ROBUSTNESS","results/03_phase3/baseline/baseline_ligand_expression_by_donor.csv|config/phase3_analysis.json"
"SEMA3A",0,3,3,2,4,0.826426534542698,15.2261995373712,0.0195741091597061,0.186113044248061,0.650462962962963,0.808120362737016,1.59642160289084,"NO","MULTIDATASET_LOW_EXPRESSION",0.650462962962963,0.771043771043771,-0.120580808080808,"NO_LARGE_CONTEXT_SHIFT","GSE182158 2/2 plus GSE199071 >=3/4 donor support; CPM>=1 and expressing fraction>=0.10","DESCRIPTIVE_ONLY_NOT_CAUSAL_NOT_REQUIRED_FOR_ROBUSTNESS","results/03_phase3/baseline/baseline_ligand_expression_by_donor.csv|config/phase3_analysis.json"
"SEMA3B",0,0,0,2,4,1.60464999720977,1.15007251699482,0.0383186217783549,0.0176048650290125,0.690656565656566,0.66323165704864,0.363280797444687,"NO","MULTIDATASET_LOW_EXPRESSION",0.690656565656566,0.6746632996633,0.015993265993266,"NO_LARGE_CONTEXT_SHIFT","GSE182158 2/2 plus GSE199071 >=3/4 donor support; CPM>=1 and expressing fraction>=0.10","DESCRIPTIVE_ONLY_NOT_CAUSAL_NOT_REQUIRED_FOR_ROBUSTNESS","results/03_phase3/baseline/baseline_ligand_expression_by_donor.csv|config/phase3_analysis.json"
"SEMA3C",2,4,6,2,4,11.0430499925488,34.9531436964083,0.220328858416129,0.381635857234261,0.811026936026936,0.873042044517725,0.924539669508522,"NO","ROBUST_BASELINE_SENDER",0.811026936026936,0.827861952861953,-0.0168350168350169,"NO_LARGE_CONTEXT_SHIFT","GSE182158 2/2 plus GSE199071 >=3/4 donor support; CPM>=1 and expressing fraction>=0.10","DESCRIPTIVE_ONLY_NOT_CAUSAL_NOT_REQUIRED_FOR_ROBUSTNESS","results/03_phase3/baseline/baseline_ligand_expression_by_donor.csv|config/phase3_analysis.json"
"SEMA3D",0,2,2,0,4,0.236129945763691,6.59120444516689,0.0056322800585915,0.100294724622036,0.571338383838384,0.761747732893652,1.5129456813763,"NO","DATASET_SPECIFIC",0.571338383838384,0.561868686868687,0.00946969696969702,"NO_LARGE_CONTEXT_SHIFT","GSE182158 2/2 plus GSE199071 >=3/4 donor support; CPM>=1 and expressing fraction>=0.10","DESCRIPTIVE_ONLY_NOT_CAUSAL_NOT_REQUIRED_FOR_ROBUSTNESS","results/03_phase3/baseline/baseline_ligand_expression_by_donor.csv|config/phase3_analysis.json"
"SEMA3E",0,0,0,0,0,0.00717373467762589,0.0397734959398897,0.000179902528983323,0.000664816614536707,0.216329966329966,0.430544105523495,0.0277286987843596,"NO","NOT_RELIABLY_EXPRESSED",0.216329966329966,0.567340067340067,-0.351010101010101,"UC_LOWER_CONTEXT","GSE182158 2/2 plus GSE199071 >=3/4 donor support; CPM>=1 and expressing fraction>=0.10","DESCRIPTIVE_ONLY_NOT_CAUSAL_NOT_REQUIRED_FOR_ROBUSTNESS","results/03_phase3/baseline/baseline_ligand_expression_by_donor.csv|config/phase3_analysis.json"
"SEMA3F",0,0,0,0,1,0.0182381610415249,0.518335595732064,0.000461214651314178,0.00743437739530895,0.328703703703704,0.620568837592745,0.699459794524625,"NO","NOT_RELIABLY_EXPRESSED",0.328703703703704,0.525252525252525,-0.196548821548822,"NO_LARGE_CONTEXT_SHIFT","GSE182158 2/2 plus GSE199071 >=3/4 donor support; CPM>=1 and expressing fraction>=0.10","DESCRIPTIVE_ONLY_NOT_CAUSAL_NOT_REQUIRED_FOR_ROBUSTNESS","results/03_phase3/baseline/baseline_ligand_expression_by_donor.csv|config/phase3_analysis.json"
"SEMA3G",0,0,0,0,0,0.0273572415622874,0,0.000691821976971266,0,0.380260942760943,0.211871393239901,0.0257374278577836,"NO","NOT_RELIABLY_EXPRESSED",0.380260942760943,0.332912457912458,0.0473484848484848,"NO_LARGE_CONTEXT_SHIFT","GSE182158 2/2 plus GSE199071 >=3/4 donor support; CPM>=1 and expressing fraction>=0.10","DESCRIPTIVE_ONLY_NOT_CAUSAL_NOT_REQUIRED_FOR_ROBUSTNESS","results/03_phase3/baseline/baseline_ligand_expression_by_donor.csv|config/phase3_analysis.json"
"SEMA4A",0,0,0,0,0,0.282210597304048,0.307452639319453,0.00689331312783006,0.00505659269359295,0.586069023569024,0.583676834295136,0.113930590611418,"NO","NOT_RELIABLY_EXPRESSED",0.586069023569024,0.605639730639731,-0.0195707070707071,"NO_LARGE_CONTEXT_SHIFT","GSE182158 2/2 plus GSE199071 >=3/4 donor support; CPM>=1 and expressing fraction>=0.10","DESCRIPTIVE_ONLY_NOT_CAUSAL_NOT_REQUIRED_FOR_ROBUSTNESS","results/03_phase3/baseline/baseline_ligand_expression_by_donor.csv|config/phase3_analysis.json"
"SEMA4B",2,0,2,2,4,5.33692185155724,4.38049493317255,0.121800392010962,0.0668636640455638,0.763257575757576,0.736809563066777,0.192091902082847,"NO","MULTIDATASET_LOW_EXPRESSION",0.763257575757576,0.692340067340067,0.0709175084175084,"NO_LARGE_CONTEXT_SHIFT","GSE182158 2/2 plus GSE199071 >=3/4 donor support; CPM>=1 and expressing fraction>=0.10","DESCRIPTIVE_ONLY_NOT_CAUSAL_NOT_REQUIRED_FOR_ROBUSTNESS","results/03_phase3/baseline/baseline_ligand_expression_by_donor.csv|config/phase3_analysis.json"
"SEMA4C",1,0,1,2,4,5.75997149603356,4.39811833791983,0.13360500597234,0.0739103458631651,0.765572390572391,0.738046166529266,0.306504972973287,"NO","MULTIDATASET_LOW_EXPRESSION",0.765572390572391,0.728956228956229,0.0366161616161617,"NO_LARGE_CONTEXT_SHIFT","GSE182158 2/2 plus GSE199071 >=3/4 donor support; CPM>=1 and expressing fraction>=0.10","DESCRIPTIVE_ONLY_NOT_CAUSAL_NOT_REQUIRED_FOR_ROBUSTNESS","results/03_phase3/baseline/baseline_ligand_expression_by_donor.csv|config/phase3_analysis.json"
"SEMA4D",0,0,0,0,1,0.119522894739959,0.384482001949621,0.00292742989405165,0.00680870321127853,0.529040404040404,0.606966199505359,0.230834125702441,"NO","NOT_RELIABLY_EXPRESSED",0.529040404040404,0.518939393939394,0.0101010101010101,"NO_LARGE_CONTEXT_SHIFT","GSE182158 2/2 plus GSE199071 >=3/4 donor support; CPM>=1 and expressing fraction>=0.10","DESCRIPTIVE_ONLY_NOT_CAUSAL_NOT_REQUIRED_FOR_ROBUSTNESS","results/03_phase3/baseline/baseline_ligand_expression_by_donor.csv|config/phase3_analysis.json"
"SEMA4F",0,0,0,2,4,0.705533018405556,2.5662260157973,0.017120860653826,0.0383746412057566,0.63510101010101,0.710222588623248,0.59411280820666,"NO","MULTIDATASET_LOW_EXPRESSION",0.63510101010101,0.667929292929293,-0.0328282828282828,"NO_LARGE_CONTEXT_SHIFT","GSE182158 2/2 plus GSE199071 >=3/4 donor support; CPM>=1 and expressing fraction>=0.10","DESCRIPTIVE_ONLY_NOT_CAUSAL_NOT_REQUIRED_FOR_ROBUSTNESS","results/03_phase3/baseline/baseline_ligand_expression_by_donor.csv|config/phase3_analysis.json"
"SEMA4G",0,0,0,2,0,0.58211073178541,0.239899790264144,0.0143460943854268,0.00436651876888214,0.630050505050505,0.565746084089036,0.234403453741214,"NO","NOT_RELIABLY_EXPRESSED",0.630050505050505,0.506313131313131,0.123737373737374,"NO_LARGE_CONTEXT_SHIFT","GSE182158 2/2 plus GSE199071 >=3/4 donor support; CPM>=1 and expressing fraction>=0.10","DESCRIPTIVE_ONLY_NOT_CAUSAL_NOT_REQUIRED_FOR_ROBUSTNESS","results/03_phase3/baseline/baseline_ligand_expression_by_donor.csv|config/phase3_analysis.json"
"SEMA5A",2,4,6,2,4,8.03118362281492,12.4798442687422,0.165400200940642,0.18135925625914,0.790824915824916,0.796990931574609,0.539957736172206,"NO","ROBUST_BASELINE_SENDER",0.790824915824916,0.805976430976431,-0.0151515151515151,"NO_LARGE_CONTEXT_SHIFT","GSE182158 2/2 plus GSE199071 >=3/4 donor support; CPM>=1 and expressing fraction>=0.10","DESCRIPTIVE_ONLY_NOT_CAUSAL_NOT_REQUIRED_FOR_ROBUSTNESS","results/03_phase3/baseline/baseline_ligand_expression_by_donor.csv|config/phase3_analysis.json"
"SEMA5B",0,0,0,0,0,0.0251080713716906,0,0.000629658851441632,0,0.378156565656566,0.211871393239901,0.0186819480005259,"NO","NOT_RELIABLY_EXPRESSED",0.378156565656566,0.403198653198653,-0.0250420875420876,"NO_LARGE_CONTEXT_SHIFT","GSE182158 2/2 plus GSE199071 >=3/4 donor support; CPM>=1 and expressing fraction>=0.10","DESCRIPTIVE_ONLY_NOT_CAUSAL_NOT_REQUIRED_FOR_ROBUSTNESS","results/03_phase3/baseline/baseline_ligand_expression_by_donor.csv|config/phase3_analysis.json"
"SEMA6A",0,0,0,0,0,0.0754466138734473,0.111560955632826,0.00174173364555389,0.0018146392283727,0.490319865319865,0.532563891178895,0.163312990126341,"NO","NOT_RELIABLY_EXPRESSED",0.490319865319865,0.554292929292929,-0.063973063973064,"NO_LARGE_CONTEXT_SHIFT","GSE182158 2/2 plus GSE199071 >=3/4 donor support; CPM>=1 and expressing fraction>=0.10","DESCRIPTIVE_ONLY_NOT_CAUSAL_NOT_REQUIRED_FOR_ROBUSTNESS","results/03_phase3/baseline/baseline_ligand_expression_by_donor.csv|config/phase3_analysis.json"
"SEMA6B",0,0,0,1,0,0.447737718365827,0,0.0113068950404341,0,0.588804713804714,0.211871393239901,0.330755550757761,"NO","NOT_RELIABLY_EXPRESSED",0.588804713804714,0.540404040404041,0.0484006734006734,"NO_LARGE_CONTEXT_SHIFT","GSE182158 2/2 plus GSE199071 >=3/4 donor support; CPM>=1 and expressing fraction>=0.10","DESCRIPTIVE_ONLY_NOT_CAUSAL_NOT_REQUIRED_FOR_ROBUSTNESS","results/03_phase3/baseline/baseline_ligand_expression_by_donor.csv|config/phase3_analysis.json"
"SEMA6C",0,0,0,1,1,0.436378167848382,0.458088442877785,0.0109906586959045,0.00799008901819692,0.612584175084175,0.616859027205276,0.1515816903628,"NO","MULTIDATASET_LOW_EXPRESSION",0.612584175084175,0.61026936026936,0.00231481481481477,"NO_LARGE_CONTEXT_SHIFT","GSE182158 2/2 plus GSE199071 >=3/4 donor support; CPM>=1 and expressing fraction>=0.10","DESCRIPTIVE_ONLY_NOT_CAUSAL_NOT_REQUIRED_FOR_ROBUSTNESS","results/03_phase3/baseline/baseline_ligand_expression_by_donor.csv|config/phase3_analysis.json"
"SEMA6D",0,0,0,1,0,1.23956555164399,0.0680902199265931,0.0303679186214281,0.00129505581683459,0.662247474747475,0.449093157460841,0.615931069441347,"NO","NOT_RELIABLY_EXPRESSED",0.662247474747475,0.752946127946128,-0.0906986531986532,"NO_LARGE_CONTEXT_SHIFT","GSE182158 2/2 plus GSE199071 >=3/4 donor support; CPM>=1 and expressing fraction>=0.10","DESCRIPTIVE_ONLY_NOT_CAUSAL_NOT_REQUIRED_FOR_ROBUSTNESS","results/03_phase3/baseline/baseline_ligand_expression_by_donor.csv|config/phase3_analysis.json"
"SEMA7A",0,4,4,2,4,1.19213602919123,25.6502024376378,0.0285329382975956,0.322577520105226,0.669823232323232,0.847073371805441,1.90551244031857,"NO","MULTIDATASET_LOW_EXPRESSION",0.669823232323232,0.704124579124579,-0.0343013468013469,"NO_LARGE_CONTEXT_SHIFT","GSE182158 2/2 plus GSE199071 >=3/4 donor support; CPM>=1 and expressing fraction>=0.10","DESCRIPTIVE_ONLY_NOT_CAUSAL_NOT_REQUIRED_FOR_ROBUSTNESS","results/03_phase3/baseline/baseline_ligand_expression_by_donor.csv|config/phase3_analysis.json"
"SERPINA1",0,0,0,0,0,0.168401340335124,0.107715630279072,0.00415895945797289,0.00176838317829333,0.551557239057239,0.52555647155812,0.0799274196072795,"NO","NOT_RELIABLY_EXPRESSED",0.551557239057239,0.482744107744108,0.0688131313131312,"NO_LARGE_CONTEXT_SHIFT","GSE182158 2/2 plus GSE199071 >=3/4 donor support; CPM>=1 and expressing fraction>=0.10","DESCRIPTIVE_ONLY_NOT_CAUSAL_NOT_REQUIRED_FOR_ROBUSTNESS","results/03_phase3/baseline/baseline_ligand_expression_by_donor.csv|config/phase3_analysis.json"
"SERPINA5",0,0,0,1,0,0.535649830679056,0,0.0125708096067521,0,0.620791245791246,0.199505358615004,0.347889733716642,"NO","NOT_RELIABLY_EXPRESSED",0.620791245791246,0.423821548821549,0.196969696969697,"NO_LARGE_CONTEXT_SHIFT","GSE182158 2/2 plus GSE199071 >=3/4 donor support; CPM>=1 and expressing fraction>=0.10","DESCRIPTIVE_ONLY_NOT_CAUSAL_NOT_REQUIRED_FOR_ROBUSTNESS","results/03_phase3/baseline/baseline_ligand_expression_by_donor.csv|config/phase3_analysis.json"
"SERPINC1",0,0,0,0,0,0.0309441089011003,0.0373072258365289,0.000781773241462928,0.000564477739556099,0.400673400673401,0.449299258037923,0.0350844844723253,"NO","NOT_RELIABLY_EXPRESSED",0.400673400673401,0.288299663299663,0.112373737373737,"NO_LARGE_CONTEXT_SHIFT","GSE182158 2/2 plus GSE199071 >=3/4 donor support; CPM>=1 and expressing fraction>=0.10","DESCRIPTIVE_ONLY_NOT_CAUSAL_NOT_REQUIRED_FOR_ROBUSTNESS","results/03_phase3/baseline/baseline_ligand_expression_by_donor.csv|config/phase3_analysis.json"
"SERPINE1",2,4,6,2,4,202.983005600322,1110.12874932271,0.680564588757035,0.94833040209314,0.932239057239057,0.989694971145919,1.94988568441282,"YES","ROBUST_BASELINE_SENDER",0.932239057239057,0.881734006734007,0.0505050505050505,"NO_LARGE_CONTEXT_SHIFT","GSE182158 2/2 plus GSE199071 >=3/4 donor support; CPM>=1 and expressing fraction>=0.10","DESCRIPTIVE_ONLY_NOT_CAUSAL_NOT_REQUIRED_FOR_ROBUSTNESS","results/03_phase3/baseline/baseline_ligand_expression_by_donor.csv|config/phase3_analysis.json"
"SERPINE2",2,4,6,2,4,507.471691896314,155.241448913503,0.975177637926997,0.695141773936077,0.975589225589226,0.949299258037922,0.935531280085782,"NO","ROBUST_BASELINE_SENDER",0.975589225589226,0.966750841750842,0.00883838383838376,"NO_LARGE_CONTEXT_SHIFT","GSE182158 2/2 plus GSE199071 >=3/4 donor support; CPM>=1 and expressing fraction>=0.10","DESCRIPTIVE_ONLY_NOT_CAUSAL_NOT_REQUIRED_FOR_ROBUSTNESS","results/03_phase3/baseline/baseline_ligand_expression_by_donor.csv|config/phase3_analysis.json"
"SERPINF1",2,1,3,2,4,544.924459711564,5.65892729148673,0.945972228258508,0.0756595408964309,0.970959595959596,0.74361088211047,3.31537272825991,"NO","MULTIDATASET_LOW_EXPRESSION",0.970959595959596,0.960016835016835,0.010942760942761,"NO_LARGE_CONTEXT_SHIFT","GSE182158 2/2 plus GSE199071 >=3/4 donor support; CPM>=1 and expressing fraction>=0.10","DESCRIPTIVE_ONLY_NOT_CAUSAL_NOT_REQUIRED_FOR_ROBUSTNESS","results/03_phase3/baseline/baseline_ligand_expression_by_donor.csv|config/phase3_analysis.json"
"SERPING1",2,0,2,2,1,35.2608691130139,0.0309545938619022,0.419558372364883,0.000468310958476428,0.853956228956229,0.338623248145095,2.41520250429343,"YES","MULTIDATASET_LOW_EXPRESSION",0.853956228956229,0.926346801346801,-0.0723905723905723,"NO_LARGE_CONTEXT_SHIFT","GSE182158 2/2 plus GSE199071 >=3/4 donor support; CPM>=1 and expressing fraction>=0.10","DESCRIPTIVE_ONLY_NOT_CAUSAL_NOT_REQUIRED_FOR_ROBUSTNESS","results/03_phase3/baseline/baseline_ligand_expression_by_donor.csv|config/phase3_analysis.json"
"SFRP1",0,3,3,2,4,2.62417029607405,19.7144015837245,0.0535560619136611,0.203724184000631,0.715909090909091,0.820898598516076,1.48041424266323,"NO","MULTIDATASET_LOW_EXPRESSION",0.715909090909091,0.873316498316498,-0.157407407407407,"NO_LARGE_CONTEXT_SHIFT","GSE182158 2/2 plus GSE199071 >=3/4 donor support; CPM>=1 and expressing fraction>=0.10","DESCRIPTIVE_ONLY_NOT_CAUSAL_NOT_REQUIRED_FOR_ROBUSTNESS","results/03_phase3/baseline/baseline_ligand_expression_by_donor.csv|config/phase3_analysis.json"
"SFRP2",0,0,0,0,0,0.13520371114647,0.0295755386115093,0.00171566087294715,0.000535754374161847,0.512205387205387,0.401277823577906,0.114288901720945,"NO","NOT_RELIABLY_EXPRESSED",0.512205387205387,0.884259259259259,-0.372053872053872,"UC_LOWER_CONTEXT","GSE182158 2/2 plus GSE199071 >=3/4 donor support; CPM>=1 and expressing fraction>=0.10","DESCRIPTIVE_ONLY_NOT_CAUSAL_NOT_REQUIRED_FOR_ROBUSTNESS","results/03_phase3/baseline/baseline_ligand_expression_by_donor.csv|config/phase3_analysis.json"
"SFTPA1",0,0,0,0,0,0,0,0,0,0.0536616161616162,0.199505358615004,0,"NO","NOT_RELIABLY_EXPRESSED",0.0536616161616162,0.11952861952862,-0.0658670033670034,"NO_LARGE_CONTEXT_SHIFT","GSE182158 2/2 plus GSE199071 >=3/4 donor support; CPM>=1 and expressing fraction>=0.10","DESCRIPTIVE_ONLY_NOT_CAUSAL_NOT_REQUIRED_FOR_ROBUSTNESS","results/03_phase3/baseline/baseline_ligand_expression_by_donor.csv|config/phase3_analysis.json"
"SFTPA2",0,0,0,0,0,0.00881525617330227,0,0.00021914899680122,0,0.242003367003367,0.199505358615004,0.00660476797910502,"NO","NOT_RELIABLY_EXPRESSED",0.242003367003367,0.197811447811448,0.0441919191919192,"NO_LARGE_CONTEXT_SHIFT","GSE182158 2/2 plus GSE199071 >=3/4 donor support; CPM>=1 and expressing fraction>=0.10","DESCRIPTIVE_ONLY_NOT_CAUSAL_NOT_REQUIRED_FOR_ROBUSTNESS","results/03_phase3/baseline/baseline_ligand_expression_by_donor.csv|config/phase3_analysis.json"
"SFTPD",0,0,0,0,0,0.0104567776689787,0.0192573406575419,0.000258395464619116,0.000379650721336371,0.262415824915825,0.323371805441055,0.0443726183049014,"YES","NOT_RELIABLY_EXPRESSED",0.262415824915825,0.324915824915825,-0.0625,"NO_LARGE_CONTEXT_SHIFT","GSE182158 2/2 plus GSE199071 >=3/4 donor support; CPM>=1 and expressing fraction>=0.10","DESCRIPTIVE_ONLY_NOT_CAUSAL_NOT_REQUIRED_FOR_ROBUSTNESS","results/03_phase3/baseline/baseline_ligand_expression_by_donor.csv|config/phase3_analysis.json"
"SHBG",0,0,0,2,0,2.05596153262354,0.202605755983304,0.0506338497581055,0.00366130015111063,0.692340067340067,0.570486397361913,0.724110147371951,"NO","NOT_RELIABLY_EXPRESSED",0.692340067340067,0.592592592592593,0.0997474747474747,"NO_LARGE_CONTEXT_SHIFT","GSE182158 2/2 plus GSE199071 >=3/4 donor support; CPM>=1 and expressing fraction>=0.10","DESCRIPTIVE_ONLY_NOT_CAUSAL_NOT_REQUIRED_FOR_ROBUSTNESS","results/03_phase3/baseline/baseline_ligand_expression_by_donor.csv|config/phase3_analysis.json"
"SHH",0,0,0,0,0,0.0195758581897411,0.0166708299285942,0.000489002790276205,0.000252270433905146,0.342382154882155,0.337180544105524,0.0397314045284704,"YES","NOT_RELIABLY_EXPRESSED",0.342382154882155,0.314393939393939,0.0279882154882155,"NO_LARGE_CONTEXT_SHIFT","GSE182158 2/2 plus GSE199071 >=3/4 donor support; CPM>=1 and expressing fraction>=0.10","DESCRIPTIVE_ONLY_NOT_CAUSAL_NOT_REQUIRED_FOR_ROBUSTNESS","results/03_phase3/baseline/baseline_ligand_expression_by_donor.csv|config/phase3_analysis.json"
"SHISA4",2,4,6,2,4,39.2681171848182,28.6752046965879,0.595633389673765,0.317981614331566,0.891414141414142,0.85840890354493,0.33759828815291,"NO","ROBUST_BASELINE_SENDER",0.891414141414142,0.864057239057239,0.0273569023569024,"NO_LARGE_CONTEXT_SHIFT","GSE182158 2/2 plus GSE199071 >=3/4 donor support; CPM>=1 and expressing fraction>=0.10","DESCRIPTIVE_ONLY_NOT_CAUSAL_NOT_REQUIRED_FOR_ROBUSTNESS","results/03_phase3/baseline/baseline_ligand_expression_by_donor.csv|config/phase3_analysis.json"
"SI",0,0,0,0,0,0.0143474693552518,0,0.000359805057966647,0,0.302188552188552,0.199505358615004,0.0106685984024617,"NO","NOT_RELIABLY_EXPRESSED",0.302188552188552,0.307239057239057,-0.00505050505050503,"NO_LARGE_CONTEXT_SHIFT","GSE182158 2/2 plus GSE199071 >=3/4 donor support; CPM>=1 and expressing fraction>=0.10","DESCRIPTIVE_ONLY_NOT_CAUSAL_NOT_REQUIRED_FOR_ROBUSTNESS","results/03_phase3/baseline/baseline_ligand_expression_by_donor.csv|config/phase3_analysis.json"
"SIGLEC1",0,0,0,0,0,0.0186643851473606,0,0.000454627803708598,0,0.313131313131313,0.199505358615004,0.0168423943803698,"NO","NOT_RELIABLY_EXPRESSED",0.313131313131313,0.365319865319865,-0.0521885521885522,"NO_LARGE_CONTEXT_SHIFT","GSE182158 2/2 plus GSE199071 >=3/4 donor support; CPM>=1 and expressing fraction>=0.10","DESCRIPTIVE_ONLY_NOT_CAUSAL_NOT_REQUIRED_FOR_ROBUSTNESS","results/03_phase3/baseline/baseline_ligand_expression_by_donor.csv|config/phase3_analysis.json"
"SIGLEC12",0,0,0,0,0,0.00164152149567638,0,3.92464678178964e-05,0,0.099537037037037,0.199505358615004,0.00193047220564663,"NO","NOT_RELIABLY_EXPRESSED",0.099537037037037,0.138047138047138,-0.038510101010101,"NO_LARGE_CONTEXT_SHIFT","GSE182158 2/2 plus GSE199071 >=3/4 donor support; CPM>=1 and expressing fraction>=0.10","DESCRIPTIVE_ONLY_NOT_CAUSAL_NOT_REQUIRED_FOR_ROBUSTNESS","results/03_phase3/baseline/baseline_ligand_expression_by_donor.csv|config/phase3_analysis.json"
"SIGLEC14",0,0,0,0,0,0.00194534584313656,0,5.07047966737653e-05,0,0.100589225589226,0.199505358615004,0.00228708467680247,"NO","NOT_RELIABLY_EXPRESSED",0.100589225589226,0.0500841750841751,0.0505050505050505,"NO_LARGE_CONTEXT_SHIFT","GSE182158 2/2 plus GSE199071 >=3/4 donor support; CPM>=1 and expressing fraction>=0.10","DESCRIPTIVE_ONLY_NOT_CAUSAL_NOT_REQUIRED_FOR_ROBUSTNESS","results/03_phase3/baseline/baseline_ligand_expression_by_donor.csv|config/phase3_analysis.json"
"SIGLEC15",0,0,0,0,4,0.16165817986029,1.58333796536553,0.0038985740091829,0.0242501747699322,0.495580808080808,0.678689200329761,0.631699406822955,"NO","NOT_RELIABLY_EXPRESSED",0.495580808080808,0.719276094276094,-0.223695286195286,"NO_LARGE_CONTEXT_SHIFT","GSE182158 2/2 plus GSE199071 >=3/4 donor support; CPM>=1 and expressing fraction>=0.10","DESCRIPTIVE_ONLY_NOT_CAUSAL_NOT_REQUIRED_FOR_ROBUSTNESS","results/03_phase3/baseline/baseline_ligand_expression_by_donor.csv|config/phase3_analysis.json"
"SIGLEC5",0,0,0,0,0,0,0,0,0,0.0536616161616162,0.199505358615004,0,"NO","NOT_RELIABLY_EXPRESSED",0.0536616161616162,0.113636363636364,-0.0599747474747475,"NO_LARGE_CONTEXT_SHIFT","GSE182158 2/2 plus GSE199071 >=3/4 donor support; CPM>=1 and expressing fraction>=0.10","DESCRIPTIVE_ONLY_NOT_CAUSAL_NOT_REQUIRED_FOR_ROBUSTNESS","results/03_phase3/baseline/baseline_ligand_expression_by_donor.csv|config/phase3_analysis.json"
"SIGLEC6",0,0,0,0,0,0.0159889908509282,0,0.000399051525784543,0,0.317550505050505,0.211871393239901,0.0139506380839559,"NO","NOT_RELIABLY_EXPRESSED",0.317550505050505,0.131734006734007,0.185816498316498,"NO_LARGE_CONTEXT_SHIFT","GSE182158 2/2 plus GSE199071 >=3/4 donor support; CPM>=1 and expressing fraction>=0.10","DESCRIPTIVE_ONLY_NOT_CAUSAL_NOT_REQUIRED_FOR_ROBUSTNESS","results/03_phase3/baseline/baseline_ligand_expression_by_donor.csv|config/phase3_analysis.json"
"SIGLEC7",0,0,0,0,0,0.042189959854084,0,0.000940474479089804,0,0.350589225589226,0.199505358615004,0.0435281387531214,"NO","NOT_RELIABLY_EXPRESSED",0.350589225589226,0.181818181818182,0.168771043771044,"NO_LARGE_CONTEXT_SHIFT","GSE182158 2/2 plus GSE199071 >=3/4 donor support; CPM>=1 and expressing fraction>=0.10","DESCRIPTIVE_ONLY_NOT_CAUSAL_NOT_REQUIRED_FOR_ROBUSTNESS","results/03_phase3/baseline/baseline_ligand_expression_by_donor.csv|config/phase3_analysis.json"
"SIGLEC8",0,0,0,0,0,0.00717373467762589,0,0.000179902528983323,0,0.216329966329966,0.199505358615004,0.00535362831784548,"NO","NOT_RELIABLY_EXPRESSED",0.216329966329966,0.134259259259259,0.082070707070707,"NO_LARGE_CONTEXT_SHIFT","GSE182158 2/2 plus GSE199071 >=3/4 donor support; CPM>=1 and expressing fraction>=0.10","DESCRIPTIVE_ONLY_NOT_CAUSAL_NOT_REQUIRED_FOR_ROBUSTNESS","results/03_phase3/baseline/baseline_ligand_expression_by_donor.csv|config/phase3_analysis.json"
"SIGLEC9",0,0,0,0,0,0.0544106587771145,0,0.00137218562508666,0,0.457070707070707,0.199505358615004,0.0407117895680175,"NO","NOT_RELIABLY_EXPRESSED",0.457070707070707,0.222222222222222,0.234848484848485,"NO_LARGE_CONTEXT_SHIFT","GSE182158 2/2 plus GSE199071 >=3/4 donor support; CPM>=1 and expressing fraction>=0.10","DESCRIPTIVE_ONLY_NOT_CAUSAL_NOT_REQUIRED_FOR_ROBUSTNESS","results/03_phase3/baseline/baseline_ligand_expression_by_donor.csv|config/phase3_analysis.json"
"SIRPA",2,4,6,2,4,6.4988897948405,16.8869960630452,0.14682948557954,0.23537543106577,0.778198653198653,0.815746084089035,0.651188882956661,"NO","ROBUST_BASELINE_SENDER",0.778198653198653,0.758838383838384,0.0193602693602692,"NO_LARGE_CONTEXT_SHIFT","GSE182158 2/2 plus GSE199071 >=3/4 donor support; CPM>=1 and expressing fraction>=0.10","DESCRIPTIVE_ONLY_NOT_CAUSAL_NOT_REQUIRED_FOR_ROBUSTNESS","results/03_phase3/baseline/baseline_ligand_expression_by_donor.csv|config/phase3_analysis.json"
"SIRPB2",0,0,0,0,0,0.00717373467762589,0.0295755386115093,0.000179902528983323,0.000508712961711231,0.216329966329966,0.401277823577906,0.0245473551870271,"NO","NOT_RELIABLY_EXPRESSED",0.216329966329966,0.236952861952862,-0.0206228956228956,"NO_LARGE_CONTEXT_SHIFT","GSE182158 2/2 plus GSE199071 >=3/4 donor support; CPM>=1 and expressing fraction>=0.10","DESCRIPTIVE_ONLY_NOT_CAUSAL_NOT_REQUIRED_FOR_ROBUSTNESS","results/03_phase3/baseline/baseline_ligand_expression_by_donor.csv|config/phase3_analysis.json"
"SIRPG",0,0,0,0,0,0.00522838883448933,0,0.000129197732309558,0,0.181818181818182,0.199505358615004,0.00406972167935043,"NO","NOT_RELIABLY_EXPRESSED",0.181818181818182,0.117845117845118,0.063973063973064,"NO_LARGE_CONTEXT_SHIFT","GSE182158 2/2 plus GSE199071 >=3/4 donor support; CPM>=1 and expressing fraction>=0.10","DESCRIPTIVE_ONLY_NOT_CAUSAL_NOT_REQUIRED_FOR_ROBUSTNESS","results/03_phase3/baseline/baseline_ligand_expression_by_donor.csv|config/phase3_analysis.json"
"SLAMF6",0,0,0,0,0,0.00358686733881295,0,8.99512644916617e-05,0,0.146464646464646,0.199505358615004,0.00268168191540828,"NO","NOT_RELIABLY_EXPRESSED",0.146464646464646,0.131734006734007,0.0147306397306397,"NO_LARGE_CONTEXT_SHIFT","GSE182158 2/2 plus GSE199071 >=3/4 donor support; CPM>=1 and expressing fraction>=0.10","DESCRIPTIVE_ONLY_NOT_CAUSAL_NOT_REQUIRED_FOR_ROBUSTNESS","results/03_phase3/baseline/baseline_ligand_expression_by_donor.csv|config/phase3_analysis.json"
"SLAMF7",0,0,0,0,0,0.00358686733881295,0.246866816922395,8.99512644916617e-05,0.00348303321841626,0.146464646464646,0.569661995053586,0.162265345717343,"NO","NOT_RELIABLY_EXPRESSED",0.146464646464646,0.227693602693603,-0.0812289562289562,"NO_LARGE_CONTEXT_SHIFT","GSE182158 2/2 plus GSE199071 >=3/4 donor support; CPM>=1 and expressing fraction>=0.10","DESCRIPTIVE_ONLY_NOT_CAUSAL_NOT_REQUIRED_FOR_ROBUSTNESS","results/03_phase3/baseline/baseline_ligand_expression_by_donor.csv|config/phase3_analysis.json"
"SLC6A8",1,0,1,2,4,3.86716986461978,3.71011750058933,0.0913082187779045,0.0596558939737352,0.741582491582492,0.72835943940643,0.216535734707818,"NO","MULTIDATASET_LOW_EXPRESSION",0.741582491582492,0.727693602693603,0.0138888888888888,"NO_LARGE_CONTEXT_SHIFT","GSE182158 2/2 plus GSE199071 >=3/4 donor support; CPM>=1 and expressing fraction>=0.10","DESCRIPTIVE_ONLY_NOT_CAUSAL_NOT_REQUIRED_FOR_ROBUSTNESS","results/03_phase3/baseline/baseline_ligand_expression_by_donor.csv|config/phase3_analysis.json"
"SLIT1",0,0,0,0,0,0.0358686733881295,0.0166708299285942,0.000899512644916617,0.000252270433905146,0.417087542087542,0.337180544105524,0.0399448585338693,"YES","NOT_RELIABLY_EXPRESSED",0.417087542087542,0.372895622895623,0.0441919191919192,"NO_LARGE_CONTEXT_SHIFT","GSE182158 2/2 plus GSE199071 >=3/4 donor support; CPM>=1 and expressing fraction>=0.10","DESCRIPTIVE_ONLY_NOT_CAUSAL_NOT_REQUIRED_FOR_ROBUSTNESS","results/03_phase3/baseline/baseline_ligand_expression_by_donor.csv|config/phase3_analysis.json"
"SLIT2",2,4,6,2,4,17.0877669975971,28.1017886379482,0.290122128512541,0.348550179916275,0.84006734006734,0.856966199505359,0.600843042544506,"NO","ROBUST_BASELINE_SENDER",0.84006734006734,0.846380471380471,-0.00631313131313127,"NO_LARGE_CONTEXT_SHIFT","GSE182158 2/2 plus GSE199071 >=3/4 donor support; CPM>=1 and expressing fraction>=0.10","DESCRIPTIVE_ONLY_NOT_CAUSAL_NOT_REQUIRED_FOR_ROBUSTNESS","results/03_phase3/baseline/baseline_ligand_expression_by_donor.csv|config/phase3_analysis.json"
"SLIT3",1,1,2,2,4,5.67977116554157,2.85319055775269,0.121870793670959,0.043841657557657,0.759680134680135,0.712489694971146,1.02787889110898,"NO","MULTIDATASET_LOW_EXPRESSION",0.759680134680135,0.85479797979798,-0.0951178451178451,"NO_LARGE_CONTEXT_SHIFT","GSE182158 2/2 plus GSE199071 >=3/4 donor support; CPM>=1 and expressing fraction>=0.10","DESCRIPTIVE_ONLY_NOT_CAUSAL_NOT_REQUIRED_FOR_ROBUSTNESS","results/03_phase3/baseline/baseline_ligand_expression_by_donor.csv|config/phase3_analysis.json"
"SLITRK1",0,0,0,0,0,0.0260195444140712,0.0192573406575419,0.000664033838009239,0.000379650721336371,0.361742424242424,0.323371805441055,0.0732885952175086,"YES","NOT_RELIABLY_EXPRESSED",0.361742424242424,0.289141414141414,0.0726010101010101,"NO_LARGE_CONTEXT_SHIFT","GSE182158 2/2 plus GSE199071 >=3/4 donor support; CPM>=1 and expressing fraction>=0.10","DESCRIPTIVE_ONLY_NOT_CAUSAL_NOT_REQUIRED_FOR_ROBUSTNESS","results/03_phase3/baseline/baseline_ligand_expression_by_donor.csv|config/phase3_analysis.json"
"SLITRK2",0,0,0,0,0,0.0215212040328777,0,0.00053970758694997,0,0.35479797979798,0.199505358615004,0.0159454701189255,"NO","NOT_RELIABLY_EXPRESSED",0.35479797979798,0.432659932659933,-0.0778619528619529,"NO_LARGE_CONTEXT_SHIFT","GSE182158 2/2 plus GSE199071 >=3/4 donor support; CPM>=1 and expressing fraction>=0.10","DESCRIPTIVE_ONLY_NOT_CAUSAL_NOT_REQUIRED_FOR_ROBUSTNESS","results/03_phase3/baseline/baseline_ligand_expression_by_donor.csv|config/phase3_analysis.json"
"SLITRK3",0,0,0,0,0,0.0308217091427248,0.0103181979539674,0.000799818417924376,0.000156103652825476,0.300084175084175,0.294723825226711,0.0337988051782986,"NO","NOT_RELIABLY_EXPRESSED",0.300084175084175,0.272727272727273,0.0273569023569024,"NO_LARGE_CONTEXT_SHIFT","GSE182158 2/2 plus GSE199071 >=3/4 donor support; CPM>=1 and expressing fraction>=0.10","DESCRIPTIVE_ONLY_NOT_CAUSAL_NOT_REQUIRED_FOR_ROBUSTNESS","results/03_phase3/baseline/baseline_ligand_expression_by_donor.csv|config/phase3_analysis.json"
"SLITRK4",0,0,0,2,4,1.56026554189885,1.12458471128653,0.033984631272649,0.0179670918802158,0.686658249158249,0.671063478977741,0.453037496468326,"NO","MULTIDATASET_LOW_EXPRESSION",0.686658249158249,0.621212121212121,0.0654461279461279,"NO_LARGE_CONTEXT_SHIFT","GSE182158 2/2 plus GSE199071 >=3/4 donor support; CPM>=1 and expressing fraction>=0.10","DESCRIPTIVE_ONLY_NOT_CAUSAL_NOT_REQUIRED_FOR_ROBUSTNESS","results/03_phase3/baseline/baseline_ligand_expression_by_donor.csv|config/phase3_analysis.json"
"SLITRK5",0,0,0,1,0,0.737117700250544,0.139836643102017,0.0176427300226683,0.00219678009066638,0.642255892255892,0.530502885408079,0.379939135906918,"NO","NOT_RELIABLY_EXPRESSED",0.642255892255892,0.516414141414141,0.125841750841751,"NO_LARGE_CONTEXT_SHIFT","GSE182158 2/2 plus GSE199071 >=3/4 donor support; CPM>=1 and expressing fraction>=0.10","DESCRIPTIVE_ONLY_NOT_CAUSAL_NOT_REQUIRED_FOR_ROBUSTNESS","results/03_phase3/baseline/baseline_ligand_expression_by_donor.csv|config/phase3_analysis.json"
"SLITRK6",0,0,0,0,0,0.00717373467762589,0,0.000179902528983323,0,0.216329966329966,0.199505358615004,0.00535362831784548,"NO","NOT_RELIABLY_EXPRESSED",0.216329966329966,0.332491582491583,-0.116161616161616,"NO_LARGE_CONTEXT_SHIFT","GSE182158 2/2 plus GSE199071 >=3/4 donor support; CPM>=1 and expressing fraction>=0.10","DESCRIPTIVE_ONLY_NOT_CAUSAL_NOT_REQUIRED_FOR_ROBUSTNESS","results/03_phase3/baseline/baseline_ligand_expression_by_donor.csv|config/phase3_analysis.json"
"SLPI",0,0,0,0,0,0.154480095085708,0,0.00245647228023689,0,0.544612794612795,0.211871393239901,0.104064333983598,"NO","NOT_RELIABLY_EXPRESSED",0.544612794612795,0.471801346801347,0.0728114478114479,"NO_LARGE_CONTEXT_SHIFT","GSE182158 2/2 plus GSE199071 >=3/4 donor support; CPM>=1 and expressing fraction>=0.10","DESCRIPTIVE_ONLY_NOT_CAUSAL_NOT_REQUIRED_FOR_ROBUSTNESS","results/03_phase3/baseline/baseline_ligand_expression_by_donor.csv|config/phase3_analysis.json"
"SLURP1",0,0,0,0,0,0,0,0,0,0.0536616161616162,0.199505358615004,0,"NO","NOT_RELIABLY_EXPRESSED",0.0536616161616162,0.269360269360269,-0.215698653198653,"NO_LARGE_CONTEXT_SHIFT","GSE182158 2/2 plus GSE199071 >=3/4 donor support; CPM>=1 and expressing fraction>=0.10","DESCRIPTIVE_ONLY_NOT_CAUSAL_NOT_REQUIRED_FOR_ROBUSTNESS","results/03_phase3/baseline/baseline_ligand_expression_by_donor.csv|config/phase3_analysis.json"
"SLURP2",0,0,0,0,0,,0.0103181979539674,,0.000156103652825476,,0.289777411376752,0.0233332166498587,"NO","NOT_RELIABLY_EXPRESSED",,,,"NO_LARGE_CONTEXT_SHIFT","GSE182158 2/2 plus GSE199071 >=3/4 donor support; CPM>=1 and expressing fraction>=0.10","DESCRIPTIVE_ONLY_NOT_CAUSAL_NOT_REQUIRED_FOR_ROBUSTNESS","results/03_phase3/baseline/baseline_ligand_expression_by_donor.csv|config/phase3_analysis.json"
"SNX14",2,4,6,2,4,16.7343844807253,23.3687410518178,0.334801694893398,0.317121604964054,0.841329966329966,0.834707337180544,0.323453823568236,"NO","ROBUST_BASELINE_SENDER",0.841329966329966,0.829545454545455,0.0117845117845117,"NO_LARGE_CONTEXT_SHIFT","GSE182158 2/2 plus GSE199071 >=3/4 donor support; CPM>=1 and expressing fraction>=0.10","DESCRIPTIVE_ONLY_NOT_CAUSAL_NOT_REQUIRED_FOR_ROBUSTNESS","results/03_phase3/baseline/baseline_ligand_expression_by_donor.csv|config/phase3_analysis.json"
"SORL1",0,0,0,1,3,0.375156623571811,0.880420314941272,0.00934546316244782,0.0146176788038738,0.598695286195286,0.646537510305029,0.357502909451164,"NO","MULTIDATASET_LOW_EXPRESSION",0.598695286195286,0.537457912457913,0.0612373737373737,"NO_LARGE_CONTEXT_SHIFT","GSE182158 2/2 plus GSE199071 >=3/4 donor support; CPM>=1 and expressing fraction>=0.10","DESCRIPTIVE_ONLY_NOT_CAUSAL_NOT_REQUIRED_FOR_ROBUSTNESS","results/03_phase3/baseline/baseline_ligand_expression_by_donor.csv|config/phase3_analysis.json"
"SOST",0,0,0,0,0,0.0127059478595754,0,0.000320558590148751,0,0.281776094276094,0.199505358615004,0.00974931497534158,"NO","NOT_RELIABLY_EXPRESSED",0.281776094276094,0.178030303030303,0.103745791245791,"NO_LARGE_CONTEXT_SHIFT","GSE182158 2/2 plus GSE199071 >=3/4 donor support; CPM>=1 and expressing fraction>=0.10","DESCRIPTIVE_ONLY_NOT_CAUSAL_NOT_REQUIRED_FOR_ROBUSTNESS","results/03_phase3/baseline/baseline_ligand_expression_by_donor.csv|config/phase3_analysis.json"
"SOSTDC1",0,0,0,0,0,0.0406118132860739,0.0103181979539674,0.000987748543052989,0.000156103652825476,0.390361952861953,0.294723825226711,0.0352702458109349,"NO","NOT_RELIABLY_EXPRESSED",0.390361952861953,0.134259259259259,0.256102693602694,"UC_HIGHER_CONTEXT","GSE182158 2/2 plus GSE199071 >=3/4 donor support; CPM>=1 and expressing fraction>=0.10","DESCRIPTIVE_ONLY_NOT_CAUSAL_NOT_REQUIRED_FOR_ROBUSTNESS","results/03_phase3/baseline/baseline_ligand_expression_by_donor.csv|config/phase3_analysis.json"
"SPAG11B",0,0,0,0,0,0,0,0,0,0.0536616161616162,0.199505358615004,0,"NO","NOT_RELIABLY_EXPRESSED",0.0536616161616162,0.0500841750841751,0.00357744107744108,"NO_LARGE_CONTEXT_SHIFT","GSE182158 2/2 plus GSE199071 >=3/4 donor support; CPM>=1 and expressing fraction>=0.10","DESCRIPTIVE_ONLY_NOT_CAUSAL_NOT_REQUIRED_FOR_ROBUSTNESS","results/03_phase3/baseline/baseline_ligand_expression_by_donor.csv|config/phase3_analysis.json"
"SPARC",2,4,6,2,4,1773.49340632055,545.590056938155,1,0.928038197617096,0.992424242424242,0.978565539983512,0.966267935216012,"NO","ROBUST_BASELINE_SENDER",0.992424242424242,0.981060606060606,0.0113636363636364,"NO_LARGE_CONTEXT_SHIFT","GSE182158 2/2 plus GSE199071 >=3/4 donor support; CPM>=1 and expressing fraction>=0.10","DESCRIPTIVE_ONLY_NOT_CAUSAL_NOT_REQUIRED_FOR_ROBUSTNESS","results/03_phase3/baseline/baseline_ligand_expression_by_donor.csv|config/phase3_analysis.json"
"SPINK1",0,0,0,0,0,0.00164152149567638,0.0385146813150838,3.92464678178964e-05,0.000759301442672741,0.099537037037037,0.356141797197032,0.164473887667368,"YES","NOT_RELIABLY_EXPRESSED",0.099537037037037,0.187710437710438,-0.0881734006734007,"NO_LARGE_CONTEXT_SHIFT","GSE182158 2/2 plus GSE199071 >=3/4 donor support; CPM>=1 and expressing fraction>=0.10","DESCRIPTIVE_ONLY_NOT_CAUSAL_NOT_REQUIRED_FOR_ROBUSTNESS","results/03_phase3/baseline/baseline_ligand_expression_by_donor.csv|config/phase3_analysis.json"
"SPINT1",0,0,0,0,0,0.204088589134168,0.232102090486739,0.0049504756619364,0.00342860070678419,0.56797138047138,0.557295960428689,0.107248257923798,"NO","NOT_RELIABLY_EXPRESSED",0.56797138047138,0.46969696969697,0.0982744107744107,"NO_LARGE_CONTEXT_SHIFT","GSE182158 2/2 plus GSE199071 >=3/4 donor support; CPM>=1 and expressing fraction>=0.10","DESCRIPTIVE_ONLY_NOT_CAUSAL_NOT_REQUIRED_FOR_ROBUSTNESS","results/03_phase3/baseline/baseline_ligand_expression_by_donor.csv|config/phase3_analysis.json"
"SPN",0,0,0,0,0,0.148766457314673,0.239792741194246,0.00356024486038828,0.00379524052406721,0.53956228956229,0.565746084089036,0.0872518714964522,"NO","NOT_RELIABLY_EXPRESSED",0.53956228956229,0.289141414141414,0.250420875420875,"UC_HIGHER_CONTEXT","GSE182158 2/2 plus GSE199071 >=3/4 donor support; CPM>=1 and expressing fraction>=0.10","DESCRIPTIVE_ONLY_NOT_CAUSAL_NOT_REQUIRED_FOR_ROBUSTNESS","results/03_phase3/baseline/baseline_ligand_expression_by_donor.csv|config/phase3_analysis.json"
"SPON1",1,0,1,2,4,4.11894147591737,1.14267467912747,0.0929455936735697,0.0173954292674313,0.744107744107744,0.66838417147568,0.720183095790899,"NO","MULTIDATASET_LOW_EXPRESSION",0.744107744107744,0.765572390572391,-0.0214646464646464,"NO_LARGE_CONTEXT_SHIFT","GSE182158 2/2 plus GSE199071 >=3/4 donor support; CPM>=1 and expressing fraction>=0.10","DESCRIPTIVE_ONLY_NOT_CAUSAL_NOT_REQUIRED_FOR_ROBUSTNESS","results/03_phase3/baseline/baseline_ligand_expression_by_donor.csv|config/phase3_analysis.json"
"SPON2",2,4,6,2,4,990.130106225486,124.487392651756,0.998410380744467,0.642302361343205,0.986531986531987,0.944765045342127,1.49511388170501,"YES","ROBUST_BASELINE_SENDER",0.986531986531987,0.942340067340067,0.0441919191919191,"NO_LARGE_CONTEXT_SHIFT","GSE182158 2/2 plus GSE199071 >=3/4 donor support; CPM>=1 and expressing fraction>=0.10","DESCRIPTIVE_ONLY_NOT_CAUSAL_NOT_REQUIRED_FOR_ROBUSTNESS","results/03_phase3/baseline/baseline_ligand_expression_by_donor.csv|config/phase3_analysis.json"
"SPP1",0,0,0,0,3,0.181837336647995,1.64943375168847,0.00378598070479508,0.0238990306875838,0.55976430976431,0.684666117065128,0.736944027670814,"NO","NOT_RELIABLY_EXPRESSED",0.55976430976431,0.57449494949495,-0.0147306397306398,"NO_LARGE_CONTEXT_SHIFT","GSE182158 2/2 plus GSE199071 >=3/4 donor support; CPM>=1 and expressing fraction>=0.10","DESCRIPTIVE_ONLY_NOT_CAUSAL_NOT_REQUIRED_FOR_ROBUSTNESS","results/03_phase3/baseline/baseline_ligand_expression_by_donor.csv|config/phase3_analysis.json"
"SPX",0,0,0,0,0,0.185428554083765,0.257113264470076,0.00446119825384461,0.00402930169045504,0.534511784511785,0.562036273701566,0.362203636887353,"NO","NOT_RELIABLY_EXPRESSED",0.534511784511785,0.553030303030303,-0.0185185185185185,"NO_LARGE_CONTEXT_SHIFT","GSE182158 2/2 plus GSE199071 >=3/4 donor support; CPM>=1 and expressing fraction>=0.10","DESCRIPTIVE_ONLY_NOT_CAUSAL_NOT_REQUIRED_FOR_ROBUSTNESS","results/03_phase3/baseline/baseline_ligand_expression_by_donor.csv|config/phase3_analysis.json"
"SST",0,0,0,0,0,0,0,0,0,0.0536616161616162,0.211871393239901,0.0353789581598292,"NO","NOT_RELIABLY_EXPRESSED",0.0536616161616162,0.376262626262626,-0.32260101010101,"UC_LOWER_CONTEXT","GSE182158 2/2 plus GSE199071 >=3/4 donor support; CPM>=1 and expressing fraction>=0.10","DESCRIPTIVE_ONLY_NOT_CAUSAL_NOT_REQUIRED_FOR_ROBUSTNESS","results/03_phase3/baseline/baseline_ligand_expression_by_donor.csv|config/phase3_analysis.json"
"ST14",0,0,0,0,0,0.0133135965544958,0,0.000343475247860488,0,0.24726430976431,0.211871393239901,0.015747828144924,"NO","NOT_RELIABLY_EXPRESSED",0.24726430976431,0.285774410774411,-0.0385101010101011,"NO_LARGE_CONTEXT_SHIFT","GSE182158 2/2 plus GSE199071 >=3/4 donor support; CPM>=1 and expressing fraction>=0.10","DESCRIPTIVE_ONLY_NOT_CAUSAL_NOT_REQUIRED_FOR_ROBUSTNESS","results/03_phase3/baseline/baseline_ligand_expression_by_donor.csv|config/phase3_analysis.json"
"ST6GAL1",0,0,0,0,4,0.229681909442404,1.11288745808217,0.00564888448651324,0.0188150535600286,0.5753367003367,0.658903544929926,0.442729818498278,"NO","NOT_RELIABLY_EXPRESSED",0.5753367003367,0.491582491582492,0.0837542087542088,"NO_LARGE_CONTEXT_SHIFT","GSE182158 2/2 plus GSE199071 >=3/4 donor support; CPM>=1 and expressing fraction>=0.10","DESCRIPTIVE_ONLY_NOT_CAUSAL_NOT_REQUIRED_FOR_ROBUSTNESS","results/03_phase3/baseline/baseline_ligand_expression_by_donor.csv|config/phase3_analysis.json"
"STX1A",0,1,1,2,4,1.69214458561108,4.08157994612619,0.0410524262125809,0.0589611643174792,0.696969696969697,0.736603462489695,0.67161876248868,"NO","MULTIDATASET_LOW_EXPRESSION",0.696969696969697,0.719276094276094,-0.0223063973063973,"NO_LARGE_CONTEXT_SHIFT","GSE182158 2/2 plus GSE199071 >=3/4 donor support; CPM>=1 and expressing fraction>=0.10","DESCRIPTIVE_ONLY_NOT_CAUSAL_NOT_REQUIRED_FOR_ROBUSTNESS","results/03_phase3/baseline/baseline_ligand_expression_by_donor.csv|config/phase3_analysis.json"
"SYT1",1,4,5,2,4,6.63427433353248,14.1986294784867,0.131456117585458,0.192526884395668,0.771043771043771,0.805853256389118,0.705410448946426,"NO","MULTIDATASET_LOW_EXPRESSION",0.771043771043771,0.502104377104377,0.268939393939394,"UC_HIGHER_CONTEXT","GSE182158 2/2 plus GSE199071 >=3/4 donor support; CPM>=1 and expressing fraction>=0.10","DESCRIPTIVE_ONLY_NOT_CAUSAL_NOT_REQUIRED_FOR_ROBUSTNESS","results/03_phase3/baseline/baseline_ligand_expression_by_donor.csv|config/phase3_analysis.json"
"TAC1",0,0,0,0,0,0,0,0,0,0.0536616161616162,0.211871393239901,0.0437060748526064,"NO","NOT_RELIABLY_EXPRESSED",0.0536616161616162,0.359427609427609,-0.305765993265993,"UC_LOWER_CONTEXT","GSE182158 2/2 plus GSE199071 >=3/4 donor support; CPM>=1 and expressing fraction>=0.10","DESCRIPTIVE_ONLY_NOT_CAUSAL_NOT_REQUIRED_FOR_ROBUSTNESS","results/03_phase3/baseline/baseline_ligand_expression_by_donor.csv|config/phase3_analysis.json"
"TAC3",0,0,0,1,0,0.604276858859132,0,0.014496425749631,0,0.596380471380472,0.211871393239901,0.427596648579947,"NO","NOT_RELIABLY_EXPRESSED",0.596380471380472,0.301346801346801,0.29503367003367,"UC_HIGHER_CONTEXT","GSE182158 2/2 plus GSE199071 >=3/4 donor support; CPM>=1 and expressing fraction>=0.10","DESCRIPTIVE_ONLY_NOT_CAUSAL_NOT_REQUIRED_FOR_ROBUSTNESS","results/03_phase3/baseline/baseline_ligand_expression_by_donor.csv|config/phase3_analysis.json"
"TAC4",0,0,0,0,0,0.00164152149567638,0,3.92464678178964e-05,0,0.099537037037037,0.199505358615004,0.00193047220564663,"NO","NOT_RELIABLY_EXPRESSED",0.099537037037037,0.181818181818182,-0.0822811447811448,"NO_LARGE_CONTEXT_SHIFT","GSE182158 2/2 plus GSE199071 >=3/4 donor support; CPM>=1 and expressing fraction>=0.10","DESCRIPTIVE_ONLY_NOT_CAUSAL_NOT_REQUIRED_FOR_ROBUSTNESS","results/03_phase3/baseline/baseline_ligand_expression_by_donor.csv|config/phase3_analysis.json"
"TAFA4",0,0,0,0,0,,0,,0,,0.211871393239901,0.0291740371254771,"NO","NOT_RELIABLY_EXPRESSED",,,,"NO_LARGE_CONTEXT_SHIFT","GSE182158 2/2 plus GSE199071 >=3/4 donor support; CPM>=1 and expressing fraction>=0.10","DESCRIPTIVE_ONLY_NOT_CAUSAL_NOT_REQUIRED_FOR_ROBUSTNESS","results/03_phase3/baseline/baseline_ligand_expression_by_donor.csv|config/phase3_analysis.json"
"TARM1",0,0,0,0,0,0.00164152149567638,0,3.92464678178964e-05,0,0.099537037037037,0.199505358615004,0.00193047220564663,"NO","NOT_RELIABLY_EXPRESSED",0.099537037037037,0.113636363636364,-0.0140993265993266,"NO_LARGE_CONTEXT_SHIFT","GSE182158 2/2 plus GSE199071 >=3/4 donor support; CPM>=1 and expressing fraction>=0.10","DESCRIPTIVE_ONLY_NOT_CAUSAL_NOT_REQUIRED_FOR_ROBUSTNESS","results/03_phase3/baseline/baseline_ligand_expression_by_donor.csv|config/phase3_analysis.json"
"TCN1",0,0,0,0,0,0.00194534584313656,0,5.07047966737653e-05,0,0.100589225589226,0.199505358615004,0.00228708467680247,"NO","NOT_RELIABLY_EXPRESSED",0.100589225589226,0.113636363636364,-0.013047138047138,"NO_LARGE_CONTEXT_SHIFT","GSE182158 2/2 plus GSE199071 >=3/4 donor support; CPM>=1 and expressing fraction>=0.10","DESCRIPTIVE_ONLY_NOT_CAUSAL_NOT_REQUIRED_FOR_ROBUSTNESS","results/03_phase3/baseline/baseline_ligand_expression_by_donor.csv|config/phase3_analysis.json"
"TCN2",2,0,2,2,4,9.35843883478374,1.50635758721659,0.200788582967296,0.0254889302914625,0.801346801346801,0.674567188788129,1.12602546705671,"NO","MULTIDATASET_LOW_EXPRESSION",0.801346801346801,0.73526936026936,0.066077441077441,"NO_LARGE_CONTEXT_SHIFT","GSE182158 2/2 plus GSE199071 >=3/4 donor support; CPM>=1 and expressing fraction>=0.10","DESCRIPTIVE_ONLY_NOT_CAUSAL_NOT_REQUIRED_FOR_ROBUSTNESS","results/03_phase3/baseline/baseline_ligand_expression_by_donor.csv|config/phase3_analysis.json"
"TCTN1",2,4,6,2,4,20.5603746312803,9.3447796490601,0.391790248663646,0.136565122776355,0.853956228956229,0.781121187139324,0.578149822434144,"NO","ROBUST_BASELINE_SENDER",0.853956228956229,0.836279461279461,0.0176767676767677,"NO_LARGE_CONTEXT_SHIFT","GSE182158 2/2 plus GSE199071 >=3/4 donor support; CPM>=1 and expressing fraction>=0.10","DESCRIPTIVE_ONLY_NOT_CAUSAL_NOT_REQUIRED_FOR_ROBUSTNESS","results/03_phase3/baseline/baseline_ligand_expression_by_donor.csv|config/phase3_analysis.json"
"TCTN3",2,4,6,2,4,16.327063503722,22.6464878089763,0.325449573243915,0.273742168432533,0.84006734006734,0.834707337180544,0.235093059415704,"NO","ROBUST_BASELINE_SENDER",0.84006734006734,0.829545454545455,0.0105218855218855,"NO_LARGE_CONTEXT_SHIFT","GSE182158 2/2 plus GSE199071 >=3/4 donor support; CPM>=1 and expressing fraction>=0.10","DESCRIPTIVE_ONLY_NOT_CAUSAL_NOT_REQUIRED_FOR_ROBUSTNESS","results/03_phase3/baseline/baseline_ligand_expression_by_donor.csv|config/phase3_analysis.json"
"TDGF1",0,0,0,0,0,0.0127059478595754,0,0.000320558590148751,0,0.281776094276094,0.199505358615004,0.0187968172722631,"NO","NOT_RELIABLY_EXPRESSED",0.281776094276094,0.375,-0.0932239057239057,"NO_LARGE_CONTEXT_SHIFT","GSE182158 2/2 plus GSE199071 >=3/4 donor support; CPM>=1 and expressing fraction>=0.10","DESCRIPTIVE_ONLY_NOT_CAUSAL_NOT_REQUIRED_FOR_ROBUSTNESS","results/03_phase3/baseline/baseline_ligand_expression_by_donor.csv|config/phase3_analysis.json"
"TDGF1P3",0,0,0,0,0,,,,,,,,"NO","NOT_RELIABLY_EXPRESSED",,,,"NO_LARGE_CONTEXT_SHIFT","GSE182158 2/2 plus GSE199071 >=3/4 donor support; CPM>=1 and expressing fraction>=0.10","DESCRIPTIVE_ONLY_NOT_CAUSAL_NOT_REQUIRED_FOR_ROBUSTNESS","results/03_phase3/baseline/baseline_ligand_expression_by_donor.csv|config/phase3_analysis.json"
"TECTB",0,0,0,0,0,0.00747755902508607,0,0.000191360857839192,0,0.204124579124579,0.204451772464963,0.0228708728749847,"NO","NOT_RELIABLY_EXPRESSED",0.204124579124579,0.236111111111111,-0.031986531986532,"NO_LARGE_CONTEXT_SHIFT","GSE182158 2/2 plus GSE199071 >=3/4 donor support; CPM>=1 and expressing fraction>=0.10","DESCRIPTIVE_ONLY_NOT_CAUSAL_NOT_REQUIRED_FOR_ROBUSTNESS","results/03_phase3/baseline/baseline_ligand_expression_by_donor.csv|config/phase3_analysis.json"
"TEX101",0,0,0,0,0,0,0,0,0,0.0536616161616162,0.199505358615004,0,"NO","NOT_RELIABLY_EXPRESSED",0.0536616161616162,0.131734006734007,-0.0780723905723906,"NO_LARGE_CONTEXT_SHIFT","GSE182158 2/2 plus GSE199071 >=3/4 donor support; CPM>=1 and expressing fraction>=0.10","DESCRIPTIVE_ONLY_NOT_CAUSAL_NOT_REQUIRED_FOR_ROBUSTNESS","results/03_phase3/baseline/baseline_ligand_expression_by_donor.csv|config/phase3_analysis.json"
"TF",0,0,0,0,0,0.0711887229120478,0.0591510772230186,0.00182365731390026,0.00107150874832369,0.46043771043771,0.463314097279472,0.0693280585743277,"NO","NOT_RELIABLY_EXPRESSED",0.46043771043771,0.409090909090909,0.0513468013468013,"NO_LARGE_CONTEXT_SHIFT","GSE182158 2/2 plus GSE199071 >=3/4 donor support; CPM>=1 and expressing fraction>=0.10","DESCRIPTIVE_ONLY_NOT_CAUSAL_NOT_REQUIRED_FOR_ROBUSTNESS","results/03_phase3/baseline/baseline_ligand_expression_by_donor.csv|config/phase3_analysis.json"
"TFF1",0,0,0,0,0,0.00194534584313656,0,5.07047966737653e-05,0,0.100589225589226,0.199505358615004,0.00228708467680247,"NO","NOT_RELIABLY_EXPRESSED",0.100589225589226,0.047979797979798,0.0526094276094276,"NO_LARGE_CONTEXT_SHIFT","GSE182158 2/2 plus GSE199071 >=3/4 donor support; CPM>=1 and expressing fraction>=0.10","DESCRIPTIVE_ONLY_NOT_CAUSAL_NOT_REQUIRED_FOR_ROBUSTNESS","results/03_phase3/baseline/baseline_ligand_expression_by_donor.csv|config/phase3_analysis.json"
"TFF2",0,0,0,0,0,0.00194534584313656,0,5.07047966737653e-05,0,0.100589225589226,0.199505358615004,0.00228708467680247,"NO","NOT_RELIABLY_EXPRESSED",0.100589225589226,0.11952861952862,-0.0189393939393939,"NO_LARGE_CONTEXT_SHIFT","GSE182158 2/2 plus GSE199071 >=3/4 donor support; CPM>=1 and expressing fraction>=0.10","DESCRIPTIVE_ONLY_NOT_CAUSAL_NOT_REQUIRED_FOR_ROBUSTNESS","results/03_phase3/baseline/baseline_ligand_expression_by_donor.csv|config/phase3_analysis.json"
"TFPI",2,4,6,2,4,82.0453933857421,40.1528186407776,0.823452910686167,0.417898221048443,0.922979797979798,0.884583676834295,0.814252378176656,"YES","ROBUST_BASELINE_SENDER",0.922979797979798,0.938131313131313,-0.0151515151515151,"NO_LARGE_CONTEXT_SHIFT","GSE182158 2/2 plus GSE199071 >=3/4 donor support; CPM>=1 and expressing fraction>=0.10","DESCRIPTIVE_ONLY_NOT_CAUSAL_NOT_REQUIRED_FOR_ROBUSTNESS","results/03_phase3/baseline/baseline_ligand_expression_by_donor.csv|config/phase3_analysis.json"
"TG",0,0,0,2,0,0.793904279073588,0.0205161552823478,0.0198471190680761,0.000352609308885755,0.650252525252525,0.332028029678483,0.429866306942015,"YES","NOT_RELIABLY_EXPRESSED",0.650252525252525,0.471801346801347,0.178451178451179,"NO_LARGE_CONTEXT_SHIFT","GSE182158 2/2 plus GSE199071 >=3/4 donor support; CPM>=1 and expressing fraction>=0.10","DESCRIPTIVE_ONLY_NOT_CAUSAL_NOT_REQUIRED_FOR_ROBUSTNESS","results/03_phase3/baseline/baseline_ligand_expression_by_donor.csv|config/phase3_analysis.json"
"TGFA",0,0,0,0,0,0.0124021235121152,0,0.000309100261292882,0,0.285563973063973,0.199505358615004,0.0185935968509012,"NO","NOT_RELIABLY_EXPRESSED",0.285563973063973,0.389309764309764,-0.103745791245791,"NO_LARGE_CONTEXT_SHIFT","GSE182158 2/2 plus GSE199071 >=3/4 donor support; CPM>=1 and expressing fraction>=0.10","DESCRIPTIVE_ONLY_NOT_CAUSAL_NOT_REQUIRED_FOR_ROBUSTNESS","results/03_phase3/baseline/baseline_ligand_expression_by_donor.csv|config/phase3_analysis.json"
"TGFB1",2,4,6,2,4,95.8191222760091,57.9354283086222,0.854277379436013,0.531486626595337,0.927188552188552,0.902720527617477,0.452879973458156,"NO","ROBUST_BASELINE_SENDER",0.927188552188552,0.917087542087542,0.0101010101010102,"NO_LARGE_CONTEXT_SHIFT","GSE182158 2/2 plus GSE199071 >=3/4 donor support; CPM>=1 and expressing fraction>=0.10","DESCRIPTIVE_ONLY_NOT_CAUSAL_NOT_REQUIRED_FOR_ROBUSTNESS","results/03_phase3/baseline/baseline_ligand_expression_by_donor.csv|config/phase3_analysis.json"
"TGFB2",0,2,2,2,4,2.24141371371878,6.83053385620654,0.0506527148080453,0.0929030963340687,0.705387205387206,0.764427040395713,0.823564064203142,"NO","MULTIDATASET_LOW_EXPRESSION",0.705387205387206,0.737794612794613,-0.0324074074074073,"NO_LARGE_CONTEXT_SHIFT","GSE182158 2/2 plus GSE199071 >=3/4 donor support; CPM>=1 and expressing fraction>=0.10","DESCRIPTIVE_ONLY_NOT_CAUSAL_NOT_REQUIRED_FOR_ROBUSTNESS","results/03_phase3/baseline/baseline_ligand_expression_by_donor.csv|config/phase3_analysis.json"
"TGFB3",0,0,0,2,1,3.47878041980897,0.44239849717755,0.0803081593967769,0.00690594760460506,0.733164983164983,0.615004122011542,0.87922208901374,"NO","MULTIDATASET_LOW_EXPRESSION",0.733164983164983,0.740319865319865,-0.00715488215488214,"NO_LARGE_CONTEXT_SHIFT","GSE182158 2/2 plus GSE199071 >=3/4 donor support; CPM>=1 and expressing fraction>=0.10","DESCRIPTIVE_ONLY_NOT_CAUSAL_NOT_REQUIRED_FOR_ROBUSTNESS","results/03_phase3/baseline/baseline_ligand_expression_by_donor.csv|config/phase3_analysis.json"
"TGFBI",2,4,6,2,4,1583.74216830078,98.3517453300075,0.999293563579278,0.518242436440211,0.988215488215488,0.911788953009068,2.36037039833051,"YES","ROBUST_BASELINE_SENDER",0.988215488215488,0.967592592592593,0.0206228956228957,"NO_LARGE_CONTEXT_SHIFT","GSE182158 2/2 plus GSE199071 >=3/4 donor support; CPM>=1 and expressing fraction>=0.10","DESCRIPTIVE_ONLY_NOT_CAUSAL_NOT_REQUIRED_FOR_ROBUSTNESS","results/03_phase3/baseline/baseline_ligand_expression_by_donor.csv|config/phase3_analysis.json"
"TGM2",2,4,6,2,4,769.034489580775,36.9485068142883,0.994722928135941,0.354845086415553,0.982323232323232,0.874690849134378,2.19483003316753,"NO","ROBUST_BASELINE_SENDER",0.982323232323232,0.836279461279461,0.146043771043771,"NO_LARGE_CONTEXT_SHIFT","GSE182158 2/2 plus GSE199071 >=3/4 donor support; CPM>=1 and expressing fraction>=0.10","DESCRIPTIVE_ONLY_NOT_CAUSAL_NOT_REQUIRED_FOR_ROBUSTNESS","results/03_phase3/baseline/baseline_ligand_expression_by_donor.csv|config/phase3_analysis.json"
"TGOLN2",2,4,6,2,4,54.8239824602107,128.136840298486,0.707952466282902,0.796078315559357,0.906144781144781,0.941055234954658,0.631514422379648,"NO","ROBUST_BASELINE_SENDER",0.906144781144781,0.896885521885522,0.0092592592592593,"NO_LARGE_CONTEXT_SHIFT","GSE182158 2/2 plus GSE199071 >=3/4 donor support; CPM>=1 and expressing fraction>=0.10","DESCRIPTIVE_ONLY_NOT_CAUSAL_NOT_REQUIRED_FOR_ROBUSTNESS","results/03_phase3/baseline/baseline_ligand_expression_by_donor.csv|config/phase3_analysis.json"
"THBS1",1,4,5,2,4,18.3517324934362,273.059179846735,0.243604477432545,0.798264869780952,0.814814814814815,0.967023907666941,2.48540782683985,"YES","MULTIDATASET_LOW_EXPRESSION",0.814814814814815,0.958333333333333,-0.143518518518519,"NO_LARGE_CONTEXT_SHIFT","GSE182158 2/2 plus GSE199071 >=3/4 donor support; CPM>=1 and expressing fraction>=0.10","DESCRIPTIVE_ONLY_NOT_CAUSAL_NOT_REQUIRED_FOR_ROBUSTNESS","results/03_phase3/baseline/baseline_ligand_expression_by_donor.csv|config/phase3_analysis.json"
"THBS2",2,4,6,2,4,34.7296352270617,19.9356523975391,0.51387427709845,0.213267739189532,0.88510101010101,0.823784006595218,0.898206996647855,"YES","ROBUST_BASELINE_SENDER",0.88510101010101,0.916245791245791,-0.031144781144781,"NO_LARGE_CONTEXT_SHIFT","GSE182158 2/2 plus GSE199071 >=3/4 donor support; CPM>=1 and expressing fraction>=0.10","DESCRIPTIVE_ONLY_NOT_CAUSAL_NOT_REQUIRED_FOR_ROBUSTNESS","results/03_phase3/baseline/baseline_ligand_expression_by_donor.csv|config/phase3_analysis.json"
"THBS4",0,0,0,0,0,0.166637419081072,0.0359281705861361,0.00413775816661644,0.000631921155241517,0.550084175084175,0.448680956306678,0.0909019012074532,"NO","NOT_RELIABLY_EXPRESSED",0.550084175084175,0.527777777777778,0.0223063973063974,"NO_LARGE_CONTEXT_SHIFT","GSE182158 2/2 plus GSE199071 >=3/4 donor support; CPM>=1 and expressing fraction>=0.10","DESCRIPTIVE_ONLY_NOT_CAUSAL_NOT_REQUIRED_FOR_ROBUSTNESS","results/03_phase3/baseline/baseline_ligand_expression_by_donor.csv|config/phase3_analysis.json"
"THPO",0,0,0,0,0,0.0263233687615313,0,0.000675492166865108,0,0.347643097643098,0.199505358615004,0.0241981194977234,"NO","NOT_RELIABLY_EXPRESSED",0.347643097643098,0.45959595959596,-0.111952861952862,"NO_LARGE_CONTEXT_SHIFT","GSE182158 2/2 plus GSE199071 >=3/4 donor support; CPM>=1 and expressing fraction>=0.10","DESCRIPTIVE_ONLY_NOT_CAUSAL_NOT_REQUIRED_FOR_ROBUSTNESS","results/03_phase3/baseline/baseline_ligand_expression_by_donor.csv|config/phase3_analysis.json"
"THY1",2,4,6,2,4,616.849994373353,347.232149114854,0.990865109002577,0.930018507231854,0.976430976430976,0.972382522671064,0.613217475452465,"NO","ROBUST_BASELINE_SENDER",0.976430976430976,0.981902356902357,-0.00547138047138052,"NO_LARGE_CONTEXT_SHIFT","GSE182158 2/2 plus GSE199071 >=3/4 donor support; CPM>=1 and expressing fraction>=0.10","DESCRIPTIVE_ONLY_NOT_CAUSAL_NOT_REQUIRED_FOR_ROBUSTNESS","results/03_phase3/baseline/baseline_ligand_expression_by_donor.csv|config/phase3_analysis.json"
"TIGIT",0,0,0,0,0,0.0149551180501721,0,0.000382721715678385,0,0.282617845117845,0.211871393239901,0.0154727291501743,"NO","NOT_RELIABLY_EXPRESSED",0.282617845117845,0.246212121212121,0.0364057239057239,"NO_LARGE_CONTEXT_SHIFT","GSE182158 2/2 plus GSE199071 >=3/4 donor support; CPM>=1 and expressing fraction>=0.10","DESCRIPTIVE_ONLY_NOT_CAUSAL_NOT_REQUIRED_FOR_ROBUSTNESS","results/03_phase3/baseline/baseline_ligand_expression_by_donor.csv|config/phase3_analysis.json"
"TIMD4",0,0,0,0,0,0.00389069168627313,0,0.000101409593347531,0,0.13510101010101,0.199505358615004,0.00456532261990384,"NO","NOT_RELIABLY_EXPRESSED",0.13510101010101,0.131734006734007,0.00336700336700335,"NO_LARGE_CONTEXT_SHIFT","GSE182158 2/2 plus GSE199071 >=3/4 donor support; CPM>=1 and expressing fraction>=0.10","DESCRIPTIVE_ONLY_NOT_CAUSAL_NOT_REQUIRED_FOR_ROBUSTNESS","results/03_phase3/baseline/baseline_ligand_expression_by_donor.csv|config/phase3_analysis.json"
"TIMP1",2,4,6,2,4,1953.12818286183,1398.4662340288,0.999949295203326,0.958256143856672,0.993686868686869,0.991343775762572,0.545563362633454,"NO","ROBUST_BASELINE_SENDER",0.993686868686869,0.997053872053872,-0.00336700336700335,"NO_LARGE_CONTEXT_SHIFT","GSE182158 2/2 plus GSE199071 >=3/4 donor support; CPM>=1 and expressing fraction>=0.10","DESCRIPTIVE_ONLY_NOT_CAUSAL_NOT_REQUIRED_FOR_ROBUSTNESS","results/03_phase3/baseline/baseline_ligand_expression_by_donor.csv|config/phase3_analysis.json"
"TIMP2",2,4,6,2,4,48.6101779935952,116.390764823099,0.662987544131879,0.757068461111937,0.898148148148148,0.933223413025557,0.711129695506864,"NO","ROBUST_BASELINE_SENDER",0.898148148148148,0.922138047138047,-0.023989898989899,"NO_LARGE_CONTEXT_SHIFT","GSE182158 2/2 plus GSE199071 >=3/4 donor support; CPM>=1 and expressing fraction>=0.10","DESCRIPTIVE_ONLY_NOT_CAUSAL_NOT_REQUIRED_FOR_ROBUSTNESS","results/03_phase3/baseline/baseline_ligand_expression_by_donor.csv|config/phase3_analysis.json"
"TIMP3",1,4,5,2,4,53.8648745029211,338.82044919787,0.406473752825181,0.818020932730604,0.854377104377104,0.969084913437758,2.25120881477726,"YES","MULTIDATASET_LOW_EXPRESSION",0.854377104377104,0.937289562289562,-0.0829124579124579,"NO_LARGE_CONTEXT_SHIFT","GSE182158 2/2 plus GSE199071 >=3/4 donor support; CPM>=1 and expressing fraction>=0.10","DESCRIPTIVE_ONLY_NOT_CAUSAL_NOT_REQUIRED_FOR_ROBUSTNESS","results/03_phase3/baseline/baseline_ligand_expression_by_donor.csv|config/phase3_analysis.json"
"TMEM190",0,0,0,1,0,0.656020823533729,0.0577031404932899,0.0157503227356328,0.000957489051676655,0.634890572390573,0.482069249793899,0.369444441034574,"NO","NOT_RELIABLY_EXPRESSED",0.634890572390573,0.505050505050505,0.129840067340067,"NO_LARGE_CONTEXT_SHIFT","GSE182158 2/2 plus GSE199071 >=3/4 donor support; CPM>=1 and expressing fraction>=0.10","DESCRIPTIVE_ONLY_NOT_CAUSAL_NOT_REQUIRED_FOR_ROBUSTNESS","results/03_phase3/baseline/baseline_ligand_expression_by_donor.csv|config/phase3_analysis.json"
"TMPRSS6",0,0,0,0,0,0.0179343366940647,0,0.000449756322458309,0,0.331649831649832,0.199505358615004,0.0133117620451778,"NO","NOT_RELIABLY_EXPRESSED",0.331649831649832,0.217592592592593,0.114057239057239,"NO_LARGE_CONTEXT_SHIFT","GSE182158 2/2 plus GSE199071 >=3/4 donor support; CPM>=1 and expressing fraction>=0.10","DESCRIPTIVE_ONLY_NOT_CAUSAL_NOT_REQUIRED_FOR_ROBUSTNESS","results/03_phase3/baseline/baseline_ligand_expression_by_donor.csv|config/phase3_analysis.json"
"TNC",1,4,5,2,4,3.88921052132128,26.6751192098,0.0791774862106037,0.313407893273936,0.720117845117845,0.849340478153339,1.58473683542449,"NO","MULTIDATASET_LOW_EXPRESSION",0.720117845117845,0.91540404040404,-0.195286195286195,"NO_LARGE_CONTEXT_SHIFT","GSE182158 2/2 plus GSE199071 >=3/4 donor support; CPM>=1 and expressing fraction>=0.10","DESCRIPTIVE_ONLY_NOT_CAUSAL_NOT_REQUIRED_FOR_ROBUSTNESS","results/03_phase3/baseline/baseline_ligand_expression_by_donor.csv|config/phase3_analysis.json"
"TNF",0,0,0,0,0,0.00164152149567638,0.0103181979539674,3.92464678178964e-05,0.000156103652825476,0.099537037037037,0.294723825226711,0.0225899817423754,"NO","NOT_RELIABLY_EXPRESSED",0.099537037037037,0.336700336700337,-0.2371632996633,"NO_LARGE_CONTEXT_SHIFT","GSE182158 2/2 plus GSE199071 >=3/4 donor support; CPM>=1 and expressing fraction>=0.10","DESCRIPTIVE_ONLY_NOT_CAUSAL_NOT_REQUIRED_FOR_ROBUSTNESS","results/03_phase3/baseline/baseline_ligand_expression_by_donor.csv|config/phase3_analysis.json"
"TNFRSF14",0,0,0,2,4,3.23549848985244,1.84669564592831,0.0746613325538963,0.0331729069230319,0.730218855218855,0.686727122835944,0.560736859346834,"NO","MULTIDATASET_LOW_EXPRESSION",0.730218855218855,0.804292929292929,-0.0740740740740741,"NO_LARGE_CONTEXT_SHIFT","GSE182158 2/2 plus GSE199071 >=3/4 donor support; CPM>=1 and expressing fraction>=0.10","DESCRIPTIVE_ONLY_NOT_CAUSAL_NOT_REQUIRED_FOR_ROBUSTNESS","results/03_phase3/baseline/baseline_ligand_expression_by_donor.csv|config/phase3_analysis.json"
"TNFSF10",0,0,0,0,0,0.301718730469166,0.0166708299285942,0.00697551141399201,0.000252270433905146,0.585016835016835,0.337180544105524,0.194252446692896,"YES","NOT_RELIABLY_EXPRESSED",0.585016835016835,0.717592592592593,-0.132575757575758,"NO_LARGE_CONTEXT_SHIFT","GSE182158 2/2 plus GSE199071 >=3/4 donor support; CPM>=1 and expressing fraction>=0.10","DESCRIPTIVE_ONLY_NOT_CAUSAL_NOT_REQUIRED_FOR_ROBUSTNESS","results/03_phase3/baseline/baseline_ligand_expression_by_donor.csv|config/phase3_analysis.json"
"TNFSF11",0,0,0,0,0,0.0282687146046679,0,0.000675492166865108,0,0.351220538720539,0.199505358615004,0.0263357491792794,"NO","NOT_RELIABLY_EXPRESSED",0.351220538720539,0.387205387205387,-0.0359848484848485,"NO_LARGE_CONTEXT_SHIFT","GSE182158 2/2 plus GSE199071 >=3/4 donor support; CPM>=1 and expressing fraction>=0.10","DESCRIPTIVE_ONLY_NOT_CAUSAL_NOT_REQUIRED_FOR_ROBUSTNESS","results/03_phase3/baseline/baseline_ligand_expression_by_donor.csv|config/phase3_analysis.json"
"TNFSF12",2,4,6,2,4,20.8998539857301,28.6196095088003,0.389493365153976,0.327056685316144,0.851851851851852,0.857790601813685,0.3147389708231,"NO","ROBUST_BASELINE_SENDER",0.851851851851852,0.853114478114478,-0.0012626262626263,"NO_LARGE_CONTEXT_SHIFT","GSE182158 2/2 plus GSE199071 >=3/4 donor support; CPM>=1 and expressing fraction>=0.10","DESCRIPTIVE_ONLY_NOT_CAUSAL_NOT_REQUIRED_FOR_ROBUSTNESS","results/03_phase3/baseline/baseline_ligand_expression_by_donor.csv|config/phase3_analysis.json"
"TNFSF13",0,0,0,0,4,0.0153813421560078,1.17362927298937,0.000376134868072805,0.0186846604932699,0.301346801346801,0.673948887056884,0.723153405077322,"NO","NOT_RELIABLY_EXPRESSED",0.301346801346801,0.324915824915825,-0.0235690235690236,"NO_LARGE_CONTEXT_SHIFT","GSE182158 2/2 plus GSE199071 >=3/4 donor support; CPM>=1 and expressing fraction>=0.10","DESCRIPTIVE_ONLY_NOT_CAUSAL_NOT_REQUIRED_FOR_ROBUSTNESS","results/03_phase3/baseline/baseline_ligand_expression_by_donor.csv|config/phase3_analysis.json"
"TNFSF13B",1,0,1,2,2,4.67473694209158,0.705852409919568,0.103174577968137,0.0113312757301314,0.750420875420875,0.623248145094806,0.991819294680083,"NO","MULTIDATASET_LOW_EXPRESSION",0.750420875420875,0.782407407407407,-0.031986531986532,"NO_LARGE_CONTEXT_SHIFT","GSE182158 2/2 plus GSE199071 >=3/4 donor support; CPM>=1 and expressing fraction>=0.10","DESCRIPTIVE_ONLY_NOT_CAUSAL_NOT_REQUIRED_FOR_ROBUSTNESS","results/03_phase3/baseline/baseline_ligand_expression_by_donor.csv|config/phase3_analysis.json"
"TNFSF14",0,0,0,0,0,0.0280872900155832,0.0411525511902826,0.000696693458221556,0.000664816614536707,0.384048821548822,0.439200329760923,0.0308747213376294,"NO","NOT_RELIABLY_EXPRESSED",0.384048821548822,0.304292929292929,0.0797558922558923,"NO_LARGE_CONTEXT_SHIFT","GSE182158 2/2 plus GSE199071 >=3/4 donor support; CPM>=1 and expressing fraction>=0.10","DESCRIPTIVE_ONLY_NOT_CAUSAL_NOT_REQUIRED_FOR_ROBUSTNESS","results/03_phase3/baseline/baseline_ligand_expression_by_donor.csv|config/phase3_analysis.json"
"TNFSF15",0,0,0,0,0,0.125603731786119,0.0192573406575419,0.00296496099551426,0.000379650721336371,0.522516835016835,0.323371805441055,0.131439075372682,"YES","NOT_RELIABLY_EXPRESSED",0.522516835016835,0.63973063973064,-0.117213804713805,"NO_LARGE_CONTEXT_SHIFT","GSE182158 2/2 plus GSE199071 >=3/4 donor support; CPM>=1 and expressing fraction>=0.10","DESCRIPTIVE_ONLY_NOT_CAUSAL_NOT_REQUIRED_FOR_ROBUSTNESS","results/03_phase3/baseline/baseline_ligand_expression_by_donor.csv|config/phase3_analysis.json"
"TNFSF18",0,0,0,0,0,0.0130097722070356,0.0166708299285942,0.00033201691900462,0.000252270433905146,0.27020202020202,0.319661995053586,0.0248141679469248,"YES","NOT_RELIABLY_EXPRESSED",0.27020202020202,0.288299663299663,-0.0180976430976431,"NO_LARGE_CONTEXT_SHIFT","GSE182158 2/2 plus GSE199071 >=3/4 donor support; CPM>=1 and expressing fraction>=0.10","DESCRIPTIVE_ONLY_NOT_CAUSAL_NOT_REQUIRED_FOR_ROBUSTNESS","results/03_phase3/baseline/baseline_ligand_expression_by_donor.csv|config/phase3_analysis.json"
"TNFSF4",0,0,0,2,4,0.969192930126705,3.43142582676736,0.0234816022779428,0.0446550691057316,0.661195286195286,0.727122835943941,0.704081160767451,"NO","MULTIDATASET_LOW_EXPRESSION",0.661195286195286,0.576178451178451,0.0850168350168351,"NO_LARGE_CONTEXT_SHIFT","GSE182158 2/2 plus GSE199071 >=3/4 donor support; CPM>=1 and expressing fraction>=0.10","DESCRIPTIVE_ONLY_NOT_CAUSAL_NOT_REQUIRED_FOR_ROBUSTNESS","results/03_phase3/baseline/baseline_ligand_expression_by_donor.csv|config/phase3_analysis.json"
"TNFSF8",0,0,0,0,0,0.00164152149567638,0,3.92464678178964e-05,0,0.099537037037037,0.211871393239901,0.0235106165648148,"NO","NOT_RELIABLY_EXPRESSED",0.099537037037037,0.174242424242424,-0.0747053872053872,"NO_LARGE_CONTEXT_SHIFT","GSE182158 2/2 plus GSE199071 >=3/4 donor support; CPM>=1 and expressing fraction>=0.10","DESCRIPTIVE_ONLY_NOT_CAUSAL_NOT_REQUIRED_FOR_ROBUSTNESS","results/03_phase3/baseline/baseline_ligand_expression_by_donor.csv|config/phase3_analysis.json"
"TNFSF9",0,0,0,0,3,0.0130097722070356,0.674875708949742,0.00033201691900462,0.01137209065339,0.27020202020202,0.637675185490519,0.385760677903391,"NO","NOT_RELIABLY_EXPRESSED",0.27020202020202,0.409090909090909,-0.138888888888889,"NO_LARGE_CONTEXT_SHIFT","GSE182158 2/2 plus GSE199071 >=3/4 donor support; CPM>=1 and expressing fraction>=0.10","DESCRIPTIVE_ONLY_NOT_CAUSAL_NOT_REQUIRED_FOR_ROBUSTNESS","results/03_phase3/baseline/baseline_ligand_expression_by_donor.csv|config/phase3_analysis.json"
"TNN",0,0,0,0,0,0.00358686733881295,0,8.99512644916617e-05,0,0.146464646464646,0.199505358615004,0.00268168191540828,"NO","NOT_RELIABLY_EXPRESSED",0.146464646464646,0.304292929292929,-0.157828282828283,"NO_LARGE_CONTEXT_SHIFT","GSE182158 2/2 plus GSE199071 >=3/4 donor support; CPM>=1 and expressing fraction>=0.10","DESCRIPTIVE_ONLY_NOT_CAUSAL_NOT_REQUIRED_FOR_ROBUSTNESS","results/03_phase3/baseline/baseline_ligand_expression_by_donor.csv|config/phase3_analysis.json"
"TNR",0,0,0,0,0,0.0668127822892298,0,0.00168128588637955,0,0.47979797979798,0.199505358615004,0.0490548233445157,"NO","NOT_RELIABLY_EXPRESSED",0.47979797979798,0.44486531986532,0.0349326599326599,"NO_LARGE_CONTEXT_SHIFT","GSE182158 2/2 plus GSE199071 >=3/4 donor support; CPM>=1 and expressing fraction>=0.10","DESCRIPTIVE_ONLY_NOT_CAUSAL_NOT_REQUIRED_FOR_ROBUSTNESS","results/03_phase3/baseline/baseline_ligand_expression_by_donor.csv|config/phase3_analysis.json"
"TNXB",0,0,0,0,0,0.21879890766759,0.0706488856937173,0.00538561754064383,0.00110942061060119,0.570075757575758,0.493816982687552,0.104819554476676,"NO","NOT_RELIABLY_EXPRESSED",0.570075757575758,0.758838383838384,-0.188762626262626,"NO_LARGE_CONTEXT_SHIFT","GSE182158 2/2 plus GSE199071 >=3/4 donor support; CPM>=1 and expressing fraction>=0.10","DESCRIPTIVE_ONLY_NOT_CAUSAL_NOT_REQUIRED_FOR_ROBUSTNESS","results/03_phase3/baseline/baseline_ligand_expression_by_donor.csv|config/phase3_analysis.json"
"TPH1",0,0,0,0,0,0.135752335010681,0.304096194617683,0.00344278007475017,0.00530763967583728,0.532617845117845,0.592539159109646,0.118980420779932,"NO","NOT_RELIABLY_EXPRESSED",0.532617845117845,0.528198653198653,0.00441919191919193,"NO_LARGE_CONTEXT_SHIFT","GSE182158 2/2 plus GSE199071 >=3/4 donor support; CPM>=1 and expressing fraction>=0.10","DESCRIPTIVE_ONLY_NOT_CAUSAL_NOT_REQUIRED_FOR_ROBUSTNESS","results/03_phase3/baseline/baseline_ligand_expression_by_donor.csv|config/phase3_analysis.json"
"TPO",0,0,0,0,0,0.13520371114647,0,0.0034674120988172,0,0.512205387205387,0.199505358615004,0.113959362740714,"NO","NOT_RELIABLY_EXPRESSED",0.512205387205387,0.466329966329966,0.0458754208754209,"NO_LARGE_CONTEXT_SHIFT","GSE182158 2/2 plus GSE199071 >=3/4 donor support; CPM>=1 and expressing fraction>=0.10","DESCRIPTIVE_ONLY_NOT_CAUSAL_NOT_REQUIRED_FOR_ROBUSTNESS","results/03_phase3/baseline/baseline_ligand_expression_by_donor.csv|config/phase3_analysis.json"
"TPSAB1",0,0,0,0,0,0,0,0,0,0.0536616161616162,0.199505358615004,0,"NO","NOT_RELIABLY_EXPRESSED",0.0536616161616162,0.117845117845118,-0.0641835016835017,"NO_LARGE_CONTEXT_SHIFT","GSE182158 2/2 plus GSE199071 >=3/4 donor support; CPM>=1 and expressing fraction>=0.10","DESCRIPTIVE_ONLY_NOT_CAUSAL_NOT_REQUIRED_FOR_ROBUSTNESS","results/03_phase3/baseline/baseline_ligand_expression_by_donor.csv|config/phase3_analysis.json"
"TPSB2",0,0,0,0,0,0.00553221318194951,0,0.000140656061165427,0,0.180976430976431,0.199505358615004,0.00458733061698916,"NO","NOT_RELIABLY_EXPRESSED",0.180976430976431,0.174242424242424,0.0067340067340067,"NO_LARGE_CONTEXT_SHIFT","GSE182158 2/2 plus GSE199071 >=3/4 donor support; CPM>=1 and expressing fraction>=0.10","DESCRIPTIVE_ONLY_NOT_CAUSAL_NOT_REQUIRED_FOR_ROBUSTNESS","results/03_phase3/baseline/baseline_ligand_expression_by_donor.csv|config/phase3_analysis.json"
"TPSG1",0,0,0,0,0,0.00164152149567638,0,3.92464678178964e-05,0,0.099537037037037,0.211871393239901,0.0219538930916856,"NO","NOT_RELIABLY_EXPRESSED",0.099537037037037,0.11952861952862,-0.0199915824915825,"NO_LARGE_CONTEXT_SHIFT","GSE182158 2/2 plus GSE199071 >=3/4 donor support; CPM>=1 and expressing fraction>=0.10","DESCRIPTIVE_ONLY_NOT_CAUSAL_NOT_REQUIRED_FOR_ROBUSTNESS","results/03_phase3/baseline/baseline_ligand_expression_by_donor.csv|config/phase3_analysis.json"
"TRAF2",1,4,5,2,4,4.23180386202468,9.03639568051391,0.0980369283750569,0.124644907508192,0.745791245791246,0.778647980214345,0.503455033397424,"NO","MULTIDATASET_LOW_EXPRESSION",0.745791245791246,0.748316498316498,-0.00252525252525249,"NO_LARGE_CONTEXT_SHIFT","GSE182158 2/2 plus GSE199071 >=3/4 donor support; CPM>=1 and expressing fraction>=0.10","DESCRIPTIVE_ONLY_NOT_CAUSAL_NOT_REQUIRED_FOR_ROBUSTNESS","results/03_phase3/baseline/baseline_ligand_expression_by_donor.csv|config/phase3_analysis.json"
"TREML1",0,0,0,0,0,0.0159889908509282,0,0.000399051525784543,0,0.317550505050505,0.199505358615004,0.0118237762549736,"NO","NOT_RELIABLY_EXPRESSED",0.317550505050505,0.332912457912458,-0.0153619528619529,"NO_LARGE_CONTEXT_SHIFT","GSE182158 2/2 plus GSE199071 >=3/4 donor support; CPM>=1 and expressing fraction>=0.10","DESCRIPTIVE_ONLY_NOT_CAUSAL_NOT_REQUIRED_FOR_ROBUSTNESS","results/03_phase3/baseline/baseline_ligand_expression_by_donor.csv|config/phase3_analysis.json"
"TREML4",0,0,0,0,0,0.00717373467762589,0,0.000179902528983323,0,0.216329966329966,0.199505358615004,0.00535362831784548,"NO","NOT_RELIABLY_EXPRESSED",0.216329966329966,0.195286195286195,0.021043771043771,"NO_LARGE_CONTEXT_SHIFT","GSE182158 2/2 plus GSE199071 >=3/4 donor support; CPM>=1 and expressing fraction>=0.10","DESCRIPTIVE_ONLY_NOT_CAUSAL_NOT_REQUIRED_FOR_ROBUSTNESS","results/03_phase3/baseline/baseline_ligand_expression_by_donor.csv|config/phase3_analysis.json"
"TRH",0,0,0,0,0,0.00164152149567638,0,3.92464678178964e-05,0,0.099537037037037,0.199505358615004,0.00193047220564663,"NO","NOT_RELIABLY_EXPRESSED",0.099537037037037,0.285774410774411,-0.186237373737374,"NO_LARGE_CONTEXT_SHIFT","GSE182158 2/2 plus GSE199071 >=3/4 donor support; CPM>=1 and expressing fraction>=0.10","DESCRIPTIVE_ONLY_NOT_CAUSAL_NOT_REQUIRED_FOR_ROBUSTNESS","results/03_phase3/baseline/baseline_ligand_expression_by_donor.csv|config/phase3_analysis.json"
"TSHB",0,0,0,0,0,0.00194534584313656,0,5.07047966737653e-05,0,0.100589225589226,0.199505358615004,0.00228708467680247,"NO","NOT_RELIABLY_EXPRESSED",0.100589225589226,0.0437710437710438,0.0568181818181818,"NO_LARGE_CONTEXT_SHIFT","GSE182158 2/2 plus GSE199071 >=3/4 donor support; CPM>=1 and expressing fraction>=0.10","DESCRIPTIVE_ONLY_NOT_CAUSAL_NOT_REQUIRED_FOR_ROBUSTNESS","results/03_phase3/baseline/baseline_ligand_expression_by_donor.csv|config/phase3_analysis.json"
"TSLP",0,2,2,2,4,1.8002377312387,8.35520145536002,0.03965375389818,0.0939081612753936,0.676346801346801,0.775762572135202,1.18375927775815,"NO","MULTIDATASET_LOW_EXPRESSION",0.676346801346801,0.709175084175084,-0.0328282828282829,"NO_LARGE_CONTEXT_SHIFT","GSE182158 2/2 plus GSE199071 >=3/4 donor support; CPM>=1 and expressing fraction>=0.10","DESCRIPTIVE_ONLY_NOT_CAUSAL_NOT_REQUIRED_FOR_ROBUSTNESS","results/03_phase3/baseline/baseline_ligand_expression_by_donor.csv|config/phase3_analysis.json"
"TSPAN3",2,4,6,2,4,64.3869820827743,78.8857356682251,0.770213562713237,0.651681423360313,0.913299663299663,0.916735366859027,0.15440580813314,"NO","ROBUST_BASELINE_SENDER",0.913299663299663,0.884259259259259,0.029040404040404,"NO_LARGE_CONTEXT_SHIFT","GSE182158 2/2 plus GSE199071 >=3/4 donor support; CPM>=1 and expressing fraction>=0.10","DESCRIPTIVE_ONLY_NOT_CAUSAL_NOT_REQUIRED_FOR_ROBUSTNESS","results/03_phase3/baseline/baseline_ligand_expression_by_donor.csv|config/phase3_analysis.json"
"TSPAN33",0,0,0,0,2,0.0418271106759146,0.563352920907478,0.00103358185847646,0.00986095819091642,0.427609427609428,0.634377576257213,0.397775704809076,"NO","NOT_RELIABLY_EXPRESSED",0.427609427609428,0.432659932659933,-0.00505050505050503,"NO_LARGE_CONTEXT_SHIFT","GSE182158 2/2 plus GSE199071 >=3/4 donor support; CPM>=1 and expressing fraction>=0.10","DESCRIPTIVE_ONLY_NOT_CAUSAL_NOT_REQUIRED_FOR_ROBUSTNESS","results/03_phase3/baseline/baseline_ligand_expression_by_donor.csv|config/phase3_analysis.json"
"TSPAN5",2,4,6,2,4,34.8274797172348,88.0404223943224,0.550381798363023,0.691975665332136,0.88510101010101,0.919208573784007,0.728674732443906,"NO","ROBUST_BASELINE_SENDER",0.88510101010101,0.888468013468014,-0.00336700336700335,"NO_LARGE_CONTEXT_SHIFT","GSE182158 2/2 plus GSE199071 >=3/4 donor support; CPM>=1 and expressing fraction>=0.10","DESCRIPTIVE_ONLY_NOT_CAUSAL_NOT_REQUIRED_FOR_ROBUSTNESS","results/03_phase3/baseline/baseline_ligand_expression_by_donor.csv|config/phase3_analysis.json"
"TTR",0,0,0,0,0,0,0.0103181979539674,0,0.000156103652825476,0.0536616161616162,0.294723825226711,0.0243251870414627,"NO","NOT_RELIABLY_EXPRESSED",0.0536616161616162,0.115319865319865,-0.0616582491582492,"NO_LARGE_CONTEXT_SHIFT","GSE182158 2/2 plus GSE199071 >=3/4 donor support; CPM>=1 and expressing fraction>=0.10","DESCRIPTIVE_ONLY_NOT_CAUSAL_NOT_REQUIRED_FOR_ROBUSTNESS","results/03_phase3/baseline/baseline_ligand_expression_by_donor.csv|config/phase3_analysis.json"
"TYROBP",0,0,0,0,0,0.0104567776689787,0,0.000258395464619116,0,0.262415824915825,0.199505358615004,0.00811522783084505,"NO","NOT_RELIABLY_EXPRESSED",0.262415824915825,0.507996632996633,-0.245580808080808,"NO_LARGE_CONTEXT_SHIFT","GSE182158 2/2 plus GSE199071 >=3/4 donor support; CPM>=1 and expressing fraction>=0.10","DESCRIPTIVE_ONLY_NOT_CAUSAL_NOT_REQUIRED_FOR_ROBUSTNESS","results/03_phase3/baseline/baseline_ligand_expression_by_donor.csv|config/phase3_analysis.json"
"UCN",0,0,0,2,0,0.993789651980109,0.160383512273138,0.0246852760434402,0.00277995505487121,0.659090909090909,0.54967023907667,0.437851704435123,"NO","NOT_RELIABLY_EXPRESSED",0.659090909090909,0.609427609427609,0.0496632996632996,"NO_LARGE_CONTEXT_SHIFT","GSE182158 2/2 plus GSE199071 >=3/4 donor support; CPM>=1 and expressing fraction>=0.10","DESCRIPTIVE_ONLY_NOT_CAUSAL_NOT_REQUIRED_FOR_ROBUSTNESS","results/03_phase3/baseline/baseline_ligand_expression_by_donor.csv|config/phase3_analysis.json"
"UCN2",0,0,0,0,0,0.0547144831245747,0.218155534245764,0.00138364395394253,0.00391890721888033,0.456228956228956,0.576051112943116,0.226080379243989,"NO","NOT_RELIABLY_EXPRESSED",0.456228956228956,0.452861952861953,0.00336700336700335,"NO_LARGE_CONTEXT_SHIFT","GSE182158 2/2 plus GSE199071 >=3/4 donor support; CPM>=1 and expressing fraction>=0.10","DESCRIPTIVE_ONLY_NOT_CAUSAL_NOT_REQUIRED_FOR_ROBUSTNESS","results/03_phase3/baseline/baseline_ligand_expression_by_donor.csv|config/phase3_analysis.json"
"UCN3",0,0,0,0,0,0.0113682507113592,0,0.000292770451186723,0,0.234848484848485,0.211871393239901,0.0223818640035121,"NO","NOT_RELIABLY_EXPRESSED",0.234848484848485,0.131734006734007,0.103114478114478,"NO_LARGE_CONTEXT_SHIFT","GSE182158 2/2 plus GSE199071 >=3/4 donor support; CPM>=1 and expressing fraction>=0.10","DESCRIPTIVE_ONLY_NOT_CAUSAL_NOT_REQUIRED_FOR_ROBUSTNESS","results/03_phase3/baseline/baseline_ligand_expression_by_donor.csv|config/phase3_analysis.json"
"ULBP2",2,4,6,2,4,7.78011783591557,25.6205589091815,0.16549433515186,0.349128998782333,0.786195286195286,0.846042868920033,0.963603046615312,"NO","ROBUST_BASELINE_SENDER",0.786195286195286,0.715909090909091,0.0702861952861953,"NO_LARGE_CONTEXT_SHIFT","GSE182158 2/2 plus GSE199071 >=3/4 donor support; CPM>=1 and expressing fraction>=0.10","DESCRIPTIVE_ONLY_NOT_CAUSAL_NOT_REQUIRED_FOR_ROBUSTNESS","results/03_phase3/baseline/baseline_ligand_expression_by_donor.csv|config/phase3_analysis.json"
"ULBP3",0,0,0,0,4,0.0449287290781827,3.73008908529605,0.00108257128879494,0.0591837900639373,0.363005050505051,0.727947238252267,1.1497023206036,"NO","NOT_RELIABLY_EXPRESSED",0.363005050505051,0.398148148148148,-0.0351430976430976,"NO_LARGE_CONTEXT_SHIFT","GSE182158 2/2 plus GSE199071 >=3/4 donor support; CPM>=1 and expressing fraction>=0.10","DESCRIPTIVE_ONLY_NOT_CAUSAL_NOT_REQUIRED_FOR_ROBUSTNESS","results/03_phase3/baseline/baseline_ligand_expression_by_donor.csv|config/phase3_analysis.json"
"UTS2",0,0,0,0,0,0.0851143182584209,0,0.00203766021163561,0,0.482323232323232,0.199505358615004,0.0716457388745668,"NO","NOT_RELIABLY_EXPRESSED",0.482323232323232,0.432659932659933,0.0496632996632997,"NO_LARGE_CONTEXT_SHIFT","GSE182158 2/2 plus GSE199071 >=3/4 donor support; CPM>=1 and expressing fraction>=0.10","DESCRIPTIVE_ONLY_NOT_CAUSAL_NOT_REQUIRED_FOR_ROBUSTNESS","results/03_phase3/baseline/baseline_ligand_expression_by_donor.csv|config/phase3_analysis.json"
"UTS2B",0,0,0,1,1,0.319653067163231,0.38243813549801,0.00806151343549753,0.00640404271716602,0.592171717171717,0.603874690849134,0.186800318707316,"NO","MULTIDATASET_LOW_EXPRESSION",0.592171717171717,0.497895622895623,0.0942760942760942,"NO_LARGE_CONTEXT_SHIFT","GSE182158 2/2 plus GSE199071 >=3/4 donor support; CPM>=1 and expressing fraction>=0.10","DESCRIPTIVE_ONLY_NOT_CAUSAL_NOT_REQUIRED_FOR_ROBUSTNESS","results/03_phase3/baseline/baseline_ligand_expression_by_donor.csv|config/phase3_analysis.json"
"UXS1",2,4,6,2,4,18.3138649935583,26.9452992774529,0.327570932189777,0.344700093838331,0.840909090909091,0.852844187963726,0.565027065730051,"NO","ROBUST_BASELINE_SENDER",0.840909090909091,0.853956228956229,-0.013047138047138,"NO_LARGE_CONTEXT_SHIFT","GSE182158 2/2 plus GSE199071 >=3/4 donor support; CPM>=1 and expressing fraction>=0.10","DESCRIPTIVE_ONLY_NOT_CAUSAL_NOT_REQUIRED_FOR_ROBUSTNESS","results/03_phase3/baseline/baseline_ligand_expression_by_donor.csv|config/phase3_analysis.json"
"VCAM1",1,0,1,2,1,5.76903718130368,0.442359865139141,0.114724840112732,0.00613945318365584,0.759680134680135,0.598309975267931,1.16172211741329,"NO","MULTIDATASET_LOW_EXPRESSION",0.759680134680135,0.773148148148148,-0.0134680134680134,"NO_LARGE_CONTEXT_SHIFT","GSE182158 2/2 plus GSE199071 >=3/4 donor support; CPM>=1 and expressing fraction>=0.10","DESCRIPTIVE_ONLY_NOT_CAUSAL_NOT_REQUIRED_FOR_ROBUSTNESS","results/03_phase3/baseline/baseline_ligand_expression_by_donor.csv|config/phase3_analysis.json"
"VCAN",2,4,6,2,4,147.812580986168,95.3985282922076,0.851119409875766,0.672401134945859,0.944444444444444,0.922506183017313,0.609774304621531,"YES","ROBUST_BASELINE_SENDER",0.944444444444444,0.958333333333333,-0.013888888888889,"NO_LARGE_CONTEXT_SHIFT","GSE182158 2/2 plus GSE199071 >=3/4 donor support; CPM>=1 and expressing fraction>=0.10","DESCRIPTIVE_ONLY_NOT_CAUSAL_NOT_REQUIRED_FOR_ROBUSTNESS","results/03_phase3/baseline/baseline_ligand_expression_by_donor.csv|config/phase3_analysis.json"
"VEGFA",2,4,6,2,4,17.5788559809127,36.5370927038149,0.332679842431461,0.372642925966989,0.842171717171717,0.875515251442704,0.569992245956826,"NO","ROBUST_BASELINE_SENDER",0.842171717171717,0.850589225589226,-0.00841750841750844,"NO_LARGE_CONTEXT_SHIFT","GSE182158 2/2 plus GSE199071 >=3/4 donor support; CPM>=1 and expressing fraction>=0.10","DESCRIPTIVE_ONLY_NOT_CAUSAL_NOT_REQUIRED_FOR_ROBUSTNESS","results/03_phase3/baseline/baseline_ligand_expression_by_donor.csv|config/phase3_analysis.json"
"VEGFB",2,4,6,2,4,11.9320959874342,46.0439557277446,0.25072669843955,0.486792813517065,0.816077441077441,0.888293487221764,0.99265729859652,"NO","ROBUST_BASELINE_SENDER",0.816077441077441,0.827020202020202,-0.0109427609427609,"NO_LARGE_CONTEXT_SHIFT","GSE182158 2/2 plus GSE199071 >=3/4 donor support; CPM>=1 and expressing fraction>=0.10","DESCRIPTIVE_ONLY_NOT_CAUSAL_NOT_REQUIRED_FOR_ROBUSTNESS","results/03_phase3/baseline/baseline_ligand_expression_by_donor.csv|config/phase3_analysis.json"
"VEGFC",2,4,6,2,4,5.52786956853208,128.213352911414,0.124733242621895,0.754545672211313,0.765151515151515,0.941879637262984,2.14360945124043,"NO","ROBUST_BASELINE_SENDER",0.765151515151515,0.811026936026936,-0.0458754208754209,"NO_LARGE_CONTEXT_SHIFT","GSE182158 2/2 plus GSE199071 >=3/4 donor support; CPM>=1 and expressing fraction>=0.10","DESCRIPTIVE_ONLY_NOT_CAUSAL_NOT_REQUIRED_FOR_ROBUSTNESS","results/03_phase3/baseline/baseline_ligand_expression_by_donor.csv|config/phase3_analysis.json"
"VEGFD",0,0,0,0,0,,0.0269890278825616,,0.000408374086730623,,0.401277823577906,0.0242865823571812,"NO","NOT_RELIABLY_EXPRESSED",,,,"NO_LARGE_CONTEXT_SHIFT","GSE182158 2/2 plus GSE199071 >=3/4 donor support; CPM>=1 and expressing fraction>=0.10","DESCRIPTIVE_ONLY_NOT_CAUSAL_NOT_REQUIRED_FOR_ROBUSTNESS","results/03_phase3/baseline/baseline_ligand_expression_by_donor.csv|config/phase3_analysis.json"
"VGF",0,0,0,0,3,0.133933739022877,1.09638822792541,0.00313168982928642,0.0187476101443431,0.516203703703704,0.659315746084089,0.536451316611914,"NO","NOT_RELIABLY_EXPRESSED",0.516203703703704,0.45959595959596,0.0566077441077441,"NO_LARGE_CONTEXT_SHIFT","GSE182158 2/2 plus GSE199071 >=3/4 donor support; CPM>=1 and expressing fraction>=0.10","DESCRIPTIVE_ONLY_NOT_CAUSAL_NOT_REQUIRED_FOR_ROBUSTNESS","results/03_phase3/baseline/baseline_ligand_expression_by_donor.csv|config/phase3_analysis.json"
"VIP",0,0,0,0,0,0,0,0,0,0.0536616161616162,0.199505358615004,0,"NO","NOT_RELIABLY_EXPRESSED",0.0536616161616162,0.115319865319865,-0.0616582491582492,"NO_LARGE_CONTEXT_SHIFT","GSE182158 2/2 plus GSE199071 >=3/4 donor support; CPM>=1 and expressing fraction>=0.10","DESCRIPTIVE_ONLY_NOT_CAUSAL_NOT_REQUIRED_FOR_ROBUSTNESS","results/03_phase3/baseline/baseline_ligand_expression_by_donor.csv|config/phase3_analysis.json"
"VSIG10",2,4,6,2,4,6.71052366802438,10.2727578333464,0.150534983364528,0.149835116898347,0.781986531986532,0.785243198680956,0.318348151800158,"NO","ROBUST_BASELINE_SENDER",0.781986531986532,0.760521885521886,0.0214646464646465,"NO_LARGE_CONTEXT_SHIFT","GSE182158 2/2 plus GSE199071 >=3/4 donor support; CPM>=1 and expressing fraction>=0.10","DESCRIPTIVE_ONLY_NOT_CAUSAL_NOT_REQUIRED_FOR_ROBUSTNESS","results/03_phase3/baseline/baseline_ligand_expression_by_donor.csv|config/phase3_analysis.json"
"VSIG4",0,0,0,0,0,0.0107606020164388,0,0.000269853793474985,0,0.265151515151515,0.199505358615004,0.00801591035801151,"NO","NOT_RELIABLY_EXPRESSED",0.265151515151515,0.246632996632997,0.0185185185185185,"NO_LARGE_CONTEXT_SHIFT","GSE182158 2/2 plus GSE199071 >=3/4 donor support; CPM>=1 and expressing fraction>=0.10","DESCRIPTIVE_ONLY_NOT_CAUSAL_NOT_REQUIRED_FOR_ROBUSTNESS","results/03_phase3/baseline/baseline_ligand_expression_by_donor.csv|config/phase3_analysis.json"
"VSIR",0,4,4,0,4,,7.57207647031772,,0.111466844015494,,0.769785655399835,0.572583092356081,"NO","DATASET_SPECIFIC",,,,"NO_LARGE_CONTEXT_SHIFT","GSE182158 2/2 plus GSE199071 >=3/4 donor support; CPM>=1 and expressing fraction>=0.10","DESCRIPTIVE_ONLY_NOT_CAUSAL_NOT_REQUIRED_FOR_ROBUSTNESS","results/03_phase3/baseline/baseline_ligand_expression_by_donor.csv|config/phase3_analysis.json"
"VSTM1",0,0,0,0,0,0.00358686733881295,0.0577720219726257,8.99512644916617e-05,0.00113895216400911,0.146464646464646,0.37118713932399,0.132100200183938,"YES","NOT_RELIABLY_EXPRESSED",0.146464646464646,0.217592592592593,-0.0711279461279461,"NO_LARGE_CONTEXT_SHIFT","GSE182158 2/2 plus GSE199071 >=3/4 donor support; CPM>=1 and expressing fraction>=0.10","DESCRIPTIVE_ONLY_NOT_CAUSAL_NOT_REQUIRED_FOR_ROBUSTNESS","results/03_phase3/baseline/baseline_ligand_expression_by_donor.csv|config/phase3_analysis.json"
"VSTM4",0,0,0,1,3,0.277522132139856,0.688511719567071,0.0069772267803473,0.0117615864587845,0.575757575757576,0.633759274525969,0.375157349128435,"NO","MULTIDATASET_LOW_EXPRESSION",0.575757575757576,0.79503367003367,-0.219276094276094,"NO_LARGE_CONTEXT_SHIFT","GSE182158 2/2 plus GSE199071 >=3/4 donor support; CPM>=1 and expressing fraction>=0.10","DESCRIPTIVE_ONLY_NOT_CAUSAL_NOT_REQUIRED_FOR_ROBUSTNESS","results/03_phase3/baseline/baseline_ligand_expression_by_donor.csv|config/phase3_analysis.json"
"VTCN1",0,0,0,0,0,0.00358686733881295,0,8.99512644916617e-05,0,0.146464646464646,0.199505358615004,0.00268168191540828,"NO","NOT_RELIABLY_EXPRESSED",0.146464646464646,0.138047138047138,0.00841750841750841,"NO_LARGE_CONTEXT_SHIFT","GSE182158 2/2 plus GSE199071 >=3/4 donor support; CPM>=1 and expressing fraction>=0.10","DESCRIPTIVE_ONLY_NOT_CAUSAL_NOT_REQUIRED_FOR_ROBUSTNESS","results/03_phase3/baseline/baseline_ligand_expression_by_donor.csv|config/phase3_analysis.json"
"VTN",2,0,2,2,1,27.859804904376,0.619939075287684,0.377831341518377,0.00856333287442115,0.855218855218855,0.634377576257213,2.06671290319147,"YES","MULTIDATASET_LOW_EXPRESSION",0.855218855218855,0.533249158249158,0.321969696969697,"UC_HIGHER_CONTEXT","GSE182158 2/2 plus GSE199071 >=3/4 donor support; CPM>=1 and expressing fraction>=0.10","DESCRIPTIVE_ONLY_NOT_CAUSAL_NOT_REQUIRED_FOR_ROBUSTNESS","results/03_phase3/baseline/baseline_ligand_expression_by_donor.csv|config/phase3_analysis.json"
"VWF",0,0,0,0,0,0.0811602516444815,0.0103181979539674,0.00204109094434619,0.000156103652825476,0.492845117845118,0.289777411376752,0.0524772118080566,"NO","NOT_RELIABLY_EXPRESSED",0.492845117845118,0.447811447811448,0.04503367003367,"NO_LARGE_CONTEXT_SHIFT","GSE182158 2/2 plus GSE199071 >=3/4 donor support; CPM>=1 and expressing fraction>=0.10","DESCRIPTIVE_ONLY_NOT_CAUSAL_NOT_REQUIRED_FOR_ROBUSTNESS","results/03_phase3/baseline/baseline_ligand_expression_by_donor.csv|config/phase3_analysis.json"
"WBP1",1,4,5,2,4,3.34883802174596,19.4764248642979,0.0803275776623162,0.27298620783495,0.731902356902357,0.826051112943116,1.18178588590337,"NO","MULTIDATASET_LOW_EXPRESSION",0.731902356902357,0.700757575757576,0.031144781144781,"NO_LARGE_CONTEXT_SHIFT","GSE182158 2/2 plus GSE199071 >=3/4 donor support; CPM>=1 and expressing fraction>=0.10","DESCRIPTIVE_ONLY_NOT_CAUSAL_NOT_REQUIRED_FOR_ROBUSTNESS","results/03_phase3/baseline/baseline_ligand_expression_by_donor.csv|config/phase3_analysis.json"
"WFIKKN2",0,0,0,0,0,0.00911908052076245,0,0.000230607325657089,0,0.239478114478115,0.199505358615004,0.00714382482919286,"NO","NOT_RELIABLY_EXPRESSED",0.239478114478115,0.273989898989899,-0.0345117845117845,"NO_LARGE_CONTEXT_SHIFT","GSE182158 2/2 plus GSE199071 >=3/4 donor support; CPM>=1 and expressing fraction>=0.10","DESCRIPTIVE_ONLY_NOT_CAUSAL_NOT_REQUIRED_FOR_ROBUSTNESS","results/03_phase3/baseline/baseline_ligand_expression_by_donor.csv|config/phase3_analysis.json"
"WIF1",0,0,0,0,0,0.0228589011810939,0,0.000567495725911998,0,0.363215488215488,0.211871393239901,0.0234748712263038,"NO","NOT_RELIABLY_EXPRESSED",0.363215488215488,0.477693602693603,-0.114478114478114,"NO_LARGE_CONTEXT_SHIFT","GSE182158 2/2 plus GSE199071 >=3/4 donor support; CPM>=1 and expressing fraction>=0.10","DESCRIPTIVE_ONLY_NOT_CAUSAL_NOT_REQUIRED_FOR_ROBUSTNESS","results/03_phase3/baseline/baseline_ligand_expression_by_donor.csv|config/phase3_analysis.json"
"WNT1",0,0,0,0,0,0.00522838883448933,0,0.000129197732309558,0,0.181818181818182,0.199505358615004,0.00406972167935043,"NO","NOT_RELIABLY_EXPRESSED",0.181818181818182,0.247053872053872,-0.0652356902356902,"NO_LARGE_CONTEXT_SHIFT","GSE182158 2/2 plus GSE199071 >=3/4 donor support; CPM>=1 and expressing fraction>=0.10","DESCRIPTIVE_ONLY_NOT_CAUSAL_NOT_REQUIRED_FOR_ROBUSTNESS","results/03_phase3/baseline/baseline_ligand_expression_by_donor.csv|config/phase3_analysis.json"
"WNT10A",0,0,0,0,0,0.0170228636516842,0.0295755386115093,0.000415381335890702,0.000508712961711231,0.309343434343434,0.401277823577906,0.0231370500035389,"NO","NOT_RELIABLY_EXPRESSED",0.309343434343434,0.307239057239057,0.00210437710437711,"NO_LARGE_CONTEXT_SHIFT","GSE182158 2/2 plus GSE199071 >=3/4 donor support; CPM>=1 and expressing fraction>=0.10","DESCRIPTIVE_ONLY_NOT_CAUSAL_NOT_REQUIRED_FOR_ROBUSTNESS","results/03_phase3/baseline/baseline_ligand_expression_by_donor.csv|config/phase3_analysis.json"
"WNT10B",0,0,0,0,0,0.0336195031975327,0.0103181979539674,0.000837349519386983,0.000156103652825476,0.407407407407407,0.289777411376752,0.0352025687536856,"YES","NOT_RELIABLY_EXPRESSED",0.407407407407407,0.353956228956229,0.0534511784511784,"NO_LARGE_CONTEXT_SHIFT","GSE182158 2/2 plus GSE199071 >=3/4 donor support; CPM>=1 and expressing fraction>=0.10","DESCRIPTIVE_ONLY_NOT_CAUSAL_NOT_REQUIRED_FOR_ROBUSTNESS","results/03_phase3/baseline/baseline_ligand_expression_by_donor.csv|config/phase3_analysis.json"
"WNT11",0,0,0,0,0,0.00881525617330227,0,0.00021914899680122,0,0.242003367003367,0.199505358615004,0.00660476797910502,"NO","NOT_RELIABLY_EXPRESSED",0.242003367003367,0.527777777777778,-0.285774410774411,"UC_LOWER_CONTEXT","GSE182158 2/2 plus GSE199071 >=3/4 donor support; CPM>=1 and expressing fraction>=0.10","DESCRIPTIVE_ONLY_NOT_CAUSAL_NOT_REQUIRED_FOR_ROBUSTNESS","results/03_phase3/baseline/baseline_ligand_expression_by_donor.csv|config/phase3_analysis.json"
"WNT16",0,0,0,0,1,0.00747755902508607,0.327025334558847,0.000191360857839192,0.00438342522603525,0.204124579124579,0.588623248145095,0.430344363666814,"NO","NOT_RELIABLY_EXPRESSED",0.204124579124579,0.343434343434343,-0.139309764309764,"NO_LARGE_CONTEXT_SHIFT","GSE182158 2/2 plus GSE199071 >=3/4 donor support; CPM>=1 and expressing fraction>=0.10","DESCRIPTIVE_ONLY_NOT_CAUSAL_NOT_REQUIRED_FOR_ROBUSTNESS","results/03_phase3/baseline/baseline_ligand_expression_by_donor.csv|config/phase3_analysis.json"
"WNT2",0,0,0,1,2,0.761163324669468,0.534732826041608,0.0160609314049272,0.00821889245807472,0.634890572390573,0.62366034624897,0.493916685259925,"NO","MULTIDATASET_LOW_EXPRESSION",0.634890572390573,0.55976430976431,0.0751262626262627,"NO_LARGE_CONTEXT_SHIFT","GSE182158 2/2 plus GSE199071 >=3/4 donor support; CPM>=1 and expressing fraction>=0.10","DESCRIPTIVE_ONLY_NOT_CAUSAL_NOT_REQUIRED_FOR_ROBUSTNESS","results/03_phase3/baseline/baseline_ligand_expression_by_donor.csv|config/phase3_analysis.json"
"WNT2B",0,0,0,2,4,2.89104305219167,1.74708698234223,0.0595101343525873,0.0250892909743735,0.709175084175084,0.692704039571311,0.575104262449888,"NO","MULTIDATASET_LOW_EXPRESSION",0.709175084175084,0.674242424242424,0.0349326599326599,"NO_LARGE_CONTEXT_SHIFT","GSE182158 2/2 plus GSE199071 >=3/4 donor support; CPM>=1 and expressing fraction>=0.10","DESCRIPTIVE_ONLY_NOT_CAUSAL_NOT_REQUIRED_FOR_ROBUSTNESS","results/03_phase3/baseline/baseline_ligand_expression_by_donor.csv|config/phase3_analysis.json"
"WNT3",0,0,0,1,4,0.403066839095266,1.88256570603058,0.00996167370086271,0.0299423660903171,0.610479797979798,0.689818631492168,0.537170407595789,"NO","MULTIDATASET_LOW_EXPRESSION",0.610479797979798,0.591329966329966,0.0191498316498316,"NO_LARGE_CONTEXT_SHIFT","GSE182158 2/2 plus GSE199071 >=3/4 donor support; CPM>=1 and expressing fraction>=0.10","DESCRIPTIVE_ONLY_NOT_CAUSAL_NOT_REQUIRED_FOR_ROBUSTNESS","results/03_phase3/baseline/baseline_ligand_expression_by_donor.csv|config/phase3_analysis.json"
"WNT3A",0,0,0,0,0,0.0251080713716906,0,0.000629658851441632,0,0.378156565656566,0.199505358615004,0.0185697907064013,"NO","NOT_RELIABLY_EXPRESSED",0.378156565656566,0.28956228956229,0.0885942760942761,"NO_LARGE_CONTEXT_SHIFT","GSE182158 2/2 plus GSE199071 >=3/4 donor support; CPM>=1 and expressing fraction>=0.10","DESCRIPTIVE_ONLY_NOT_CAUSAL_NOT_REQUIRED_FOR_ROBUSTNESS","results/03_phase3/baseline/baseline_ligand_expression_by_donor.csv|config/phase3_analysis.json"
"WNT4",0,0,0,0,0,0.0581789507050122,0.0205161552823478,0.00140168913040398,0.000312207305650952,0.441287878787879,0.3239901071723,0.0480775088546081,"YES","NOT_RELIABLY_EXPRESSED",0.441287878787879,0.475589225589226,-0.0343013468013468,"NO_LARGE_CONTEXT_SHIFT","GSE182158 2/2 plus GSE199071 >=3/4 donor support; CPM>=1 and expressing fraction>=0.10","DESCRIPTIVE_ONLY_NOT_CAUSAL_NOT_REQUIRED_FOR_ROBUSTNESS","results/03_phase3/baseline/baseline_ligand_expression_by_donor.csv|config/phase3_analysis.json"
"WNT5A",2,4,6,2,4,32.1056134313278,79.6939365806044,0.479638318784957,0.58960624890188,0.880892255892256,0.913437757625721,0.798168787784791,"YES","ROBUST_BASELINE_SENDER",0.880892255892256,0.841329966329966,0.0395622895622895,"NO_LARGE_CONTEXT_SHIFT","GSE182158 2/2 plus GSE199071 >=3/4 donor support; CPM>=1 and expressing fraction>=0.10","DESCRIPTIVE_ONLY_NOT_CAUSAL_NOT_REQUIRED_FOR_ROBUSTNESS","results/03_phase3/baseline/baseline_ligand_expression_by_donor.csv|config/phase3_analysis.json"
"WNT5B",0,4,4,2,4,3.20611512713152,67.0458257417854,0.0737990087331649,0.556335697518692,0.729377104377104,0.908491343775763,2.01548964022681,"YES","MULTIDATASET_LOW_EXPRESSION",0.729377104377104,0.785774410774411,-0.0563973063973065,"NO_LARGE_CONTEXT_SHIFT","GSE182158 2/2 plus GSE199071 >=3/4 donor support; CPM>=1 and expressing fraction>=0.10","DESCRIPTIVE_ONLY_NOT_CAUSAL_NOT_REQUIRED_FOR_ROBUSTNESS","results/03_phase3/baseline/baseline_ligand_expression_by_donor.csv|config/phase3_analysis.json"
"WNT6",0,0,0,0,0,0.00194534584313656,0,5.07047966737653e-05,0,0.100589225589226,0.199505358615004,0.00228708467680247,"NO","NOT_RELIABLY_EXPRESSED",0.100589225589226,0.195286195286195,-0.0946969696969697,"NO_LARGE_CONTEXT_SHIFT","GSE182158 2/2 plus GSE199071 >=3/4 donor support; CPM>=1 and expressing fraction>=0.10","DESCRIPTIVE_ONLY_NOT_CAUSAL_NOT_REQUIRED_FOR_ROBUSTNESS","results/03_phase3/baseline/baseline_ligand_expression_by_donor.csv|config/phase3_analysis.json"
"WNT7A",0,0,0,0,0,0.037814019231266,0,0.000950217441590383,0,0.423400673400673,0.199505358615004,0.0279885356586907,"NO","NOT_RELIABLY_EXPRESSED",0.423400673400673,0.361952861952862,0.0614478114478114,"NO_LARGE_CONTEXT_SHIFT","GSE182158 2/2 plus GSE199071 >=3/4 donor support; CPM>=1 and expressing fraction>=0.10","DESCRIPTIVE_ONLY_NOT_CAUSAL_NOT_REQUIRED_FOR_ROBUSTNESS","results/03_phase3/baseline/baseline_ligand_expression_by_donor.csv|config/phase3_analysis.json"
"WNT7B",0,0,0,0,3,0.0336195031975327,0.905963796840245,0.000837349519386983,0.0154208683006589,0.407407407407407,0.660964550700742,0.709827313101518,"NO","NOT_RELIABLY_EXPRESSED",0.407407407407407,0.551346801346801,-0.143939393939394,"NO_LARGE_CONTEXT_SHIFT","GSE182158 2/2 plus GSE199071 >=3/4 donor support; CPM>=1 and expressing fraction>=0.10","DESCRIPTIVE_ONLY_NOT_CAUSAL_NOT_REQUIRED_FOR_ROBUSTNESS","results/03_phase3/baseline/baseline_ligand_expression_by_donor.csv|config/phase3_analysis.json"
"WNT8A",0,0,0,0,0,0.00328304299135276,0,7.84929356357928e-05,0,0.134890572390572,0.199505358615004,0.00385463763488309,"NO","NOT_RELIABLY_EXPRESSED",0.134890572390572,0.11952861952862,0.0153619528619529,"NO_LARGE_CONTEXT_SHIFT","GSE182158 2/2 plus GSE199071 >=3/4 donor support; CPM>=1 and expressing fraction>=0.10","DESCRIPTIVE_ONLY_NOT_CAUSAL_NOT_REQUIRED_FOR_ROBUSTNESS","results/03_phase3/baseline/baseline_ligand_expression_by_donor.csv|config/phase3_analysis.json"
"WNT8B",0,0,0,0,0,0.00778138337254625,0,0.000202819186695061,0,0.174873737373737,0.199505358615004,0.00909553022770131,"NO","NOT_RELIABLY_EXPRESSED",0.174873737373737,0.131734006734007,0.0431397306397306,"NO_LARGE_CONTEXT_SHIFT","GSE182158 2/2 plus GSE199071 >=3/4 donor support; CPM>=1 and expressing fraction>=0.10","DESCRIPTIVE_ONLY_NOT_CAUSAL_NOT_REQUIRED_FOR_ROBUSTNESS","results/03_phase3/baseline/baseline_ligand_expression_by_donor.csv|config/phase3_analysis.json"
"WNT9A",0,0,0,0,0,0.0195758581897411,0.0166708299285942,0.000489002790276205,0.000252270433905146,0.342382154882155,0.337180544105524,0.0397314045284704,"YES","NOT_RELIABLY_EXPRESSED",0.342382154882155,0.452861952861953,-0.110479797979798,"NO_LARGE_CONTEXT_SHIFT","GSE182158 2/2 plus GSE199071 >=3/4 donor support; CPM>=1 and expressing fraction>=0.10","DESCRIPTIVE_ONLY_NOT_CAUSAL_NOT_REQUIRED_FOR_ROBUSTNESS","results/03_phase3/baseline/baseline_ligand_expression_by_donor.csv|config/phase3_analysis.json"
"WNT9B",0,0,0,0,0,0.00686991033016571,0,0.000168444200127455,0,0.207491582491583,0.211871393239901,0.0117993185582936,"NO","NOT_RELIABLY_EXPRESSED",0.207491582491583,0.134259259259259,0.0732323232323232,"NO_LARGE_CONTEXT_SHIFT","GSE182158 2/2 plus GSE199071 >=3/4 donor support; CPM>=1 and expressing fraction>=0.10","DESCRIPTIVE_ONLY_NOT_CAUSAL_NOT_REQUIRED_FOR_ROBUSTNESS","results/03_phase3/baseline/baseline_ligand_expression_by_donor.csv|config/phase3_analysis.json"
"XCL1",0,0,0,0,0,0.00522838883448933,0,0.000129197732309558,0,0.181818181818182,0.199505358615004,0.00406972167935043,"NO","NOT_RELIABLY_EXPRESSED",0.181818181818182,0.11952861952862,0.0622895622895623,"NO_LARGE_CONTEXT_SHIFT","GSE182158 2/2 plus GSE199071 >=3/4 donor support; CPM>=1 and expressing fraction>=0.10","DESCRIPTIVE_ONLY_NOT_CAUSAL_NOT_REQUIRED_FOR_ROBUSTNESS","results/03_phase3/baseline/baseline_ligand_expression_by_donor.csv|config/phase3_analysis.json"
"XCL2",0,0,0,0,0,0.0152589423976323,0,0.000394180044534254,0,0.257786195286195,0.199505358615004,0.015555500519596,"NO","NOT_RELIABLY_EXPRESSED",0.257786195286195,0.0500841750841751,0.20770202020202,"NO_LARGE_CONTEXT_SHIFT","GSE182158 2/2 plus GSE199071 >=3/4 donor support; CPM>=1 and expressing fraction>=0.10","DESCRIPTIVE_ONLY_NOT_CAUSAL_NOT_REQUIRED_FOR_ROBUSTNESS","results/03_phase3/baseline/baseline_ligand_expression_by_donor.csv|config/phase3_analysis.json"
"YARS1",0,0,0,0,0,,,,,,,,"NO","NOT_RELIABLY_EXPRESSED",,,,"NO_LARGE_CONTEXT_SHIFT","GSE182158 2/2 plus GSE199071 >=3/4 donor support; CPM>=1 and expressing fraction>=0.10","DESCRIPTIVE_ONLY_NOT_CAUSAL_NOT_REQUIRED_FOR_ROBUSTNESS","results/03_phase3/baseline/baseline_ligand_expression_by_donor.csv|config/phase3_analysis.json"
"ZDHHC5",2,4,6,2,4,6.1563057513746,25.4578567078943,0.139761416021792,0.340038708283435,0.773989898989899,0.846455070074196,1.03018194922584,"NO","ROBUST_BASELINE_SENDER",0.773989898989899,0.758838383838384,0.0151515151515151,"NO_LARGE_CONTEXT_SHIFT","GSE182158 2/2 plus GSE199071 >=3/4 donor support; CPM>=1 and expressing fraction>=0.10","DESCRIPTIVE_ONLY_NOT_CAUSAL_NOT_REQUIRED_FOR_ROBUSTNESS","results/03_phase3/baseline/baseline_ligand_expression_by_donor.csv|config/phase3_analysis.json"
"ZG16B",0,0,0,1,0,0.450915761986632,0.198898193588222,0.00977003822520794,0.00337062989779656,0.613005050505051,0.571310799670239,0.186665118421595,"NO","NOT_RELIABLY_EXPRESSED",0.613005050505051,0.527777777777778,0.0852272727272728,"NO_LARGE_CONTEXT_SHIFT","GSE182158 2/2 plus GSE199071 >=3/4 donor support; CPM>=1 and expressing fraction>=0.10","DESCRIPTIVE_ONLY_NOT_CAUSAL_NOT_REQUIRED_FOR_ROBUSTNESS","results/03_phase3/baseline/baseline_ligand_expression_by_donor.csv|config/phase3_analysis.json"
"ZNRF3",0,0,0,2,4,0.95319958917882,3.81196153710539,0.0233804673024109,0.0652793083395716,0.660143097643098,0.727947238252267,0.782106824364116,"NO","MULTIDATASET_LOW_EXPRESSION",0.660143097643098,0.678872053872054,-0.0187289562289562,"NO_LARGE_CONTEXT_SHIFT","GSE182158 2/2 plus GSE199071 >=3/4 donor support; CPM>=1 and expressing fraction>=0.10","DESCRIPTIVE_ONLY_NOT_CAUSAL_NOT_REQUIRED_FOR_ROBUSTNESS","results/03_phase3/baseline/baseline_ligand_expression_by_donor.csv|config/phase3_analysis.json"
"ZP3",0,0,0,2,4,0.868148645848065,2.8704806259914,0.0212101786257551,0.0454040354445564,0.65530303030303,0.711046990931575,0.752310214950048,"NO","MULTIDATASET_LOW_EXPRESSION",0.65530303030303,0.640993265993266,0.0143097643097643,"NO_LARGE_CONTEXT_SHIFT","GSE182158 2/2 plus GSE199071 >=3/4 donor support; CPM>=1 and expressing fraction>=0.10","DESCRIPTIVE_ONLY_NOT_CAUSAL_NOT_REQUIRED_FOR_ROBUSTNESS","results/03_phase3/baseline/baseline_ligand_expression_by_donor.csv|config/phase3_analysis.json"
"ZPBP2",0,0,0,0,0,0.00686991033016571,0,0.000168444200127455,0,0.207491582491583,0.199505358615004,0.00576819132925395,"NO","NOT_RELIABLY_EXPRESSED",0.207491582491583,0.1746632996633,0.0328282828282828,"NO_LARGE_CONTEXT_SHIFT","GSE182158 2/2 plus GSE199071 >=3/4 donor support; CPM>=1 and expressing fraction>=0.10","DESCRIPTIVE_ONLY_NOT_CAUSAL_NOT_REQUIRED_FOR_ROBUSTNESS","results/03_phase3/baseline/baseline_ligand_expression_by_donor.csv|config/phase3_analysis.json"
