"candidate_rank","gene","sender_evidence_level","candidate_label","ligand_annotation_source","database_version","mapping_status","nichenet_lr_edge_n","omnipath_row_n","omnipath_ligand_annotation","omnipath_transmitter_annotation","omnipath_secreted_annotation","omnipath_extracellular_annotation","protein_secretome_annotation","omnipath_databases","nichenet_resource_sha256","omnipath_snapshot_sha256","freeze_status","source_url.x","gse182_supported_donor_n","gse199_supported_donor_n","total_supported_donor_n","gse182_low_detected_donor_n","gse199_low_detected_donor_n","gse182_median_CPM","gse199_median_CPM","gse182_median_fraction","gse199_median_fraction","gse182_median_rank","gse199_median_rank","between_donor_log2cpm_sd","donor_variable_flag","baseline_classification","uc_median_rank","non_uc_median_rank","uc_minus_non_uc_rank","source_context_flag","robustness_rule","source_context_interpretation","source_url.y","gene_measured","donor1_effect","donor2_effect","donor2_p2_effect","donor2_p5_effect","median_donor_effect","absolute_median_donor_effect","retained_after_stimulation_all_strata","licensing_classification","classification_rule","source_url","transcriptomic_sender_evidence","ligand_claim","sender_competence","licensing_responsive_ligand","protein_evidence_interpretation","phase4_eligible","source_url_phase3","min_dataset_median_rank"
1,"B2M","S1","HIGH_CONFIDENCE_SENDER_CANDIDATE_NOT_THERAPEUTIC","NicheNet lr_network_human_21122021.rds unique from","NicheNet human LR network 2021-12-21; Zenodo 7074291","NICHENET_AND_OMNIPATH_MAPPED",7,21,"YES","YES","YES","YES","OMNIPATH_SECRETED_ANNOTATION","Cellinker;CellPhoneDB;ComPPI;connectomeDB2020;ConnectomeDB2025;DGIdb;GO_Intercell;LOCATE;OmniPath;UniProt_keyword;UniProt_location","47c971d2fbba4ecd0ba7485d1846a74054432a0d1a97ea3e6a79ae27d0da8094","5e4142df024fd4d5d64cc667299364982a51176076ae6a69e1069425530afafa","FROZEN_BEFORE_EXPRESSION_OUTCOMES","https://zenodo.org/records/7074291|https://omnipathdb.org/intercell",2,4,6,2,4,3705.84499030088,1616.06361341095,1,0.969915074700398,0.997474747474748,0.992580379225062,0.703948192376723,"NO","ROBUST_BASELINE_SENDER",0.997474747474748,0.997895622895623,-0.000420875420875433,"NO_LARGE_CONTEXT_SHIFT","GSE182158 2/2 plus GSE199071 >=3/4 donor support; CPM>=1 and expressing fraction>=0.10","DESCRIPTIVE_ONLY_NOT_CAUSAL_NOT_REQUIRED_FOR_ROBUSTNESS","results/03_phase3/baseline/baseline_ligand_expression_by_donor.csv|config/phase3_analysis.json","YES",2.48487014412217,2.01063742488328,2.08771330456326,1.9335615452033,2.24775378450272,2.24775378450272,"YES","LICENSING_CONSISTENT_UP","donor/passage rules frozen before outcomes; no cell-level P value","results/03_phase3/licensing/licensing_effect_by_donor_passage.csv|config/phase3_analysis.json","ROBUST_BASELINE_AND_CONSISTENT_LICENSING","PUTATIVE_TRANSCRIPTOMIC_LIGAND","HIGH_CONFIDENCE_SENDER_CANDIDATE","YES","ANNOTATION_ONLY_TRANSCRIPT_DOES_NOT_PROVE_SECRETION","YES","results/03_phase3/baseline/baseline_sender_robustness.csv|results/03_phase3/licensing/licensing_ligand_classification.csv|config/phase3_analysis.json",0.992580379225062
2,"COL1A1","S1","HIGH_CONFIDENCE_SENDER_CANDIDATE_NOT_THERAPEUTIC","NicheNet lr_network_human_21122021.rds unique from","NicheNet human LR network 2021-12-21; Zenodo 7074291","NICHENET_AND_OMNIPATH_MAPPED",18,23,"YES","YES","YES","YES","OMNIPATH_SECRETED_ANNOTATION","Baccin2019;CellChatDB;Cellinker;ComPPI;connectomeDB2020;ConnectomeDB2025;GO_Intercell;HPA_secretome;HPMR;Matrisome;OmniPath;UniProt_keyword;UniProt_location","47c971d2fbba4ecd0ba7485d1846a74054432a0d1a97ea3e6a79ae27d0da8094","5e4142df024fd4d5d64cc667299364982a51176076ae6a69e1069425530afafa","FROZEN_BEFORE_EXPRESSION_OUTCOMES","https://zenodo.org/records/7074291|https://omnipathdb.org/intercell",2,4,6,2,4,3309.72601551269,1395.32958058868,0.999949295203326,0.957066101200083,0.996632996632997,0.991343775762572,0.759751629689608,"NO","ROBUST_BASELINE_SENDER",0.996632996632997,0.993686868686869,0.00294612794612792,"NO_LARGE_CONTEXT_SHIFT","GSE182158 2/2 plus GSE199071 >=3/4 donor support; CPM>=1 and expressing fraction>=0.10","DESCRIPTIVE_ONLY_NOT_CAUSAL_NOT_REQUIRED_FOR_ROBUSTNESS","results/03_phase3/baseline/baseline_ligand_expression_by_donor.csv|config/phase3_analysis.json","YES",-2.00947408647129,-0.695008306228167,-0.514546519701217,-0.875470092755117,-1.35224119634973,1.35224119634973,"YES","LICENSING_CONSISTENT_DOWN","donor/passage rules frozen before outcomes; no cell-level P value","results/03_phase3/licensing/licensing_effect_by_donor_passage.csv|config/phase3_analysis.json","ROBUST_BASELINE_AND_CONSISTENT_LICENSING","PUTATIVE_TRANSCRIPTOMIC_LIGAND","HIGH_CONFIDENCE_SENDER_CANDIDATE","YES","ANNOTATION_ONLY_TRANSCRIPT_DOES_NOT_PROVE_SECRETION","YES","results/03_phase3/baseline/baseline_sender_robustness.csv|results/03_phase3/licensing/licensing_ligand_classification.csv|config/phase3_analysis.json",0.991343775762572
3,"ANXA1","S1","HIGH_CONFIDENCE_SENDER_CANDIDATE_NOT_THERAPEUTIC","NicheNet lr_network_human_21122021.rds unique from","NicheNet human LR network 2021-12-21; Zenodo 7074291","NICHENET_AND_OMNIPATH_MAPPED",5,50,"YES","YES","YES","YES","OMNIPATH_SECRETED_ANNOTATION","Baccin2019;CellChatDB;Cellinker;CellPhoneDB;CellTalkDB;ComPPI;connectomeDB2020;ConnectomeDB2025;EMBRACE;GO_Intercell;Guide2Pharma;HPA_secretome;HPMR;ICELLNET;iTALK;LRdb;OmniPath;Ramilowski2015;scConnect;talklr;UniProt_keyword;UniProt_location","47c971d2fbba4ecd0ba7485d1846a74054432a0d1a97ea3e6a79ae27d0da8094","5e4142df024fd4d5d64cc667299364982a51176076ae6a69e1069425530afafa","FROZEN_BEFORE_EXPRESSION_OUTCOMES","https://zenodo.org/records/7074291|https://omnipathdb.org/intercell",2,4,6,2,4,379.670157476796,1224.76598972779,0.96598565826368,0.96912461298844,0.963804713804714,0.990107172300083,1.12683964511838,"NO","ROBUST_BASELINE_SENDER",0.963804713804714,0.974326599326599,-0.0105218855218856,"NO_LARGE_CONTEXT_SHIFT","GSE182158 2/2 plus GSE199071 >=3/4 donor support; CPM>=1 and expressing fraction>=0.10","DESCRIPTIVE_ONLY_NOT_CAUSAL_NOT_REQUIRED_FOR_ROBUSTNESS","results/03_phase3/baseline/baseline_ligand_expression_by_donor.csv|config/phase3_analysis.json","YES",-1.05330065759579,-0.53260973497042,-0.931108538141673,-0.134110931799166,-0.792955196283106,0.792955196283106,"YES","LICENSING_CONSISTENT_DOWN","donor/passage rules frozen before outcomes; no cell-level P value","results/03_phase3/licensing/licensing_effect_by_donor_passage.csv|config/phase3_analysis.json","ROBUST_BASELINE_AND_CONSISTENT_LICENSING","PUTATIVE_TRANSCRIPTOMIC_LIGAND","HIGH_CONFIDENCE_SENDER_CANDIDATE","YES","ANNOTATION_ONLY_TRANSCRIPT_DOES_NOT_PROVE_SECRETION","YES","results/03_phase3/baseline/baseline_sender_robustness.csv|results/03_phase3/licensing/licensing_ligand_classification.csv|config/phase3_analysis.json",0.963804713804714
4,"MDK","S1","HIGH_CONFIDENCE_SENDER_CANDIDATE_NOT_THERAPEUTIC","NicheNet lr_network_human_21122021.rds unique from","NicheNet human LR network 2021-12-21; Zenodo 7074291","NICHENET_AND_OMNIPATH_MAPPED",14,39,"YES","YES","YES","YES","OMNIPATH_SECRETED_ANNOTATION","Baccin2019;CellChatDB;Cellinker;CellPhoneDB;CellTalkDB;ComPPI;connectomeDB2020;ConnectomeDB2025;DGIdb;EMBRACE;GO_Intercell;HPA_secretome;HPMR;ICELLNET;iTALK;LOCATE;LRdb;Matrisome;OmniPath;Ramilowski2015;SignaLink_function;talklr;UniProt_keyword;UniProt_location","47c971d2fbba4ecd0ba7485d1846a74054432a0d1a97ea3e6a79ae27d0da8094","5e4142df024fd4d5d64cc667299364982a51176076ae6a69e1069425530afafa","FROZEN_BEFORE_EXPRESSION_OUTCOMES","https://zenodo.org/records/7074291|https://omnipathdb.org/intercell",2,4,6,2,4,625.359699719439,197.113291911159,0.994480862481428,0.807981720819344,0.979377104377104,0.955070074196208,1.0096451856927,"NO","ROBUST_BASELINE_SENDER",0.979377104377104,0.952441077441078,0.0269360269360269,"NO_LARGE_CONTEXT_SHIFT","GSE182158 2/2 plus GSE199071 >=3/4 donor support; CPM>=1 and expressing fraction>=0.10","DESCRIPTIVE_ONLY_NOT_CAUSAL_NOT_REQUIRED_FOR_ROBUSTNESS","results/03_phase3/baseline/baseline_ligand_expression_by_donor.csv|config/phase3_analysis.json","YES",0.966712724956434,0.802972574536269,0.720894003514939,0.8850511455576,0.884842649746352,0.884842649746352,"YES","LICENSING_CONSISTENT_UP","donor/passage rules frozen before outcomes; no cell-level P value","results/03_phase3/licensing/licensing_effect_by_donor_passage.csv|config/phase3_analysis.json","ROBUST_BASELINE_AND_CONSISTENT_LICENSING","PUTATIVE_TRANSCRIPTOMIC_LIGAND","HIGH_CONFIDENCE_SENDER_CANDIDATE","YES","ANNOTATION_ONLY_TRANSCRIPT_DOES_NOT_PROVE_SECRETION","YES","results/03_phase3/baseline/baseline_sender_robustness.csv|results/03_phase3/licensing/licensing_ligand_classification.csv|config/phase3_analysis.json",0.955070074196208
5,"HLA-A","S1","HIGH_CONFIDENCE_SENDER_CANDIDATE_NOT_THERAPEUTIC","NicheNet lr_network_human_21122021.rds unique from","NicheNet human LR network 2021-12-21; Zenodo 7074291","NICHENET_AND_OMNIPATH_MAPPED",8,49,"YES","YES","NO","YES","NO_OMNIPATH_SECRETED_ANNOTATION","Almen2009;Baccin2019;CellChatDB;Cellinker;CellPhoneDB;CellTalkDB;connectomeDB2020;ConnectomeDB2025;CSPA;DGIdb;GO_Intercell;ICELLNET;iTALK;LRdb;Membranome;OmniPath;Phobius;Ramilowski_location;Ramilowski2015;Surfaceome;talklr;TopDB;UniProt_keyword;UniProt_location;UniProt_topology","47c971d2fbba4ecd0ba7485d1846a74054432a0d1a97ea3e6a79ae27d0da8094","5e4142df024fd4d5d64cc667299364982a51176076ae6a69e1069425530afafa","FROZEN_BEFORE_EXPRESSION_OUTCOMES","https://zenodo.org/records/7074291|https://omnipathdb.org/intercell",2,4,6,2,4,721.898133216823,171.8226476268,0.999337681528346,0.850107687301265,0.980218855218855,0.952184666117065,1.17763075123686,"NO","ROBUST_BASELINE_SENDER",0.980218855218855,0.990319865319865,-0.0101010101010101,"NO_LARGE_CONTEXT_SHIFT","GSE182158 2/2 plus GSE199071 >=3/4 donor support; CPM>=1 and expressing fraction>=0.10","DESCRIPTIVE_ONLY_NOT_CAUSAL_NOT_REQUIRED_FOR_ROBUSTNESS","results/03_phase3/baseline/baseline_ligand_expression_by_donor.csv|config/phase3_analysis.json","YES",2.49750820761071,2.56562857293554,2.53194895185926,2.59930819401182,2.53156839027312,2.53156839027312,"YES","LICENSING_CONSISTENT_UP","donor/passage rules frozen before outcomes; no cell-level P value","results/03_phase3/licensing/licensing_effect_by_donor_passage.csv|config/phase3_analysis.json","ROBUST_BASELINE_AND_CONSISTENT_LICENSING","PUTATIVE_TRANSCRIPTOMIC_LIGAND","HIGH_CONFIDENCE_SENDER_CANDIDATE","YES","ANNOTATION_ONLY_TRANSCRIPT_DOES_NOT_PROVE_SECRETION","YES","results/03_phase3/baseline/baseline_sender_robustness.csv|results/03_phase3/licensing/licensing_ligand_classification.csv|config/phase3_analysis.json",0.952184666117065
6,"SPON2","S1","HIGH_CONFIDENCE_SENDER_CANDIDATE_NOT_THERAPEUTIC","NicheNet lr_network_human_21122021.rds unique from","NicheNet human LR network 2021-12-21; Zenodo 7074291","NICHENET_AND_OMNIPATH_MAPPED",5,21,"YES","YES","YES","YES","OMNIPATH_SECRETED_ANNOTATION","CellTalkDB;ComPPI;connectomeDB2020;ConnectomeDB2025;EMBRACE;HPA_secretome;ICELLNET;iTALK;LOCATE;Matrisome;OmniPath;UniProt_keyword;UniProt_location","47c971d2fbba4ecd0ba7485d1846a74054432a0d1a97ea3e6a79ae27d0da8094","5e4142df024fd4d5d64cc667299364982a51176076ae6a69e1069425530afafa","FROZEN_BEFORE_EXPRESSION_OUTCOMES","https://zenodo.org/records/7074291|https://omnipathdb.org/intercell",2,4,6,2,4,990.130106225486,124.487392651756,0.998410380744467,0.642302361343205,0.986531986531987,0.944765045342127,1.49511388170501,"YES","ROBUST_BASELINE_SENDER",0.986531986531987,0.942340067340067,0.0441919191919191,"NO_LARGE_CONTEXT_SHIFT","GSE182158 2/2 plus GSE199071 >=3/4 donor support; CPM>=1 and expressing fraction>=0.10","DESCRIPTIVE_ONLY_NOT_CAUSAL_NOT_REQUIRED_FOR_ROBUSTNESS","results/03_phase3/baseline/baseline_ligand_expression_by_donor.csv|config/phase3_analysis.json","YES",-1.20635976254767,-0.559124630737283,-0.956553108748242,-0.161696152726324,-0.882742196642476,0.882742196642476,"YES","LICENSING_CONSISTENT_DOWN","donor/passage rules frozen before outcomes; no cell-level P value","results/03_phase3/licensing/licensing_effect_by_donor_passage.csv|config/phase3_analysis.json","ROBUST_BASELINE_AND_CONSISTENT_LICENSING","PUTATIVE_TRANSCRIPTOMIC_LIGAND","HIGH_CONFIDENCE_SENDER_CANDIDATE","YES","ANNOTATION_ONLY_TRANSCRIPT_DOES_NOT_PROVE_SECRETION","YES","results/03_phase3/baseline/baseline_sender_robustness.csv|results/03_phase3/licensing/licensing_ligand_classification.csv|config/phase3_analysis.json",0.944765045342127
7,"DCN","S1","HIGH_CONFIDENCE_SENDER_CANDIDATE_NOT_THERAPEUTIC","NicheNet lr_network_human_21122021.rds unique from","NicheNet human LR network 2021-12-21; Zenodo 7074291","NICHENET_AND_OMNIPATH_MAPPED",8,44,"YES","YES","YES","YES","OMNIPATH_SECRETED_ANNOTATION","Baccin2019;CellCall;CellChatDB;Cellinker;CellTalkDB;ComPPI;connectomeDB2020;ConnectomeDB2025;EMBRACE;GO_Intercell;HGNC;HPA_secretome;ICELLNET;iTALK;LOCATE;LRdb;Matrisome;OmniPath;Ramilowski_location;Ramilowski2015;talklr;UniProt_keyword;UniProt_location","47c971d2fbba4ecd0ba7485d1846a74054432a0d1a97ea3e6a79ae27d0da8094","5e4142df024fd4d5d64cc667299364982a51176076ae6a69e1069425530afafa","FROZEN_BEFORE_EXPRESSION_OUTCOMES","https://zenodo.org/records/7074291|https://omnipathdb.org/intercell",2,4,6,2,4,2408.2727302483,123.01079479319,0.999713816396419,0.643687977939451,0.993686868686869,0.940230832646331,2.39979414361113,"YES","ROBUST_BASELINE_SENDER",0.993686868686869,0.963383838383838,0.0303030303030304,"NO_LARGE_CONTEXT_SHIFT","GSE182158 2/2 plus GSE199071 >=3/4 donor support; CPM>=1 and expressing fraction>=0.10","DESCRIPTIVE_ONLY_NOT_CAUSAL_NOT_REQUIRED_FOR_ROBUSTNESS","results/03_phase3/baseline/baseline_ligand_expression_by_donor.csv|config/phase3_analysis.json","YES",0.57661085438036,1.32348498114403,0.949291508622019,1.69767845366605,0.950047917762197,0.950047917762197,"YES","LICENSING_CONSISTENT_UP","donor/passage rules frozen before outcomes; no cell-level P value","results/03_phase3/licensing/licensing_effect_by_donor_passage.csv|config/phase3_analysis.json","ROBUST_BASELINE_AND_CONSISTENT_LICENSING","PUTATIVE_TRANSCRIPTOMIC_LIGAND","HIGH_CONFIDENCE_SENDER_CANDIDATE","YES","ANNOTATION_ONLY_TRANSCRIPT_DOES_NOT_PROVE_SECRETION","YES","results/03_phase3/baseline/baseline_sender_robustness.csv|results/03_phase3/licensing/licensing_ligand_classification.csv|config/phase3_analysis.json",0.940230832646331
8,"CCL2","S1","HIGH_CONFIDENCE_SENDER_CANDIDATE_NOT_THERAPEUTIC","NicheNet lr_network_human_21122021.rds unique from","NicheNet human LR network 2021-12-21; Zenodo 7074291","NICHENET_AND_OMNIPATH_MAPPED",9,40,"YES","YES","YES","YES","OMNIPATH_SECRETED_ANNOTATION","Baccin2019;CellCall;CellChatDB;Cellinker;CellPhoneDB;CellTalkDB;ComPPI;connectomeDB2020;ConnectomeDB2025;GO_Intercell;Guide2Pharma;HGNC;HPA_secretome;HPMR;ICELLNET;iTALK;Kirouac2010;LOCATE;LRdb;Matrisome;OmniPath;Ramilowski2015;scConnect;talklr;UniProt_keyword;UniProt_location","47c971d2fbba4ecd0ba7485d1846a74054432a0d1a97ea3e6a79ae27d0da8094","5e4142df024fd4d5d64cc667299364982a51176076ae6a69e1069425530afafa","FROZEN_BEFORE_EXPRESSION_OUTCOMES","https://zenodo.org/records/7074291|https://omnipathdb.org/intercell",2,4,6,2,4,279.670099739133,115.828465375557,0.791055423128742,0.424743534636328,0.957070707070707,0.936521022258862,1.13835980035799,"YES","ROBUST_BASELINE_SENDER",0.957070707070707,0.948232323232323,0.00883838383838387,"NO_LARGE_CONTEXT_SHIFT","GSE182158 2/2 plus GSE199071 >=3/4 donor support; CPM>=1 and expressing fraction>=0.10","DESCRIPTIVE_ONLY_NOT_CAUSAL_NOT_REQUIRED_FOR_ROBUSTNESS","results/03_phase3/baseline/baseline_ligand_expression_by_donor.csv|config/phase3_analysis.json","YES",4.91508153993059,3.69679712989715,3.40229842002581,3.99129583976849,4.30593933491387,4.30593933491387,"YES","LICENSING_CONSISTENT_UP","donor/passage rules frozen before outcomes; no cell-level P value","results/03_phase3/licensing/licensing_effect_by_donor_passage.csv|config/phase3_analysis.json","ROBUST_BASELINE_AND_CONSISTENT_LICENSING","PUTATIVE_TRANSCRIPTOMIC_LIGAND","HIGH_CONFIDENCE_SENDER_CANDIDATE","YES","ANNOTATION_ONLY_TRANSCRIPT_DOES_NOT_PROVE_SECRETION","YES","results/03_phase3/baseline/baseline_sender_robustness.csv|results/03_phase3/licensing/licensing_ligand_classification.csv|config/phase3_analysis.json",0.936521022258862
9,"HLA-C","S1","HIGH_CONFIDENCE_SENDER_CANDIDATE_NOT_THERAPEUTIC","NicheNet lr_network_human_21122021.rds unique from","NicheNet human LR network 2021-12-21; Zenodo 7074291","NICHENET_AND_OMNIPATH_MAPPED",8,50,"YES","YES","NO","YES","NO_OMNIPATH_SECRETED_ANNOTATION","Almen2009;Baccin2019;CellChatDB;Cellinker;CellPhoneDB;CellTalkDB;connectomeDB2020;ConnectomeDB2025;CSPA;DGIdb;GO_Intercell;ICELLNET;iTALK;LRdb;Membranome;OmniPath;Phobius;Ramilowski_location;Ramilowski2015;Surfaceome;talklr;TopDB;UniProt_keyword;UniProt_location;UniProt_topology","47c971d2fbba4ecd0ba7485d1846a74054432a0d1a97ea3e6a79ae27d0da8094","5e4142df024fd4d5d64cc667299364982a51176076ae6a69e1069425530afafa","FROZEN_BEFORE_EXPRESSION_OUTCOMES","https://zenodo.org/records/7074291|https://omnipathdb.org/intercell",2,4,6,2,4,506.368942490784,121.656921290399,0.994700011478229,0.760245375566894,0.973484848484848,0.936108821104699,1.18824617197814,"NO","ROBUST_BASELINE_SENDER",0.973484848484848,0.983585858585858,-0.0101010101010101,"NO_LARGE_CONTEXT_SHIFT","GSE182158 2/2 plus GSE199071 >=3/4 donor support; CPM>=1 and expressing fraction>=0.10","DESCRIPTIVE_ONLY_NOT_CAUSAL_NOT_REQUIRED_FOR_ROBUSTNESS","results/03_phase3/baseline/baseline_ligand_expression_by_donor.csv|config/phase3_analysis.json","YES",2.50416901337621,2.28223705403617,2.17348162506672,2.39099248300563,2.39320303370619,2.39320303370619,"YES","LICENSING_CONSISTENT_UP","donor/passage rules frozen before outcomes; no cell-level P value","results/03_phase3/licensing/licensing_effect_by_donor_passage.csv|config/phase3_analysis.json","ROBUST_BASELINE_AND_CONSISTENT_LICENSING","PUTATIVE_TRANSCRIPTOMIC_LIGAND","HIGH_CONFIDENCE_SENDER_CANDIDATE","YES","ANNOTATION_ONLY_TRANSCRIPT_DOES_NOT_PROVE_SECRETION","YES","results/03_phase3/baseline/baseline_sender_robustness.csv|results/03_phase3/licensing/licensing_ligand_classification.csv|config/phase3_analysis.json",0.936108821104699
10,"HLA-B","S1","HIGH_CONFIDENCE_SENDER_CANDIDATE_NOT_THERAPEUTIC","NicheNet lr_network_human_21122021.rds unique from","NicheNet human LR network 2021-12-21; Zenodo 7074291","NICHENET_AND_OMNIPATH_MAPPED",7,50,"YES","YES","NO","YES","NO_OMNIPATH_SECRETED_ANNOTATION","Almen2009;Baccin2019;CellChatDB;Cellinker;CellPhoneDB;CellTalkDB;ComPPI;connectomeDB2020;ConnectomeDB2025;CSPA;DGIdb;GO_Intercell;ICELLNET;iTALK;LRdb;Membranome;OmniPath;Phobius;Ramilowski_location;Ramilowski2015;Surfaceome;talklr;TopDB;UniProt_keyword;UniProt_location;UniProt_topology","47c971d2fbba4ecd0ba7485d1846a74054432a0d1a97ea3e6a79ae27d0da8094","5e4142df024fd4d5d64cc667299364982a51176076ae6a69e1069425530afafa","FROZEN_BEFORE_EXPRESSION_OUTCOMES","https://zenodo.org/records/7074291|https://omnipathdb.org/intercell",2,4,6,2,4,470.983078401914,109.481840538551,0.92575542585104,0.674325820682063,0.962962962962963,0.93239901071723,1.44976898759688,"YES","ROBUST_BASELINE_SENDER",0.962962962962963,0.98526936026936,-0.0223063973063973,"NO_LARGE_CONTEXT_SHIFT","GSE182158 2/2 plus GSE199071 >=3/4 donor support; CPM>=1 and expressing fraction>=0.10","DESCRIPTIVE_ONLY_NOT_CAUSAL_NOT_REQUIRED_FOR_ROBUSTNESS","results/03_phase3/baseline/baseline_ligand_expression_by_donor.csv|config/phase3_analysis.json","YES",4.19565468645995,3.35701175836244,3.22824508034034,3.48577843638453,3.77633322241119,3.77633322241119,"YES","LICENSING_CONSISTENT_UP","donor/passage rules frozen before outcomes; no cell-level P value","results/03_phase3/licensing/licensing_effect_by_donor_passage.csv|config/phase3_analysis.json","ROBUST_BASELINE_AND_CONSISTENT_LICENSING","PUTATIVE_TRANSCRIPTOMIC_LIGAND","HIGH_CONFIDENCE_SENDER_CANDIDATE","YES","ANNOTATION_ONLY_TRANSCRIPT_DOES_NOT_PROVE_SECRETION","YES","results/03_phase3/baseline/baseline_sender_robustness.csv|results/03_phase3/licensing/licensing_ligand_classification.csv|config/phase3_analysis.json",0.93239901071723
11,"SERPINE1","S1","HIGH_CONFIDENCE_SENDER_CANDIDATE_NOT_THERAPEUTIC","NicheNet lr_network_human_21122021.rds unique from","NicheNet human LR network 2021-12-21; Zenodo 7074291","NICHENET_AND_OMNIPATH_MAPPED",8,14,"NO","YES","YES","YES","OMNIPATH_SECRETED_ANNOTATION","Cellinker;ComPPI;connectomeDB2020;ConnectomeDB2025;GO_Intercell;HPA_secretome;LOCATE;Matrisome;OmniPath;UniProt_keyword;UniProt_location","47c971d2fbba4ecd0ba7485d1846a74054432a0d1a97ea3e6a79ae27d0da8094","5e4142df024fd4d5d64cc667299364982a51176076ae6a69e1069425530afafa","FROZEN_BEFORE_EXPRESSION_OUTCOMES","https://zenodo.org/records/7074291|https://omnipathdb.org/intercell",2,4,6,2,4,202.983005600322,1110.12874932271,0.680564588757035,0.94833040209314,0.932239057239057,0.989694971145919,1.94988568441282,"YES","ROBUST_BASELINE_SENDER",0.932239057239057,0.881734006734007,0.0505050505050505,"NO_LARGE_CONTEXT_SHIFT","GSE182158 2/2 plus GSE199071 >=3/4 donor support; CPM>=1 and expressing fraction>=0.10","DESCRIPTIVE_ONLY_NOT_CAUSAL_NOT_REQUIRED_FOR_ROBUSTNESS","results/03_phase3/baseline/baseline_ligand_expression_by_donor.csv|config/phase3_analysis.json","YES",1.11224247292975,1.28449383788944,1.19507332603446,1.37391434974443,1.1983681554096,1.1983681554096,"YES","LICENSING_CONSISTENT_UP","donor/passage rules frozen before outcomes; no cell-level P value","results/03_phase3/licensing/licensing_effect_by_donor_passage.csv|config/phase3_analysis.json","ROBUST_BASELINE_AND_CONSISTENT_LICENSING","PUTATIVE_TRANSCRIPTOMIC_LIGAND","HIGH_CONFIDENCE_SENDER_CANDIDATE","YES","ANNOTATION_ONLY_TRANSCRIPT_DOES_NOT_PROVE_SECRETION","YES","results/03_phase3/baseline/baseline_sender_robustness.csv|results/03_phase3/licensing/licensing_ligand_classification.csv|config/phase3_analysis.json",0.932239057239057
12,"MXRA8","S1","HIGH_CONFIDENCE_SENDER_CANDIDATE_NOT_THERAPEUTIC","NicheNet lr_network_human_21122021.rds unique from","NicheNet human LR network 2021-12-21; Zenodo 7074291","NICHENET_AND_OMNIPATH_MAPPED",1,28,"NO","YES","NO","NO","NO_OMNIPATH_SECRETED_ANNOTATION","Almen2009;Cellinker;ComPPI;CSPA;GO_Intercell;Membranome;OmniPath;Phobius;Ramilowski_location;Surfaceome;TopDB;UniProt_keyword;UniProt_location;UniProt_topology","47c971d2fbba4ecd0ba7485d1846a74054432a0d1a97ea3e6a79ae27d0da8094","5e4142df024fd4d5d64cc667299364982a51176076ae6a69e1069425530afafa","FROZEN_BEFORE_EXPRESSION_OUTCOMES","https://zenodo.org/records/7074291|https://omnipathdb.org/intercell",2,4,6,2,4,202.668867940812,110.49021268692,0.956386332820554,0.719388602099495,0.954545454545455,0.931574608408904,0.576914973701486,"NO","ROBUST_BASELINE_SENDER",0.954545454545455,0.938973063973064,0.0155723905723906,"NO_LARGE_CONTEXT_SHIFT","GSE182158 2/2 plus GSE199071 >=3/4 donor support; CPM>=1 and expressing fraction>=0.10","DESCRIPTIVE_ONLY_NOT_CAUSAL_NOT_REQUIRED_FOR_ROBUSTNESS","results/03_phase3/baseline/baseline_ligand_expression_by_donor.csv|config/phase3_analysis.json","YES",-1.35888570499831,-1.1725743113807,-0.773173283750721,-1.57197533901069,-1.26573000818951,1.26573000818951,"YES","LICENSING_CONSISTENT_DOWN","donor/passage rules frozen before outcomes; no cell-level P value","results/03_phase3/licensing/licensing_effect_by_donor_passage.csv|config/phase3_analysis.json","ROBUST_BASELINE_AND_CONSISTENT_LICENSING","PUTATIVE_TRANSCRIPTOMIC_LIGAND","HIGH_CONFIDENCE_SENDER_CANDIDATE","YES","ANNOTATION_ONLY_TRANSCRIPT_DOES_NOT_PROVE_SECRETION","YES","results/03_phase3/baseline/baseline_sender_robustness.csv|results/03_phase3/licensing/licensing_ligand_classification.csv|config/phase3_analysis.json",0.931574608408904
13,"HLA-E","S1","HIGH_CONFIDENCE_SENDER_CANDIDATE_NOT_THERAPEUTIC","NicheNet lr_network_human_21122021.rds unique from","NicheNet human LR network 2021-12-21; Zenodo 7074291","NICHENET_AND_OMNIPATH_MAPPED",6,52,"YES","YES","YES","YES","OMNIPATH_SECRETED_ANNOTATION","Baccin2019;CellCellInteractions;CellChatDB;Cellinker;CellPhoneDB;CellTalkDB;ComPPI;connectomeDB2020;ConnectomeDB2025;CSPA;DGIdb;GO_Intercell;ICELLNET;iTALK;LOCATE;LRdb;Membranome;OmniPath;Phobius;Ramilowski_location;Ramilowski2015;Surfaceome;talklr;TopDB;UniProt_keyword;UniProt_location;UniProt_topology","47c971d2fbba4ecd0ba7485d1846a74054432a0d1a97ea3e6a79ae27d0da8094","5e4142df024fd4d5d64cc667299364982a51176076ae6a69e1069425530afafa","FROZEN_BEFORE_EXPRESSION_OUTCOMES","https://zenodo.org/records/7074291|https://omnipathdb.org/intercell",2,4,6,2,4,181.42816542951,62.6835266408617,0.960291219059527,0.575844091684168,0.952441077441078,0.90436933223413,0.812063116477322,"NO","ROBUST_BASELINE_SENDER",0.952441077441078,0.94486531986532,0.00757575757575757,"NO_LARGE_CONTEXT_SHIFT","GSE182158 2/2 plus GSE199071 >=3/4 donor support; CPM>=1 and expressing fraction>=0.10","DESCRIPTIVE_ONLY_NOT_CAUSAL_NOT_REQUIRED_FOR_ROBUSTNESS","results/03_phase3/baseline/baseline_ligand_expression_by_donor.csv|config/phase3_analysis.json","YES",2.36193489324966,3.22583922551492,2.91790008620685,3.53377836482299,2.79388705938229,2.79388705938229,"YES","LICENSING_CONSISTENT_UP","donor/passage rules frozen before outcomes; no cell-level P value","results/03_phase3/licensing/licensing_effect_by_donor_passage.csv|config/phase3_analysis.json","ROBUST_BASELINE_AND_CONSISTENT_LICENSING","PUTATIVE_TRANSCRIPTOMIC_LIGAND","HIGH_CONFIDENCE_SENDER_CANDIDATE","YES","ANNOTATION_ONLY_TRANSCRIPT_DOES_NOT_PROVE_SECRETION","YES","results/03_phase3/baseline/baseline_sender_robustness.csv|results/03_phase3/licensing/licensing_ligand_classification.csv|config/phase3_analysis.json",0.90436933223413
14,"MSN","S1","HIGH_CONFIDENCE_SENDER_CANDIDATE_NOT_THERAPEUTIC","NicheNet lr_network_human_21122021.rds unique from","NicheNet human LR network 2021-12-21; Zenodo 7074291","NICHENET_AND_OMNIPATH_MAPPED",1,22,"YES","YES","NO","YES","NO_OMNIPATH_SECRETED_ANNOTATION","Adhesome;Cellinker;ComPPI;GO_Intercell;HGNC;ICELLNET;LOCATE;OmniPath;Ramilowski_location;UniProt_location","47c971d2fbba4ecd0ba7485d1846a74054432a0d1a97ea3e6a79ae27d0da8094","5e4142df024fd4d5d64cc667299364982a51176076ae6a69e1069425530afafa","FROZEN_BEFORE_EXPRESSION_OUTCOMES","https://zenodo.org/records/7074291|https://omnipathdb.org/intercell",2,4,6,2,4,53.5525434145877,266.13212331409,0.667888743805776,0.908817213171687,0.903198653198653,0.967436108821105,1.29366882112259,"NO","ROBUST_BASELINE_SENDER",0.903198653198653,0.91540404040404,-0.0122053872053873,"NO_LARGE_CONTEXT_SHIFT","GSE182158 2/2 plus GSE199071 >=3/4 donor support; CPM>=1 and expressing fraction>=0.10","DESCRIPTIVE_ONLY_NOT_CAUSAL_NOT_REQUIRED_FOR_ROBUSTNESS","results/03_phase3/baseline/baseline_ligand_expression_by_donor.csv|config/phase3_analysis.json","YES",0.606490914209728,0.622474778387814,0.530900578582253,0.714048978193375,0.614482846298771,0.614482846298771,"YES","LICENSING_CONSISTENT_UP","donor/passage rules frozen before outcomes; no cell-level P value","results/03_phase3/licensing/licensing_effect_by_donor_passage.csv|config/phase3_analysis.json","ROBUST_BASELINE_AND_CONSISTENT_LICENSING","PUTATIVE_TRANSCRIPTOMIC_LIGAND","HIGH_CONFIDENCE_SENDER_CANDIDATE","YES","ANNOTATION_ONLY_TRANSCRIPT_DOES_NOT_PROVE_SECRETION","YES","results/03_phase3/baseline/baseline_sender_robustness.csv|results/03_phase3/licensing/licensing_ligand_classification.csv|config/phase3_analysis.json",0.903198653198653
15,"LGALS3BP","S1","HIGH_CONFIDENCE_SENDER_CANDIDATE_NOT_THERAPEUTIC","NicheNet lr_network_human_21122021.rds unique from","NicheNet human LR network 2021-12-21; Zenodo 7074291","NICHENET_AND_OMNIPATH_MAPPED",2,27,"YES","YES","YES","YES","OMNIPATH_SECRETED_ANNOTATION","Cellinker;CellTalkDB;connectomeDB2020;ConnectomeDB2025;GO_Intercell;HPA_secretome;iTALK;LRdb;OmniPath;Ramilowski_location;Ramilowski2015;talklr;UniProt_keyword;UniProt_location","47c971d2fbba4ecd0ba7485d1846a74054432a0d1a97ea3e6a79ae27d0da8094","5e4142df024fd4d5d64cc667299364982a51176076ae6a69e1069425530afafa","FROZEN_BEFORE_EXPRESSION_OUTCOMES","https://zenodo.org/records/7074291|https://omnipathdb.org/intercell",2,4,6,2,4,187.332388921572,47.6594688955573,0.96169723043555,0.510781803509441,0.954545454545455,0.89282769991756,1.00891812308928,"NO","ROBUST_BASELINE_SENDER",0.954545454545455,0.928872053872054,0.0256734006734007,"NO_LARGE_CONTEXT_SHIFT","GSE182158 2/2 plus GSE199071 >=3/4 donor support; CPM>=1 and expressing fraction>=0.10","DESCRIPTIVE_ONLY_NOT_CAUSAL_NOT_REQUIRED_FOR_ROBUSTNESS","results/03_phase3/baseline/baseline_ligand_expression_by_donor.csv|config/phase3_analysis.json","YES",1.66529248707846,1.59223141639888,1.32720881698552,1.85725401581224,1.62876195173867,1.62876195173867,"YES","LICENSING_CONSISTENT_UP","donor/passage rules frozen before outcomes; no cell-level P value","results/03_phase3/licensing/licensing_effect_by_donor_passage.csv|config/phase3_analysis.json","ROBUST_BASELINE_AND_CONSISTENT_LICENSING","PUTATIVE_TRANSCRIPTOMIC_LIGAND","HIGH_CONFIDENCE_SENDER_CANDIDATE","YES","ANNOTATION_ONLY_TRANSCRIPT_DOES_NOT_PROVE_SECRETION","YES","results/03_phase3/baseline/baseline_sender_robustness.csv|results/03_phase3/licensing/licensing_ligand_classification.csv|config/phase3_analysis.json",0.89282769991756
16,"TSPAN5","S1","HIGH_CONFIDENCE_SENDER_CANDIDATE_NOT_THERAPEUTIC","NicheNet lr_network_human_21122021.rds unique from","NicheNet human LR network 2021-12-21; Zenodo 7074291","NICHENET_AND_OMNIPATH_MAPPED",1,21,"NO","YES","NO","YES","NO_OMNIPATH_SECRETED_ANNOTATION","Cellinker;GO_Intercell;HPMR;MCAM;OmniPath;Phobius;Ramilowski_location;Surfaceome;UniProt_keyword;UniProt_location;UniProt_topology","47c971d2fbba4ecd0ba7485d1846a74054432a0d1a97ea3e6a79ae27d0da8094","5e4142df024fd4d5d64cc667299364982a51176076ae6a69e1069425530afafa","FROZEN_BEFORE_EXPRESSION_OUTCOMES","https://zenodo.org/records/7074291|https://omnipathdb.org/intercell",2,4,6,2,4,34.8274797172348,88.0404223943224,0.550381798363023,0.691975665332136,0.88510101010101,0.919208573784007,0.728674732443906,"NO","ROBUST_BASELINE_SENDER",0.88510101010101,0.888468013468014,-0.00336700336700335,"NO_LARGE_CONTEXT_SHIFT","GSE182158 2/2 plus GSE199071 >=3/4 donor support; CPM>=1 and expressing fraction>=0.10","DESCRIPTIVE_ONLY_NOT_CAUSAL_NOT_REQUIRED_FOR_ROBUSTNESS","results/03_phase3/baseline/baseline_ligand_expression_by_donor.csv|config/phase3_analysis.json","YES",-1.28499608047399,-1.19266071481966,-1.03200870555384,-1.35331272408548,-1.23882839764683,1.23882839764683,"YES","LICENSING_CONSISTENT_DOWN","donor/passage rules frozen before outcomes; no cell-level P value","results/03_phase3/licensing/licensing_effect_by_donor_passage.csv|config/phase3_analysis.json","ROBUST_BASELINE_AND_CONSISTENT_LICENSING","PUTATIVE_TRANSCRIPTOMIC_LIGAND","HIGH_CONFIDENCE_SENDER_CANDIDATE","YES","ANNOTATION_ONLY_TRANSCRIPT_DOES_NOT_PROVE_SECRETION","YES","results/03_phase3/baseline/baseline_sender_robustness.csv|results/03_phase3/licensing/licensing_ligand_classification.csv|config/phase3_analysis.json",0.88510101010101
17,"NAMPT","S1","HIGH_CONFIDENCE_SENDER_CANDIDATE_NOT_THERAPEUTIC","NicheNet lr_network_human_21122021.rds unique from","NicheNet human LR network 2021-12-21; Zenodo 7074291","NICHENET_AND_OMNIPATH_MAPPED",4,12,"NO","NO","YES","YES","OMNIPATH_SECRETED_ANNOTATION","Cellinker;ComPPI;connectomeDB2020;ConnectomeDB2025;GO_Intercell;HPA_secretome;OmniPath;UniProt_keyword;UniProt_location","47c971d2fbba4ecd0ba7485d1846a74054432a0d1a97ea3e6a79ae27d0da8094","5e4142df024fd4d5d64cc667299364982a51176076ae6a69e1069425530afafa","FROZEN_BEFORE_EXPRESSION_OUTCOMES","https://zenodo.org/records/7074291|https://omnipathdb.org/intercell",2,4,6,2,4,62.0021283054867,35.4811752229456,0.690708453468678,0.389788852088402,0.90993265993266,0.874278647980214,0.503059417180569,"NO","ROBUST_BASELINE_SENDER",0.90993265993266,0.860690235690236,0.0492424242424242,"NO_LARGE_CONTEXT_SHIFT","GSE182158 2/2 plus GSE199071 >=3/4 donor support; CPM>=1 and expressing fraction>=0.10","DESCRIPTIVE_ONLY_NOT_CAUSAL_NOT_REQUIRED_FOR_ROBUSTNESS","results/03_phase3/baseline/baseline_ligand_expression_by_donor.csv|config/phase3_analysis.json","YES",1.46707225368722,1.78136949266732,1.3220022243658,2.24073676096884,1.62422087317727,1.62422087317727,"YES","LICENSING_CONSISTENT_UP","donor/passage rules frozen before outcomes; no cell-level P value","results/03_phase3/licensing/licensing_effect_by_donor_passage.csv|config/phase3_analysis.json","ROBUST_BASELINE_AND_CONSISTENT_LICENSING","PUTATIVE_TRANSCRIPTOMIC_LIGAND","HIGH_CONFIDENCE_SENDER_CANDIDATE","YES","ANNOTATION_ONLY_TRANSCRIPT_DOES_NOT_PROVE_SECRETION","YES","results/03_phase3/baseline/baseline_sender_robustness.csv|results/03_phase3/licensing/licensing_ligand_classification.csv|config/phase3_analysis.json",0.874278647980214
18,"CLDN11","S1","HIGH_CONFIDENCE_SENDER_CANDIDATE_NOT_THERAPEUTIC","NicheNet lr_network_human_21122021.rds unique from","NicheNet human LR network 2021-12-21; Zenodo 7074291","NICHENET_AND_OMNIPATH_MAPPED",1,28,"YES","YES","NO","NO","NO_OMNIPATH_SECRETED_ANNOTATION","Almen2009;Baccin2019;CellChatDB;Cellinker;ComPPI;GO_Intercell;HGNC;LOCATE;OmniPath;Phobius;Ramilowski_location;Surfaceome;UniProt_keyword;UniProt_location;UniProt_topology;Zhong2015","47c971d2fbba4ecd0ba7485d1846a74054432a0d1a97ea3e6a79ae27d0da8094","5e4142df024fd4d5d64cc667299364982a51176076ae6a69e1069425530afafa","FROZEN_BEFORE_EXPRESSION_OUTCOMES","https://zenodo.org/records/7074291|https://omnipathdb.org/intercell",2,4,6,2,4,89.7783967834406,105.045868740821,0.456926322985257,0.601774359516591,0.870791245791246,0.931986809563067,1.84017812317209,"YES","ROBUST_BASELINE_SENDER",0.870791245791246,0.920454545454545,-0.0496632996632996,"NO_LARGE_CONTEXT_SHIFT","GSE182158 2/2 plus GSE199071 >=3/4 donor support; CPM>=1 and expressing fraction>=0.10","DESCRIPTIVE_ONLY_NOT_CAUSAL_NOT_REQUIRED_FOR_ROBUSTNESS","results/03_phase3/baseline/baseline_ligand_expression_by_donor.csv|config/phase3_analysis.json","YES",-2.07005983743493,-1.00533214100777,-0.93884514377367,-1.07181913824187,-1.53769598922135,1.53769598922135,"YES","LICENSING_CONSISTENT_DOWN","donor/passage rules frozen before outcomes; no cell-level P value","results/03_phase3/licensing/licensing_effect_by_donor_passage.csv|config/phase3_analysis.json","ROBUST_BASELINE_AND_CONSISTENT_LICENSING","PUTATIVE_TRANSCRIPTOMIC_LIGAND","HIGH_CONFIDENCE_SENDER_CANDIDATE","YES","ANNOTATION_ONLY_TRANSCRIPT_DOES_NOT_PROVE_SECRETION","YES","results/03_phase3/baseline/baseline_sender_robustness.csv|results/03_phase3/licensing/licensing_ligand_classification.csv|config/phase3_analysis.json",0.870791245791246
19,"CD9","S1","HIGH_CONFIDENCE_SENDER_CANDIDATE_NOT_THERAPEUTIC","NicheNet lr_network_human_21122021.rds unique from","NicheNet human LR network 2021-12-21; Zenodo 7074291","NICHENET_AND_OMNIPATH_MAPPED",5,33,"YES","YES","YES","YES","OMNIPATH_SECRETED_ANNOTATION","Baccin2019;Cellinker;ComPPI;connectomeDB2020;ConnectomeDB2025;DGIdb;GO_Intercell;HPMR;LOCATE;OmniPath;Phobius;Ramilowski_location;Surfaceome;TopDB;UniProt_keyword;UniProt_location;UniProt_topology;Zhong2015","47c971d2fbba4ecd0ba7485d1846a74054432a0d1a97ea3e6a79ae27d0da8094","5e4142df024fd4d5d64cc667299364982a51176076ae6a69e1069425530afafa","FROZEN_BEFORE_EXPRESSION_OUTCOMES","https://zenodo.org/records/7074291|https://omnipathdb.org/intercell",2,4,6,2,4,28.5583787931298,281.140871387215,0.399629441067574,0.879841791259191,0.866161616161616,0.966199505358615,1.8465553246923,"YES","ROBUST_BASELINE_SENDER",0.866161616161616,0.89520202020202,-0.0290404040404041,"NO_LARGE_CONTEXT_SHIFT","GSE182158 2/2 plus GSE199071 >=3/4 donor support; CPM>=1 and expressing fraction>=0.10","DESCRIPTIVE_ONLY_NOT_CAUSAL_NOT_REQUIRED_FOR_ROBUSTNESS","results/03_phase3/baseline/baseline_ligand_expression_by_donor.csv|config/phase3_analysis.json","YES",-1.97447428539245,-0.947406531031152,-1.16339063577996,-0.731422426282343,-1.4609404082118,1.4609404082118,"YES","LICENSING_CONSISTENT_DOWN","donor/passage rules frozen before outcomes; no cell-level P value","results/03_phase3/licensing/licensing_effect_by_donor_passage.csv|config/phase3_analysis.json","ROBUST_BASELINE_AND_CONSISTENT_LICENSING","PUTATIVE_TRANSCRIPTOMIC_LIGAND","HIGH_CONFIDENCE_SENDER_CANDIDATE","YES","ANNOTATION_ONLY_TRANSCRIPT_DOES_NOT_PROVE_SECRETION","YES","results/03_phase3/baseline/baseline_sender_robustness.csv|results/03_phase3/licensing/licensing_ligand_classification.csv|config/phase3_analysis.json",0.866161616161616
20,"LAMB1","S1","HIGH_CONFIDENCE_SENDER_CANDIDATE_NOT_THERAPEUTIC","NicheNet lr_network_human_21122021.rds unique from","NicheNet human LR network 2021-12-21; Zenodo 7074291","NICHENET_AND_OMNIPATH_MAPPED",11,34,"YES","YES","YES","YES","OMNIPATH_SECRETED_ANNOTATION","CellChatDB;Cellinker;CellTalkDB;ComPPI;connectomeDB2020;ConnectomeDB2025;EMBRACE;GO_Intercell;HGNC;HPA_secretome;HPMR;iTALK;LOCATE;LRdb;Matrisome;OmniPath;Ramilowski_location;Ramilowski2015;talklr;UniProt_keyword;UniProt_location;Zhong2015","47c971d2fbba4ecd0ba7485d1846a74054432a0d1a97ea3e6a79ae27d0da8094","5e4142df024fd4d5d64cc667299364982a51176076ae6a69e1069425530afafa","FROZEN_BEFORE_EXPRESSION_OUTCOMES","https://zenodo.org/records/7074291|https://omnipathdb.org/intercell",2,4,6,2,4,89.2705394587512,30.9657150406163,0.823950219670373,0.39046802036381,0.922979797979798,0.863973619126134,0.773073931265605,"NO","ROBUST_BASELINE_SENDER",0.922979797979798,0.882575757575758,0.0404040404040404,"NO_LARGE_CONTEXT_SHIFT","GSE182158 2/2 plus GSE199071 >=3/4 donor support; CPM>=1 and expressing fraction>=0.10","DESCRIPTIVE_ONLY_NOT_CAUSAL_NOT_REQUIRED_FOR_ROBUSTNESS","results/03_phase3/baseline/baseline_ligand_expression_by_donor.csv|config/phase3_analysis.json","YES",-1.33379731068215,-0.946791833349624,-1.36700210443348,-0.526581562265765,-1.14029457201588,1.14029457201588,"YES","LICENSING_CONSISTENT_DOWN","donor/passage rules frozen before outcomes; no cell-level P value","results/03_phase3/licensing/licensing_effect_by_donor_passage.csv|config/phase3_analysis.json","ROBUST_BASELINE_AND_CONSISTENT_LICENSING","PUTATIVE_TRANSCRIPTOMIC_LIGAND","HIGH_CONFIDENCE_SENDER_CANDIDATE","YES","ANNOTATION_ONLY_TRANSCRIPT_DOES_NOT_PROVE_SECRETION","YES","results/03_phase3/baseline/baseline_sender_robustness.csv|results/03_phase3/licensing/licensing_ligand_classification.csv|config/phase3_analysis.json",0.863973619126134
21,"NID2","S1","HIGH_CONFIDENCE_SENDER_CANDIDATE_NOT_THERAPEUTIC","NicheNet lr_network_human_21122021.rds unique from","NicheNet human LR network 2021-12-21; Zenodo 7074291","NICHENET_AND_OMNIPATH_MAPPED",1,36,"YES","YES","YES","YES","OMNIPATH_SECRETED_ANNOTATION","Baccin2019;Cellinker;CellTalkDB;connectomeDB2020;ConnectomeDB2025;EMBRACE;GO_Intercell;HPA_secretome;iTALK;LOCATE;LRdb;Matrisome;OmniPath;Ramilowski_location;Ramilowski2015;talklr;UniProt_keyword;UniProt_location;Zhong2015","47c971d2fbba4ecd0ba7485d1846a74054432a0d1a97ea3e6a79ae27d0da8094","5e4142df024fd4d5d64cc667299364982a51176076ae6a69e1069425530afafa","FROZEN_BEFORE_EXPRESSION_OUTCOMES","https://zenodo.org/records/7074291|https://omnipathdb.org/intercell",2,4,6,2,4,53.4858725644312,28.3469385199684,0.641390190205871,0.321599502223822,0.897306397306397,0.856553998351195,0.603908496936764,"YES","ROBUST_BASELINE_SENDER",0.897306397306397,0.86489898989899,0.0324074074074073,"NO_LARGE_CONTEXT_SHIFT","GSE182158 2/2 plus GSE199071 >=3/4 donor support; CPM>=1 and expressing fraction>=0.10","DESCRIPTIVE_ONLY_NOT_CAUSAL_NOT_REQUIRED_FOR_ROBUSTNESS","results/03_phase3/baseline/baseline_ligand_expression_by_donor.csv|config/phase3_analysis.json","YES",-2.35023879152082,-0.721383398497237,-0.761898653891465,-0.680868143103008,-1.53581109500903,1.53581109500903,"YES","LICENSING_CONSISTENT_DOWN","donor/passage rules frozen before outcomes; no cell-level P value","results/03_phase3/licensing/licensing_effect_by_donor_passage.csv|config/phase3_analysis.json","ROBUST_BASELINE_AND_CONSISTENT_LICENSING","PUTATIVE_TRANSCRIPTOMIC_LIGAND","HIGH_CONFIDENCE_SENDER_CANDIDATE","YES","ANNOTATION_ONLY_TRANSCRIPT_DOES_NOT_PROVE_SECRETION","YES","results/03_phase3/baseline/baseline_sender_robustness.csv|results/03_phase3/licensing/licensing_ligand_classification.csv|config/phase3_analysis.json",0.856553998351195
22,"SDC2","S1","HIGH_CONFIDENCE_SENDER_CANDIDATE_NOT_THERAPEUTIC","NicheNet lr_network_human_21122021.rds unique from","NicheNet human LR network 2021-12-21; Zenodo 7074291","NICHENET_AND_OMNIPATH_MAPPED",2,79,"YES","YES","NO","YES","NO_OMNIPATH_SECRETED_ANNOTATION","Adhesome;Almen2009;Baccin2019;CellChatDB;Cellinker;CellPhoneDB;CellTalkDB;ComPPI;connectomeDB2020;ConnectomeDB2025;EMBRACE;GO_Intercell;HPMR;ICELLNET;iTALK;LOCATE;LRdb;Matrisome;MCAM;Membranome;OmniPath;OPM;Phobius;Ramilowski_location;Ramilowski2015;Surfaceome;talklr;TopDB;UniProt_keyword;UniProt_location;UniProt_topology;Zhong2015","47c971d2fbba4ecd0ba7485d1846a74054432a0d1a97ea3e6a79ae27d0da8094","5e4142df024fd4d5d64cc667299364982a51176076ae6a69e1069425530afafa","FROZEN_BEFORE_EXPRESSION_OUTCOMES","https://zenodo.org/records/7074291|https://omnipathdb.org/intercell",2,4,6,2,4,20.6876018871307,29.3509406002898,0.363686752930093,0.344116081230264,0.85479797979798,0.861088211046991,0.295068650004277,"NO","ROBUST_BASELINE_SENDER",0.85479797979798,0.906986531986532,-0.0521885521885522,"NO_LARGE_CONTEXT_SHIFT","GSE182158 2/2 plus GSE199071 >=3/4 donor support; CPM>=1 and expressing fraction>=0.10","DESCRIPTIVE_ONLY_NOT_CAUSAL_NOT_REQUIRED_FOR_ROBUSTNESS","results/03_phase3/baseline/baseline_ligand_expression_by_donor.csv|config/phase3_analysis.json","YES",-2.16258564745641,-1.22410820239822,-1.58454225017984,-0.863674154616598,-1.69334692492731,1.69334692492731,"YES","LICENSING_CONSISTENT_DOWN","donor/passage rules frozen before outcomes; no cell-level P value","results/03_phase3/licensing/licensing_effect_by_donor_passage.csv|config/phase3_analysis.json","ROBUST_BASELINE_AND_CONSISTENT_LICENSING","PUTATIVE_TRANSCRIPTOMIC_LIGAND","HIGH_CONFIDENCE_SENDER_CANDIDATE","YES","ANNOTATION_ONLY_TRANSCRIPT_DOES_NOT_PROVE_SECRETION","YES","results/03_phase3/baseline/baseline_sender_robustness.csv|results/03_phase3/licensing/licensing_ligand_classification.csv|config/phase3_analysis.json",0.85479797979798
23,"ADAM12","S1","HIGH_CONFIDENCE_SENDER_CANDIDATE_NOT_THERAPEUTIC","NicheNet lr_network_human_21122021.rds unique from","NicheNet human LR network 2021-12-21; Zenodo 7074291","NICHENET_AND_OMNIPATH_MAPPED",3,41,"YES","YES","YES","YES","OMNIPATH_SECRETED_ANNOTATION","Adhesome;Almen2009;Cellinker;ComPPI;connectomeDB2020;ConnectomeDB2025;CSPA;GO_Intercell;HPA_secretome;LOCATE;Matrisome;Membranome;OmniPath;Phobius;Ramilowski_location;Surfaceome;UniProt_keyword;UniProt_location;UniProt_topology","47c971d2fbba4ecd0ba7485d1846a74054432a0d1a97ea3e6a79ae27d0da8094","5e4142df024fd4d5d64cc667299364982a51176076ae6a69e1069425530afafa","FROZEN_BEFORE_EXPRESSION_OUTCOMES","https://zenodo.org/records/7074291|https://omnipathdb.org/intercell",2,4,6,2,4,20.7632318021199,34.8199326873564,0.355474908130391,0.382917211624438,0.852272727272727,0.872217642209398,0.560762662415072,"YES","ROBUST_BASELINE_SENDER",0.852272727272727,0.872474747474748,-0.0202020202020202,"NO_LARGE_CONTEXT_SHIFT","GSE182158 2/2 plus GSE199071 >=3/4 donor support; CPM>=1 and expressing fraction>=0.10","DESCRIPTIVE_ONLY_NOT_CAUSAL_NOT_REQUIRED_FOR_ROBUSTNESS","results/03_phase3/baseline/baseline_ligand_expression_by_donor.csv|config/phase3_analysis.json","YES",0.915910064992869,1.47858589793788,1.08967338377978,1.86749841209598,1.19724798146537,1.19724798146537,"YES","LICENSING_CONSISTENT_UP","donor/passage rules frozen before outcomes; no cell-level P value","results/03_phase3/licensing/licensing_effect_by_donor_passage.csv|config/phase3_analysis.json","ROBUST_BASELINE_AND_CONSISTENT_LICENSING","PUTATIVE_TRANSCRIPTOMIC_LIGAND","HIGH_CONFIDENCE_SENDER_CANDIDATE","YES","ANNOTATION_ONLY_TRANSCRIPT_DOES_NOT_PROVE_SECRETION","YES","results/03_phase3/baseline/baseline_sender_robustness.csv|results/03_phase3/licensing/licensing_ligand_classification.csv|config/phase3_analysis.json",0.852272727272727
24,"PTN","S1","HIGH_CONFIDENCE_SENDER_CANDIDATE_NOT_THERAPEUTIC","NicheNet lr_network_human_21122021.rds unique from","NicheNet human LR network 2021-12-21; Zenodo 7074291","NICHENET_AND_OMNIPATH_MAPPED",12,37,"YES","YES","YES","YES","OMNIPATH_SECRETED_ANNOTATION","Baccin2019;CellChatDB;Cellinker;CellPhoneDB;CellTalkDB;ComPPI;connectomeDB2020;ConnectomeDB2025;DGIdb;EMBRACE;GO_Intercell;HPA_secretome;HPMR;ICELLNET;iTALK;LOCATE;LRdb;Matrisome;OmniPath;Ramilowski2015;SignaLink_function;talklr;UniProt_keyword;UniProt_location","47c971d2fbba4ecd0ba7485d1846a74054432a0d1a97ea3e6a79ae27d0da8094","5e4142df024fd4d5d64cc667299364982a51176076ae6a69e1069425530afafa","FROZEN_BEFORE_EXPRESSION_OUTCOMES","https://zenodo.org/records/7074291|https://omnipathdb.org/intercell",2,4,6,2,4,18.9990367481476,55.2522591976799,0.296727192433221,0.518870762532563,0.846380471380471,0.897361912613355,1.10966460165595,"YES","ROBUST_BASELINE_SENDER",0.846380471380471,0.898569023569024,-0.0521885521885522,"NO_LARGE_CONTEXT_SHIFT","GSE182158 2/2 plus GSE199071 >=3/4 donor support; CPM>=1 and expressing fraction>=0.10","DESCRIPTIVE_ONLY_NOT_CAUSAL_NOT_REQUIRED_FOR_ROBUSTNESS","results/03_phase3/baseline/baseline_ligand_expression_by_donor.csv|config/phase3_analysis.json","YES",0.759907571261387,0.736199760861292,0.933035070978434,0.53936445074415,0.74805366606134,0.74805366606134,"YES","LICENSING_CONSISTENT_UP","donor/passage rules frozen before outcomes; no cell-level P value","results/03_phase3/licensing/licensing_effect_by_donor_passage.csv|config/phase3_analysis.json","ROBUST_BASELINE_AND_CONSISTENT_LICENSING","PUTATIVE_TRANSCRIPTOMIC_LIGAND","HIGH_CONFIDENCE_SENDER_CANDIDATE","YES","ANNOTATION_ONLY_TRANSCRIPT_DOES_NOT_PROVE_SECRETION","YES","results/03_phase3/baseline/baseline_sender_robustness.csv|results/03_phase3/licensing/licensing_ligand_classification.csv|config/phase3_analysis.json",0.846380471380471
25,"SLIT2","S1","HIGH_CONFIDENCE_SENDER_CANDIDATE_NOT_THERAPEUTIC","NicheNet lr_network_human_21122021.rds unique from","NicheNet human LR network 2021-12-21; Zenodo 7074291","NICHENET_AND_OMNIPATH_MAPPED",5,27,"YES","YES","YES","YES","OMNIPATH_SECRETED_ANNOTATION","CellChatDB;Cellinker;CellPhoneDB;CellTalkDB;ComPPI;connectomeDB2020;ConnectomeDB2025;GO_Intercell;HPA_secretome;HPMR;iTALK;LOCATE;LRdb;Matrisome;OmniPath;Ramilowski2015;talklr;UniProt_keyword;UniProt_location","47c971d2fbba4ecd0ba7485d1846a74054432a0d1a97ea3e6a79ae27d0da8094","5e4142df024fd4d5d64cc667299364982a51176076ae6a69e1069425530afafa","FROZEN_BEFORE_EXPRESSION_OUTCOMES","https://zenodo.org/records/7074291|https://omnipathdb.org/intercell",2,4,6,2,4,17.0877669975971,28.1017886379482,0.290122128512541,0.348550179916275,0.84006734006734,0.856966199505359,0.600843042544506,"NO","ROBUST_BASELINE_SENDER",0.84006734006734,0.846380471380471,-0.00631313131313127,"NO_LARGE_CONTEXT_SHIFT","GSE182158 2/2 plus GSE199071 >=3/4 donor support; CPM>=1 and expressing fraction>=0.10","DESCRIPTIVE_ONLY_NOT_CAUSAL_NOT_REQUIRED_FOR_ROBUSTNESS","results/03_phase3/baseline/baseline_ligand_expression_by_donor.csv|config/phase3_analysis.json","YES",1.59285332229328,0.718355214169813,1.12687470260334,0.309835725736282,1.15560426823155,1.15560426823155,"YES","LICENSING_CONSISTENT_UP","donor/passage rules frozen before outcomes; no cell-level P value","results/03_phase3/licensing/licensing_effect_by_donor_passage.csv|config/phase3_analysis.json","ROBUST_BASELINE_AND_CONSISTENT_LICENSING","PUTATIVE_TRANSCRIPTOMIC_LIGAND","HIGH_CONFIDENCE_SENDER_CANDIDATE","YES","ANNOTATION_ONLY_TRANSCRIPT_DOES_NOT_PROVE_SECRETION","YES","results/03_phase3/baseline/baseline_sender_robustness.csv|results/03_phase3/licensing/licensing_ligand_classification.csv|config/phase3_analysis.json",0.84006734006734
26,"CXCL5","S1","HIGH_CONFIDENCE_SENDER_CANDIDATE_NOT_THERAPEUTIC","NicheNet lr_network_human_21122021.rds unique from","NicheNet human LR network 2021-12-21; Zenodo 7074291","NICHENET_AND_OMNIPATH_MAPPED",6,39,"YES","YES","YES","YES","OMNIPATH_SECRETED_ANNOTATION","Baccin2019;CellCall;CellChatDB;Cellinker;CellPhoneDB;CellTalkDB;connectomeDB2020;ConnectomeDB2025;GO_Intercell;Guide2Pharma;HGNC;HPA_secretome;ICELLNET;iTALK;Kirouac2010;LOCATE;LRdb;Matrisome;OmniPath;Ramilowski2015;scConnect;talklr;UniProt_keyword;UniProt_location","47c971d2fbba4ecd0ba7485d1846a74054432a0d1a97ea3e6a79ae27d0da8094","5e4142df024fd4d5d64cc667299364982a51176076ae6a69e1069425530afafa","FROZEN_BEFORE_EXPRESSION_OUTCOMES","https://zenodo.org/records/7074291|https://omnipathdb.org/intercell",2,4,6,2,4,16.9985993283302,19.9678851335805,0.242637591883539,0.197182472179863,0.831860269360269,0.82522671063479,0.712302632548844,"NO","ROBUST_BASELINE_SENDER",0.831860269360269,0.801767676767677,0.0300925925925926,"NO_LARGE_CONTEXT_SHIFT","GSE182158 2/2 plus GSE199071 >=3/4 donor support; CPM>=1 and expressing fraction>=0.10","DESCRIPTIVE_ONLY_NOT_CAUSAL_NOT_REQUIRED_FOR_ROBUSTNESS","results/03_phase3/baseline/baseline_ligand_expression_by_donor.csv|config/phase3_analysis.json","YES",6.54168082615359,3.04097189180038,2.70018466658743,3.38175911701332,4.79132635897698,4.79132635897698,"YES","LICENSING_CONSISTENT_UP","donor/passage rules frozen before outcomes; no cell-level P value","results/03_phase3/licensing/licensing_effect_by_donor_passage.csv|config/phase3_analysis.json","ROBUST_BASELINE_AND_CONSISTENT_LICENSING","PUTATIVE_TRANSCRIPTOMIC_LIGAND","HIGH_CONFIDENCE_SENDER_CANDIDATE","YES","ANNOTATION_ONLY_TRANSCRIPT_DOES_NOT_PROVE_SECRETION","YES","results/03_phase3/baseline/baseline_sender_robustness.csv|results/03_phase3/licensing/licensing_ligand_classification.csv|config/phase3_analysis.json",0.82522671063479
27,"THBS2","S1","HIGH_CONFIDENCE_SENDER_CANDIDATE_NOT_THERAPEUTIC","NicheNet lr_network_human_21122021.rds unique from","NicheNet human LR network 2021-12-21; Zenodo 7074291","NICHENET_AND_OMNIPATH_MAPPED",12,32,"YES","YES","YES","YES","OMNIPATH_SECRETED_ANNOTATION","Baccin2019;CellChatDB;Cellinker;CellTalkDB;ComPPI;connectomeDB2020;ConnectomeDB2025;EMBRACE;GO_Intercell;HPA_secretome;iTALK;LOCATE;LRdb;Matrisome;OmniPath;Ramilowski2015;talklr;Zhong2015","47c971d2fbba4ecd0ba7485d1846a74054432a0d1a97ea3e6a79ae27d0da8094","5e4142df024fd4d5d64cc667299364982a51176076ae6a69e1069425530afafa","FROZEN_BEFORE_EXPRESSION_OUTCOMES","https://zenodo.org/records/7074291|https://omnipathdb.org/intercell",2,4,6,2,4,34.7296352270617,19.9356523975391,0.51387427709845,0.213267739189532,0.88510101010101,0.823784006595218,0.898206996647855,"YES","ROBUST_BASELINE_SENDER",0.88510101010101,0.916245791245791,-0.031144781144781,"NO_LARGE_CONTEXT_SHIFT","GSE182158 2/2 plus GSE199071 >=3/4 donor support; CPM>=1 and expressing fraction>=0.10","DESCRIPTIVE_ONLY_NOT_CAUSAL_NOT_REQUIRED_FOR_ROBUSTNESS","results/03_phase3/baseline/baseline_ligand_expression_by_donor.csv|config/phase3_analysis.json","YES",-3.84285556673256,-1.39870350367266,-1.08206222033636,-1.71534478700896,-2.62077953520261,2.62077953520261,"YES","LICENSING_CONSISTENT_DOWN","donor/passage rules frozen before outcomes; no cell-level P value","results/03_phase3/licensing/licensing_effect_by_donor_passage.csv|config/phase3_analysis.json","ROBUST_BASELINE_AND_CONSISTENT_LICENSING","PUTATIVE_TRANSCRIPTOMIC_LIGAND","HIGH_CONFIDENCE_SENDER_CANDIDATE","YES","ANNOTATION_ONLY_TRANSCRIPT_DOES_NOT_PROVE_SECRETION","YES","results/03_phase3/baseline/baseline_sender_robustness.csv|results/03_phase3/licensing/licensing_ligand_classification.csv|config/phase3_analysis.json",0.823784006595218
28,"CDH13","S1","HIGH_CONFIDENCE_SENDER_CANDIDATE_NOT_THERAPEUTIC","NicheNet lr_network_human_21122021.rds unique from","NicheNet human LR network 2021-12-21; Zenodo 7074291","NICHENET_AND_OMNIPATH_MAPPED",1,35,"YES","YES","NO","YES","NO_OMNIPATH_SECRETED_ANNOTATION","Baccin2019;CellCellInteractions;Cellinker;ComPPI;ConnectomeDB2025;CSPA;DGIdb;GO_Intercell;HGNC;LOCATE;MatrixDB;OmniPath;Ramilowski_location;Surfaceome;UniProt_location;Zhong2015","47c971d2fbba4ecd0ba7485d1846a74054432a0d1a97ea3e6a79ae27d0da8094","5e4142df024fd4d5d64cc667299364982a51176076ae6a69e1069425530afafa","FROZEN_BEFORE_EXPRESSION_OUTCOMES","https://zenodo.org/records/7074291|https://omnipathdb.org/intercell",2,4,6,2,4,11.6866183679336,32.4970634598342,0.233411312853053,0.396827640714407,0.815656565656566,0.86727122835944,0.895906286586981,"YES","ROBUST_BASELINE_SENDER",0.815656565656566,0.853114478114478,-0.0374579124579125,"NO_LARGE_CONTEXT_SHIFT","GSE182158 2/2 plus GSE199071 >=3/4 donor support; CPM>=1 and expressing fraction>=0.10","DESCRIPTIVE_ONLY_NOT_CAUSAL_NOT_REQUIRED_FOR_ROBUSTNESS","results/03_phase3/baseline/baseline_ligand_expression_by_donor.csv|config/phase3_analysis.json","YES",-0.92390297564505,-0.6037358668216,-0.685421066491262,-0.522050667151937,-0.763819421233325,0.763819421233325,"YES","LICENSING_CONSISTENT_DOWN","donor/passage rules frozen before outcomes; no cell-level P value","results/03_phase3/licensing/licensing_effect_by_donor_passage.csv|config/phase3_analysis.json","ROBUST_BASELINE_AND_CONSISTENT_LICENSING","PUTATIVE_TRANSCRIPTOMIC_LIGAND","HIGH_CONFIDENCE_SENDER_CANDIDATE","YES","ANNOTATION_ONLY_TRANSCRIPT_DOES_NOT_PROVE_SECRETION","YES","results/03_phase3/baseline/baseline_sender_robustness.csv|results/03_phase3/licensing/licensing_ligand_classification.csv|config/phase3_analysis.json",0.815656565656566
29,"BTN2A1","S1","HIGH_CONFIDENCE_SENDER_CANDIDATE_NOT_THERAPEUTIC","NicheNet lr_network_human_21122021.rds unique from","NicheNet human LR network 2021-12-21; Zenodo 7074291","NICHENET_AND_OMNIPATH_MAPPED",1,30,"YES","YES","NO","YES","NO_OMNIPATH_SECRETED_ANNOTATION","Almen2009;Cellinker;CSPA;DGIdb;GO_Intercell;HGNC;Membranome;OmniPath;Phobius;Ramilowski_location;Surfaceome;TopDB;UniProt_keyword;UniProt_location;UniProt_topology","47c971d2fbba4ecd0ba7485d1846a74054432a0d1a97ea3e6a79ae27d0da8094","5e4142df024fd4d5d64cc667299364982a51176076ae6a69e1069425530afafa","FROZEN_BEFORE_EXPRESSION_OUTCOMES","https://zenodo.org/records/7074291|https://omnipathdb.org/intercell",2,4,6,2,4,10.3668313323565,18.5391641909095,0.223214645901421,0.243040066897791,0.811237373737374,0.823577906018137,0.425198996177569,"NO","ROBUST_BASELINE_SENDER",0.811237373737374,0.80513468013468,0.00610269360269355,"NO_LARGE_CONTEXT_SHIFT","GSE182158 2/2 plus GSE199071 >=3/4 donor support; CPM>=1 and expressing fraction>=0.10","DESCRIPTIVE_ONLY_NOT_CAUSAL_NOT_REQUIRED_FOR_ROBUSTNESS","results/03_phase3/baseline/baseline_ligand_expression_by_donor.csv|config/phase3_analysis.json","YES",0.959234991603556,0.86024463080896,0.810074509529257,0.910414752088663,0.909739811206258,0.909739811206258,"YES","LICENSING_CONSISTENT_UP","donor/passage rules frozen before outcomes; no cell-level P value","results/03_phase3/licensing/licensing_effect_by_donor_passage.csv|config/phase3_analysis.json","ROBUST_BASELINE_AND_CONSISTENT_LICENSING","PUTATIVE_TRANSCRIPTOMIC_LIGAND","HIGH_CONFIDENCE_SENDER_CANDIDATE","YES","ANNOTATION_ONLY_TRANSCRIPT_DOES_NOT_PROVE_SECRETION","YES","results/03_phase3/baseline/baseline_sender_robustness.csv|results/03_phase3/licensing/licensing_ligand_classification.csv|config/phase3_analysis.json",0.811237373737374
30,"CD58","S1","HIGH_CONFIDENCE_SENDER_CANDIDATE_NOT_THERAPEUTIC","NicheNet lr_network_human_21122021.rds unique from","NicheNet human LR network 2021-12-21; Zenodo 7074291","NICHENET_AND_OMNIPATH_MAPPED",2,44,"YES","YES","NO","YES","NO_OMNIPATH_SECRETED_ANNOTATION","Almen2009;Cellinker;CellPhoneDB;CellTalkDB;connectomeDB2020;ConnectomeDB2025;CSPA;GO_Intercell;HGNC;ICELLNET;LOCATE;Membranome;OmniPath;Phobius;Ramilowski_location;Surfaceome;TopDB;UniProt_keyword;UniProt_location;UniProt_topology;Zhong2015","47c971d2fbba4ecd0ba7485d1846a74054432a0d1a97ea3e6a79ae27d0da8094","5e4142df024fd4d5d64cc667299364982a51176076ae6a69e1069425530afafa","FROZEN_BEFORE_EXPRESSION_OUTCOMES","https://zenodo.org/records/7074291|https://omnipathdb.org/intercell",2,4,6,2,4,10.6336314163089,27.8137532361771,0.220171804885395,0.355909817411713,0.809343434343434,0.855111294311624,0.712003314694394,"NO","ROBUST_BASELINE_SENDER",0.809343434343434,0.766414141414141,0.0429292929292928,"NO_LARGE_CONTEXT_SHIFT","GSE182158 2/2 plus GSE199071 >=3/4 donor support; CPM>=1 and expressing fraction>=0.10","DESCRIPTIVE_ONLY_NOT_CAUSAL_NOT_REQUIRED_FOR_ROBUSTNESS","results/03_phase3/baseline/baseline_ligand_expression_by_donor.csv|config/phase3_analysis.json","YES",0.775036606893409,0.536995870373263,0.439154580490359,0.634837160256166,0.656016238633336,0.656016238633336,"YES","LICENSING_CONSISTENT_UP","donor/passage rules frozen before outcomes; no cell-level P value","results/03_phase3/licensing/licensing_effect_by_donor_passage.csv|config/phase3_analysis.json","ROBUST_BASELINE_AND_CONSISTENT_LICENSING","PUTATIVE_TRANSCRIPTOMIC_LIGAND","HIGH_CONFIDENCE_SENDER_CANDIDATE","YES","ANNOTATION_ONLY_TRANSCRIPT_DOES_NOT_PROVE_SECRETION","YES","results/03_phase3/baseline/baseline_sender_robustness.csv|results/03_phase3/licensing/licensing_ligand_classification.csv|config/phase3_analysis.json",0.809343434343434
31,"ROBO1","S1","HIGH_CONFIDENCE_SENDER_CANDIDATE_NOT_THERAPEUTIC","NicheNet lr_network_human_21122021.rds unique from","NicheNet human LR network 2021-12-21; Zenodo 7074291","NICHENET_AND_OMNIPATH_MAPPED",1,59,"YES","YES","NO","YES","NO_OMNIPATH_SECRETED_ANNOTATION","Almen2009;CellCellInteractions;CellChatDB;Cellinker;CellPhoneDB;CellTalkDB;ComPPI;connectomeDB2020;ConnectomeDB2025;CSPA;GO_Intercell;HGNC;HPMR;ICELLNET;iTALK;LRdb;Membranome;OmniPath;Phobius;Ramilowski_location;Ramilowski2015;Surfaceome;talklr;TopDB;UniProt_keyword;UniProt_location;UniProt_topology","47c971d2fbba4ecd0ba7485d1846a74054432a0d1a97ea3e6a79ae27d0da8094","5e4142df024fd4d5d64cc667299364982a51176076ae6a69e1069425530afafa","FROZEN_BEFORE_EXPRESSION_OUTCOMES","https://zenodo.org/records/7074291|https://omnipathdb.org/intercell",2,4,6,2,4,17.1952027669366,11.1398840912928,0.330668469910723,0.151055487523837,0.838804713804714,0.793075020610058,0.459424568298455,"NO","ROBUST_BASELINE_SENDER",0.838804713804714,0.801767676767677,0.0370370370370371,"NO_LARGE_CONTEXT_SHIFT","GSE182158 2/2 plus GSE199071 >=3/4 donor support; CPM>=1 and expressing fraction>=0.10","DESCRIPTIVE_ONLY_NOT_CAUSAL_NOT_REQUIRED_FOR_ROBUSTNESS","results/03_phase3/baseline/baseline_ligand_expression_by_donor.csv|config/phase3_analysis.json","YES",0.627704168441145,0.993580010173922,1.12623924921388,0.860920771133968,0.810642089307533,0.810642089307533,"YES","LICENSING_CONSISTENT_UP","donor/passage rules frozen before outcomes; no cell-level P value","results/03_phase3/licensing/licensing_effect_by_donor_passage.csv|config/phase3_analysis.json","ROBUST_BASELINE_AND_CONSISTENT_LICENSING","PUTATIVE_TRANSCRIPTOMIC_LIGAND","HIGH_CONFIDENCE_SENDER_CANDIDATE","YES","ANNOTATION_ONLY_TRANSCRIPT_DOES_NOT_PROVE_SECRETION","YES","results/03_phase3/baseline/baseline_sender_robustness.csv|results/03_phase3/licensing/licensing_ligand_classification.csv|config/phase3_analysis.json",0.793075020610058
32,"FGF2","S1","HIGH_CONFIDENCE_SENDER_CANDIDATE_NOT_THERAPEUTIC","NicheNet lr_network_human_21122021.rds unique from","NicheNet human LR network 2021-12-21; Zenodo 7074291","NICHENET_AND_OMNIPATH_MAPPED",12,47,"YES","YES","YES","YES","OMNIPATH_SECRETED_ANNOTATION","Baccin2019;CellCall;CellChatDB;Cellinker;CellPhoneDB;CellTalkDB;ComPPI;connectomeDB2020;ConnectomeDB2025;DGIdb;EMBRACE;GO_Intercell;HGNC;HPA_secretome;HPMR;ICELLNET;iTALK;Kirouac2010;LOCATE;LRdb;Matrisome;OmniPath;Ramilowski2015;SignaLink_function;talklr;UniProt_keyword;UniProt_location","47c971d2fbba4ecd0ba7485d1846a74054432a0d1a97ea3e6a79ae27d0da8094","5e4142df024fd4d5d64cc667299364982a51176076ae6a69e1069425530afafa","FROZEN_BEFORE_EXPRESSION_OUTCOMES","https://zenodo.org/records/7074291|https://omnipathdb.org/intercell",2,4,6,2,4,7.08323664652564,118.698501027502,0.157148357459105,0.690727940990555,0.782407407407407,0.935696619950536,2.05529633924791,"NO","ROBUST_BASELINE_SENDER",0.782407407407407,0.784090909090909,-0.00168350168350162,"NO_LARGE_CONTEXT_SHIFT","GSE182158 2/2 plus GSE199071 >=3/4 donor support; CPM>=1 and expressing fraction>=0.10","DESCRIPTIVE_ONLY_NOT_CAUSAL_NOT_REQUIRED_FOR_ROBUSTNESS","results/03_phase3/baseline/baseline_ligand_expression_by_donor.csv|config/phase3_analysis.json","YES",0.725257297880506,1.34912623370798,1.19958801878547,1.4986644486305,1.03719176579425,1.03719176579425,"YES","LICENSING_CONSISTENT_UP","donor/passage rules frozen before outcomes; no cell-level P value","results/03_phase3/licensing/licensing_effect_by_donor_passage.csv|config/phase3_analysis.json","ROBUST_BASELINE_AND_CONSISTENT_LICENSING","PUTATIVE_TRANSCRIPTOMIC_LIGAND","HIGH_CONFIDENCE_SENDER_CANDIDATE","YES","ANNOTATION_ONLY_TRANSCRIPT_DOES_NOT_PROVE_SECRETION","YES","results/03_phase3/baseline/baseline_sender_robustness.csv|results/03_phase3/licensing/licensing_ligand_classification.csv|config/phase3_analysis.json",0.782407407407407
33,"TCTN1","S1","HIGH_CONFIDENCE_SENDER_CANDIDATE_NOT_THERAPEUTIC","NicheNet lr_network_human_21122021.rds unique from","NicheNet human LR network 2021-12-21; Zenodo 7074291","NICHENET_AND_OMNIPATH_MAPPED",4,15,"NO","YES","YES","YES","OMNIPATH_SECRETED_ANNOTATION","Cellinker;ComPPI;connectomeDB2020;GO_Intercell;MatrixDB;OmniPath;UniProt_keyword;UniProt_location","47c971d2fbba4ecd0ba7485d1846a74054432a0d1a97ea3e6a79ae27d0da8094","5e4142df024fd4d5d64cc667299364982a51176076ae6a69e1069425530afafa","FROZEN_BEFORE_EXPRESSION_OUTCOMES","https://zenodo.org/records/7074291|https://omnipathdb.org/intercell",2,4,6,2,4,20.5603746312803,9.3447796490601,0.391790248663646,0.136565122776355,0.853956228956229,0.781121187139324,0.578149822434144,"NO","ROBUST_BASELINE_SENDER",0.853956228956229,0.836279461279461,0.0176767676767677,"NO_LARGE_CONTEXT_SHIFT","GSE182158 2/2 plus GSE199071 >=3/4 donor support; CPM>=1 and expressing fraction>=0.10","DESCRIPTIVE_ONLY_NOT_CAUSAL_NOT_REQUIRED_FOR_ROBUSTNESS","results/03_phase3/baseline/baseline_ligand_expression_by_donor.csv|config/phase3_analysis.json","YES",-1.22234586334584,-0.591608420817008,-1.00983329571054,-0.173383545923477,-0.906977142081423,0.906977142081423,"YES","LICENSING_CONSISTENT_DOWN","donor/passage rules frozen before outcomes; no cell-level P value","results/03_phase3/licensing/licensing_effect_by_donor_passage.csv|config/phase3_analysis.json","ROBUST_BASELINE_AND_CONSISTENT_LICENSING","PUTATIVE_TRANSCRIPTOMIC_LIGAND","HIGH_CONFIDENCE_SENDER_CANDIDATE","YES","ANNOTATION_ONLY_TRANSCRIPT_DOES_NOT_PROVE_SECRETION","YES","results/03_phase3/baseline/baseline_sender_robustness.csv|results/03_phase3/licensing/licensing_ligand_classification.csv|config/phase3_analysis.json",0.781121187139324
34,"PDGFC","S1","HIGH_CONFIDENCE_SENDER_CANDIDATE_NOT_THERAPEUTIC","NicheNet lr_network_human_21122021.rds unique from","NicheNet human LR network 2021-12-21; Zenodo 7074291","NICHENET_AND_OMNIPATH_MAPPED",5,54,"YES","YES","YES","YES","OMNIPATH_SECRETED_ANNOTATION","Baccin2019;CellCall;CellChatDB;Cellinker;CellPhoneDB;CellTalkDB;ComPPI;connectomeDB2020;ConnectomeDB2025;DGIdb;EMBRACE;GO_Intercell;Guide2Pharma;HPA_secretome;HPMR;ICELLNET;iTALK;LRdb;Matrisome;OmniPath;Ramilowski2015;scConnect;SignaLink_function;talklr;UniProt_keyword;UniProt_location","47c971d2fbba4ecd0ba7485d1846a74054432a0d1a97ea3e6a79ae27d0da8094","5e4142df024fd4d5d64cc667299364982a51176076ae6a69e1069425530afafa","FROZEN_BEFORE_EXPRESSION_OUTCOMES","https://zenodo.org/records/7074291|https://omnipathdb.org/intercell",2,4,6,2,4,6.7847941353806,28.3700123519034,0.149414124780286,0.354658298286592,0.776515151515152,0.857790601813685,1.09173543536307,"NO","ROBUST_BASELINE_SENDER",0.776515151515152,0.782407407407407,-0.00589225589225595,"NO_LARGE_CONTEXT_SHIFT","GSE182158 2/2 plus GSE199071 >=3/4 donor support; CPM>=1 and expressing fraction>=0.10","DESCRIPTIVE_ONLY_NOT_CAUSAL_NOT_REQUIRED_FOR_ROBUSTNESS","results/03_phase3/baseline/baseline_ligand_expression_by_donor.csv|config/phase3_analysis.json","YES",-0.700632561394963,-0.704472710472532,-0.948186203080005,-0.460759217865058,-0.702552635933747,0.702552635933747,"YES","LICENSING_CONSISTENT_DOWN","donor/passage rules frozen before outcomes; no cell-level P value","results/03_phase3/licensing/licensing_effect_by_donor_passage.csv|config/phase3_analysis.json","ROBUST_BASELINE_AND_CONSISTENT_LICENSING","PUTATIVE_TRANSCRIPTOMIC_LIGAND","HIGH_CONFIDENCE_SENDER_CANDIDATE","YES","ANNOTATION_ONLY_TRANSCRIPT_DOES_NOT_PROVE_SECRETION","YES","results/03_phase3/baseline/baseline_sender_robustness.csv|results/03_phase3/licensing/licensing_ligand_classification.csv|config/phase3_analysis.json",0.776515151515152
35,"VEGFC","S1","HIGH_CONFIDENCE_SENDER_CANDIDATE_NOT_THERAPEUTIC","NicheNet lr_network_human_21122021.rds unique from","NicheNet human LR network 2021-12-21; Zenodo 7074291","NICHENET_AND_OMNIPATH_MAPPED",4,44,"YES","YES","YES","YES","OMNIPATH_SECRETED_ANNOTATION","Baccin2019;CellCall;CellChatDB;Cellinker;CellPhoneDB;CellTalkDB;connectomeDB2020;ConnectomeDB2025;DGIdb;EMBRACE;GO_Intercell;Guide2Pharma;HGNC;HPA_secretome;HPMR;ICELLNET;iTALK;Kirouac2010;LOCATE;LRdb;Matrisome;OmniPath;Ramilowski2015;scConnect;talklr;UniProt_keyword;UniProt_location","47c971d2fbba4ecd0ba7485d1846a74054432a0d1a97ea3e6a79ae27d0da8094","5e4142df024fd4d5d64cc667299364982a51176076ae6a69e1069425530afafa","FROZEN_BEFORE_EXPRESSION_OUTCOMES","https://zenodo.org/records/7074291|https://omnipathdb.org/intercell",2,4,6,2,4,5.52786956853208,128.213352911414,0.124733242621895,0.754545672211313,0.765151515151515,0.941879637262984,2.14360945124043,"NO","ROBUST_BASELINE_SENDER",0.765151515151515,0.811026936026936,-0.0458754208754209,"NO_LARGE_CONTEXT_SHIFT","GSE182158 2/2 plus GSE199071 >=3/4 donor support; CPM>=1 and expressing fraction>=0.10","DESCRIPTIVE_ONLY_NOT_CAUSAL_NOT_REQUIRED_FOR_ROBUSTNESS","results/03_phase3/baseline/baseline_ligand_expression_by_donor.csv|config/phase3_analysis.json","YES",2.54456910973633,1.69145376034631,2.16194517577138,1.22096234492123,2.11801143504132,2.11801143504132,"YES","LICENSING_CONSISTENT_UP","donor/passage rules frozen before outcomes; no cell-level P value","results/03_phase3/licensing/licensing_effect_by_donor_passage.csv|config/phase3_analysis.json","ROBUST_BASELINE_AND_CONSISTENT_LICENSING","PUTATIVE_TRANSCRIPTOMIC_LIGAND","HIGH_CONFIDENCE_SENDER_CANDIDATE","YES","ANNOTATION_ONLY_TRANSCRIPT_DOES_NOT_PROVE_SECRETION","YES","results/03_phase3/baseline/baseline_sender_robustness.csv|results/03_phase3/licensing/licensing_ligand_classification.csv|config/phase3_analysis.json",0.765151515151515
36,"CD82","S1","HIGH_CONFIDENCE_SENDER_CANDIDATE_NOT_THERAPEUTIC","NicheNet lr_network_human_21122021.rds unique from","NicheNet human LR network 2021-12-21; Zenodo 7074291","NICHENET_AND_OMNIPATH_MAPPED",2,25,"NO","YES","NO","YES","NO_OMNIPATH_SECRETED_ANNOTATION","Cellinker;ComPPI;connectomeDB2020;GO_Intercell;HPMR;LOCATE;OmniPath;Phobius;Ramilowski_location;Surfaceome;TopDB;UniProt_keyword;UniProt_location;UniProt_topology","47c971d2fbba4ecd0ba7485d1846a74054432a0d1a97ea3e6a79ae27d0da8094","5e4142df024fd4d5d64cc667299364982a51176076ae6a69e1069425530afafa","FROZEN_BEFORE_EXPRESSION_OUTCOMES","https://zenodo.org/records/7074291|https://omnipathdb.org/intercell",2,3,5,2,4,30.8673489849256,11.3992931391018,0.457346317104455,0.163013246783696,0.874579124579125,0.795754328112119,0.919036284241891,"NO","ROBUST_BASELINE_SENDER",0.874579124579125,0.869949494949495,0.00462962962962965,"NO_LARGE_CONTEXT_SHIFT","GSE182158 2/2 plus GSE199071 >=3/4 donor support; CPM>=1 and expressing fraction>=0.10","DESCRIPTIVE_ONLY_NOT_CAUSAL_NOT_REQUIRED_FOR_ROBUSTNESS","results/03_phase3/baseline/baseline_ligand_expression_by_donor.csv|config/phase3_analysis.json","YES",3.66007102210756,2.85338811787946,2.39915721775555,3.30761901800338,3.25672956999351,3.25672956999351,"YES","LICENSING_CONSISTENT_UP","donor/passage rules frozen before outcomes; no cell-level P value","results/03_phase3/licensing/licensing_effect_by_donor_passage.csv|config/phase3_analysis.json","ROBUST_BASELINE_AND_CONSISTENT_LICENSING","PUTATIVE_TRANSCRIPTOMIC_LIGAND","HIGH_CONFIDENCE_SENDER_CANDIDATE","YES","ANNOTATION_ONLY_TRANSCRIPT_DOES_NOT_PROVE_SECRETION","YES","results/03_phase3/baseline/baseline_sender_robustness.csv|results/03_phase3/licensing/licensing_ligand_classification.csv|config/phase3_analysis.json",0.795754328112119
37,"CFH","S1","HIGH_CONFIDENCE_SENDER_CANDIDATE_NOT_THERAPEUTIC","NicheNet lr_network_human_21122021.rds unique from","NicheNet human LR network 2021-12-21; Zenodo 7074291","NICHENET_AND_OMNIPATH_MAPPED",3,12,"NO","NO","YES","YES","OMNIPATH_SECRETED_ANNOTATION","Cellinker;ComPPI;connectomeDB2020;ConnectomeDB2025;HPA_secretome;LOCATE;OmniPath;UniProt_keyword;UniProt_location","47c971d2fbba4ecd0ba7485d1846a74054432a0d1a97ea3e6a79ae27d0da8094","5e4142df024fd4d5d64cc667299364982a51176076ae6a69e1069425530afafa","FROZEN_BEFORE_EXPRESSION_OUTCOMES","https://zenodo.org/records/7074291|https://omnipathdb.org/intercell",2,3,5,2,4,35.6029524690781,9.4081748517444,0.531907768372847,0.138736084313515,0.876683501683502,0.777411376751855,1.03559431606044,"YES","ROBUST_BASELINE_SENDER",0.876683501683502,0.902777777777778,-0.0260942760942761,"NO_LARGE_CONTEXT_SHIFT","GSE182158 2/2 plus GSE199071 >=3/4 donor support; CPM>=1 and expressing fraction>=0.10","DESCRIPTIVE_ONLY_NOT_CAUSAL_NOT_REQUIRED_FOR_ROBUSTNESS","results/03_phase3/baseline/baseline_ligand_expression_by_donor.csv|config/phase3_analysis.json","YES",2.34013695077311,2.30706817550276,2.17034376804923,2.4437925829563,2.32360256313794,2.32360256313794,"YES","LICENSING_CONSISTENT_UP","donor/passage rules frozen before outcomes; no cell-level P value","results/03_phase3/licensing/licensing_effect_by_donor_passage.csv|config/phase3_analysis.json","ROBUST_BASELINE_AND_CONSISTENT_LICENSING","PUTATIVE_TRANSCRIPTOMIC_LIGAND","HIGH_CONFIDENCE_SENDER_CANDIDATE","YES","ANNOTATION_ONLY_TRANSCRIPT_DOES_NOT_PROVE_SECRETION","YES","results/03_phase3/baseline/baseline_sender_robustness.csv|results/03_phase3/licensing/licensing_ligand_classification.csv|config/phase3_analysis.json",0.777411376751855
38,"IL15","S1","HIGH_CONFIDENCE_SENDER_CANDIDATE_NOT_THERAPEUTIC","NicheNet lr_network_human_21122021.rds unique from","NicheNet human LR network 2021-12-21; Zenodo 7074291","NICHENET_AND_OMNIPATH_MAPPED",4,45,"YES","YES","YES","YES","OMNIPATH_SECRETED_ANNOTATION","Baccin2019;CellCall;CellChatDB;Cellinker;CellPhoneDB;CellTalkDB;ComPPI;connectomeDB2020;ConnectomeDB2025;EMBRACE;GO_Intercell;Guide2Pharma;HGNC;HPA_secretome;HPMR;ICELLNET;iTALK;Kirouac2010;LOCATE;LRdb;Matrisome;OmniPath;Ramilowski2015;scConnect;SignaLink_function;talklr;UniProt_keyword;UniProt_location","47c971d2fbba4ecd0ba7485d1846a74054432a0d1a97ea3e6a79ae27d0da8094","5e4142df024fd4d5d64cc667299364982a51176076ae6a69e1069425530afafa","FROZEN_BEFORE_EXPRESSION_OUTCOMES","https://zenodo.org/records/7074291|https://omnipathdb.org/intercell",2,3,5,2,4,10.7655638552718,9.03408587859544,0.220700881976904,0.12329006642045,0.813552188552189,0.777411376751855,0.469613188765216,"NO","ROBUST_BASELINE_SENDER",0.813552188552189,0.728956228956229,0.0845959595959597,"NO_LARGE_CONTEXT_SHIFT","GSE182158 2/2 plus GSE199071 >=3/4 donor support; CPM>=1 and expressing fraction>=0.10","DESCRIPTIVE_ONLY_NOT_CAUSAL_NOT_REQUIRED_FOR_ROBUSTNESS","results/03_phase3/baseline/baseline_ligand_expression_by_donor.csv|config/phase3_analysis.json","YES",1.30523237259977,1.74326278872797,1.56538376513962,1.92114181231632,1.52424758066387,1.52424758066387,"YES","LICENSING_CONSISTENT_UP","donor/passage rules frozen before outcomes; no cell-level P value","results/03_phase3/licensing/licensing_effect_by_donor_passage.csv|config/phase3_analysis.json","ROBUST_BASELINE_AND_CONSISTENT_LICENSING","PUTATIVE_TRANSCRIPTOMIC_LIGAND","HIGH_CONFIDENCE_SENDER_CANDIDATE","YES","ANNOTATION_ONLY_TRANSCRIPT_DOES_NOT_PROVE_SECRETION","YES","results/03_phase3/baseline/baseline_sender_robustness.csv|results/03_phase3/licensing/licensing_ligand_classification.csv|config/phase3_analysis.json",0.777411376751855
39,"LGALS1","S2","HIGH_CONFIDENCE_SENDER_CANDIDATE_NOT_THERAPEUTIC","NicheNet lr_network_human_21122021.rds unique from","NicheNet human LR network 2021-12-21; Zenodo 7074291","NICHENET_AND_OMNIPATH_MAPPED",3,29,"YES","YES","YES","YES","OMNIPATH_SECRETED_ANNOTATION","Cellinker;CellTalkDB;ComPPI;connectomeDB2020;ConnectomeDB2025;GO_Intercell;HPA_secretome;ICELLNET;LOCATE;LRdb;Matrisome;OmniPath;Ramilowski_location;UniProt_keyword;UniProt_location","47c971d2fbba4ecd0ba7485d1846a74054432a0d1a97ea3e6a79ae27d0da8094","5e4142df024fd4d5d64cc667299364982a51176076ae6a69e1069425530afafa","FROZEN_BEFORE_EXPRESSION_OUTCOMES","https://zenodo.org/records/7074291|https://omnipathdb.org/intercell",2,4,6,2,4,7948.44391788508,8685.81335951652,1,0.979141621595115,0.999158249158249,0.999587798845837,0.367350477275552,"NO","ROBUST_BASELINE_SENDER",0.999158249158249,0.999579124579125,-0.000420875420875433,"NO_LARGE_CONTEXT_SHIFT","GSE182158 2/2 plus GSE199071 >=3/4 donor support; CPM>=1 and expressing fraction>=0.10","DESCRIPTIVE_ONLY_NOT_CAUSAL_NOT_REQUIRED_FOR_ROBUSTNESS","results/03_phase3/baseline/baseline_ligand_expression_by_donor.csv|config/phase3_analysis.json","YES",-0.165620938305888,-0.139492803768713,0.0206138391693585,-0.299599446706785,-0.152556871037301,0.152556871037301,"YES","NO_CLEAR_LICENSING_EFFECT","donor/passage rules frozen before outcomes; no cell-level P value","results/03_phase3/licensing/licensing_effect_by_donor_passage.csv|config/phase3_analysis.json","ROBUST_BASELINE_NO_CONSISTENT_LICENSING","PUTATIVE_TRANSCRIPTOMIC_LIGAND","HIGH_CONFIDENCE_SENDER_CANDIDATE","NO","ANNOTATION_ONLY_TRANSCRIPT_DOES_NOT_PROVE_SECRETION","YES","results/03_phase3/baseline/baseline_sender_robustness.csv|results/03_phase3/licensing/licensing_ligand_classification.csv|config/phase3_analysis.json",0.999158249158249
40,"RPS19","S2","HIGH_CONFIDENCE_SENDER_CANDIDATE_NOT_THERAPEUTIC","NicheNet lr_network_human_21122021.rds unique from","NicheNet human LR network 2021-12-21; Zenodo 7074291","NICHENET_AND_OMNIPATH_MAPPED",1,11,"YES","YES","YES","YES","OMNIPATH_SECRETED_ANNOTATION","ComPPI;connectomeDB2020;ConnectomeDB2025;GO_Intercell;OmniPath;UniProt_location","47c971d2fbba4ecd0ba7485d1846a74054432a0d1a97ea3e6a79ae27d0da8094","5e4142df024fd4d5d64cc667299364982a51176076ae6a69e1069425530afafa","FROZEN_BEFORE_EXPRESSION_OUTCOMES","https://zenodo.org/records/7074291|https://omnipathdb.org/intercell",2,4,6,2,4,7829.55976809,4134.37749347667,1,0.975312865145646,0.999158249158249,0.99876339653751,0.488381599084498,"NO","ROBUST_BASELINE_SENDER",0.999158249158249,0.997895622895623,0.00126262626262619,"NO_LARGE_CONTEXT_SHIFT","GSE182158 2/2 plus GSE199071 >=3/4 donor support; CPM>=1 and expressing fraction>=0.10","DESCRIPTIVE_ONLY_NOT_CAUSAL_NOT_REQUIRED_FOR_ROBUSTNESS","results/03_phase3/baseline/baseline_ligand_expression_by_donor.csv|config/phase3_analysis.json","YES",-0.161226441896494,-0.321116638639589,-0.144171161497023,-0.498062115782154,-0.241171540268041,0.241171540268041,"YES","NO_CLEAR_LICENSING_EFFECT","donor/passage rules frozen before outcomes; no cell-level P value","results/03_phase3/licensing/licensing_effect_by_donor_passage.csv|config/phase3_analysis.json","ROBUST_BASELINE_NO_CONSISTENT_LICENSING","PUTATIVE_TRANSCRIPTOMIC_LIGAND","HIGH_CONFIDENCE_SENDER_CANDIDATE","NO","ANNOTATION_ONLY_TRANSCRIPT_DOES_NOT_PROVE_SECRETION","YES","results/03_phase3/baseline/baseline_sender_robustness.csv|results/03_phase3/licensing/licensing_ligand_classification.csv|config/phase3_analysis.json",0.99876339653751
41,"TIMP1","S2","HIGH_CONFIDENCE_SENDER_CANDIDATE_NOT_THERAPEUTIC","NicheNet lr_network_human_21122021.rds unique from","NicheNet human LR network 2021-12-21; Zenodo 7074291","NICHENET_AND_OMNIPATH_MAPPED",5,16,"NO","YES","YES","YES","OMNIPATH_SECRETED_ANNOTATION","Baccin2019;Cellinker;connectomeDB2020;ConnectomeDB2025;GO_Intercell;HGNC;HPA_secretome;LOCATE;Matrisome;OmniPath;UniProt_keyword;UniProt_location","47c971d2fbba4ecd0ba7485d1846a74054432a0d1a97ea3e6a79ae27d0da8094","5e4142df024fd4d5d64cc667299364982a51176076ae6a69e1069425530afafa","FROZEN_BEFORE_EXPRESSION_OUTCOMES","https://zenodo.org/records/7074291|https://omnipathdb.org/intercell",2,4,6,2,4,1953.12818286183,1398.4662340288,0.999949295203326,0.958256143856672,0.993686868686869,0.991343775762572,0.545563362633454,"NO","ROBUST_BASELINE_SENDER",0.993686868686869,0.997053872053872,-0.00336700336700335,"NO_LARGE_CONTEXT_SHIFT","GSE182158 2/2 plus GSE199071 >=3/4 donor support; CPM>=1 and expressing fraction>=0.10","DESCRIPTIVE_ONLY_NOT_CAUSAL_NOT_REQUIRED_FOR_ROBUSTNESS","results/03_phase3/baseline/baseline_ligand_expression_by_donor.csv|config/phase3_analysis.json","YES",0.118075087148394,0.192403871294033,-0.27276907463464,0.657576817222707,0.155239479221213,0.155239479221213,"YES","PASSAGE_DEPENDENT","donor/passage rules frozen before outcomes; no cell-level P value","results/03_phase3/licensing/licensing_effect_by_donor_passage.csv|config/phase3_analysis.json","ROBUST_BASELINE_NO_CONSISTENT_LICENSING","PUTATIVE_TRANSCRIPTOMIC_LIGAND","HIGH_CONFIDENCE_SENDER_CANDIDATE","NO","ANNOTATION_ONLY_TRANSCRIPT_DOES_NOT_PROVE_SECRETION","YES","results/03_phase3/baseline/baseline_sender_robustness.csv|results/03_phase3/licensing/licensing_ligand_classification.csv|config/phase3_analysis.json",0.991343775762572
42,"GSTP1","S2","HIGH_CONFIDENCE_SENDER_CANDIDATE_NOT_THERAPEUTIC","NicheNet lr_network_human_21122021.rds unique from","NicheNet human LR network 2021-12-21; Zenodo 7074291","NICHENET_AND_OMNIPATH_MAPPED",1,5,"NO","NO","NO","YES","NO_OMNIPATH_SECRETED_ANNOTATION","ComPPI;GO_Intercell;OmniPath;UniProt_location","47c971d2fbba4ecd0ba7485d1846a74054432a0d1a97ea3e6a79ae27d0da8094","5e4142df024fd4d5d64cc667299364982a51176076ae6a69e1069425530afafa","FROZEN_BEFORE_EXPRESSION_OUTCOMES","https://zenodo.org/records/7074291|https://omnipathdb.org/intercell",2,4,6,2,4,1363.2048573953,1174.35682092691,0.999949295203326,0.967563576460186,0.991161616161616,0.989694971145919,0.308777619313526,"NO","ROBUST_BASELINE_SENDER",0.991161616161616,0.987794612794613,0.00336700336700335,"NO_LARGE_CONTEXT_SHIFT","GSE182158 2/2 plus GSE199071 >=3/4 donor support; CPM>=1 and expressing fraction>=0.10","DESCRIPTIVE_ONLY_NOT_CAUSAL_NOT_REQUIRED_FOR_ROBUSTNESS","results/03_phase3/baseline/baseline_ligand_expression_by_donor.csv|config/phase3_analysis.json","YES",-0.179325368062639,0.214176921773786,0.147199887389099,0.281153956158474,0.0174257768555735,0.196751144918213,"YES","NO_CLEAR_LICENSING_EFFECT","donor/passage rules frozen before outcomes; no cell-level P value","results/03_phase3/licensing/licensing_effect_by_donor_passage.csv|config/phase3_analysis.json","ROBUST_BASELINE_NO_CONSISTENT_LICENSING","PUTATIVE_TRANSCRIPTOMIC_LIGAND","HIGH_CONFIDENCE_SENDER_CANDIDATE","NO","ANNOTATION_ONLY_TRANSCRIPT_DOES_NOT_PROVE_SECRETION","YES","results/03_phase3/baseline/baseline_sender_robustness.csv|results/03_phase3/licensing/licensing_ligand_classification.csv|config/phase3_analysis.json",0.989694971145919
43,"FN1","S2","HIGH_CONFIDENCE_SENDER_CANDIDATE_NOT_THERAPEUTIC","NicheNet lr_network_human_21122021.rds unique from","NicheNet human LR network 2021-12-21; Zenodo 7074291","NICHENET_AND_OMNIPATH_MAPPED",22,27,"NO","YES","YES","YES","OMNIPATH_SECRETED_ANNOTATION","Baccin2019;CellChatDB;Cellinker;ComPPI;connectomeDB2020;ConnectomeDB2025;GO_Intercell;HPA_secretome;HPMR;LOCATE;Matrisome;MCAM;OmniPath;Ramilowski_location;UniProt_keyword;UniProt_location;Zhong2015","47c971d2fbba4ecd0ba7485d1846a74054432a0d1a97ea3e6a79ae27d0da8094","5e4142df024fd4d5d64cc667299364982a51176076ae6a69e1069425530afafa","FROZEN_BEFORE_EXPRESSION_OUTCOMES","https://zenodo.org/records/7074291|https://omnipathdb.org/intercell",2,4,6,2,4,1111.41724430038,1440.20915249604,0.999651653270889,0.961691665771767,0.989478114478114,0.992580379225062,0.499055340886719,"NO","ROBUST_BASELINE_SENDER",0.989478114478114,0.986952861952862,0.00252525252525249,"NO_LARGE_CONTEXT_SHIFT","GSE182158 2/2 plus GSE199071 >=3/4 donor support; CPM>=1 and expressing fraction>=0.10","DESCRIPTIVE_ONLY_NOT_CAUSAL_NOT_REQUIRED_FOR_ROBUSTNESS","results/03_phase3/baseline/baseline_ligand_expression_by_donor.csv|config/phase3_analysis.json","YES",-0.885664534438287,-0.059187299070017,-0.280927866679169,0.162553268539135,-0.472425916754152,0.472425916754152,"YES","NO_CLEAR_LICENSING_EFFECT","donor/passage rules frozen before outcomes; no cell-level P value","results/03_phase3/licensing/licensing_effect_by_donor_passage.csv|config/phase3_analysis.json","ROBUST_BASELINE_NO_CONSISTENT_LICENSING","PUTATIVE_TRANSCRIPTOMIC_LIGAND","HIGH_CONFIDENCE_SENDER_CANDIDATE","NO","ANNOTATION_ONLY_TRANSCRIPT_DOES_NOT_PROVE_SECRETION","YES","results/03_phase3/baseline/baseline_sender_robustness.csv|results/03_phase3/licensing/licensing_ligand_classification.csv|config/phase3_analysis.json",0.989478114478114
44,"CALM2","S2","HIGH_CONFIDENCE_SENDER_CANDIDATE_NOT_THERAPEUTIC","NicheNet lr_network_human_21122021.rds unique from","NicheNet human LR network 2021-12-21; Zenodo 7074291","NICHENET_AND_OMNIPATH_MAPPED",7,10,"NO","YES","NO","NO","NO_OMNIPATH_SECRETED_ANNOTATION","Cellinker;ComPPI;GO_Intercell;LOCATE;OmniPath;UniProt_location","47c971d2fbba4ecd0ba7485d1846a74054432a0d1a97ea3e6a79ae27d0da8094","5e4142df024fd4d5d64cc667299364982a51176076ae6a69e1069425530afafa","FROZEN_BEFORE_EXPRESSION_OUTCOMES","https://zenodo.org/records/7074291|https://omnipathdb.org/intercell",2,4,6,2,4,1095.68194422352,1614.83904172739,0.999504410362118,0.968124511213031,0.988215488215488,0.993816982687551,0.489905373640635,"NO","ROBUST_BASELINE_SENDER",0.988215488215488,0.992003367003367,-0.00378787878787878,"NO_LARGE_CONTEXT_SHIFT","GSE182158 2/2 plus GSE199071 >=3/4 donor support; CPM>=1 and expressing fraction>=0.10","DESCRIPTIVE_ONLY_NOT_CAUSAL_NOT_REQUIRED_FOR_ROBUSTNESS","results/03_phase3/baseline/baseline_ligand_expression_by_donor.csv|config/phase3_analysis.json","YES",0.054886146580849,-0.683904920204477,-0.959869493529564,-0.407940346879391,-0.314509386811814,0.369395533392663,"YES","DONOR_DEPENDENT","donor/passage rules frozen before outcomes; no cell-level P value","results/03_phase3/licensing/licensing_effect_by_donor_passage.csv|config/phase3_analysis.json","ROBUST_BASELINE_NO_CONSISTENT_LICENSING","PUTATIVE_TRANSCRIPTOMIC_LIGAND","HIGH_CONFIDENCE_SENDER_CANDIDATE","NO","ANNOTATION_ONLY_TRANSCRIPT_DOES_NOT_PROVE_SECRETION","YES","results/03_phase3/baseline/baseline_sender_robustness.csv|results/03_phase3/licensing/licensing_ligand_classification.csv|config/phase3_analysis.json",0.988215488215488
45,"ANXA2","S2","HIGH_CONFIDENCE_SENDER_CANDIDATE_NOT_THERAPEUTIC","NicheNet lr_network_human_21122021.rds unique from","NicheNet human LR network 2021-12-21; Zenodo 7074291","NICHENET_AND_OMNIPATH_MAPPED",5,38,"YES","YES","YES","YES","OMNIPATH_SECRETED_ANNOTATION","CellCellInteractions;Cellinker;ComPPI;connectomeDB2020;ConnectomeDB2025;GO_Intercell;HPA_secretome;ICELLNET;LOCATE;OmniPath;Ramilowski_location;UniProt_keyword;UniProt_location","47c971d2fbba4ecd0ba7485d1846a74054432a0d1a97ea3e6a79ae27d0da8094","5e4142df024fd4d5d64cc667299364982a51176076ae6a69e1069425530afafa","FROZEN_BEFORE_EXPRESSION_OUTCOMES","https://zenodo.org/records/7074291|https://omnipathdb.org/intercell",2,4,6,2,4,1759.02172144283,3362.50506707929,0.997870398539702,0.978005159572064,0.987794612794613,0.997938994229184,1.04085414794193,"NO","ROBUST_BASELINE_SENDER",0.987794612794613,0.99537037037037,-0.00757575757575746,"NO_LARGE_CONTEXT_SHIFT","GSE182158 2/2 plus GSE199071 >=3/4 donor support; CPM>=1 and expressing fraction>=0.10","DESCRIPTIVE_ONLY_NOT_CAUSAL_NOT_REQUIRED_FOR_ROBUSTNESS","results/03_phase3/baseline/baseline_ligand_expression_by_donor.csv|config/phase3_analysis.json","YES",-0.465423864785498,-0.375604435040576,-0.268469501688552,-0.482739368392599,-0.420514149913037,0.420514149913037,"YES","NO_CLEAR_LICENSING_EFFECT","donor/passage rules frozen before outcomes; no cell-level P value","results/03_phase3/licensing/licensing_effect_by_donor_passage.csv|config/phase3_analysis.json","ROBUST_BASELINE_NO_CONSISTENT_LICENSING","PUTATIVE_TRANSCRIPTOMIC_LIGAND","HIGH_CONFIDENCE_SENDER_CANDIDATE","NO","ANNOTATION_ONLY_TRANSCRIPT_DOES_NOT_PROVE_SECRETION","YES","results/03_phase3/baseline/baseline_sender_robustness.csv|results/03_phase3/licensing/licensing_ligand_classification.csv|config/phase3_analysis.json",0.987794612794613
46,"COL1A2","S2","HIGH_CONFIDENCE_SENDER_CANDIDATE_NOT_THERAPEUTIC","NicheNet lr_network_human_21122021.rds unique from","NicheNet human LR network 2021-12-21; Zenodo 7074291","NICHENET_AND_OMNIPATH_MAPPED",11,22,"YES","YES","YES","YES","OMNIPATH_SECRETED_ANNOTATION","Baccin2019;CellChatDB;Cellinker;connectomeDB2020;ConnectomeDB2025;GO_Intercell;HPA_secretome;LOCATE;Matrisome;OmniPath;UniProt_keyword;UniProt_location","47c971d2fbba4ecd0ba7485d1846a74054432a0d1a97ea3e6a79ae27d0da8094","5e4142df024fd4d5d64cc667299364982a51176076ae6a69e1069425530afafa","FROZEN_BEFORE_EXPRESSION_OUTCOMES","https://zenodo.org/records/7074291|https://omnipathdb.org/intercell",2,4,6,2,4,1411.26206542896,804.499568407764,0.999843014128728,0.944173788941697,0.989057239057239,0.983924154987634,0.62365762773165,"NO","ROBUST_BASELINE_SENDER",0.989057239057239,0.991161616161616,-0.00210437710437705,"NO_LARGE_CONTEXT_SHIFT","GSE182158 2/2 plus GSE199071 >=3/4 donor support; CPM>=1 and expressing fraction>=0.10","DESCRIPTIVE_ONLY_NOT_CAUSAL_NOT_REQUIRED_FOR_ROBUSTNESS","results/03_phase3/baseline/baseline_ligand_expression_by_donor.csv|config/phase3_analysis.json","YES",-1.41852115502336,-0.441334085821343,-0.623355124788552,-0.259313046854135,-0.929927620422354,0.929927620422354,"YES","NO_CLEAR_LICENSING_EFFECT","donor/passage rules frozen before outcomes; no cell-level P value","results/03_phase3/licensing/licensing_effect_by_donor_passage.csv|config/phase3_analysis.json","ROBUST_BASELINE_NO_CONSISTENT_LICENSING","PUTATIVE_TRANSCRIPTOMIC_LIGAND","HIGH_CONFIDENCE_SENDER_CANDIDATE","NO","ANNOTATION_ONLY_TRANSCRIPT_DOES_NOT_PROVE_SECRETION","YES","results/03_phase3/baseline/baseline_sender_robustness.csv|results/03_phase3/licensing/licensing_ligand_classification.csv|config/phase3_analysis.json",0.983924154987634
47,"HMGB1","S2","HIGH_CONFIDENCE_SENDER_CANDIDATE_NOT_THERAPEUTIC","NicheNet lr_network_human_21122021.rds unique from","NicheNet human LR network 2021-12-21; Zenodo 7074291","NICHENET_AND_OMNIPATH_MAPPED",9,21,"YES","YES","YES","YES","OMNIPATH_SECRETED_ANNOTATION","Cellinker;ComPPI;connectomeDB2020;ConnectomeDB2025;GO_Intercell;LOCATE;OmniPath;UniProt_keyword;UniProt_location","47c971d2fbba4ecd0ba7485d1846a74054432a0d1a97ea3e6a79ae27d0da8094","5e4142df024fd4d5d64cc667299364982a51176076ae6a69e1069425530afafa","FROZEN_BEFORE_EXPRESSION_OUTCOMES","https://zenodo.org/records/7074291|https://omnipathdb.org/intercell",2,4,6,2,4,735.776326766032,1369.72432274767,0.999156063633007,0.965555616400816,0.980639730639731,0.991343775762572,0.620480002658424,"NO","ROBUST_BASELINE_SENDER",0.980639730639731,0.980218855218855,0.000420875420875433,"NO_LARGE_CONTEXT_SHIFT","GSE182158 2/2 plus GSE199071 >=3/4 donor support; CPM>=1 and expressing fraction>=0.10","DESCRIPTIVE_ONLY_NOT_CAUSAL_NOT_REQUIRED_FOR_ROBUSTNESS","results/03_phase3/baseline/baseline_ligand_expression_by_donor.csv|config/phase3_analysis.json","YES",0.111588596878787,-0.254255901609208,-0.23000368985832,-0.278508113360096,-0.0713336523652108,0.182922249243997,"YES","NO_CLEAR_LICENSING_EFFECT","donor/passage rules frozen before outcomes; no cell-level P value","results/03_phase3/licensing/licensing_effect_by_donor_passage.csv|config/phase3_analysis.json","ROBUST_BASELINE_NO_CONSISTENT_LICENSING","PUTATIVE_TRANSCRIPTOMIC_LIGAND","HIGH_CONFIDENCE_SENDER_CANDIDATE","NO","ANNOTATION_ONLY_TRANSCRIPT_DOES_NOT_PROVE_SECRETION","YES","results/03_phase3/baseline/baseline_sender_robustness.csv|results/03_phase3/licensing/licensing_ligand_classification.csv|config/phase3_analysis.json",0.980639730639731
48,"IGFBP7","S2","HIGH_CONFIDENCE_SENDER_CANDIDATE_NOT_THERAPEUTIC","NicheNet lr_network_human_21122021.rds unique from","NicheNet human LR network 2021-12-21; Zenodo 7074291","NICHENET_AND_OMNIPATH_MAPPED",1,27,"YES","YES","YES","YES","OMNIPATH_SECRETED_ANNOTATION","CellCellInteractions;Cellinker;ConnectomeDB2025;GO_Intercell;HPA_secretome;ICELLNET;LOCATE;Matrisome;MatrixDB;OmniPath;UniProt_keyword;UniProt_location","47c971d2fbba4ecd0ba7485d1846a74054432a0d1a97ea3e6a79ae27d0da8094","5e4142df024fd4d5d64cc667299364982a51176076ae6a69e1069425530afafa","FROZEN_BEFORE_EXPRESSION_OUTCOMES","https://zenodo.org/records/7074291|https://omnipathdb.org/intercell",2,4,6,2,4,628.554677152454,704.47537811918,0.987566141103887,0.946595838041927,0.97979797979798,0.981038746908491,0.188233652137634,"NO","ROBUST_BASELINE_SENDER",0.97979797979798,0.988636363636364,-0.00883838383838387,"NO_LARGE_CONTEXT_SHIFT","GSE182158 2/2 plus GSE199071 >=3/4 donor support; CPM>=1 and expressing fraction>=0.10","DESCRIPTIVE_ONLY_NOT_CAUSAL_NOT_REQUIRED_FOR_ROBUSTNESS","results/03_phase3/baseline/baseline_ligand_expression_by_donor.csv|config/phase3_analysis.json","YES",0.150401723021427,0.438143262608705,0.485069614738844,0.391216910478565,0.294272492815066,0.294272492815066,"YES","NO_CLEAR_LICENSING_EFFECT","donor/passage rules frozen before outcomes; no cell-level P value","results/03_phase3/licensing/licensing_effect_by_donor_passage.csv|config/phase3_analysis.json","ROBUST_BASELINE_NO_CONSISTENT_LICENSING","PUTATIVE_TRANSCRIPTOMIC_LIGAND","HIGH_CONFIDENCE_SENDER_CANDIDATE","NO","ANNOTATION_ONLY_TRANSCRIPT_DOES_NOT_PROVE_SECRETION","YES","results/03_phase3/baseline/baseline_sender_robustness.csv|results/03_phase3/licensing/licensing_ligand_classification.csv|config/phase3_analysis.json",0.97979797979798
49,"CALR","S2","HIGH_CONFIDENCE_SENDER_CANDIDATE_NOT_THERAPEUTIC","NicheNet lr_network_human_21122021.rds unique from","NicheNet human LR network 2021-12-21; Zenodo 7074291","NICHENET_AND_OMNIPATH_MAPPED",10,34,"YES","YES","YES","YES","OMNIPATH_SECRETED_ANNOTATION","Baccin2019;Cellinker;CellTalkDB;ComPPI;connectomeDB2020;ConnectomeDB2025;DGIdb;EMBRACE;GO_Intercell;HPMR;ICELLNET;iTALK;LOCATE;LRdb;OmniPath;Ramilowski_location;Ramilowski2015;talklr;UniProt_keyword;UniProt_location","47c971d2fbba4ecd0ba7485d1846a74054432a0d1a97ea3e6a79ae27d0da8094","5e4142df024fd4d5d64cc667299364982a51176076ae6a69e1069425530afafa","FROZEN_BEFORE_EXPRESSION_OUTCOMES","https://zenodo.org/records/7074291|https://omnipathdb.org/intercell",2,4,6,2,4,684.992110111478,887.556055830817,0.999070983849766,0.959662318285036,0.97979797979798,0.98598516075845,0.359240013394945,"NO","ROBUST_BASELINE_SENDER",0.97979797979798,0.973484848484848,0.00631313131313127,"NO_LARGE_CONTEXT_SHIFT","GSE182158 2/2 plus GSE199071 >=3/4 donor support; CPM>=1 and expressing fraction>=0.10","DESCRIPTIVE_ONLY_NOT_CAUSAL_NOT_REQUIRED_FOR_ROBUSTNESS","results/03_phase3/baseline/baseline_ligand_expression_by_donor.csv|config/phase3_analysis.json","YES",0.298216489731092,-0.21965685479932,-0.0451763799764782,-0.394137329622163,0.039279817465886,0.258936672265206,"YES","NO_CLEAR_LICENSING_EFFECT","donor/passage rules frozen before outcomes; no cell-level P value","results/03_phase3/licensing/licensing_effect_by_donor_passage.csv|config/phase3_analysis.json","ROBUST_BASELINE_NO_CONSISTENT_LICENSING","PUTATIVE_TRANSCRIPTOMIC_LIGAND","HIGH_CONFIDENCE_SENDER_CANDIDATE","NO","ANNOTATION_ONLY_TRANSCRIPT_DOES_NOT_PROVE_SECRETION","YES","results/03_phase3/baseline/baseline_sender_robustness.csv|results/03_phase3/licensing/licensing_ligand_classification.csv|config/phase3_analysis.json",0.97979797979798
50,"SPARC","S2","HIGH_CONFIDENCE_SENDER_CANDIDATE_NOT_THERAPEUTIC","NicheNet lr_network_human_21122021.rds unique from","NicheNet human LR network 2021-12-21; Zenodo 7074291","NICHENET_AND_OMNIPATH_MAPPED",2,24,"YES","YES","YES","YES","OMNIPATH_SECRETED_ANNOTATION","CellChatDB;Cellinker;ComPPI;ConnectomeDB2025;GO_Intercell;HGNC;HPA_secretome;LOCATE;Matrisome;OmniPath;Ramilowski_location;UniProt_keyword;UniProt_location","47c971d2fbba4ecd0ba7485d1846a74054432a0d1a97ea3e6a79ae27d0da8094","5e4142df024fd4d5d64cc667299364982a51176076ae6a69e1069425530afafa","FROZEN_BEFORE_EXPRESSION_OUTCOMES","https://zenodo.org/records/7074291|https://omnipathdb.org/intercell",2,4,6,2,4,1773.49340632055,545.590056938155,1,0.928038197617096,0.992424242424242,0.978565539983512,0.966267935216012,"NO","ROBUST_BASELINE_SENDER",0.992424242424242,0.981060606060606,0.0113636363636364,"NO_LARGE_CONTEXT_SHIFT","GSE182158 2/2 plus GSE199071 >=3/4 donor support; CPM>=1 and expressing fraction>=0.10","DESCRIPTIVE_ONLY_NOT_CAUSAL_NOT_REQUIRED_FOR_ROBUSTNESS","results/03_phase3/baseline/baseline_ligand_expression_by_donor.csv|config/phase3_analysis.json","YES",-0.979171750573881,0.0198123060334408,-0.137664816814202,0.177289428881083,-0.47967972227022,0.499492028303661,"YES","DONOR_DEPENDENT","donor/passage rules frozen before outcomes; no cell-level P value","results/03_phase3/licensing/licensing_effect_by_donor_passage.csv|config/phase3_analysis.json","ROBUST_BASELINE_NO_CONSISTENT_LICENSING","PUTATIVE_TRANSCRIPTOMIC_LIGAND","HIGH_CONFIDENCE_SENDER_CANDIDATE","NO","ANNOTATION_ONLY_TRANSCRIPT_DOES_NOT_PROVE_SECRETION","YES","results/03_phase3/baseline/baseline_sender_robustness.csv|results/03_phase3/licensing/licensing_ligand_classification.csv|config/phase3_analysis.json",0.978565539983512
51,"CD99","S2","HIGH_CONFIDENCE_SENDER_CANDIDATE_NOT_THERAPEUTIC","NicheNet lr_network_human_21122021.rds unique from","NicheNet human LR network 2021-12-21; Zenodo 7074291","NICHENET_AND_OMNIPATH_MAPPED",4,35,"YES","YES","YES","YES","OMNIPATH_SECRETED_ANNOTATION","CellChatDB;Cellinker;CellPhoneDB;CellTalkDB;connectomeDB2020;ConnectomeDB2025;GO_Intercell;ICELLNET;LRdb;Membranome;OmniPath;Phobius;Ramilowski_location;TopDB;UniProt_keyword;UniProt_location;UniProt_topology","47c971d2fbba4ecd0ba7485d1846a74054432a0d1a97ea3e6a79ae27d0da8094","5e4142df024fd4d5d64cc667299364982a51176076ae6a69e1069425530afafa","FROZEN_BEFORE_EXPRESSION_OUTCOMES","https://zenodo.org/records/7074291|https://omnipathdb.org/intercell",2,4,6,2,4,606.854675306614,667.516091894862,0.999476622223156,0.95616059450719,0.978535353535354,0.980626545754328,0.199447967108711,"NO","ROBUST_BASELINE_SENDER",0.978535353535354,0.983585858585858,-0.00505050505050497,"NO_LARGE_CONTEXT_SHIFT","GSE182158 2/2 plus GSE199071 >=3/4 donor support; CPM>=1 and expressing fraction>=0.10","DESCRIPTIVE_ONLY_NOT_CAUSAL_NOT_REQUIRED_FOR_ROBUSTNESS","results/03_phase3/baseline/baseline_ligand_expression_by_donor.csv|config/phase3_analysis.json","YES",0,0,0,0,0,0,"NO","NO_CLEAR_LICENSING_EFFECT","donor/passage rules frozen before outcomes; no cell-level P value","results/03_phase3/licensing/licensing_effect_by_donor_passage.csv|config/phase3_analysis.json","ROBUST_BASELINE_NO_CONSISTENT_LICENSING","PUTATIVE_TRANSCRIPTOMIC_LIGAND","HIGH_CONFIDENCE_SENDER_CANDIDATE","NO","ANNOTATION_ONLY_TRANSCRIPT_DOES_NOT_PROVE_SECRETION","YES","results/03_phase3/baseline/baseline_sender_robustness.csv|results/03_phase3/licensing/licensing_ligand_classification.csv|config/phase3_analysis.json",0.978535353535354
52,"HSP90B1","S2","HIGH_CONFIDENCE_SENDER_CANDIDATE_NOT_THERAPEUTIC","NicheNet lr_network_human_21122021.rds unique from","NicheNet human LR network 2021-12-21; Zenodo 7074291","NICHENET_AND_OMNIPATH_MAPPED",1,12,"YES","YES","NO","YES","NO_OMNIPATH_SECRETED_ANNOTATION","ComPPI;ConnectomeDB2025;GO_Intercell;LOCATE;OmniPath;scConnect;UniProt_location","47c971d2fbba4ecd0ba7485d1846a74054432a0d1a97ea3e6a79ae27d0da8094","5e4142df024fd4d5d64cc667299364982a51176076ae6a69e1069425530afafa","FROZEN_BEFORE_EXPRESSION_OUTCOMES","https://zenodo.org/records/7074291|https://omnipathdb.org/intercell",2,4,6,2,4,628.048559186292,783.54731929317,0.996995517918852,0.95783150809404,0.976430976430976,0.983511953833471,0.401232420895278,"NO","ROBUST_BASELINE_SENDER",0.976430976430976,0.974326599326599,0.00210437710437705,"NO_LARGE_CONTEXT_SHIFT","GSE182158 2/2 plus GSE199071 >=3/4 donor support; CPM>=1 and expressing fraction>=0.10","DESCRIPTIVE_ONLY_NOT_CAUSAL_NOT_REQUIRED_FOR_ROBUSTNESS","results/03_phase3/baseline/baseline_ligand_expression_by_donor.csv|config/phase3_analysis.json","YES",-0.0713829781657787,-0.0234529133081011,-0.0513227475348229,0.00441692091862069,-0.0474179457369399,0.0474179457369399,"YES","NO_CLEAR_LICENSING_EFFECT","donor/passage rules frozen before outcomes; no cell-level P value","results/03_phase3/licensing/licensing_effect_by_donor_passage.csv|config/phase3_analysis.json","ROBUST_BASELINE_NO_CONSISTENT_LICENSING","PUTATIVE_TRANSCRIPTOMIC_LIGAND","HIGH_CONFIDENCE_SENDER_CANDIDATE","NO","ANNOTATION_ONLY_TRANSCRIPT_DOES_NOT_PROVE_SECRETION","YES","results/03_phase3/baseline/baseline_sender_robustness.csv|results/03_phase3/licensing/licensing_ligand_classification.csv|config/phase3_analysis.json",0.976430976430976
53,"S100A10","S2","HIGH_CONFIDENCE_SENDER_CANDIDATE_NOT_THERAPEUTIC","NicheNet lr_network_human_21122021.rds unique from","NicheNet human LR network 2021-12-21; Zenodo 7074291","NICHENET_AND_OMNIPATH_MAPPED",4,22,"YES","YES","YES","YES","OMNIPATH_SECRETED_ANNOTATION","Almen2009;Cellinker;CellTalkDB;ComPPI;ConnectomeDB2025;GO_Intercell;LOCATE;Matrisome;OmniPath;Phobius","47c971d2fbba4ecd0ba7485d1846a74054432a0d1a97ea3e6a79ae27d0da8094","5e4142df024fd4d5d64cc667299364982a51176076ae6a69e1069425530afafa","FROZEN_BEFORE_EXPRESSION_OUTCOMES","https://zenodo.org/records/7074291|https://omnipathdb.org/intercell",2,4,6,2,4,810.703897771791,2166.58928709062,0.975189024616423,0.971672461585108,0.97516835016835,0.996290189612531,1.21014616089147,"NO","ROBUST_BASELINE_SENDER",0.97516835016835,0.992003367003367,-0.0168350168350169,"NO_LARGE_CONTEXT_SHIFT","GSE182158 2/2 plus GSE199071 >=3/4 donor support; CPM>=1 and expressing fraction>=0.10","DESCRIPTIVE_ONLY_NOT_CAUSAL_NOT_REQUIRED_FOR_ROBUSTNESS","results/03_phase3/baseline/baseline_ligand_expression_by_donor.csv|config/phase3_analysis.json","YES",-1.23919913290915,-0.123452971609673,-0.203759531464849,-0.0431464117544959,-0.681326052259411,0.681326052259411,"YES","NO_CLEAR_LICENSING_EFFECT","donor/passage rules frozen before outcomes; no cell-level P value","results/03_phase3/licensing/licensing_effect_by_donor_passage.csv|config/phase3_analysis.json","ROBUST_BASELINE_NO_CONSISTENT_LICENSING","PUTATIVE_TRANSCRIPTOMIC_LIGAND","HIGH_CONFIDENCE_SENDER_CANDIDATE","NO","ANNOTATION_ONLY_TRANSCRIPT_DOES_NOT_PROVE_SECRETION","YES","results/03_phase3/baseline/baseline_sender_robustness.csv|results/03_phase3/licensing/licensing_ligand_classification.csv|config/phase3_analysis.json",0.97516835016835
54,"RTN4","S2","HIGH_CONFIDENCE_SENDER_CANDIDATE_NOT_THERAPEUTIC","NicheNet lr_network_human_21122021.rds unique from","NicheNet human LR network 2021-12-21; Zenodo 7074291","NICHENET_AND_OMNIPATH_MAPPED",8,29,"YES","YES","NO","YES","NO_OMNIPATH_SECRETED_ANNOTATION","Baccin2019;Cellinker;ComPPI;connectomeDB2020;ConnectomeDB2025;GO_Intercell;HPMR;LOCATE;OmniPath;Phobius;Ramilowski_location;TopDB;UniProt_keyword;UniProt_location;UniProt_topology","47c971d2fbba4ecd0ba7485d1846a74054432a0d1a97ea3e6a79ae27d0da8094","5e4142df024fd4d5d64cc667299364982a51176076ae6a69e1069425530afafa","FROZEN_BEFORE_EXPRESSION_OUTCOMES","https://zenodo.org/records/7074291|https://omnipathdb.org/intercell",2,4,6,2,4,534.288449906008,942.491813924736,0.998842091890464,0.960678567241851,0.97516835016835,0.98722176422094,0.47076513931207,"NO","ROBUST_BASELINE_SENDER",0.97516835016835,0.972643097643098,0.00252525252525249,"NO_LARGE_CONTEXT_SHIFT","GSE182158 2/2 plus GSE199071 >=3/4 donor support; CPM>=1 and expressing fraction>=0.10","DESCRIPTIVE_ONLY_NOT_CAUSAL_NOT_REQUIRED_FOR_ROBUSTNESS","results/03_phase3/baseline/baseline_ligand_expression_by_donor.csv|config/phase3_analysis.json","YES",-0.400965270898037,-0.476258923602818,-0.370909201847102,-0.581608645358534,-0.438612097250427,0.438612097250427,"YES","NO_CLEAR_LICENSING_EFFECT","donor/passage rules frozen before outcomes; no cell-level P value","results/03_phase3/licensing/licensing_effect_by_donor_passage.csv|config/phase3_analysis.json","ROBUST_BASELINE_NO_CONSISTENT_LICENSING","PUTATIVE_TRANSCRIPTOMIC_LIGAND","HIGH_CONFIDENCE_SENDER_CANDIDATE","NO","ANNOTATION_ONLY_TRANSCRIPT_DOES_NOT_PROVE_SECRETION","YES","results/03_phase3/baseline/baseline_sender_robustness.csv|results/03_phase3/licensing/licensing_ligand_classification.csv|config/phase3_analysis.json",0.97516835016835
55,"CTHRC1","S2","HIGH_CONFIDENCE_SENDER_CANDIDATE_NOT_THERAPEUTIC","NicheNet lr_network_human_21122021.rds unique from","NicheNet human LR network 2021-12-21; Zenodo 7074291","NICHENET_AND_OMNIPATH_MAPPED",4,17,"NO","YES","YES","YES","OMNIPATH_SECRETED_ANNOTATION","Baccin2019;CellCellInteractions;Cellinker;ComPPI;connectomeDB2020;ConnectomeDB2025;GO_Intercell;HPA_secretome;Matrisome;MatrixDB;OmniPath;UniProt_keyword;UniProt_location","47c971d2fbba4ecd0ba7485d1846a74054432a0d1a97ea3e6a79ae27d0da8094","5e4142df024fd4d5d64cc667299364982a51176076ae6a69e1069425530afafa","FROZEN_BEFORE_EXPRESSION_OUTCOMES","https://zenodo.org/records/7074291|https://omnipathdb.org/intercell",2,4,6,2,4,527.611479209515,372.726318602349,0.993669311116832,0.900428107112206,0.977272727272727,0.974031327287716,0.367887739525133,"NO","ROBUST_BASELINE_SENDER",0.977272727272727,0.955808080808081,0.0214646464646465,"NO_LARGE_CONTEXT_SHIFT","GSE182158 2/2 plus GSE199071 >=3/4 donor support; CPM>=1 and expressing fraction>=0.10","DESCRIPTIVE_ONLY_NOT_CAUSAL_NOT_REQUIRED_FOR_ROBUSTNESS","results/03_phase3/baseline/baseline_ligand_expression_by_donor.csv|config/phase3_analysis.json","YES",0.00851924281194015,0.436567288854924,0.145674721898758,0.72745985581109,0.222543265833432,0.222543265833432,"YES","NO_CLEAR_LICENSING_EFFECT","donor/passage rules frozen before outcomes; no cell-level P value","results/03_phase3/licensing/licensing_effect_by_donor_passage.csv|config/phase3_analysis.json","ROBUST_BASELINE_NO_CONSISTENT_LICENSING","PUTATIVE_TRANSCRIPTOMIC_LIGAND","HIGH_CONFIDENCE_SENDER_CANDIDATE","NO","ANNOTATION_ONLY_TRANSCRIPT_DOES_NOT_PROVE_SECRETION","YES","results/03_phase3/baseline/baseline_sender_robustness.csv|results/03_phase3/licensing/licensing_ligand_classification.csv|config/phase3_analysis.json",0.974031327287716
56,"COL3A1","S2","HIGH_CONFIDENCE_SENDER_CANDIDATE_NOT_THERAPEUTIC","NicheNet lr_network_human_21122021.rds unique from","NicheNet human LR network 2021-12-21; Zenodo 7074291","NICHENET_AND_OMNIPATH_MAPPED",8,19,"YES","YES","YES","YES","OMNIPATH_SECRETED_ANNOTATION","Baccin2019;CellChatDB;Cellinker;connectomeDB2020;ConnectomeDB2025;GO_Intercell;HPA_secretome;Matrisome;OmniPath;UniProt_keyword;UniProt_location","47c971d2fbba4ecd0ba7485d1846a74054432a0d1a97ea3e6a79ae27d0da8094","5e4142df024fd4d5d64cc667299364982a51176076ae6a69e1069425530afafa","FROZEN_BEFORE_EXPRESSION_OUTCOMES","https://zenodo.org/records/7074291|https://omnipathdb.org/intercell",2,4,6,2,4,1720.1054126179,436.147263433607,0.999753062864237,0.891313437199875,0.991582491582492,0.97320692497939,1.25048199643148,"NO","ROBUST_BASELINE_SENDER",0.991582491582492,0.973484848484848,0.0180976430976431,"NO_LARGE_CONTEXT_SHIFT","GSE182158 2/2 plus GSE199071 >=3/4 donor support; CPM>=1 and expressing fraction>=0.10","DESCRIPTIVE_ONLY_NOT_CAUSAL_NOT_REQUIRED_FOR_ROBUSTNESS","results/03_phase3/baseline/baseline_ligand_expression_by_donor.csv|config/phase3_analysis.json","YES",-2.75111460720049,0.196293946927907,0.0314535614958219,0.361134332359992,-1.27741033013629,1.4737042770642,"YES","DONOR_DEPENDENT","donor/passage rules frozen before outcomes; no cell-level P value","results/03_phase3/licensing/licensing_effect_by_donor_passage.csv|config/phase3_analysis.json","ROBUST_BASELINE_NO_CONSISTENT_LICENSING","PUTATIVE_TRANSCRIPTOMIC_LIGAND","HIGH_CONFIDENCE_SENDER_CANDIDATE","NO","ANNOTATION_ONLY_TRANSCRIPT_DOES_NOT_PROVE_SECRETION","YES","results/03_phase3/baseline/baseline_sender_robustness.csv|results/03_phase3/licensing/licensing_ligand_classification.csv|config/phase3_analysis.json",0.97320692497939
57,"THY1","S2","HIGH_CONFIDENCE_SENDER_CANDIDATE_NOT_THERAPEUTIC","NicheNet lr_network_human_21122021.rds unique from","NicheNet human LR network 2021-12-21; Zenodo 7074291","NICHENET_AND_OMNIPATH_MAPPED",6,44,"YES","YES","NO","YES","NO_OMNIPATH_SECRETED_ANNOTATION","Adhesome;CellCellInteractions;CellChatDB;Cellinker;CellPhoneDB;CellTalkDB;ComPPI;connectomeDB2020;ConnectomeDB2025;CSPA;DGIdb;GO_Intercell;HGNC;ICELLNET;LRdb;MatrixDB;OmniPath;Ramilowski_location;Surfaceome;TopDB;UniProt_location;Zhong2015","47c971d2fbba4ecd0ba7485d1846a74054432a0d1a97ea3e6a79ae27d0da8094","5e4142df024fd4d5d64cc667299364982a51176076ae6a69e1069425530afafa","FROZEN_BEFORE_EXPRESSION_OUTCOMES","https://zenodo.org/records/7074291|https://omnipathdb.org/intercell",2,4,6,2,4,616.849994373353,347.232149114854,0.990865109002577,0.930018507231854,0.976430976430976,0.972382522671064,0.613217475452465,"NO","ROBUST_BASELINE_SENDER",0.976430976430976,0.981902356902357,-0.00547138047138052,"NO_LARGE_CONTEXT_SHIFT","GSE182158 2/2 plus GSE199071 >=3/4 donor support; CPM>=1 and expressing fraction>=0.10","DESCRIPTIVE_ONLY_NOT_CAUSAL_NOT_REQUIRED_FOR_ROBUSTNESS","results/03_phase3/baseline/baseline_ligand_expression_by_donor.csv|config/phase3_analysis.json","YES",-0.570071494177144,-0.282615448473555,-0.930535318741293,0.365304421794183,-0.426343471325349,0.426343471325349,"YES","PASSAGE_DEPENDENT","donor/passage rules frozen before outcomes; no cell-level P value","results/03_phase3/licensing/licensing_effect_by_donor_passage.csv|config/phase3_analysis.json","ROBUST_BASELINE_NO_CONSISTENT_LICENSING","PUTATIVE_TRANSCRIPTOMIC_LIGAND","HIGH_CONFIDENCE_SENDER_CANDIDATE","NO","ANNOTATION_ONLY_TRANSCRIPT_DOES_NOT_PROVE_SECRETION","YES","results/03_phase3/baseline/baseline_sender_robustness.csv|results/03_phase3/licensing/licensing_ligand_classification.csv|config/phase3_analysis.json",0.972382522671064
58,"ITGB1","S2","HIGH_CONFIDENCE_SENDER_CANDIDATE_NOT_THERAPEUTIC","NicheNet lr_network_human_21122021.rds unique from","NicheNet human LR network 2021-12-21; Zenodo 7074291","NICHENET_AND_OMNIPATH_MAPPED",1,75,"YES","YES","NO","YES","NO_OMNIPATH_SECRETED_ANNOTATION","Adhesome;Almen2009;Baccin2019;CellCellInteractions;Cellinker;CellPhoneDB;CellTalkDB;ComPPI;connectomeDB2020;ConnectomeDB2025;CSPA;DGIdb;EMBRACE;GO_Intercell;Guide2Pharma;HPMR;ICELLNET;Integrins;iTALK;Kirouac2010;LOCATE;LRdb;Membranome;OmniPath;Phobius;Ramilowski_location;Ramilowski2015;scConnect;Surfaceome;talklr;TopDB;UniProt_keyword;UniProt_location;UniProt_topology;Zhong2015","47c971d2fbba4ecd0ba7485d1846a74054432a0d1a97ea3e6a79ae27d0da8094","5e4142df024fd4d5d64cc667299364982a51176076ae6a69e1069425530afafa","FROZEN_BEFORE_EXPRESSION_OUTCOMES","https://zenodo.org/records/7074291|https://omnipathdb.org/intercell",2,4,6,2,4,384.677690233281,821.213665110533,0.997119844169912,0.956401565445834,0.970117845117845,0.983924154987634,0.651869953056072,"NO","ROBUST_BASELINE_SENDER",0.970117845117845,0.976010101010101,-0.00589225589225584,"NO_LARGE_CONTEXT_SHIFT","GSE182158 2/2 plus GSE199071 >=3/4 donor support; CPM>=1 and expressing fraction>=0.10","DESCRIPTIVE_ONLY_NOT_CAUSAL_NOT_REQUIRED_FOR_ROBUSTNESS","results/03_phase3/baseline/baseline_ligand_expression_by_donor.csv|config/phase3_analysis.json","YES",-0.302225226985967,-0.179905884788928,-0.35001405113849,-0.00979771843936614,-0.241065555887448,0.241065555887448,"YES","NO_CLEAR_LICENSING_EFFECT","donor/passage rules frozen before outcomes; no cell-level P value","results/03_phase3/licensing/licensing_effect_by_donor_passage.csv|config/phase3_analysis.json","ROBUST_BASELINE_NO_CONSISTENT_LICENSING","PUTATIVE_TRANSCRIPTOMIC_LIGAND","HIGH_CONFIDENCE_SENDER_CANDIDATE","NO","ANNOTATION_ONLY_TRANSCRIPT_DOES_NOT_PROVE_SECRETION","YES","results/03_phase3/baseline/baseline_sender_robustness.csv|results/03_phase3/licensing/licensing_ligand_classification.csv|config/phase3_analysis.json",0.970117845117845
59,"COL6A1","S2","HIGH_CONFIDENCE_SENDER_CANDIDATE_NOT_THERAPEUTIC","NicheNet lr_network_human_21122021.rds unique from","NicheNet human LR network 2021-12-21; Zenodo 7074291","NICHENET_AND_OMNIPATH_MAPPED",6,17,"YES","YES","YES","YES","OMNIPATH_SECRETED_ANNOTATION","CellChatDB;ComPPI;GO_Intercell;HGNC;HPA_secretome;LOCATE;Matrisome;OmniPath;UniProt_keyword;UniProt_location","47c971d2fbba4ecd0ba7485d1846a74054432a0d1a97ea3e6a79ae27d0da8094","5e4142df024fd4d5d64cc667299364982a51176076ae6a69e1069425530afafa","FROZEN_BEFORE_EXPRESSION_OUTCOMES","https://zenodo.org/records/7074291|https://omnipathdb.org/intercell",2,4,6,2,4,392.814011750218,328.320546114766,0.996212578546665,0.898897595443272,0.968855218855219,0.971145919208574,0.246746745148538,"NO","ROBUST_BASELINE_SENDER",0.968855218855219,0.986952861952862,-0.0180976430976431,"NO_LARGE_CONTEXT_SHIFT","GSE182158 2/2 plus GSE199071 >=3/4 donor support; CPM>=1 and expressing fraction>=0.10","DESCRIPTIVE_ONLY_NOT_CAUSAL_NOT_REQUIRED_FOR_ROBUSTNESS","results/03_phase3/baseline/baseline_ligand_expression_by_donor.csv|config/phase3_analysis.json","YES",-0.0498170393855008,-0.306479960513567,-0.283852291363168,-0.329107629663966,-0.178148499949534,0.178148499949534,"YES","NO_CLEAR_LICENSING_EFFECT","donor/passage rules frozen before outcomes; no cell-level P value","results/03_phase3/licensing/licensing_effect_by_donor_passage.csv|config/phase3_analysis.json","ROBUST_BASELINE_NO_CONSISTENT_LICENSING","PUTATIVE_TRANSCRIPTOMIC_LIGAND","HIGH_CONFIDENCE_SENDER_CANDIDATE","NO","ANNOTATION_ONLY_TRANSCRIPT_DOES_NOT_PROVE_SECRETION","YES","results/03_phase3/baseline/baseline_sender_robustness.csv|results/03_phase3/licensing/licensing_ligand_classification.csv|config/phase3_analysis.json",0.968855218855219
60,"ARF1","S2","HIGH_CONFIDENCE_SENDER_CANDIDATE_NOT_THERAPEUTIC","NicheNet lr_network_human_21122021.rds unique from","NicheNet human LR network 2021-12-21; Zenodo 7074291","NICHENET_AND_OMNIPATH_MAPPED",1,12,"YES","YES","NO","YES","NO_OMNIPATH_SECRETED_ANNOTATION","Baccin2019;ComPPI;connectomeDB2020;GO_Intercell;LOCATE;OmniPath;UniProt_location","47c971d2fbba4ecd0ba7485d1846a74054432a0d1a97ea3e6a79ae27d0da8094","5e4142df024fd4d5d64cc667299364982a51176076ae6a69e1069425530afafa","FROZEN_BEFORE_EXPRESSION_OUTCOMES","https://zenodo.org/records/7074291|https://omnipathdb.org/intercell",2,4,6,2,4,328.256204045077,437.025720697548,0.996274467054379,0.954781461491276,0.966750841750842,0.975680131904369,0.236735075863542,"NO","ROBUST_BASELINE_SENDER",0.966750841750842,0.955808080808081,0.0109427609427609,"NO_LARGE_CONTEXT_SHIFT","GSE182158 2/2 plus GSE199071 >=3/4 donor support; CPM>=1 and expressing fraction>=0.10","DESCRIPTIVE_ONLY_NOT_CAUSAL_NOT_REQUIRED_FOR_ROBUSTNESS","results/03_phase3/baseline/baseline_ligand_expression_by_donor.csv|config/phase3_analysis.json","YES",0.528128661308345,0.617322654434138,0.0562468524793689,1.17839845638891,0.572725657871241,0.572725657871241,"YES","PASSAGE_DEPENDENT","donor/passage rules frozen before outcomes; no cell-level P value","results/03_phase3/licensing/licensing_effect_by_donor_passage.csv|config/phase3_analysis.json","ROBUST_BASELINE_NO_CONSISTENT_LICENSING","PUTATIVE_TRANSCRIPTOMIC_LIGAND","HIGH_CONFIDENCE_SENDER_CANDIDATE","NO","ANNOTATION_ONLY_TRANSCRIPT_DOES_NOT_PROVE_SECRETION","YES","results/03_phase3/baseline/baseline_sender_robustness.csv|results/03_phase3/licensing/licensing_ligand_classification.csv|config/phase3_analysis.json",0.966750841750842
61,"COL6A2","S2","HIGH_CONFIDENCE_SENDER_CANDIDATE_NOT_THERAPEUTIC","NicheNet lr_network_human_21122021.rds unique from","NicheNet human LR network 2021-12-21; Zenodo 7074291","NICHENET_AND_OMNIPATH_MAPPED",5,16,"NO","YES","YES","YES","OMNIPATH_SECRETED_ANNOTATION","CellChatDB;ComPPI;GO_Intercell;HGNC;HPA_secretome;LOCATE;Matrisome;OmniPath;Ramilowski_location;UniProt_keyword;UniProt_location","47c971d2fbba4ecd0ba7485d1846a74054432a0d1a97ea3e6a79ae27d0da8094","5e4142df024fd4d5d64cc667299364982a51176076ae6a69e1069425530afafa","FROZEN_BEFORE_EXPRESSION_OUTCOMES","https://zenodo.org/records/7074291|https://omnipathdb.org/intercell",2,4,6,2,4,478.721763537886,264.691909104863,0.997442392744231,0.888804641056039,0.973905723905724,0.966611706512778,0.621577425590417,"NO","ROBUST_BASELINE_SENDER",0.973905723905724,0.991161616161616,-0.0172558922558923,"NO_LARGE_CONTEXT_SHIFT","GSE182158 2/2 plus GSE199071 >=3/4 donor support; CPM>=1 and expressing fraction>=0.10","DESCRIPTIVE_ONLY_NOT_CAUSAL_NOT_REQUIRED_FOR_ROBUSTNESS","results/03_phase3/baseline/baseline_ligand_expression_by_donor.csv|config/phase3_analysis.json","YES",0.0431314418633427,0.258179010173141,-0.62249297264564,1.13885099299192,0.150655226018242,0.150655226018242,"YES","PASSAGE_DEPENDENT","donor/passage rules frozen before outcomes; no cell-level P value","results/03_phase3/licensing/licensing_effect_by_donor_passage.csv|config/phase3_analysis.json","ROBUST_BASELINE_NO_CONSISTENT_LICENSING","PUTATIVE_TRANSCRIPTOMIC_LIGAND","HIGH_CONFIDENCE_SENDER_CANDIDATE","NO","ANNOTATION_ONLY_TRANSCRIPT_DOES_NOT_PROVE_SECRETION","YES","results/03_phase3/baseline/baseline_sender_robustness.csv|results/03_phase3/licensing/licensing_ligand_classification.csv|config/phase3_analysis.json",0.966611706512778
62,"S100A4","S2","HIGH_CONFIDENCE_SENDER_CANDIDATE_NOT_THERAPEUTIC","NicheNet lr_network_human_21122021.rds unique from","NicheNet human LR network 2021-12-21; Zenodo 7074291","NICHENET_AND_OMNIPATH_MAPPED",4,17,"YES","YES","YES","YES","OMNIPATH_SECRETED_ANNOTATION","Cellinker;CellTalkDB;ComPPI;ConnectomeDB2025;GO_Intercell;Matrisome;OmniPath;UniProt_keyword;UniProt_location","47c971d2fbba4ecd0ba7485d1846a74054432a0d1a97ea3e6a79ae27d0da8094","5e4142df024fd4d5d64cc667299364982a51176076ae6a69e1069425530afafa","FROZEN_BEFORE_EXPRESSION_OUTCOMES","https://zenodo.org/records/7074291|https://omnipathdb.org/intercell",2,4,6,2,4,347.623007457482,1485.10447061473,0.907162677385199,0.920077892996576,0.966329966329966,0.992992580379225,1.63437855714847,"YES","ROBUST_BASELINE_SENDER",0.966329966329966,0.99452861952862,-0.0281986531986531,"NO_LARGE_CONTEXT_SHIFT","GSE182158 2/2 plus GSE199071 >=3/4 donor support; CPM>=1 and expressing fraction>=0.10","DESCRIPTIVE_ONLY_NOT_CAUSAL_NOT_REQUIRED_FOR_ROBUSTNESS","results/03_phase3/baseline/baseline_ligand_expression_by_donor.csv|config/phase3_analysis.json","YES",-0.769653806480659,-0.124460776660151,-0.21809898480837,-0.0308225685119324,-0.447057291570405,0.447057291570405,"YES","NO_CLEAR_LICENSING_EFFECT","donor/passage rules frozen before outcomes; no cell-level P value","results/03_phase3/licensing/licensing_effect_by_donor_passage.csv|config/phase3_analysis.json","ROBUST_BASELINE_NO_CONSISTENT_LICENSING","PUTATIVE_TRANSCRIPTOMIC_LIGAND","HIGH_CONFIDENCE_SENDER_CANDIDATE","NO","ANNOTATION_ONLY_TRANSCRIPT_DOES_NOT_PROVE_SECRETION","YES","results/03_phase3/baseline/baseline_sender_robustness.csv|results/03_phase3/licensing/licensing_ligand_classification.csv|config/phase3_analysis.json",0.966329966329966
63,"CALM1","S2","HIGH_CONFIDENCE_SENDER_CANDIDATE_NOT_THERAPEUTIC","NicheNet lr_network_human_21122021.rds unique from","NicheNet human LR network 2021-12-21; Zenodo 7074291","NICHENET_AND_OMNIPATH_MAPPED",7,11,"NO","YES","NO","YES","NO_OMNIPATH_SECRETED_ANNOTATION","Cellinker;ComPPI;GO_Intercell;LOCATE;OmniPath;UniProt_location","47c971d2fbba4ecd0ba7485d1846a74054432a0d1a97ea3e6a79ae27d0da8094","5e4142df024fd4d5d64cc667299364982a51176076ae6a69e1069425530afafa","FROZEN_BEFORE_EXPRESSION_OUTCOMES","https://zenodo.org/records/7074291|https://omnipathdb.org/intercell",2,4,6,2,4,392.9221474611,844.786352853017,0.978555576357523,0.963921781721737,0.964646464646465,0.98474855729596,0.810264593013949,"NO","ROBUST_BASELINE_SENDER",0.964646464646465,0.976010101010101,-0.0113636363636364,"NO_LARGE_CONTEXT_SHIFT","GSE182158 2/2 plus GSE199071 >=3/4 donor support; CPM>=1 and expressing fraction>=0.10","DESCRIPTIVE_ONLY_NOT_CAUSAL_NOT_REQUIRED_FOR_ROBUSTNESS","results/03_phase3/baseline/baseline_ligand_expression_by_donor.csv|config/phase3_analysis.json","YES",-0.296950072818589,-0.399842687740532,-0.618784786115466,-0.180900589365599,-0.348396380279561,0.348396380279561,"YES","NO_CLEAR_LICENSING_EFFECT","donor/passage rules frozen before outcomes; no cell-level P value","results/03_phase3/licensing/licensing_effect_by_donor_passage.csv|config/phase3_analysis.json","ROBUST_BASELINE_NO_CONSISTENT_LICENSING","PUTATIVE_TRANSCRIPTOMIC_LIGAND","HIGH_CONFIDENCE_SENDER_CANDIDATE","NO","ANNOTATION_ONLY_TRANSCRIPT_DOES_NOT_PROVE_SECRETION","YES","results/03_phase3/baseline/baseline_sender_robustness.csv|results/03_phase3/licensing/licensing_ligand_classification.csv|config/phase3_analysis.json",0.964646464646465
64,"ITM2B","S2","HIGH_CONFIDENCE_SENDER_CANDIDATE_NOT_THERAPEUTIC","NicheNet lr_network_human_21122021.rds unique from","NicheNet human LR network 2021-12-21; Zenodo 7074291","NICHENET_AND_OMNIPATH_MAPPED",1,29,"NO","YES","YES","YES","OMNIPATH_SECRETED_ANNOTATION","Almen2009;Cellinker;ComPPI;CSPA;GO_Intercell;MatrixDB;OmniPath;Phobius;Ramilowski_location;Surfaceome;TopDB;UniProt_keyword;UniProt_location;UniProt_topology","47c971d2fbba4ecd0ba7485d1846a74054432a0d1a97ea3e6a79ae27d0da8094","5e4142df024fd4d5d64cc667299364982a51176076ae6a69e1069425530afafa","FROZEN_BEFORE_EXPRESSION_OUTCOMES","https://zenodo.org/records/7074291|https://omnipathdb.org/intercell",2,4,6,2,4,428.953417879285,179.339689679649,0.998132499354847,0.867451329237243,0.971801346801347,0.955482275350371,0.657019935119641,"NO","ROBUST_BASELINE_SENDER",0.971801346801347,0.971801346801347,0,"NO_LARGE_CONTEXT_SHIFT","GSE182158 2/2 plus GSE199071 >=3/4 donor support; CPM>=1 and expressing fraction>=0.10","DESCRIPTIVE_ONLY_NOT_CAUSAL_NOT_REQUIRED_FOR_ROBUSTNESS","results/03_phase3/baseline/baseline_ligand_expression_by_donor.csv|config/phase3_analysis.json","YES",-0.0396828527908468,0.467626762719692,0.373094354103748,0.562159171335637,0.213971954964423,0.253654807755269,"YES","NO_CLEAR_LICENSING_EFFECT","donor/passage rules frozen before outcomes; no cell-level P value","results/03_phase3/licensing/licensing_effect_by_donor_passage.csv|config/phase3_analysis.json","ROBUST_BASELINE_NO_CONSISTENT_LICENSING","PUTATIVE_TRANSCRIPTOMIC_LIGAND","HIGH_CONFIDENCE_SENDER_CANDIDATE","NO","ANNOTATION_ONLY_TRANSCRIPT_DOES_NOT_PROVE_SECRETION","YES","results/03_phase3/baseline/baseline_sender_robustness.csv|results/03_phase3/licensing/licensing_ligand_classification.csv|config/phase3_analysis.json",0.955482275350371
65,"CD59","S2","HIGH_CONFIDENCE_SENDER_CANDIDATE_NOT_THERAPEUTIC","NicheNet lr_network_human_21122021.rds unique from","NicheNet human LR network 2021-12-21; Zenodo 7074291","NICHENET_AND_OMNIPATH_MAPPED",3,40,"YES","YES","YES","YES","OMNIPATH_SECRETED_ANNOTATION","Cellinker;CellTalkDB;ComPPI;connectomeDB2020;ConnectomeDB2025;CSPA;DGIdb;GO_Intercell;ICELLNET;LOCATE;LRdb;OmniPath;Surfaceome;TopDB;UniProt_keyword;UniProt_location","47c971d2fbba4ecd0ba7485d1846a74054432a0d1a97ea3e6a79ae27d0da8094","5e4142df024fd4d5d64cc667299364982a51176076ae6a69e1069425530afafa","FROZEN_BEFORE_EXPRESSION_OUTCOMES","https://zenodo.org/records/7074291|https://omnipathdb.org/intercell",2,4,6,2,4,240.456327279198,657.879863115589,0.963032430214837,0.957253320076968,0.951178451178451,0.979389942291838,0.946020494226652,"NO","ROBUST_BASELINE_SENDER",0.951178451178451,0.983585858585858,-0.0324074074074074,"NO_LARGE_CONTEXT_SHIFT","GSE182158 2/2 plus GSE199071 >=3/4 donor support; CPM>=1 and expressing fraction>=0.10","DESCRIPTIVE_ONLY_NOT_CAUSAL_NOT_REQUIRED_FOR_ROBUSTNESS","results/03_phase3/baseline/baseline_ligand_expression_by_donor.csv|config/phase3_analysis.json","YES",0.0368854701714601,-0.235096548397935,-0.513887410779769,0.0436943139839001,-0.0991055391132372,0.135991009284697,"YES","PASSAGE_DEPENDENT","donor/passage rules frozen before outcomes; no cell-level P value","results/03_phase3/licensing/licensing_effect_by_donor_passage.csv|config/phase3_analysis.json","ROBUST_BASELINE_NO_CONSISTENT_LICENSING","PUTATIVE_TRANSCRIPTOMIC_LIGAND","HIGH_CONFIDENCE_SENDER_CANDIDATE","NO","ANNOTATION_ONLY_TRANSCRIPT_DOES_NOT_PROVE_SECRETION","YES","results/03_phase3/baseline/baseline_sender_robustness.csv|results/03_phase3/licensing/licensing_ligand_classification.csv|config/phase3_analysis.json",0.951178451178451
66,"NUCB2","S2","HIGH_CONFIDENCE_SENDER_CANDIDATE_NOT_THERAPEUTIC","NicheNet lr_network_human_21122021.rds unique from","NicheNet human LR network 2021-12-21; Zenodo 7074291","NICHENET_AND_OMNIPATH_MAPPED",1,10,"NO","YES","YES","YES","OMNIPATH_SECRETED_ANNOTATION","ComPPI;GO_Intercell;LOCATE;MatrixDB;OmniPath;UniProt_keyword;UniProt_location","47c971d2fbba4ecd0ba7485d1846a74054432a0d1a97ea3e6a79ae27d0da8094","5e4142df024fd4d5d64cc667299364982a51176076ae6a69e1069425530afafa","FROZEN_BEFORE_EXPRESSION_OUTCOMES","https://zenodo.org/records/7074291|https://omnipathdb.org/intercell",2,4,6,2,4,202.214465023589,166.146775815991,0.962356046535063,0.844052332297621,0.951178451178451,0.950535861500412,0.272297519225776,"NO","ROBUST_BASELINE_SENDER",0.951178451178451,0.946548821548822,0.00462962962962954,"NO_LARGE_CONTEXT_SHIFT","GSE182158 2/2 plus GSE199071 >=3/4 donor support; CPM>=1 and expressing fraction>=0.10","DESCRIPTIVE_ONLY_NOT_CAUSAL_NOT_REQUIRED_FOR_ROBUSTNESS","results/03_phase3/baseline/baseline_ligand_expression_by_donor.csv|config/phase3_analysis.json","YES",0.136936666150244,-0.0665940734021769,-0.128811037911074,-0.00437710889328019,0.0351712963740336,0.101765369776211,"YES","NO_CLEAR_LICENSING_EFFECT","donor/passage rules frozen before outcomes; no cell-level P value","results/03_phase3/licensing/licensing_effect_by_donor_passage.csv|config/phase3_analysis.json","ROBUST_BASELINE_NO_CONSISTENT_LICENSING","PUTATIVE_TRANSCRIPTOMIC_LIGAND","HIGH_CONFIDENCE_SENDER_CANDIDATE","NO","ANNOTATION_ONLY_TRANSCRIPT_DOES_NOT_PROVE_SECRETION","YES","results/03_phase3/baseline/baseline_sender_robustness.csv|results/03_phase3/licensing/licensing_ligand_classification.csv|config/phase3_analysis.json",0.950535861500412
67,"COL5A2","S2","HIGH_CONFIDENCE_SENDER_CANDIDATE_NOT_THERAPEUTIC","NicheNet lr_network_human_21122021.rds unique from","NicheNet human LR network 2021-12-21; Zenodo 7074291","NICHENET_AND_OMNIPATH_MAPPED",10,15,"NO","YES","YES","YES","OMNIPATH_SECRETED_ANNOTATION","Baccin2019;Cellinker;connectomeDB2020;ConnectomeDB2025;GO_Intercell;HPA_secretome;Matrisome;OmniPath;UniProt_keyword;UniProt_location","47c971d2fbba4ecd0ba7485d1846a74054432a0d1a97ea3e6a79ae27d0da8094","5e4142df024fd4d5d64cc667299364982a51176076ae6a69e1069425530afafa","FROZEN_BEFORE_EXPRESSION_OUTCOMES","https://zenodo.org/records/7074291|https://omnipathdb.org/intercell",2,4,6,2,4,167.773864925937,199.822981916312,0.949008339148067,0.822512238394277,0.949494949494949,0.955894476504534,0.495353433074596,"NO","ROBUST_BASELINE_SENDER",0.949494949494949,0.921296296296296,0.0281986531986531,"NO_LARGE_CONTEXT_SHIFT","GSE182158 2/2 plus GSE199071 >=3/4 donor support; CPM>=1 and expressing fraction>=0.10","DESCRIPTIVE_ONLY_NOT_CAUSAL_NOT_REQUIRED_FOR_ROBUSTNESS","results/03_phase3/baseline/baseline_ligand_expression_by_donor.csv|config/phase3_analysis.json","YES",-1.26373314908721,0.278381451551063,0.117069064641235,0.439693838460891,-0.492675848768073,0.771057300319136,"YES","DONOR_DEPENDENT","donor/passage rules frozen before outcomes; no cell-level P value","results/03_phase3/licensing/licensing_effect_by_donor_passage.csv|config/phase3_analysis.json","ROBUST_BASELINE_NO_CONSISTENT_LICENSING","PUTATIVE_TRANSCRIPTOMIC_LIGAND","HIGH_CONFIDENCE_SENDER_CANDIDATE","NO","ANNOTATION_ONLY_TRANSCRIPT_DOES_NOT_PROVE_SECRETION","YES","results/03_phase3/baseline/baseline_sender_robustness.csv|results/03_phase3/licensing/licensing_ligand_classification.csv|config/phase3_analysis.json",0.949494949494949
68,"SERPINE2","S2","HIGH_CONFIDENCE_SENDER_CANDIDATE_NOT_THERAPEUTIC","NicheNet lr_network_human_21122021.rds unique from","NicheNet human LR network 2021-12-21; Zenodo 7074291","NICHENET_AND_OMNIPATH_MAPPED",1,13,"NO","YES","YES","YES","OMNIPATH_SECRETED_ANNOTATION","Cellinker;ComPPI;connectomeDB2020;ConnectomeDB2025;GO_Intercell;HPA_secretome;Matrisome;OmniPath;UniProt_keyword;UniProt_location","47c971d2fbba4ecd0ba7485d1846a74054432a0d1a97ea3e6a79ae27d0da8094","5e4142df024fd4d5d64cc667299364982a51176076ae6a69e1069425530afafa","FROZEN_BEFORE_EXPRESSION_OUTCOMES","https://zenodo.org/records/7074291|https://omnipathdb.org/intercell",2,4,6,2,4,507.471691896314,155.241448913503,0.975177637926997,0.695141773936077,0.975589225589226,0.949299258037922,0.935531280085782,"NO","ROBUST_BASELINE_SENDER",0.975589225589226,0.966750841750842,0.00883838383838376,"NO_LARGE_CONTEXT_SHIFT","GSE182158 2/2 plus GSE199071 >=3/4 donor support; CPM>=1 and expressing fraction>=0.10","DESCRIPTIVE_ONLY_NOT_CAUSAL_NOT_REQUIRED_FOR_ROBUSTNESS","results/03_phase3/baseline/baseline_ligand_expression_by_donor.csv|config/phase3_analysis.json","YES",-1.2831807165939,-0.0424274167722036,-1.07064988423865,0.985795050694247,-0.66280406668305,0.66280406668305,"YES","PASSAGE_DEPENDENT","donor/passage rules frozen before outcomes; no cell-level P value","results/03_phase3/licensing/licensing_effect_by_donor_passage.csv|config/phase3_analysis.json","ROBUST_BASELINE_NO_CONSISTENT_LICENSING","PUTATIVE_TRANSCRIPTOMIC_LIGAND","HIGH_CONFIDENCE_SENDER_CANDIDATE","NO","ANNOTATION_ONLY_TRANSCRIPT_DOES_NOT_PROVE_SECRETION","YES","results/03_phase3/baseline/baseline_sender_robustness.csv|results/03_phase3/licensing/licensing_ligand_classification.csv|config/phase3_analysis.json",0.949299258037922
69,"LGALS3","S2","HIGH_CONFIDENCE_SENDER_CANDIDATE_NOT_THERAPEUTIC","NicheNet lr_network_human_21122021.rds unique from","NicheNet human LR network 2021-12-21; Zenodo 7074291","NICHENET_AND_OMNIPATH_MAPPED",5,28,"YES","YES","YES","YES","OMNIPATH_SECRETED_ANNOTATION","Cellinker;CellPhoneDB;ComPPI;connectomeDB2020;ConnectomeDB2025;GO_Intercell;HPA_secretome;ICELLNET;LOCATE;Matrisome;OmniPath;UniProt_keyword;UniProt_location","47c971d2fbba4ecd0ba7485d1846a74054432a0d1a97ea3e6a79ae27d0da8094","5e4142df024fd4d5d64cc667299364982a51176076ae6a69e1069425530afafa","FROZEN_BEFORE_EXPRESSION_OUTCOMES","https://zenodo.org/records/7074291|https://omnipathdb.org/intercell",2,4,6,2,4,189.805236695908,211.126570863028,0.951372798540211,0.844347115733138,0.949074074074074,0.95795548227535,0.357789899243062,"NO","ROBUST_BASELINE_SENDER",0.949074074074074,0.970117845117845,-0.0210437710437711,"NO_LARGE_CONTEXT_SHIFT","GSE182158 2/2 plus GSE199071 >=3/4 donor support; CPM>=1 and expressing fraction>=0.10","DESCRIPTIVE_ONLY_NOT_CAUSAL_NOT_REQUIRED_FOR_ROBUSTNESS","results/03_phase3/baseline/baseline_ligand_expression_by_donor.csv|config/phase3_analysis.json","YES",-1.28250285117842,0.114142067805692,-0.272106430188686,0.50039056580007,-0.584180391686362,0.698322459492054,"YES","PASSAGE_DEPENDENT","donor/passage rules frozen before outcomes; no cell-level P value","results/03_phase3/licensing/licensing_effect_by_donor_passage.csv|config/phase3_analysis.json","ROBUST_BASELINE_NO_CONSISTENT_LICENSING","PUTATIVE_TRANSCRIPTOMIC_LIGAND","HIGH_CONFIDENCE_SENDER_CANDIDATE","NO","ANNOTATION_ONLY_TRANSCRIPT_DOES_NOT_PROVE_SECRETION","YES","results/03_phase3/baseline/baseline_sender_robustness.csv|results/03_phase3/licensing/licensing_ligand_classification.csv|config/phase3_analysis.json",0.949074074074074
70,"COL6A3","S2","HIGH_CONFIDENCE_SENDER_CANDIDATE_NOT_THERAPEUTIC","NicheNet lr_network_human_21122021.rds unique from","NicheNet human LR network 2021-12-21; Zenodo 7074291","NICHENET_AND_OMNIPATH_MAPPED",5,21,"YES","YES","YES","YES","OMNIPATH_SECRETED_ANNOTATION","CellChatDB;CellPhoneDB;CellTalkDB;GO_Intercell;HGNC;HPA_secretome;ICELLNET;iTALK;LOCATE;Matrisome;OmniPath;UniProt_keyword;UniProt_location","47c971d2fbba4ecd0ba7485d1846a74054432a0d1a97ea3e6a79ae27d0da8094","5e4142df024fd4d5d64cc667299364982a51176076ae6a69e1069425530afafa","FROZEN_BEFORE_EXPRESSION_OUTCOMES","https://zenodo.org/records/7074291|https://omnipathdb.org/intercell",2,4,6,2,4,210.9221417875,194.91908284183,0.917467285058228,0.817457105869094,0.949074074074074,0.956718878812861,0.611626489034696,"NO","ROBUST_BASELINE_SENDER",0.949074074074074,0.97516835016835,-0.0260942760942761,"NO_LARGE_CONTEXT_SHIFT","GSE182158 2/2 plus GSE199071 >=3/4 donor support; CPM>=1 and expressing fraction>=0.10","DESCRIPTIVE_ONLY_NOT_CAUSAL_NOT_REQUIRED_FOR_ROBUSTNESS","results/03_phase3/baseline/baseline_ligand_expression_by_donor.csv|config/phase3_analysis.json","YES",-0.163756726949801,-0.568290983227096,-1.0525726317937,-0.0840093346604934,-0.366023855088448,0.366023855088448,"YES","NO_CLEAR_LICENSING_EFFECT","donor/passage rules frozen before outcomes; no cell-level P value","results/03_phase3/licensing/licensing_effect_by_donor_passage.csv|config/phase3_analysis.json","ROBUST_BASELINE_NO_CONSISTENT_LICENSING","PUTATIVE_TRANSCRIPTOMIC_LIGAND","HIGH_CONFIDENCE_SENDER_CANDIDATE","NO","ANNOTATION_ONLY_TRANSCRIPT_DOES_NOT_PROVE_SECRETION","YES","results/03_phase3/baseline/baseline_sender_robustness.csv|results/03_phase3/licensing/licensing_ligand_classification.csv|config/phase3_analysis.json",0.949074074074074
71,"MIF","S2","HIGH_CONFIDENCE_SENDER_CANDIDATE_NOT_THERAPEUTIC","NicheNet lr_network_human_21122021.rds unique from","NicheNet human LR network 2021-12-21; Zenodo 7074291","NICHENET_AND_OMNIPATH_MAPPED",6,28,"YES","YES","YES","YES","OMNIPATH_SECRETED_ANNOTATION","CellChatDB;Cellinker;CellTalkDB;ComPPI;connectomeDB2020;ConnectomeDB2025;GO_Intercell;HPA_secretome;ICELLNET;Kirouac2010;LOCATE;OmniPath;UniProt_keyword;UniProt_location","47c971d2fbba4ecd0ba7485d1846a74054432a0d1a97ea3e6a79ae27d0da8094","5e4142df024fd4d5d64cc667299364982a51176076ae6a69e1069425530afafa","FROZEN_BEFORE_EXPRESSION_OUTCOMES","https://zenodo.org/records/7074291|https://omnipathdb.org/intercell",2,4,6,2,4,165.178835667365,2041.10149120557,0.944309942740992,0.969752991156971,0.946548821548822,0.995877988458368,1.90679456499416,"NO","ROBUST_BASELINE_SENDER",0.946548821548822,0.948232323232323,-0.00168350168350162,"NO_LARGE_CONTEXT_SHIFT","GSE182158 2/2 plus GSE199071 >=3/4 donor support; CPM>=1 and expressing fraction>=0.10","DESCRIPTIVE_ONLY_NOT_CAUSAL_NOT_REQUIRED_FOR_ROBUSTNESS","results/03_phase3/baseline/baseline_ligand_expression_by_donor.csv|config/phase3_analysis.json","YES",0,0,0,0,0,0,"NO","NO_CLEAR_LICENSING_EFFECT","donor/passage rules frozen before outcomes; no cell-level P value","results/03_phase3/licensing/licensing_effect_by_donor_passage.csv|config/phase3_analysis.json","ROBUST_BASELINE_NO_CONSISTENT_LICENSING","PUTATIVE_TRANSCRIPTOMIC_LIGAND","HIGH_CONFIDENCE_SENDER_CANDIDATE","NO","ANNOTATION_ONLY_TRANSCRIPT_DOES_NOT_PROVE_SECRETION","YES","results/03_phase3/baseline/baseline_sender_robustness.csv|results/03_phase3/licensing/licensing_ligand_classification.csv|config/phase3_analysis.json",0.946548821548822
72,"IGFBP4","S2","HIGH_CONFIDENCE_SENDER_CANDIDATE_NOT_THERAPEUTIC","NicheNet lr_network_human_21122021.rds unique from","NicheNet human LR network 2021-12-21; Zenodo 7074291","NICHENET_AND_OMNIPATH_MAPPED",2,20,"YES","YES","YES","YES","OMNIPATH_SECRETED_ANNOTATION","Baccin2019;CellChatDB;Cellinker;connectomeDB2020;ConnectomeDB2025;GO_Intercell;HGNC;HPA_secretome;LOCATE;Matrisome;OmniPath;UniProt_keyword;UniProt_location","47c971d2fbba4ecd0ba7485d1846a74054432a0d1a97ea3e6a79ae27d0da8094","5e4142df024fd4d5d64cc667299364982a51176076ae6a69e1069425530afafa","FROZEN_BEFORE_EXPRESSION_OUTCOMES","https://zenodo.org/records/7074291|https://omnipathdb.org/intercell",2,4,6,2,4,195.648777883468,252.262473484423,0.866849084535642,0.89765118411949,0.946127946127946,0.965787304204452,0.828313211507747,"YES","ROBUST_BASELINE_SENDER",0.946127946127946,0.967592592592593,-0.0214646464646464,"NO_LARGE_CONTEXT_SHIFT","GSE182158 2/2 plus GSE199071 >=3/4 donor support; CPM>=1 and expressing fraction>=0.10","DESCRIPTIVE_ONLY_NOT_CAUSAL_NOT_REQUIRED_FOR_ROBUSTNESS","results/03_phase3/baseline/baseline_ligand_expression_by_donor.csv|config/phase3_analysis.json","YES",-0.624847043210709,0.694923518563335,0.147484862225488,1.24236217490118,0.0350382376763132,0.659885280887022,"YES","PASSAGE_DEPENDENT","donor/passage rules frozen before outcomes; no cell-level P value","results/03_phase3/licensing/licensing_effect_by_donor_passage.csv|config/phase3_analysis.json","ROBUST_BASELINE_NO_CONSISTENT_LICENSING","PUTATIVE_TRANSCRIPTOMIC_LIGAND","HIGH_CONFIDENCE_SENDER_CANDIDATE","NO","ANNOTATION_ONLY_TRANSCRIPT_DOES_NOT_PROVE_SECRETION","YES","results/03_phase3/baseline/baseline_sender_robustness.csv|results/03_phase3/licensing/licensing_ligand_classification.csv|config/phase3_analysis.json",0.946127946127946
73,"GNAS","S2","HIGH_CONFIDENCE_SENDER_CANDIDATE_NOT_THERAPEUTIC","NicheNet lr_network_human_21122021.rds unique from","NicheNet human LR network 2021-12-21; Zenodo 7074291","NICHENET_AND_OMNIPATH_MAPPED",18,88,"NO","YES","YES","YES","OMNIPATH_SECRETED_ANNOTATION","Baccin2019;Cellinker;ComPPI;connectomeDB2020;DGIdb;GO_Intercell;LOCATE;MatrixDB;OmniPath;UniProt_keyword;UniProt_location","47c971d2fbba4ecd0ba7485d1846a74054432a0d1a97ea3e6a79ae27d0da8094","5e4142df024fd4d5d64cc667299364982a51176076ae6a69e1069425530afafa","FROZEN_BEFORE_EXPRESSION_OUTCOMES","https://zenodo.org/records/7074291|https://omnipathdb.org/intercell",2,4,6,2,4,148.24898295182,277.393904020534,0.95239732597071,0.91903518697235,0.94486531986532,0.967848309975268,0.466572371722543,"NO","ROBUST_BASELINE_SENDER",0.94486531986532,0.94486531986532,0,"NO_LARGE_CONTEXT_SHIFT","GSE182158 2/2 plus GSE199071 >=3/4 donor support; CPM>=1 and expressing fraction>=0.10","DESCRIPTIVE_ONLY_NOT_CAUSAL_NOT_REQUIRED_FOR_ROBUSTNESS","results/03_phase3/baseline/baseline_ligand_expression_by_donor.csv|config/phase3_analysis.json","YES",-0.356512358257797,-0.279251464519894,-0.239932952226119,-0.318569976813669,-0.317881911388846,0.317881911388846,"YES","NO_CLEAR_LICENSING_EFFECT","donor/passage rules frozen before outcomes; no cell-level P value","results/03_phase3/licensing/licensing_effect_by_donor_passage.csv|config/phase3_analysis.json","ROBUST_BASELINE_NO_CONSISTENT_LICENSING","PUTATIVE_TRANSCRIPTOMIC_LIGAND","HIGH_CONFIDENCE_SENDER_CANDIDATE","NO","ANNOTATION_ONLY_TRANSCRIPT_DOES_NOT_PROVE_SECRETION","YES","results/03_phase3/baseline/baseline_sender_robustness.csv|results/03_phase3/licensing/licensing_ligand_classification.csv|config/phase3_analysis.json",0.94486531986532
74,"CLEC11A","S2","HIGH_CONFIDENCE_SENDER_CANDIDATE_NOT_THERAPEUTIC","NicheNet lr_network_human_21122021.rds unique from","NicheNet human LR network 2021-12-21; Zenodo 7074291","NICHENET_AND_OMNIPATH_MAPPED",4,24,"YES","YES","YES","YES","OMNIPATH_SECRETED_ANNOTATION","ComPPI;connectomeDB2020;ConnectomeDB2025;DGIdb;EMBRACE;GO_Intercell;HPA_secretome;iTALK;LOCATE;MatrixDB;OmniPath;UniProt_keyword;UniProt_location","47c971d2fbba4ecd0ba7485d1846a74054432a0d1a97ea3e6a79ae27d0da8094","5e4142df024fd4d5d64cc667299364982a51176076ae6a69e1069425530afafa","FROZEN_BEFORE_EXPRESSION_OUTCOMES","https://zenodo.org/records/7074291|https://omnipathdb.org/intercell",2,4,6,2,4,205.356614889351,132.642866803873,0.972784220285198,0.807337630273062,0.957912457912458,0.944765045342127,0.357065599109608,"NO","ROBUST_BASELINE_SENDER",0.957912457912458,0.935606060606061,0.0223063973063973,"NO_LARGE_CONTEXT_SHIFT","GSE182158 2/2 plus GSE199071 >=3/4 donor support; CPM>=1 and expressing fraction>=0.10","DESCRIPTIVE_ONLY_NOT_CAUSAL_NOT_REQUIRED_FOR_ROBUSTNESS","results/03_phase3/baseline/baseline_ligand_expression_by_donor.csv|config/phase3_analysis.json","YES",-1.18285855047956,-0.429884235042671,-0.126348500744707,-0.733419969340635,-0.806371392761116,0.806371392761116,"YES","NO_CLEAR_LICENSING_EFFECT","donor/passage rules frozen before outcomes; no cell-level P value","results/03_phase3/licensing/licensing_effect_by_donor_passage.csv|config/phase3_analysis.json","ROBUST_BASELINE_NO_CONSISTENT_LICENSING","PUTATIVE_TRANSCRIPTOMIC_LIGAND","HIGH_CONFIDENCE_SENDER_CANDIDATE","NO","ANNOTATION_ONLY_TRANSCRIPT_DOES_NOT_PROVE_SECRETION","YES","results/03_phase3/baseline/baseline_sender_robustness.csv|results/03_phase3/licensing/licensing_ligand_classification.csv|config/phase3_analysis.json",0.944765045342127
75,"CALM3","S2","HIGH_CONFIDENCE_SENDER_CANDIDATE_NOT_THERAPEUTIC","NicheNet lr_network_human_21122021.rds unique from","NicheNet human LR network 2021-12-21; Zenodo 7074291","NICHENET_AND_OMNIPATH_MAPPED",7,10,"NO","YES","NO","NO","NO_OMNIPATH_SECRETED_ANNOTATION","Cellinker;ComPPI;GO_Intercell;LOCATE;OmniPath;UniProt_location","47c971d2fbba4ecd0ba7485d1846a74054432a0d1a97ea3e6a79ae27d0da8094","5e4142df024fd4d5d64cc667299364982a51176076ae6a69e1069425530afafa","FROZEN_BEFORE_EXPRESSION_OUTCOMES","https://zenodo.org/records/7074291|https://omnipathdb.org/intercell",2,4,6,2,4,169.565818369747,192.423362326175,0.916707389702739,0.886016105456869,0.941919191919192,0.957543281121187,0.520280213875377,"NO","ROBUST_BASELINE_SENDER",0.941919191919192,0.959175084175084,-0.0172558922558922,"NO_LARGE_CONTEXT_SHIFT","GSE182158 2/2 plus GSE199071 >=3/4 donor support; CPM>=1 and expressing fraction>=0.10","DESCRIPTIVE_ONLY_NOT_CAUSAL_NOT_REQUIRED_FOR_ROBUSTNESS","results/03_phase3/baseline/baseline_ligand_expression_by_donor.csv|config/phase3_analysis.json","YES",0.880751813976548,0.174268819940613,0.0062548934373174,0.342282746443909,0.527510316958581,0.527510316958581,"YES","NO_CLEAR_LICENSING_EFFECT","donor/passage rules frozen before outcomes; no cell-level P value","results/03_phase3/licensing/licensing_effect_by_donor_passage.csv|config/phase3_analysis.json","ROBUST_BASELINE_NO_CONSISTENT_LICENSING","PUTATIVE_TRANSCRIPTOMIC_LIGAND","HIGH_CONFIDENCE_SENDER_CANDIDATE","NO","ANNOTATION_ONLY_TRANSCRIPT_DOES_NOT_PROVE_SECRETION","YES","results/03_phase3/baseline/baseline_sender_robustness.csv|results/03_phase3/licensing/licensing_ligand_classification.csv|config/phase3_analysis.json",0.941919191919192
76,"CIB1","S2","HIGH_CONFIDENCE_SENDER_CANDIDATE_NOT_THERAPEUTIC","NicheNet lr_network_human_21122021.rds unique from","NicheNet human LR network 2021-12-21; Zenodo 7074291","NICHENET_AND_OMNIPATH_MAPPED",2,11,"NO","YES","NO","NO","NO_OMNIPATH_SECRETED_ANNOTATION","Adhesome;ComPPI;GO_Intercell;OmniPath;Ramilowski_location;UniProt_location","47c971d2fbba4ecd0ba7485d1846a74054432a0d1a97ea3e6a79ae27d0da8094","5e4142df024fd4d5d64cc667299364982a51176076ae6a69e1069425530afafa","FROZEN_BEFORE_EXPRESSION_OUTCOMES","https://zenodo.org/records/7074291|https://omnipathdb.org/intercell",2,4,6,2,4,138.045891107592,239.739369068369,0.914467117262762,0.912047672135993,0.939814814814815,0.963314097279472,0.566701818427025,"NO","ROBUST_BASELINE_SENDER",0.939814814814815,0.943181818181818,-0.00336700336700335,"NO_LARGE_CONTEXT_SHIFT","GSE182158 2/2 plus GSE199071 >=3/4 donor support; CPM>=1 and expressing fraction>=0.10","DESCRIPTIVE_ONLY_NOT_CAUSAL_NOT_REQUIRED_FOR_ROBUSTNESS","results/03_phase3/baseline/baseline_ligand_expression_by_donor.csv|config/phase3_analysis.json","YES",0.284453437557186,0.351251904778418,-0.0364124929227765,0.738916302479613,0.317852671167802,0.317852671167802,"YES","PASSAGE_DEPENDENT","donor/passage rules frozen before outcomes; no cell-level P value","results/03_phase3/licensing/licensing_effect_by_donor_passage.csv|config/phase3_analysis.json","ROBUST_BASELINE_NO_CONSISTENT_LICENSING","PUTATIVE_TRANSCRIPTOMIC_LIGAND","HIGH_CONFIDENCE_SENDER_CANDIDATE","NO","ANNOTATION_ONLY_TRANSCRIPT_DOES_NOT_PROVE_SECRETION","YES","results/03_phase3/baseline/baseline_sender_robustness.csv|results/03_phase3/licensing/licensing_ligand_classification.csv|config/phase3_analysis.json",0.939814814814815
77,"FBN1","S2","HIGH_CONFIDENCE_SENDER_CANDIDATE_NOT_THERAPEUTIC","NicheNet lr_network_human_21122021.rds unique from","NicheNet human LR network 2021-12-21; Zenodo 7074291","NICHENET_AND_OMNIPATH_MAPPED",5,18,"NO","YES","YES","YES","OMNIPATH_SECRETED_ANNOTATION","Baccin2019;Cellinker;ComPPI;connectomeDB2020;ConnectomeDB2025;GO_Intercell;HGNC;HPA_secretome;LOCATE;Matrisome;OmniPath;Ramilowski_location;UniProt_keyword;UniProt_location","47c971d2fbba4ecd0ba7485d1846a74054432a0d1a97ea3e6a79ae27d0da8094","5e4142df024fd4d5d64cc667299364982a51176076ae6a69e1069425530afafa","FROZEN_BEFORE_EXPRESSION_OUTCOMES","https://zenodo.org/records/7074291|https://omnipathdb.org/intercell",2,4,6,2,4,143.85595029005,120.158339644784,0.928645937558754,0.739341399706346,0.943602693602694,0.936933223413025,0.156899822237933,"NO","ROBUST_BASELINE_SENDER",0.943602693602694,0.930555555555556,0.013047138047138,"NO_LARGE_CONTEXT_SHIFT","GSE182158 2/2 plus GSE199071 >=3/4 donor support; CPM>=1 and expressing fraction>=0.10","DESCRIPTIVE_ONLY_NOT_CAUSAL_NOT_REQUIRED_FOR_ROBUSTNESS","results/03_phase3/baseline/baseline_ligand_expression_by_donor.csv|config/phase3_analysis.json","YES",-0.932528984922923,0.109801762652996,-0.200786247363412,0.420389772669404,-0.411363611134963,0.521165373787959,"YES","DONOR_DEPENDENT","donor/passage rules frozen before outcomes; no cell-level P value","results/03_phase3/licensing/licensing_effect_by_donor_passage.csv|config/phase3_analysis.json","ROBUST_BASELINE_NO_CONSISTENT_LICENSING","PUTATIVE_TRANSCRIPTOMIC_LIGAND","HIGH_CONFIDENCE_SENDER_CANDIDATE","NO","ANNOTATION_ONLY_TRANSCRIPT_DOES_NOT_PROVE_SECRETION","YES","results/03_phase3/baseline/baseline_sender_robustness.csv|results/03_phase3/licensing/licensing_ligand_classification.csv|config/phase3_analysis.json",0.936933223413025
78,"LRPAP1","S2","HIGH_CONFIDENCE_SENDER_CANDIDATE_NOT_THERAPEUTIC","NicheNet lr_network_human_21122021.rds unique from","NicheNet human LR network 2021-12-21; Zenodo 7074291","NICHENET_AND_OMNIPATH_MAPPED",3,16,"YES","YES","YES","YES","OMNIPATH_SECRETED_ANNOTATION","Cellinker;ComPPI;connectomeDB2020;ConnectomeDB2025;GO_Intercell;OmniPath;UniProt_location","47c971d2fbba4ecd0ba7485d1846a74054432a0d1a97ea3e6a79ae27d0da8094","5e4142df024fd4d5d64cc667299364982a51176076ae6a69e1069425530afafa","FROZEN_BEFORE_EXPRESSION_OUTCOMES","https://zenodo.org/records/7074291|https://omnipathdb.org/intercell",2,4,6,2,4,124.91840863064,111.493494508712,0.92707758725404,0.768947680037118,0.938131313131313,0.934460016488046,0.143845971484105,"NO","ROBUST_BASELINE_SENDER",0.938131313131313,0.933080808080808,0.00505050505050508,"NO_LARGE_CONTEXT_SHIFT","GSE182158 2/2 plus GSE199071 >=3/4 donor support; CPM>=1 and expressing fraction>=0.10","DESCRIPTIVE_ONLY_NOT_CAUSAL_NOT_REQUIRED_FOR_ROBUSTNESS","results/03_phase3/baseline/baseline_ligand_expression_by_donor.csv|config/phase3_analysis.json","YES",-0.364801246510237,0.552751557160553,0.0916908628972714,1.01381225142383,0.0939751553251578,0.458776401835395,"YES","DONOR_DEPENDENT","donor/passage rules frozen before outcomes; no cell-level P value","results/03_phase3/licensing/licensing_effect_by_donor_passage.csv|config/phase3_analysis.json","ROBUST_BASELINE_NO_CONSISTENT_LICENSING","PUTATIVE_TRANSCRIPTOMIC_LIGAND","HIGH_CONFIDENCE_SENDER_CANDIDATE","NO","ANNOTATION_ONLY_TRANSCRIPT_DOES_NOT_PROVE_SECRETION","YES","results/03_phase3/baseline/baseline_sender_robustness.csv|results/03_phase3/licensing/licensing_ligand_classification.csv|config/phase3_analysis.json",0.934460016488046
79,"EFEMP2","S2","HIGH_CONFIDENCE_SENDER_CANDIDATE_NOT_THERAPEUTIC","NicheNet lr_network_human_21122021.rds unique from","NicheNet human LR network 2021-12-21; Zenodo 7074291","NICHENET_AND_OMNIPATH_MAPPED",4,24,"YES","YES","YES","YES","OMNIPATH_SECRETED_ANNOTATION","Baccin2019;CellCellInteractions;Cellinker;CellTalkDB;EMBRACE;GO_Intercell;HGNC;HPA_secretome;iTALK;LOCATE;LRdb;Matrisome;MatrixDB;OmniPath;Ramilowski2015;talklr;UniProt_keyword;UniProt_location","47c971d2fbba4ecd0ba7485d1846a74054432a0d1a97ea3e6a79ae27d0da8094","5e4142df024fd4d5d64cc667299364982a51176076ae6a69e1069425530afafa","FROZEN_BEFORE_EXPRESSION_OUTCOMES","https://zenodo.org/records/7074291|https://omnipathdb.org/intercell",2,4,6,2,4,160.29045433946,112.110761603147,0.949525404695121,0.744351287979592,0.946127946127946,0.932811211871393,0.399917561207883,"NO","ROBUST_BASELINE_SENDER",0.946127946127946,0.949915824915825,-0.00378787878787878,"NO_LARGE_CONTEXT_SHIFT","GSE182158 2/2 plus GSE199071 >=3/4 donor support; CPM>=1 and expressing fraction>=0.10","DESCRIPTIVE_ONLY_NOT_CAUSAL_NOT_REQUIRED_FOR_ROBUSTNESS","results/03_phase3/baseline/baseline_ligand_expression_by_donor.csv|config/phase3_analysis.json","YES",-0.139249214493296,0.770336098575154,0.533388331604726,1.00728386554558,0.315543442040929,0.454792656534225,"YES","DONOR_DEPENDENT","donor/passage rules frozen before outcomes; no cell-level P value","results/03_phase3/licensing/licensing_effect_by_donor_passage.csv|config/phase3_analysis.json","ROBUST_BASELINE_NO_CONSISTENT_LICENSING","PUTATIVE_TRANSCRIPTOMIC_LIGAND","HIGH_CONFIDENCE_SENDER_CANDIDATE","NO","ANNOTATION_ONLY_TRANSCRIPT_DOES_NOT_PROVE_SECRETION","YES","results/03_phase3/baseline/baseline_sender_robustness.csv|results/03_phase3/licensing/licensing_ligand_classification.csv|config/phase3_analysis.json",0.932811211871393
80,"CLMP","S2","HIGH_CONFIDENCE_SENDER_CANDIDATE_NOT_THERAPEUTIC","NicheNet lr_network_human_21122021.rds unique from","NicheNet human LR network 2021-12-21; Zenodo 7074291","NICHENET_AND_OMNIPATH_MAPPED",1,32,"NO","YES","NO","NO","NO_OMNIPATH_SECRETED_ANNOTATION","Almen2009;Cellinker;ComPPI;CSPA;GO_Intercell;HGNC;LOCATE;Membranome;OmniPath;Phobius;Ramilowski_location;Surfaceome;UniProt_keyword;UniProt_location;UniProt_topology","47c971d2fbba4ecd0ba7485d1846a74054432a0d1a97ea3e6a79ae27d0da8094","5e4142df024fd4d5d64cc667299364982a51176076ae6a69e1069425530afafa","FROZEN_BEFORE_EXPRESSION_OUTCOMES","https://zenodo.org/records/7074291|https://omnipathdb.org/intercell",2,4,6,2,4,105.021951440773,110.356396570066,0.86378991370951,0.728950896574103,0.93013468013468,0.934047815333883,0.295692682483063,"NO","ROBUST_BASELINE_SENDER",0.93013468013468,0.919612794612795,0.0105218855218855,"NO_LARGE_CONTEXT_SHIFT","GSE182158 2/2 plus GSE199071 >=3/4 donor support; CPM>=1 and expressing fraction>=0.10","DESCRIPTIVE_ONLY_NOT_CAUSAL_NOT_REQUIRED_FOR_ROBUSTNESS","results/03_phase3/baseline/baseline_ligand_expression_by_donor.csv|config/phase3_analysis.json","YES",0.351802775954725,-0.143254788477962,0.000475340600485291,-0.286984917556409,0.104273993738381,0.247528782216343,"YES","NO_CLEAR_LICENSING_EFFECT","donor/passage rules frozen before outcomes; no cell-level P value","results/03_phase3/licensing/licensing_effect_by_donor_passage.csv|config/phase3_analysis.json","ROBUST_BASELINE_NO_CONSISTENT_LICENSING","PUTATIVE_TRANSCRIPTOMIC_LIGAND","HIGH_CONFIDENCE_SENDER_CANDIDATE","NO","ANNOTATION_ONLY_TRANSCRIPT_DOES_NOT_PROVE_SECRETION","YES","results/03_phase3/baseline/baseline_sender_robustness.csv|results/03_phase3/licensing/licensing_ligand_classification.csv|config/phase3_analysis.json",0.93013468013468
81,"COL12A1","S2","HIGH_CONFIDENCE_SENDER_CANDIDATE_NOT_THERAPEUTIC","NicheNet lr_network_human_21122021.rds unique from","NicheNet human LR network 2021-12-21; Zenodo 7074291","NICHENET_AND_OMNIPATH_MAPPED",5,19,"YES","YES","YES","YES","OMNIPATH_SECRETED_ANNOTATION","CellPhoneDB;ComPPI;GO_Intercell;HGNC;HPA_secretome;ICELLNET;Matrisome;OmniPath;UniProt_keyword;UniProt_location","47c971d2fbba4ecd0ba7485d1846a74054432a0d1a97ea3e6a79ae27d0da8094","5e4142df024fd4d5d64cc667299364982a51176076ae6a69e1069425530afafa","FROZEN_BEFORE_EXPRESSION_OUTCOMES","https://zenodo.org/records/7074291|https://omnipathdb.org/intercell",2,4,6,2,4,112.976794547852,102.331838326898,0.835869062703128,0.657324443248682,0.933080808080808,0.929925803792251,0.545729793287498,"YES","ROBUST_BASELINE_SENDER",0.933080808080808,0.920454545454545,0.0126262626262627,"NO_LARGE_CONTEXT_SHIFT","GSE182158 2/2 plus GSE199071 >=3/4 donor support; CPM>=1 and expressing fraction>=0.10","DESCRIPTIVE_ONLY_NOT_CAUSAL_NOT_REQUIRED_FOR_ROBUSTNESS","results/03_phase3/baseline/baseline_ligand_expression_by_donor.csv|config/phase3_analysis.json","YES",-1.6891591109272,-0.378929568530251,-0.964323097781074,0.206463960720573,-1.03404433972873,1.03404433972873,"YES","PASSAGE_DEPENDENT","donor/passage rules frozen before outcomes; no cell-level P value","results/03_phase3/licensing/licensing_effect_by_donor_passage.csv|config/phase3_analysis.json","ROBUST_BASELINE_NO_CONSISTENT_LICENSING","PUTATIVE_TRANSCRIPTOMIC_LIGAND","HIGH_CONFIDENCE_SENDER_CANDIDATE","NO","ANNOTATION_ONLY_TRANSCRIPT_DOES_NOT_PROVE_SECRETION","YES","results/03_phase3/baseline/baseline_sender_robustness.csv|results/03_phase3/licensing/licensing_ligand_classification.csv|config/phase3_analysis.json",0.929925803792251
82,"CXCL1","S2","HIGH_CONFIDENCE_SENDER_CANDIDATE_NOT_THERAPEUTIC","NicheNet lr_network_human_21122021.rds unique from","NicheNet human LR network 2021-12-21; Zenodo 7074291","NICHENET_AND_OMNIPATH_MAPPED",3,44,"YES","YES","YES","YES","OMNIPATH_SECRETED_ANNOTATION","Baccin2019;CellCall;CellChatDB;Cellinker;CellPhoneDB;CellTalkDB;connectomeDB2020;ConnectomeDB2025;DGIdb;GO_Intercell;Guide2Pharma;HGNC;HPA_secretome;HPMR;ICELLNET;iTALK;Kirouac2010;LOCATE;LRdb;Matrisome;OmniPath;Ramilowski2015;scConnect;talklr;UniProt_keyword;UniProt_location","47c971d2fbba4ecd0ba7485d1846a74054432a0d1a97ea3e6a79ae27d0da8094","5e4142df024fd4d5d64cc667299364982a51176076ae6a69e1069425530afafa","FROZEN_BEFORE_EXPRESSION_OUTCOMES","https://zenodo.org/records/7074291|https://omnipathdb.org/intercell",2,4,6,2,4,132.34822518248,105.050145891896,0.482587359907104,0.315330589666687,0.939814814814815,0.928276999175598,0.735333744116533,"NO","ROBUST_BASELINE_SENDER",0.939814814814815,0.918771043771044,0.0210437710437711,"NO_LARGE_CONTEXT_SHIFT","GSE182158 2/2 plus GSE199071 >=3/4 donor support; CPM>=1 and expressing fraction>=0.10","DESCRIPTIVE_ONLY_NOT_CAUSAL_NOT_REQUIRED_FOR_ROBUSTNESS","results/03_phase3/baseline/baseline_ligand_expression_by_donor.csv|config/phase3_analysis.json","YES",4.50591251259377,2.7445126946968,0.889481750271186,4.59954363912242,3.62521260364529,3.62521260364529,"YES","PASSAGE_DEPENDENT","donor/passage rules frozen before outcomes; no cell-level P value","results/03_phase3/licensing/licensing_effect_by_donor_passage.csv|config/phase3_analysis.json","ROBUST_BASELINE_NO_CONSISTENT_LICENSING","PUTATIVE_TRANSCRIPTOMIC_LIGAND","HIGH_CONFIDENCE_SENDER_CANDIDATE","NO","ANNOTATION_ONLY_TRANSCRIPT_DOES_NOT_PROVE_SECRETION","YES","results/03_phase3/baseline/baseline_sender_robustness.csv|results/03_phase3/licensing/licensing_ligand_classification.csv|config/phase3_analysis.json",0.928276999175598
83,"AIMP1","S2","HIGH_CONFIDENCE_SENDER_CANDIDATE_NOT_THERAPEUTIC","NicheNet lr_network_human_21122021.rds unique from","NicheNet human LR network 2021-12-21; Zenodo 7074291","NICHENET_AND_OMNIPATH_MAPPED",1,17,"YES","YES","YES","YES","OMNIPATH_SECRETED_ANNOTATION","ComPPI;GO_Intercell;HPA_secretome;LOCATE;MatrixDB;OmniPath;UniProt_keyword;UniProt_location","47c971d2fbba4ecd0ba7485d1846a74054432a0d1a97ea3e6a79ae27d0da8094","5e4142df024fd4d5d64cc667299364982a51176076ae6a69e1069425530afafa","FROZEN_BEFORE_EXPRESSION_OUTCOMES","https://zenodo.org/records/7074291|https://omnipathdb.org/intercell",2,4,6,2,4,92.2920438500269,113.9698738183,0.858654524738449,0.790355158162812,0.926346801346801,0.935696619950536,0.205811953507677,"NO","ROBUST_BASELINE_SENDER",0.926346801346801,0.917087542087542,0.0092592592592593,"NO_LARGE_CONTEXT_SHIFT","GSE182158 2/2 plus GSE199071 >=3/4 donor support; CPM>=1 and expressing fraction>=0.10","DESCRIPTIVE_ONLY_NOT_CAUSAL_NOT_REQUIRED_FOR_ROBUSTNESS","results/03_phase3/baseline/baseline_ligand_expression_by_donor.csv|config/phase3_analysis.json","YES",0.179449301136868,0.137061220587155,0.196366515884612,0.077755925289698,0.158255260862012,0.158255260862012,"YES","NO_CLEAR_LICENSING_EFFECT","donor/passage rules frozen before outcomes; no cell-level P value","results/03_phase3/licensing/licensing_effect_by_donor_passage.csv|config/phase3_analysis.json","ROBUST_BASELINE_NO_CONSISTENT_LICENSING","PUTATIVE_TRANSCRIPTOMIC_LIGAND","HIGH_CONFIDENCE_SENDER_CANDIDATE","NO","ANNOTATION_ONLY_TRANSCRIPT_DOES_NOT_PROVE_SECRETION","YES","results/03_phase3/baseline/baseline_sender_robustness.csv|results/03_phase3/licensing/licensing_ligand_classification.csv|config/phase3_analysis.json",0.926346801346801
84,"COL8A1","S2","HIGH_CONFIDENCE_SENDER_CANDIDATE_NOT_THERAPEUTIC","NicheNet lr_network_human_21122021.rds unique from","NicheNet human LR network 2021-12-21; Zenodo 7074291","NICHENET_AND_OMNIPATH_MAPPED",6,18,"NO","YES","YES","YES","OMNIPATH_SECRETED_ANNOTATION","Cellinker;ComPPI;connectomeDB2020;ConnectomeDB2025;GO_Intercell;HPA_secretome;LOCATE;Matrisome;OmniPath;Ramilowski_location;UniProt_keyword;UniProt_location","47c971d2fbba4ecd0ba7485d1846a74054432a0d1a97ea3e6a79ae27d0da8094","5e4142df024fd4d5d64cc667299364982a51176076ae6a69e1069425530afafa","FROZEN_BEFORE_EXPRESSION_OUTCOMES","https://zenodo.org/records/7074291|https://omnipathdb.org/intercell",2,4,6,2,4,134.153834429501,92.4360392048247,0.778763040167273,0.626812704774923,0.937710437710438,0.924979389942292,0.653264343430899,"NO","ROBUST_BASELINE_SENDER",0.937710437710438,0.85479797979798,0.0829124579124579,"NO_LARGE_CONTEXT_SHIFT","GSE182158 2/2 plus GSE199071 >=3/4 donor support; CPM>=1 and expressing fraction>=0.10","DESCRIPTIVE_ONLY_NOT_CAUSAL_NOT_REQUIRED_FOR_ROBUSTNESS","results/03_phase3/baseline/baseline_ligand_expression_by_donor.csv|config/phase3_analysis.json","YES",0.0699577142321088,0.199007565091289,-0.114234794551738,0.512249924734315,0.134482639661699,0.134482639661699,"YES","PASSAGE_DEPENDENT","donor/passage rules frozen before outcomes; no cell-level P value","results/03_phase3/licensing/licensing_effect_by_donor_passage.csv|config/phase3_analysis.json","ROBUST_BASELINE_NO_CONSISTENT_LICENSING","PUTATIVE_TRANSCRIPTOMIC_LIGAND","HIGH_CONFIDENCE_SENDER_CANDIDATE","NO","ANNOTATION_ONLY_TRANSCRIPT_DOES_NOT_PROVE_SECRETION","YES","results/03_phase3/baseline/baseline_sender_robustness.csv|results/03_phase3/licensing/licensing_ligand_classification.csv|config/phase3_analysis.json",0.924979389942292
85,"CD44","S2","HIGH_CONFIDENCE_SENDER_CANDIDATE_NOT_THERAPEUTIC","NicheNet lr_network_human_21122021.rds unique from","NicheNet human LR network 2021-12-21; Zenodo 7074291","NICHENET_AND_OMNIPATH_MAPPED",5,69,"YES","YES","YES","YES","OMNIPATH_SECRETED_ANNOTATION","Almen2009;CellCellInteractions;CellChatDB;Cellinker;CellPhoneDB;CellTalkDB;ComPPI;connectomeDB2020;ConnectomeDB2025;CSPA;GO_Intercell;HPA_secretome;HPMR;ICELLNET;iTALK;LOCATE;LRdb;Membranome;OmniPath;Phobius;Ramilowski_location;Ramilowski2015;Surfaceome;talklr;TopDB;UniProt_keyword;UniProt_location;UniProt_topology;Zhong2015","47c971d2fbba4ecd0ba7485d1846a74054432a0d1a97ea3e6a79ae27d0da8094","5e4142df024fd4d5d64cc667299364982a51176076ae6a69e1069425530afafa","FROZEN_BEFORE_EXPRESSION_OUTCOMES","https://zenodo.org/records/7074291|https://omnipathdb.org/intercell",2,4,6,2,4,94.6197837679244,395.102342256075,0.796025245416788,0.939133917495249,0.9246632996633,0.972382522671064,1.10509912923794,"NO","ROBUST_BASELINE_SENDER",0.9246632996633,0.956649831649832,-0.0319865319865319,"NO_LARGE_CONTEXT_SHIFT","GSE182158 2/2 plus GSE199071 >=3/4 donor support; CPM>=1 and expressing fraction>=0.10","DESCRIPTIVE_ONLY_NOT_CAUSAL_NOT_REQUIRED_FOR_ROBUSTNESS","results/03_phase3/baseline/baseline_ligand_expression_by_donor.csv|config/phase3_analysis.json","YES",-0.398160795725587,-0.044430188757593,-1.05883552227609,0.969975144760909,-0.22129549224159,0.22129549224159,"YES","PASSAGE_DEPENDENT","donor/passage rules frozen before outcomes; no cell-level P value","results/03_phase3/licensing/licensing_effect_by_donor_passage.csv|config/phase3_analysis.json","ROBUST_BASELINE_NO_CONSISTENT_LICENSING","PUTATIVE_TRANSCRIPTOMIC_LIGAND","HIGH_CONFIDENCE_SENDER_CANDIDATE","NO","ANNOTATION_ONLY_TRANSCRIPT_DOES_NOT_PROVE_SECRETION","YES","results/03_phase3/baseline/baseline_sender_robustness.csv|results/03_phase3/licensing/licensing_ligand_classification.csv|config/phase3_analysis.json",0.9246632996633
86,"LTBP1","S2","HIGH_CONFIDENCE_SENDER_CANDIDATE_NOT_THERAPEUTIC","NicheNet lr_network_human_21122021.rds unique from","NicheNet human LR network 2021-12-21; Zenodo 7074291","NICHENET_AND_OMNIPATH_MAPPED",1,27,"YES","YES","YES","YES","OMNIPATH_SECRETED_ANNOTATION","CellCellInteractions;CellChatDB;Cellinker;ComPPI;connectomeDB2020;ConnectomeDB2025;GO_Intercell;HGNC;HPA_secretome;LOCATE;Matrisome;MatrixDB;OmniPath;UniProt_keyword;UniProt_location","47c971d2fbba4ecd0ba7485d1846a74054432a0d1a97ea3e6a79ae27d0da8094","5e4142df024fd4d5d64cc667299364982a51176076ae6a69e1069425530afafa","FROZEN_BEFORE_EXPRESSION_OUTCOMES","https://zenodo.org/records/7074291|https://omnipathdb.org/intercell",2,4,6,2,4,119.553955448246,86.7034230249392,0.900758096409798,0.644193144527015,0.936868686868687,0.924567188788129,0.517176902391614,"NO","ROBUST_BASELINE_SENDER",0.936868686868687,0.908670033670034,0.0281986531986532,"NO_LARGE_CONTEXT_SHIFT","GSE182158 2/2 plus GSE199071 >=3/4 donor support; CPM>=1 and expressing fraction>=0.10","DESCRIPTIVE_ONLY_NOT_CAUSAL_NOT_REQUIRED_FOR_ROBUSTNESS","results/03_phase3/baseline/baseline_ligand_expression_by_donor.csv|config/phase3_analysis.json","YES",-1.07517285238735,-0.0169653636137175,-0.315504086259469,0.281573359032034,-0.546069108000536,0.546069108000536,"YES","NO_CLEAR_LICENSING_EFFECT","donor/passage rules frozen before outcomes; no cell-level P value","results/03_phase3/licensing/licensing_effect_by_donor_passage.csv|config/phase3_analysis.json","ROBUST_BASELINE_NO_CONSISTENT_LICENSING","PUTATIVE_TRANSCRIPTOMIC_LIGAND","HIGH_CONFIDENCE_SENDER_CANDIDATE","NO","ANNOTATION_ONLY_TRANSCRIPT_DOES_NOT_PROVE_SECRETION","YES","results/03_phase3/baseline/baseline_sender_robustness.csv|results/03_phase3/licensing/licensing_ligand_classification.csv|config/phase3_analysis.json",0.924567188788129
87,"VCAN","S2","HIGH_CONFIDENCE_SENDER_CANDIDATE_NOT_THERAPEUTIC","NicheNet lr_network_human_21122021.rds unique from","NicheNet human LR network 2021-12-21; Zenodo 7074291","NICHENET_AND_OMNIPATH_MAPPED",8,33,"YES","YES","YES","YES","OMNIPATH_SECRETED_ANNOTATION","Cellinker;CellTalkDB;ComPPI;connectomeDB2020;ConnectomeDB2025;GO_Intercell;HGNC;HPA_secretome;ICELLNET;iTALK;LRdb;Matrisome;OmniPath;Ramilowski_location;Ramilowski2015;talklr;UniProt_keyword;UniProt_location;Zhong2015","47c971d2fbba4ecd0ba7485d1846a74054432a0d1a97ea3e6a79ae27d0da8094","5e4142df024fd4d5d64cc667299364982a51176076ae6a69e1069425530afafa","FROZEN_BEFORE_EXPRESSION_OUTCOMES","https://zenodo.org/records/7074291|https://omnipathdb.org/intercell",2,4,6,2,4,147.812580986168,95.3985282922076,0.851119409875766,0.672401134945859,0.944444444444444,0.922506183017313,0.609774304621531,"YES","ROBUST_BASELINE_SENDER",0.944444444444444,0.958333333333333,-0.013888888888889,"NO_LARGE_CONTEXT_SHIFT","GSE182158 2/2 plus GSE199071 >=3/4 donor support; CPM>=1 and expressing fraction>=0.10","DESCRIPTIVE_ONLY_NOT_CAUSAL_NOT_REQUIRED_FOR_ROBUSTNESS","results/03_phase3/baseline/baseline_ligand_expression_by_donor.csv|config/phase3_analysis.json","YES",-1.73571440161759,-0.718340432707637,-1.58955558066442,0.152874715249146,-1.22702741716261,1.22702741716261,"YES","PASSAGE_DEPENDENT","donor/passage rules frozen before outcomes; no cell-level P value","results/03_phase3/licensing/licensing_effect_by_donor_passage.csv|config/phase3_analysis.json","ROBUST_BASELINE_NO_CONSISTENT_LICENSING","PUTATIVE_TRANSCRIPTOMIC_LIGAND","HIGH_CONFIDENCE_SENDER_CANDIDATE","NO","ANNOTATION_ONLY_TRANSCRIPT_DOES_NOT_PROVE_SECRETION","YES","results/03_phase3/baseline/baseline_sender_robustness.csv|results/03_phase3/licensing/licensing_ligand_classification.csv|config/phase3_analysis.json",0.922506183017313
88,"SARAF","S2","HIGH_CONFIDENCE_SENDER_CANDIDATE_NOT_THERAPEUTIC","NicheNet lr_network_human_21122021.rds unique from","NicheNet human LR network 2021-12-21; Zenodo 7074291","NICHENET_AND_OMNIPATH_MAPPED",1,19,"NO","YES","NO","NO","NO_OMNIPATH_SECRETED_ANNOTATION","Almen2009;Cellinker;ComPPI;GO_Intercell;OmniPath;Phobius;Ramilowski_location;TopDB;UniProt_keyword;UniProt_location;UniProt_topology","47c971d2fbba4ecd0ba7485d1846a74054432a0d1a97ea3e6a79ae27d0da8094","5e4142df024fd4d5d64cc667299364982a51176076ae6a69e1069425530afafa","FROZEN_BEFORE_EXPRESSION_OUTCOMES","https://zenodo.org/records/7074291|https://omnipathdb.org/intercell",2,4,6,2,4,188.857443763415,90.4510060964925,0.971785837266736,0.687888101517323,0.955387205387206,0.922506183017313,0.573925864681067,"NO","ROBUST_BASELINE_SENDER",0.955387205387206,0.922979797979798,0.0324074074074074,"NO_LARGE_CONTEXT_SHIFT","GSE182158 2/2 plus GSE199071 >=3/4 donor support; CPM>=1 and expressing fraction>=0.10","DESCRIPTIVE_ONLY_NOT_CAUSAL_NOT_REQUIRED_FOR_ROBUSTNESS","results/03_phase3/baseline/baseline_ligand_expression_by_donor.csv|config/phase3_analysis.json","YES",-1.08047793212029,0.212075191574157,-0.330211712944519,0.754362096092832,-0.434201370273065,0.646276561847222,"YES","PASSAGE_DEPENDENT","donor/passage rules frozen before outcomes; no cell-level P value","results/03_phase3/licensing/licensing_effect_by_donor_passage.csv|config/phase3_analysis.json","ROBUST_BASELINE_NO_CONSISTENT_LICENSING","PUTATIVE_TRANSCRIPTOMIC_LIGAND","HIGH_CONFIDENCE_SENDER_CANDIDATE","NO","ANNOTATION_ONLY_TRANSCRIPT_DOES_NOT_PROVE_SECRETION","YES","results/03_phase3/baseline/baseline_sender_robustness.csv|results/03_phase3/licensing/licensing_ligand_classification.csv|config/phase3_analysis.json",0.922506183017313
89,"COL4A2","S2","HIGH_CONFIDENCE_SENDER_CANDIDATE_NOT_THERAPEUTIC","NicheNet lr_network_human_21122021.rds unique from","NicheNet human LR network 2021-12-21; Zenodo 7074291","NICHENET_AND_OMNIPATH_MAPPED",10,23,"YES","YES","YES","YES","OMNIPATH_SECRETED_ANNOTATION","Baccin2019;CellChatDB;Cellinker;ComPPI;connectomeDB2020;ConnectomeDB2025;GO_Intercell;HPA_secretome;LOCATE;Matrisome;OmniPath;Ramilowski_location;UniProt_keyword;UniProt_location","47c971d2fbba4ecd0ba7485d1846a74054432a0d1a97ea3e6a79ae27d0da8094","5e4142df024fd4d5d64cc667299364982a51176076ae6a69e1069425530afafa","FROZEN_BEFORE_EXPRESSION_OUTCOMES","https://zenodo.org/records/7074291|https://omnipathdb.org/intercell",2,4,6,2,4,79.6109778567814,154.69978436796,0.782506423270907,0.794318187912932,0.921296296296296,0.950948062654575,0.608013082489414,"NO","ROBUST_BASELINE_SENDER",0.921296296296296,0.906986531986532,0.0143097643097643,"NO_LARGE_CONTEXT_SHIFT","GSE182158 2/2 plus GSE199071 >=3/4 donor support; CPM>=1 and expressing fraction>=0.10","DESCRIPTIVE_ONLY_NOT_CAUSAL_NOT_REQUIRED_FOR_ROBUSTNESS","results/03_phase3/baseline/baseline_ligand_expression_by_donor.csv|config/phase3_analysis.json","YES",-0.046888112037628,1.26892926571286,1.11290964507833,1.42494888634738,0.611020576837614,0.657908688875242,"YES","DONOR_DEPENDENT","donor/passage rules frozen before outcomes; no cell-level P value","results/03_phase3/licensing/licensing_effect_by_donor_passage.csv|config/phase3_analysis.json","ROBUST_BASELINE_NO_CONSISTENT_LICENSING","PUTATIVE_TRANSCRIPTOMIC_LIGAND","HIGH_CONFIDENCE_SENDER_CANDIDATE","NO","ANNOTATION_ONLY_TRANSCRIPT_DOES_NOT_PROVE_SECRETION","YES","results/03_phase3/baseline/baseline_sender_robustness.csv|results/03_phase3/licensing/licensing_ligand_classification.csv|config/phase3_analysis.json",0.921296296296296
90,"APP","S2","HIGH_CONFIDENCE_SENDER_CANDIDATE_NOT_THERAPEUTIC","NicheNet lr_network_human_21122021.rds unique from","NicheNet human LR network 2021-12-21; Zenodo 7074291","NICHENET_AND_OMNIPATH_MAPPED",10,47,"YES","YES","YES","YES","OMNIPATH_SECRETED_ANNOTATION","Almen2009;CellCellInteractions;CellChatDB;Cellinker;CellPhoneDB;ComPPI;connectomeDB2020;ConnectomeDB2025;GO_Intercell;LOCATE;Membranome;OmniPath;Phobius;Ramilowski_location;Surfaceome;TopDB;UniProt_keyword;UniProt_location;UniProt_topology","47c971d2fbba4ecd0ba7485d1846a74054432a0d1a97ea3e6a79ae27d0da8094","5e4142df024fd4d5d64cc667299364982a51176076ae6a69e1069425530afafa","FROZEN_BEFORE_EXPRESSION_OUTCOMES","https://zenodo.org/records/7074291|https://omnipathdb.org/intercell",2,4,6,2,4,119.733460706674,78.7942362187586,0.894676955521625,0.64127535691463,0.933501683501684,0.92085737840066,0.423414000296097,"NO","ROBUST_BASELINE_SENDER",0.933501683501684,0.938131313131313,-0.00462962962962965,"NO_LARGE_CONTEXT_SHIFT","GSE182158 2/2 plus GSE199071 >=3/4 donor support; CPM>=1 and expressing fraction>=0.10","DESCRIPTIVE_ONLY_NOT_CAUSAL_NOT_REQUIRED_FOR_ROBUSTNESS","results/03_phase3/baseline/baseline_ligand_expression_by_donor.csv|config/phase3_analysis.json","YES",-0.00606792041885876,0.181574279310264,0.134894242208052,0.228254316412476,0.0877531794457028,0.0938210998645616,"YES","NO_CLEAR_LICENSING_EFFECT","donor/passage rules frozen before outcomes; no cell-level P value","results/03_phase3/licensing/licensing_effect_by_donor_passage.csv|config/phase3_analysis.json","ROBUST_BASELINE_NO_CONSISTENT_LICENSING","PUTATIVE_TRANSCRIPTOMIC_LIGAND","HIGH_CONFIDENCE_SENDER_CANDIDATE","NO","ANNOTATION_ONLY_TRANSCRIPT_DOES_NOT_PROVE_SECRETION","YES","results/03_phase3/baseline/baseline_sender_robustness.csv|results/03_phase3/licensing/licensing_ligand_classification.csv|config/phase3_analysis.json",0.92085737840066
91,"HEBP1","S2","HIGH_CONFIDENCE_SENDER_CANDIDATE_NOT_THERAPEUTIC","NicheNet lr_network_human_21122021.rds unique from","NicheNet human LR network 2021-12-21; Zenodo 7074291","NICHENET_AND_OMNIPATH_MAPPED",2,12,"YES","YES","YES","YES","OMNIPATH_SECRETED_ANNOTATION","CellPhoneDB;ComPPI;connectomeDB2020;GO_Intercell;MatrixDB;OmniPath;UniProt_location","47c971d2fbba4ecd0ba7485d1846a74054432a0d1a97ea3e6a79ae27d0da8094","5e4142df024fd4d5d64cc667299364982a51176076ae6a69e1069425530afafa","FROZEN_BEFORE_EXPRESSION_OUTCOMES","https://zenodo.org/records/7074291|https://omnipathdb.org/intercell",2,4,6,2,4,169.691842182955,78.1484919979909,0.937187673974366,0.64765082717322,0.947390572390572,0.917971970321517,0.673590841773143,"NO","ROBUST_BASELINE_SENDER",0.947390572390572,0.920454545454545,0.026936026936027,"NO_LARGE_CONTEXT_SHIFT","GSE182158 2/2 plus GSE199071 >=3/4 donor support; CPM>=1 and expressing fraction>=0.10","DESCRIPTIVE_ONLY_NOT_CAUSAL_NOT_REQUIRED_FOR_ROBUSTNESS","results/03_phase3/baseline/baseline_ligand_expression_by_donor.csv|config/phase3_analysis.json","YES",-0.4477016976199,-0.323521819369652,-0.441564774148046,-0.205478864591259,-0.385611758494776,0.385611758494776,"YES","NO_CLEAR_LICENSING_EFFECT","donor/passage rules frozen before outcomes; no cell-level P value","results/03_phase3/licensing/licensing_effect_by_donor_passage.csv|config/phase3_analysis.json","ROBUST_BASELINE_NO_CONSISTENT_LICENSING","PUTATIVE_TRANSCRIPTOMIC_LIGAND","HIGH_CONFIDENCE_SENDER_CANDIDATE","NO","ANNOTATION_ONLY_TRANSCRIPT_DOES_NOT_PROVE_SECRETION","YES","results/03_phase3/baseline/baseline_sender_robustness.csv|results/03_phase3/licensing/licensing_ligand_classification.csv|config/phase3_analysis.json",0.917971970321517
92,"COL5A1","S2","HIGH_CONFIDENCE_SENDER_CANDIDATE_NOT_THERAPEUTIC","NicheNet lr_network_human_21122021.rds unique from","NicheNet human LR network 2021-12-21; Zenodo 7074291","NICHENET_AND_OMNIPATH_MAPPED",11,17,"NO","YES","YES","YES","OMNIPATH_SECRETED_ANNOTATION","Baccin2019;Cellinker;ComPPI;connectomeDB2020;ConnectomeDB2025;GO_Intercell;HPA_secretome;LOCATE;Matrisome;OmniPath;UniProt_keyword;UniProt_location","47c971d2fbba4ecd0ba7485d1846a74054432a0d1a97ea3e6a79ae27d0da8094","5e4142df024fd4d5d64cc667299364982a51176076ae6a69e1069425530afafa","FROZEN_BEFORE_EXPRESSION_OUTCOMES","https://zenodo.org/records/7074291|https://omnipathdb.org/intercell",2,4,6,2,4,198.728238858856,78.5509614420093,0.932444821320913,0.555701910387367,0.949915824915825,0.915086562242374,0.932250718844057,"YES","ROBUST_BASELINE_SENDER",0.949915824915825,0.887626262626263,0.0622895622895623,"NO_LARGE_CONTEXT_SHIFT","GSE182158 2/2 plus GSE199071 >=3/4 donor support; CPM>=1 and expressing fraction>=0.10","DESCRIPTIVE_ONLY_NOT_CAUSAL_NOT_REQUIRED_FOR_ROBUSTNESS","results/03_phase3/baseline/baseline_ligand_expression_by_donor.csv|config/phase3_analysis.json","YES",-1.85291475731658,-0.486552947151328,-1.1123866214154,0.13928072711274,-1.16973385223396,1.16973385223396,"YES","PASSAGE_DEPENDENT","donor/passage rules frozen before outcomes; no cell-level P value","results/03_phase3/licensing/licensing_effect_by_donor_passage.csv|config/phase3_analysis.json","ROBUST_BASELINE_NO_CONSISTENT_LICENSING","PUTATIVE_TRANSCRIPTOMIC_LIGAND","HIGH_CONFIDENCE_SENDER_CANDIDATE","NO","ANNOTATION_ONLY_TRANSCRIPT_DOES_NOT_PROVE_SECRETION","YES","results/03_phase3/baseline/baseline_sender_robustness.csv|results/03_phase3/licensing/licensing_ligand_classification.csv|config/phase3_analysis.json",0.915086562242374
93,"LUM","S2","HIGH_CONFIDENCE_SENDER_CANDIDATE_NOT_THERAPEUTIC","NicheNet lr_network_human_21122021.rds unique from","NicheNet human LR network 2021-12-21; Zenodo 7074291","NICHENET_AND_OMNIPATH_MAPPED",1,19,"YES","YES","YES","YES","OMNIPATH_SECRETED_ANNOTATION","CellCellInteractions;CellTalkDB;ConnectomeDB2025;GO_Intercell;HGNC;HPA_secretome;LOCATE;Matrisome;MatrixDB;OmniPath;UniProt_keyword;UniProt_location","47c971d2fbba4ecd0ba7485d1846a74054432a0d1a97ea3e6a79ae27d0da8094","5e4142df024fd4d5d64cc667299364982a51176076ae6a69e1069425530afafa","FROZEN_BEFORE_EXPRESSION_OUTCOMES","https://zenodo.org/records/7074291|https://omnipathdb.org/intercell",2,4,6,2,4,1374.8306594524,75.1290121562073,0.999478337589512,0.421129456396989,0.98989898989899,0.915086562242374,2.66960417372282,"YES","ROBUST_BASELINE_SENDER",0.98989898989899,0.931397306397306,0.0585016835016834,"NO_LARGE_CONTEXT_SHIFT","GSE182158 2/2 plus GSE199071 >=3/4 donor support; CPM>=1 and expressing fraction>=0.10","DESCRIPTIVE_ONLY_NOT_CAUSAL_NOT_REQUIRED_FOR_ROBUSTNESS","results/03_phase3/baseline/baseline_ligand_expression_by_donor.csv|config/phase3_analysis.json","YES",-1.26085213354206,0.598077079550638,0.422783105117368,0.773371053983908,-0.331387526995711,0.929464606546349,"YES","DONOR_DEPENDENT","donor/passage rules frozen before outcomes; no cell-level P value","results/03_phase3/licensing/licensing_effect_by_donor_passage.csv|config/phase3_analysis.json","ROBUST_BASELINE_NO_CONSISTENT_LICENSING","PUTATIVE_TRANSCRIPTOMIC_LIGAND","HIGH_CONFIDENCE_SENDER_CANDIDATE","NO","ANNOTATION_ONLY_TRANSCRIPT_DOES_NOT_PROVE_SECRETION","YES","results/03_phase3/baseline/baseline_sender_robustness.csv|results/03_phase3/licensing/licensing_ligand_classification.csv|config/phase3_analysis.json",0.915086562242374
94,"LAMC1","S2","HIGH_CONFIDENCE_SENDER_CANDIDATE_NOT_THERAPEUTIC","NicheNet lr_network_human_21122021.rds unique from","NicheNet human LR network 2021-12-21; Zenodo 7074291","NICHENET_AND_OMNIPATH_MAPPED",8,27,"YES","YES","YES","YES","OMNIPATH_SECRETED_ANNOTATION","CellChatDB;CellPhoneDB;CellTalkDB;ComPPI;ConnectomeDB2025;GO_Intercell;HGNC;HPA_secretome;iTALK;LOCATE;Matrisome;OmniPath;Ramilowski_location;UniProt_keyword;UniProt_location;Zhong2015","47c971d2fbba4ecd0ba7485d1846a74054432a0d1a97ea3e6a79ae27d0da8094","5e4142df024fd4d5d64cc667299364982a51176076ae6a69e1069425530afafa","FROZEN_BEFORE_EXPRESSION_OUTCOMES","https://zenodo.org/records/7074291|https://omnipathdb.org/intercell",2,4,6,2,4,71.8018928171778,81.4916505656854,0.756180898794659,0.611153125554278,0.914983164983165,0.916735366859027,0.418571183842335,"NO","ROBUST_BASELINE_SENDER",0.914983164983165,0.928872053872054,-0.0138888888888888,"NO_LARGE_CONTEXT_SHIFT","GSE182158 2/2 plus GSE199071 >=3/4 donor support; CPM>=1 and expressing fraction>=0.10","DESCRIPTIVE_ONLY_NOT_CAUSAL_NOT_REQUIRED_FOR_ROBUSTNESS","results/03_phase3/baseline/baseline_ligand_expression_by_donor.csv|config/phase3_analysis.json","YES",-0.212342758317784,-0.0741091302780182,-0.308484491568354,0.160266231012317,-0.143225944297901,0.143225944297901,"YES","NO_CLEAR_LICENSING_EFFECT","donor/passage rules frozen before outcomes; no cell-level P value","results/03_phase3/licensing/licensing_effect_by_donor_passage.csv|config/phase3_analysis.json","ROBUST_BASELINE_NO_CONSISTENT_LICENSING","PUTATIVE_TRANSCRIPTOMIC_LIGAND","HIGH_CONFIDENCE_SENDER_CANDIDATE","NO","ANNOTATION_ONLY_TRANSCRIPT_DOES_NOT_PROVE_SECRETION","YES","results/03_phase3/baseline/baseline_sender_robustness.csv|results/03_phase3/licensing/licensing_ligand_classification.csv|config/phase3_analysis.json",0.914983164983165
95,"TSPAN3","S2","HIGH_CONFIDENCE_SENDER_CANDIDATE_NOT_THERAPEUTIC","NicheNet lr_network_human_21122021.rds unique from","NicheNet human LR network 2021-12-21; Zenodo 7074291","NICHENET_AND_OMNIPATH_MAPPED",2,16,"NO","YES","NO","NO","NO_OMNIPATH_SECRETED_ANNOTATION","Cellinker;ComPPI;OmniPath;Phobius;Ramilowski_location;Surfaceome;TopDB;UniProt_keyword;UniProt_location;UniProt_topology","47c971d2fbba4ecd0ba7485d1846a74054432a0d1a97ea3e6a79ae27d0da8094","5e4142df024fd4d5d64cc667299364982a51176076ae6a69e1069425530afafa","FROZEN_BEFORE_EXPRESSION_OUTCOMES","https://zenodo.org/records/7074291|https://omnipathdb.org/intercell",2,4,6,2,4,64.3869820827743,78.8857356682251,0.770213562713237,0.651681423360313,0.913299663299663,0.916735366859027,0.15440580813314,"NO","ROBUST_BASELINE_SENDER",0.913299663299663,0.884259259259259,0.029040404040404,"NO_LARGE_CONTEXT_SHIFT","GSE182158 2/2 plus GSE199071 >=3/4 donor support; CPM>=1 and expressing fraction>=0.10","DESCRIPTIVE_ONLY_NOT_CAUSAL_NOT_REQUIRED_FOR_ROBUSTNESS","results/03_phase3/baseline/baseline_ligand_expression_by_donor.csv|config/phase3_analysis.json","YES",-0.708848127632793,-0.365347865897037,-0.524591370232417,-0.206104361561658,-0.537097996764915,0.537097996764915,"YES","NO_CLEAR_LICENSING_EFFECT","donor/passage rules frozen before outcomes; no cell-level P value","results/03_phase3/licensing/licensing_effect_by_donor_passage.csv|config/phase3_analysis.json","ROBUST_BASELINE_NO_CONSISTENT_LICENSING","PUTATIVE_TRANSCRIPTOMIC_LIGAND","HIGH_CONFIDENCE_SENDER_CANDIDATE","NO","ANNOTATION_ONLY_TRANSCRIPT_DOES_NOT_PROVE_SECRETION","YES","results/03_phase3/baseline/baseline_sender_robustness.csv|results/03_phase3/licensing/licensing_ligand_classification.csv|config/phase3_analysis.json",0.913299663299663
96,"CKLF","S2","HIGH_CONFIDENCE_SENDER_CANDIDATE_NOT_THERAPEUTIC","NicheNet lr_network_human_21122021.rds unique from","NicheNet human LR network 2021-12-21; Zenodo 7074291","NICHENET_AND_OMNIPATH_MAPPED",2,25,"YES","YES","YES","YES","OMNIPATH_SECRETED_ANNOTATION","CellTalkDB;ComPPI;ConnectomeDB2025;GO_Intercell;HPA_secretome;LRdb;MatrixDB;OmniPath;Phobius;Ramilowski_location;UniProt_keyword;UniProt_location;UniProt_topology","47c971d2fbba4ecd0ba7485d1846a74054432a0d1a97ea3e6a79ae27d0da8094","5e4142df024fd4d5d64cc667299364982a51176076ae6a69e1069425530afafa","FROZEN_BEFORE_EXPRESSION_OUTCOMES","https://zenodo.org/records/7074291|https://omnipathdb.org/intercell",2,4,6,2,4,68.4093399141966,157.114514958648,0.733567439051163,0.843830426764188,0.912878787878788,0.952184666117065,0.747124622510999,"NO","ROBUST_BASELINE_SENDER",0.912878787878788,0.916245791245791,-0.00336700336700335,"NO_LARGE_CONTEXT_SHIFT","GSE182158 2/2 plus GSE199071 >=3/4 donor support; CPM>=1 and expressing fraction>=0.10","DESCRIPTIVE_ONLY_NOT_CAUSAL_NOT_REQUIRED_FOR_ROBUSTNESS","results/03_phase3/baseline/baseline_ligand_expression_by_donor.csv|config/phase3_analysis.json","YES",0.310898525033773,-0.630605803336082,-0.870237400210096,-0.390974206462068,-0.159853639151154,0.470752164184928,"YES","DONOR_DEPENDENT","donor/passage rules frozen before outcomes; no cell-level P value","results/03_phase3/licensing/licensing_effect_by_donor_passage.csv|config/phase3_analysis.json","ROBUST_BASELINE_NO_CONSISTENT_LICENSING","PUTATIVE_TRANSCRIPTOMIC_LIGAND","HIGH_CONFIDENCE_SENDER_CANDIDATE","NO","ANNOTATION_ONLY_TRANSCRIPT_DOES_NOT_PROVE_SECRETION","YES","results/03_phase3/baseline/baseline_sender_robustness.csv|results/03_phase3/licensing/licensing_ligand_classification.csv|config/phase3_analysis.json",0.912878787878788
97,"MFGE8","S2","HIGH_CONFIDENCE_SENDER_CANDIDATE_NOT_THERAPEUTIC","NicheNet lr_network_human_21122021.rds unique from","NicheNet human LR network 2021-12-21; Zenodo 7074291","NICHENET_AND_OMNIPATH_MAPPED",4,29,"YES","YES","YES","YES","OMNIPATH_SECRETED_ANNOTATION","Baccin2019;Cellinker;CellTalkDB;ComPPI;connectomeDB2020;ConnectomeDB2025;DGIdb;EMBRACE;GO_Intercell;HPA_secretome;iTALK;LOCATE;LRdb;OmniPath;Ramilowski2015;talklr;UniProt_keyword;UniProt_location","47c971d2fbba4ecd0ba7485d1846a74054432a0d1a97ea3e6a79ae27d0da8094","5e4142df024fd4d5d64cc667299364982a51176076ae6a69e1069425530afafa","FROZEN_BEFORE_EXPRESSION_OUTCOMES","https://zenodo.org/records/7074291|https://omnipathdb.org/intercell",2,4,6,2,4,216.509582934807,75.2326550134125,0.933345500096554,0.546107827442524,0.954124579124579,0.912613355317395,0.89843078684207,"NO","ROBUST_BASELINE_SENDER",0.954124579124579,0.912878787878788,0.0412457912457913,"NO_LARGE_CONTEXT_SHIFT","GSE182158 2/2 plus GSE199071 >=3/4 donor support; CPM>=1 and expressing fraction>=0.10","DESCRIPTIVE_ONLY_NOT_CAUSAL_NOT_REQUIRED_FOR_ROBUSTNESS","results/03_phase3/baseline/baseline_ligand_expression_by_donor.csv|config/phase3_analysis.json","YES",-1.14103786006393,0.676412307609189,-0.187421777676811,1.54024639289519,-0.232312776227373,0.908725083836562,"YES","PASSAGE_DEPENDENT","donor/passage rules frozen before outcomes; no cell-level P value","results/03_phase3/licensing/licensing_effect_by_donor_passage.csv|config/phase3_analysis.json","ROBUST_BASELINE_NO_CONSISTENT_LICENSING","PUTATIVE_TRANSCRIPTOMIC_LIGAND","HIGH_CONFIDENCE_SENDER_CANDIDATE","NO","ANNOTATION_ONLY_TRANSCRIPT_DOES_NOT_PROVE_SECRETION","YES","results/03_phase3/baseline/baseline_sender_robustness.csv|results/03_phase3/licensing/licensing_ligand_classification.csv|config/phase3_analysis.json",0.912613355317395
98,"TGFBI","S2","HIGH_CONFIDENCE_SENDER_CANDIDATE_NOT_THERAPEUTIC","NicheNet lr_network_human_21122021.rds unique from","NicheNet human LR network 2021-12-21; Zenodo 7074291","NICHENET_AND_OMNIPATH_MAPPED",11,20,"YES","YES","YES","YES","OMNIPATH_SECRETED_ANNOTATION","ConnectomeDB2025;GO_Intercell;HPA_secretome;LOCATE;Matrisome;OmniPath;Ramilowski_location;UniProt_keyword;UniProt_location;Zhong2015","47c971d2fbba4ecd0ba7485d1846a74054432a0d1a97ea3e6a79ae27d0da8094","5e4142df024fd4d5d64cc667299364982a51176076ae6a69e1069425530afafa","FROZEN_BEFORE_EXPRESSION_OUTCOMES","https://zenodo.org/records/7074291|https://omnipathdb.org/intercell",2,4,6,2,4,1583.74216830078,98.3517453300075,0.999293563579278,0.518242436440211,0.988215488215488,0.911788953009068,2.36037039833051,"YES","ROBUST_BASELINE_SENDER",0.988215488215488,0.967592592592593,0.0206228956228957,"NO_LARGE_CONTEXT_SHIFT","GSE182158 2/2 plus GSE199071 >=3/4 donor support; CPM>=1 and expressing fraction>=0.10","DESCRIPTIVE_ONLY_NOT_CAUSAL_NOT_REQUIRED_FOR_ROBUSTNESS","results/03_phase3/baseline/baseline_ligand_expression_by_donor.csv|config/phase3_analysis.json","YES",-0.0849861341782767,0.440916909923888,-0.826169471202977,1.70800329105075,0.177965387872806,0.262951522051082,"YES","PASSAGE_DEPENDENT","donor/passage rules frozen before outcomes; no cell-level P value","results/03_phase3/licensing/licensing_effect_by_donor_passage.csv|config/phase3_analysis.json","ROBUST_BASELINE_NO_CONSISTENT_LICENSING","PUTATIVE_TRANSCRIPTOMIC_LIGAND","HIGH_CONFIDENCE_SENDER_CANDIDATE","NO","ANNOTATION_ONLY_TRANSCRIPT_DOES_NOT_PROVE_SECRETION","YES","results/03_phase3/baseline/baseline_sender_robustness.csv|results/03_phase3/licensing/licensing_ligand_classification.csv|config/phase3_analysis.json",0.911788953009068
99,"COPA","S2","HIGH_CONFIDENCE_SENDER_CANDIDATE_NOT_THERAPEUTIC","NicheNet lr_network_human_21122021.rds unique from","NicheNet human LR network 2021-12-21; Zenodo 7074291","NICHENET_AND_OMNIPATH_MAPPED",6,16,"YES","YES","YES","YES","OMNIPATH_SECRETED_ANNOTATION","ComPPI;DGIdb;GO_Intercell;HPA_secretome;LOCATE;MatrixDB;OmniPath;scConnect;UniProt_keyword;UniProt_location","47c971d2fbba4ecd0ba7485d1846a74054432a0d1a97ea3e6a79ae27d0da8094","5e4142df024fd4d5d64cc667299364982a51176076ae6a69e1069425530afafa","FROZEN_BEFORE_EXPRESSION_OUTCOMES","https://zenodo.org/records/7074291|https://omnipathdb.org/intercell",2,4,6,2,4,63.1177486209764,110.082375486099,0.759358481638894,0.741140181960935,0.911195286195286,0.930338004946414,0.425742830359443,"NO","ROBUST_BASELINE_SENDER",0.911195286195286,0.890993265993266,0.0202020202020202,"NO_LARGE_CONTEXT_SHIFT","GSE182158 2/2 plus GSE199071 >=3/4 donor support; CPM>=1 and expressing fraction>=0.10","DESCRIPTIVE_ONLY_NOT_CAUSAL_NOT_REQUIRED_FOR_ROBUSTNESS","results/03_phase3/baseline/baseline_ligand_expression_by_donor.csv|config/phase3_analysis.json","YES",0.0534838124231005,0.580794566528667,0.193088909859213,0.96850022319812,0.317139189475884,0.317139189475884,"YES","NO_CLEAR_LICENSING_EFFECT","donor/passage rules frozen before outcomes; no cell-level P value","results/03_phase3/licensing/licensing_effect_by_donor_passage.csv|config/phase3_analysis.json","ROBUST_BASELINE_NO_CONSISTENT_LICENSING","PUTATIVE_TRANSCRIPTOMIC_LIGAND","HIGH_CONFIDENCE_SENDER_CANDIDATE","NO","ANNOTATION_ONLY_TRANSCRIPT_DOES_NOT_PROVE_SECRETION","YES","results/03_phase3/baseline/baseline_sender_robustness.csv|results/03_phase3/licensing/licensing_ligand_classification.csv|config/phase3_analysis.json",0.911195286195286
100,"LAYN","S2","HIGH_CONFIDENCE_SENDER_CANDIDATE_NOT_THERAPEUTIC","NicheNet lr_network_human_21122021.rds unique from","NicheNet human LR network 2021-12-21; Zenodo 7074291","NICHENET_AND_OMNIPATH_MAPPED",2,35,"NO","YES","NO","YES","NO_OMNIPATH_SECRETED_ANNOTATION","Adhesome;Almen2009;Cellinker;ComPPI;HPMR;Membranome;OmniPath;Phobius;Ramilowski_location;Surfaceome;UniProt_keyword;UniProt_location;UniProt_topology","47c971d2fbba4ecd0ba7485d1846a74054432a0d1a97ea3e6a79ae27d0da8094","5e4142df024fd4d5d64cc667299364982a51176076ae6a69e1069425530afafa","FROZEN_BEFORE_EXPRESSION_OUTCOMES","https://zenodo.org/records/7074291|https://omnipathdb.org/intercell",2,4,6,2,4,60.7823400813715,63.1519636538281,0.70093276926038,0.564793084610393,0.910353535353535,0.911788953009068,0.33833664206634,"NO","ROBUST_BASELINE_SENDER",0.910353535353535,0.888468013468014,0.0218855218855218,"NO_LARGE_CONTEXT_SHIFT","GSE182158 2/2 plus GSE199071 >=3/4 donor support; CPM>=1 and expressing fraction>=0.10","DESCRIPTIVE_ONLY_NOT_CAUSAL_NOT_REQUIRED_FOR_ROBUSTNESS","results/03_phase3/baseline/baseline_ligand_expression_by_donor.csv|config/phase3_analysis.json","YES",-0.166813498650583,0.475646236172609,1.37885061172236,-0.427558139377144,0.154416368761013,0.321229867411596,"YES","PASSAGE_DEPENDENT","donor/passage rules frozen before outcomes; no cell-level P value","results/03_phase3/licensing/licensing_effect_by_donor_passage.csv|config/phase3_analysis.json","ROBUST_BASELINE_NO_CONSISTENT_LICENSING","PUTATIVE_TRANSCRIPTOMIC_LIGAND","HIGH_CONFIDENCE_SENDER_CANDIDATE","NO","ANNOTATION_ONLY_TRANSCRIPT_DOES_NOT_PROVE_SECRETION","YES","results/03_phase3/baseline/baseline_sender_robustness.csv|results/03_phase3/licensing/licensing_ligand_classification.csv|config/phase3_analysis.json",0.910353535353535
101,"CTSD","S2","HIGH_CONFIDENCE_SENDER_CANDIDATE_NOT_THERAPEUTIC","NicheNet lr_network_human_21122021.rds unique from","NicheNet human LR network 2021-12-21; Zenodo 7074291","NICHENET_AND_OMNIPATH_MAPPED",1,16,"NO","YES","YES","YES","OMNIPATH_SECRETED_ANNOTATION","ComPPI;GO_Intercell;HPA_secretome;LOCATE;OmniPath;scConnect;UniProt_keyword;UniProt_location","47c971d2fbba4ecd0ba7485d1846a74054432a0d1a97ea3e6a79ae27d0da8094","5e4142df024fd4d5d64cc667299364982a51176076ae6a69e1069425530afafa","FROZEN_BEFORE_EXPRESSION_OUTCOMES","https://zenodo.org/records/7074291|https://omnipathdb.org/intercell",2,4,6,2,4,135.124722104854,67.3095244301188,0.912190897748723,0.594784194108077,0.939393939393939,0.908903544929926,0.588293445293434,"NO","ROBUST_BASELINE_SENDER",0.939393939393939,0.947390572390572,-0.00799663299663289,"NO_LARGE_CONTEXT_SHIFT","GSE182158 2/2 plus GSE199071 >=3/4 donor support; CPM>=1 and expressing fraction>=0.10","DESCRIPTIVE_ONLY_NOT_CAUSAL_NOT_REQUIRED_FOR_ROBUSTNESS","results/03_phase3/baseline/baseline_ligand_expression_by_donor.csv|config/phase3_analysis.json","YES",-0.571685441873951,0.972153528583435,0.420089059783719,1.52421799738315,0.200234043354742,0.771919485228693,"YES","PASSAGE_DEPENDENT","donor/passage rules frozen before outcomes; no cell-level P value","results/03_phase3/licensing/licensing_effect_by_donor_passage.csv|config/phase3_analysis.json","ROBUST_BASELINE_NO_CONSISTENT_LICENSING","PUTATIVE_TRANSCRIPTOMIC_LIGAND","HIGH_CONFIDENCE_SENDER_CANDIDATE","NO","ANNOTATION_ONLY_TRANSCRIPT_DOES_NOT_PROVE_SECRETION","YES","results/03_phase3/baseline/baseline_sender_robustness.csv|results/03_phase3/licensing/licensing_ligand_classification.csv|config/phase3_analysis.json",0.908903544929926
102,"FAM3C","S2","HIGH_CONFIDENCE_SENDER_CANDIDATE_NOT_THERAPEUTIC","NicheNet lr_network_human_21122021.rds unique from","NicheNet human LR network 2021-12-21; Zenodo 7074291","NICHENET_AND_OMNIPATH_MAPPED",9,18,"YES","YES","YES","YES","OMNIPATH_SECRETED_ANNOTATION","CellTalkDB;connectomeDB2020;ConnectomeDB2025;GO_Intercell;HPA_secretome;ICELLNET;OmniPath;UniProt_keyword;UniProt_location","47c971d2fbba4ecd0ba7485d1846a74054432a0d1a97ea3e6a79ae27d0da8094","5e4142df024fd4d5d64cc667299364982a51176076ae6a69e1069425530afafa","FROZEN_BEFORE_EXPRESSION_OUTCOMES","https://zenodo.org/records/7074291|https://omnipathdb.org/intercell",2,4,6,2,4,59.5794048963348,85.9173674423808,0.719716735305201,0.676614392685673,0.908670033670034,0.92085737840066,0.309443170670996,"NO","ROBUST_BASELINE_SENDER",0.908670033670034,0.91456228956229,-0.00589225589225584,"NO_LARGE_CONTEXT_SHIFT","GSE182158 2/2 plus GSE199071 >=3/4 donor support; CPM>=1 and expressing fraction>=0.10","DESCRIPTIVE_ONLY_NOT_CAUSAL_NOT_REQUIRED_FOR_ROBUSTNESS","results/03_phase3/baseline/baseline_ligand_expression_by_donor.csv|config/phase3_analysis.json","YES",-0.0761617508882104,0.280220904665663,0.219569585065294,0.340872224266033,0.102029576888726,0.178191327776937,"YES","NO_CLEAR_LICENSING_EFFECT","donor/passage rules frozen before outcomes; no cell-level P value","results/03_phase3/licensing/licensing_effect_by_donor_passage.csv|config/phase3_analysis.json","ROBUST_BASELINE_NO_CONSISTENT_LICENSING","PUTATIVE_TRANSCRIPTOMIC_LIGAND","HIGH_CONFIDENCE_SENDER_CANDIDATE","NO","ANNOTATION_ONLY_TRANSCRIPT_DOES_NOT_PROVE_SECRETION","YES","results/03_phase3/baseline/baseline_sender_robustness.csv|results/03_phase3/licensing/licensing_ligand_classification.csv|config/phase3_analysis.json",0.908670033670034
103,"COL4A1","S2","HIGH_CONFIDENCE_SENDER_CANDIDATE_NOT_THERAPEUTIC","NicheNet lr_network_human_21122021.rds unique from","NicheNet human LR network 2021-12-21; Zenodo 7074291","NICHENET_AND_OMNIPATH_MAPPED",8,22,"YES","YES","YES","YES","OMNIPATH_SECRETED_ANNOTATION","Baccin2019;CellChatDB;Cellinker;connectomeDB2020;ConnectomeDB2025;GO_Intercell;HPA_secretome;LOCATE;Matrisome;OmniPath;Ramilowski_location;UniProt_keyword;UniProt_location","47c971d2fbba4ecd0ba7485d1846a74054432a0d1a97ea3e6a79ae27d0da8094","5e4142df024fd4d5d64cc667299364982a51176076ae6a69e1069425530afafa","FROZEN_BEFORE_EXPRESSION_OUTCOMES","https://zenodo.org/records/7074291|https://omnipathdb.org/intercell",2,4,6,2,4,56.9007736168469,98.3845081434935,0.632680618525288,0.627383543769399,0.906565656565657,0.927452596867271,0.530198562689685,"NO","ROBUST_BASELINE_SENDER",0.906565656565657,0.906144781144781,0.000420875420875433,"NO_LARGE_CONTEXT_SHIFT","GSE182158 2/2 plus GSE199071 >=3/4 donor support; CPM>=1 and expressing fraction>=0.10","DESCRIPTIVE_ONLY_NOT_CAUSAL_NOT_REQUIRED_FOR_ROBUSTNESS","results/03_phase3/baseline/baseline_ligand_expression_by_donor.csv|config/phase3_analysis.json","YES",-0.618874613277245,1.1100518863082,1.29723124623232,0.922872526384069,0.245588636515476,0.864463249792721,"YES","DONOR_DEPENDENT","donor/passage rules frozen before outcomes; no cell-level P value","results/03_phase3/licensing/licensing_effect_by_donor_passage.csv|config/phase3_analysis.json","ROBUST_BASELINE_NO_CONSISTENT_LICENSING","PUTATIVE_TRANSCRIPTOMIC_LIGAND","HIGH_CONFIDENCE_SENDER_CANDIDATE","NO","ANNOTATION_ONLY_TRANSCRIPT_DOES_NOT_PROVE_SECRETION","YES","results/03_phase3/baseline/baseline_sender_robustness.csv|results/03_phase3/licensing/licensing_ligand_classification.csv|config/phase3_analysis.json",0.906565656565657
104,"TGOLN2","S2","HIGH_CONFIDENCE_SENDER_CANDIDATE_NOT_THERAPEUTIC","NicheNet lr_network_human_21122021.rds unique from","NicheNet human LR network 2021-12-21; Zenodo 7074291","NICHENET_AND_OMNIPATH_MAPPED",1,25,"NO","YES","NO","NO","NO_OMNIPATH_SECRETED_ANNOTATION","Almen2009;Cellinker;ComPPI;GO_Intercell;LOCATE;OmniPath;Phobius;Ramilowski_location;Surfaceome;TopDB;UniProt_keyword;UniProt_location;UniProt_topology","47c971d2fbba4ecd0ba7485d1846a74054432a0d1a97ea3e6a79ae27d0da8094","5e4142df024fd4d5d64cc667299364982a51176076ae6a69e1069425530afafa","FROZEN_BEFORE_EXPRESSION_OUTCOMES","https://zenodo.org/records/7074291|https://omnipathdb.org/intercell",2,4,6,2,4,54.8239824602107,128.136840298486,0.707952466282902,0.796078315559357,0.906144781144781,0.941055234954658,0.631514422379648,"NO","ROBUST_BASELINE_SENDER",0.906144781144781,0.896885521885522,0.0092592592592593,"NO_LARGE_CONTEXT_SHIFT","GSE182158 2/2 plus GSE199071 >=3/4 donor support; CPM>=1 and expressing fraction>=0.10","DESCRIPTIVE_ONLY_NOT_CAUSAL_NOT_REQUIRED_FOR_ROBUSTNESS","results/03_phase3/baseline/baseline_ligand_expression_by_donor.csv|config/phase3_analysis.json","YES",-0.43308828880504,-0.0239390839727385,-0.434331166951335,0.386452999005857,-0.228513686388889,0.228513686388889,"YES","NO_CLEAR_LICENSING_EFFECT","donor/passage rules frozen before outcomes; no cell-level P value","results/03_phase3/licensing/licensing_effect_by_donor_passage.csv|config/phase3_analysis.json","ROBUST_BASELINE_NO_CONSISTENT_LICENSING","PUTATIVE_TRANSCRIPTOMIC_LIGAND","HIGH_CONFIDENCE_SENDER_CANDIDATE","NO","ANNOTATION_ONLY_TRANSCRIPT_DOES_NOT_PROVE_SECRETION","YES","results/03_phase3/baseline/baseline_sender_robustness.csv|results/03_phase3/licensing/licensing_ligand_classification.csv|config/phase3_analysis.json",0.906144781144781
105,"PLAT","S2","HIGH_CONFIDENCE_SENDER_CANDIDATE_NOT_THERAPEUTIC","NicheNet lr_network_human_21122021.rds unique from","NicheNet human LR network 2021-12-21; Zenodo 7074291","NICHENET_AND_OMNIPATH_MAPPED",3,19,"NO","YES","YES","YES","OMNIPATH_SECRETED_ANNOTATION","Cellinker;ComPPI;connectomeDB2020;ConnectomeDB2025;GO_Intercell;HPA_secretome;LOCATE;Matrisome;OmniPath;scConnect;UniProt_keyword;UniProt_location","47c971d2fbba4ecd0ba7485d1846a74054432a0d1a97ea3e6a79ae27d0da8094","5e4142df024fd4d5d64cc667299364982a51176076ae6a69e1069425530afafa","FROZEN_BEFORE_EXPRESSION_OUTCOMES","https://zenodo.org/records/7074291|https://omnipathdb.org/intercell",2,4,6,2,4,62.2749983943049,114.395374534571,0.507678747940167,0.579145107792456,0.905723905723906,0.937757625721352,1.06789266907192,"YES","ROBUST_BASELINE_SENDER",0.905723905723906,0.817760942760943,0.0879629629629629,"NO_LARGE_CONTEXT_SHIFT","GSE182158 2/2 plus GSE199071 >=3/4 donor support; CPM>=1 and expressing fraction>=0.10","DESCRIPTIVE_ONLY_NOT_CAUSAL_NOT_REQUIRED_FOR_ROBUSTNESS","results/03_phase3/baseline/baseline_ligand_expression_by_donor.csv|config/phase3_analysis.json","YES",-3.8332901472852,-2.71887727836319,-3.35795992511123,-2.07979463161514,-3.27608371282419,3.27608371282419,"YES","PASSAGE_DEPENDENT","donor/passage rules frozen before outcomes; no cell-level P value","results/03_phase3/licensing/licensing_effect_by_donor_passage.csv|config/phase3_analysis.json","ROBUST_BASELINE_NO_CONSISTENT_LICENSING","PUTATIVE_TRANSCRIPTOMIC_LIGAND","HIGH_CONFIDENCE_SENDER_CANDIDATE","NO","ANNOTATION_ONLY_TRANSCRIPT_DOES_NOT_PROVE_SECRETION","YES","results/03_phase3/baseline/baseline_sender_robustness.csv|results/03_phase3/licensing/licensing_ligand_classification.csv|config/phase3_analysis.json",0.905723905723906
106,"ADAM9","S2","HIGH_CONFIDENCE_SENDER_CANDIDATE_NOT_THERAPEUTIC","NicheNet lr_network_human_21122021.rds unique from","NicheNet human LR network 2021-12-21; Zenodo 7074291","NICHENET_AND_OMNIPATH_MAPPED",4,48,"YES","YES","YES","YES","OMNIPATH_SECRETED_ANNOTATION","Almen2009;CellCellInteractions;Cellinker;ComPPI;connectomeDB2020;ConnectomeDB2025;CSPA;DGIdb;GO_Intercell;HPA_secretome;HPMR;LOCATE;Matrisome;Membranome;OmniPath;Phobius;Ramilowski_location;scConnect;Surfaceome;TopDB;UniProt_keyword;UniProt_location;UniProt_topology","47c971d2fbba4ecd0ba7485d1846a74054432a0d1a97ea3e6a79ae27d0da8094","5e4142df024fd4d5d64cc667299364982a51176076ae6a69e1069425530afafa","FROZEN_BEFORE_EXPRESSION_OUTCOMES","https://zenodo.org/records/7074291|https://omnipathdb.org/intercell",2,4,6,2,4,54.0651075420004,131.412355596947,0.675836497806162,0.797894089764638,0.904882154882155,0.943116240725474,0.74554035821205,"NO","ROBUST_BASELINE_SENDER",0.904882154882155,0.873316498316498,0.0315656565656566,"NO_LARGE_CONTEXT_SHIFT","GSE182158 2/2 plus GSE199071 >=3/4 donor support; CPM>=1 and expressing fraction>=0.10","DESCRIPTIVE_ONLY_NOT_CAUSAL_NOT_REQUIRED_FOR_ROBUSTNESS","results/03_phase3/baseline/baseline_ligand_expression_by_donor.csv|config/phase3_analysis.json","YES",-0.732353911720597,-0.284109666360001,-0.443651066043813,-0.124568266676189,-0.508231789040299,0.508231789040299,"YES","NO_CLEAR_LICENSING_EFFECT","donor/passage rules frozen before outcomes; no cell-level P value","results/03_phase3/licensing/licensing_effect_by_donor_passage.csv|config/phase3_analysis.json","ROBUST_BASELINE_NO_CONSISTENT_LICENSING","PUTATIVE_TRANSCRIPTOMIC_LIGAND","HIGH_CONFIDENCE_SENDER_CANDIDATE","NO","ANNOTATION_ONLY_TRANSCRIPT_DOES_NOT_PROVE_SECRETION","YES","results/03_phase3/baseline/baseline_sender_robustness.csv|results/03_phase3/licensing/licensing_ligand_classification.csv|config/phase3_analysis.json",0.904882154882155
107,"NRP1","S2","HIGH_CONFIDENCE_SENDER_CANDIDATE_NOT_THERAPEUTIC","NicheNet lr_network_human_21122021.rds unique from","NicheNet human LR network 2021-12-21; Zenodo 7074291","NICHENET_AND_OMNIPATH_MAPPED",6,78,"YES","YES","YES","YES","OMNIPATH_SECRETED_ANNOTATION","Adhesome;Baccin2019;CellCellInteractions;CellChatDB;Cellinker;CellPhoneDB;CellTalkDB;ComPPI;connectomeDB2020;ConnectomeDB2025;CSPA;EMBRACE;GO_Intercell;HPA_secretome;HPMR;ICELLNET;iTALK;LOCATE;LRdb;Membranome;OmniPath;Phobius;Ramilowski_location;Ramilowski2015;scConnect;Surfaceome;talklr;TopDB;UniProt_keyword;UniProt_location;UniProt_topology;Zhong2015","47c971d2fbba4ecd0ba7485d1846a74054432a0d1a97ea3e6a79ae27d0da8094","5e4142df024fd4d5d64cc667299364982a51176076ae6a69e1069425530afafa","FROZEN_BEFORE_EXPRESSION_OUTCOMES","https://zenodo.org/records/7074291|https://omnipathdb.org/intercell",2,4,6,2,4,50.7446456224039,82.6676737837162,0.673794177051598,0.66528022442893,0.903198653198653,0.917559769167354,0.445147710335346,"NO","ROBUST_BASELINE_SENDER",0.903198653198653,0.899410774410774,0.00378787878787867,"NO_LARGE_CONTEXT_SHIFT","GSE182158 2/2 plus GSE199071 >=3/4 donor support; CPM>=1 and expressing fraction>=0.10","DESCRIPTIVE_ONLY_NOT_CAUSAL_NOT_REQUIRED_FOR_ROBUSTNESS","results/03_phase3/baseline/baseline_ligand_expression_by_donor.csv|config/phase3_analysis.json","YES",0.117055415281385,-0.397348351258587,-0.697504529153537,-0.0971921733636364,-0.140146467988601,0.257201883269986,"YES","NO_CLEAR_LICENSING_EFFECT","donor/passage rules frozen before outcomes; no cell-level P value","results/03_phase3/licensing/licensing_effect_by_donor_passage.csv|config/phase3_analysis.json","ROBUST_BASELINE_NO_CONSISTENT_LICENSING","PUTATIVE_TRANSCRIPTOMIC_LIGAND","HIGH_CONFIDENCE_SENDER_CANDIDATE","NO","ANNOTATION_ONLY_TRANSCRIPT_DOES_NOT_PROVE_SECRETION","YES","results/03_phase3/baseline/baseline_sender_robustness.csv|results/03_phase3/licensing/licensing_ligand_classification.csv|config/phase3_analysis.json",0.903198653198653
108,"CD320","S2","HIGH_CONFIDENCE_SENDER_CANDIDATE_NOT_THERAPEUTIC","NicheNet lr_network_human_21122021.rds unique from","NicheNet human LR network 2021-12-21; Zenodo 7074291","NICHENET_AND_OMNIPATH_MAPPED",6,40,"YES","YES","NO","NO","NO_OMNIPATH_SECRETED_ANNOTATION","Almen2009;CellCellInteractions;Cellinker;CellPhoneDB;ComPPI;connectomeDB2020;ConnectomeDB2025;DGIdb;GO_Intercell;ICELLNET;LOCATE;Membranome;OmniPath;Phobius;Ramilowski_location;Surfaceome;TopDB;UniProt_keyword;UniProt_location;UniProt_topology","47c971d2fbba4ecd0ba7485d1846a74054432a0d1a97ea3e6a79ae27d0da8094","5e4142df024fd4d5d64cc667299364982a51176076ae6a69e1069425530afafa","FROZEN_BEFORE_EXPRESSION_OUTCOMES","https://zenodo.org/records/7074291|https://omnipathdb.org/intercell",2,4,6,2,4,62.3270623896277,115.554920854807,0.652277218486093,0.774076348632758,0.902777777777778,0.93363561417972,0.774463045155231,"YES","ROBUST_BASELINE_SENDER",0.902777777777778,0.898569023569024,0.00420875420875411,"NO_LARGE_CONTEXT_SHIFT","GSE182158 2/2 plus GSE199071 >=3/4 donor support; CPM>=1 and expressing fraction>=0.10","DESCRIPTIVE_ONLY_NOT_CAUSAL_NOT_REQUIRED_FOR_ROBUSTNESS","results/03_phase3/baseline/baseline_ligand_expression_by_donor.csv|config/phase3_analysis.json","YES",-0.732689823260429,0.282145593877342,0.367213285311134,0.19707790244355,-0.225272114691543,0.507417708568886,"YES","DONOR_DEPENDENT","donor/passage rules frozen before outcomes; no cell-level P value","results/03_phase3/licensing/licensing_effect_by_donor_passage.csv|config/phase3_analysis.json","ROBUST_BASELINE_NO_CONSISTENT_LICENSING","PUTATIVE_TRANSCRIPTOMIC_LIGAND","HIGH_CONFIDENCE_SENDER_CANDIDATE","NO","ANNOTATION_ONLY_TRANSCRIPT_DOES_NOT_PROVE_SECRETION","YES","results/03_phase3/baseline/baseline_sender_robustness.csv|results/03_phase3/licensing/licensing_ligand_classification.csv|config/phase3_analysis.json",0.902777777777778
109,"TGFB1","S2","HIGH_CONFIDENCE_SENDER_CANDIDATE_NOT_THERAPEUTIC","NicheNet lr_network_human_21122021.rds unique from","NicheNet human LR network 2021-12-21; Zenodo 7074291","NICHENET_AND_OMNIPATH_MAPPED",13,51,"YES","YES","YES","YES","OMNIPATH_SECRETED_ANNOTATION","Baccin2019;CellCall;CellChatDB;Cellinker;CellPhoneDB;CellTalkDB;ComPPI;connectomeDB2020;ConnectomeDB2025;DGIdb;EMBRACE;GO_Intercell;Guide2Pharma;HGNC;HPA_secretome;HPMR;ICELLNET;iTALK;Kirouac2010;LOCATE;LRdb;Matrisome;OmniPath;Ramilowski2015;scConnect;SignaLink_function;talklr;UniProt_keyword;UniProt_location","47c971d2fbba4ecd0ba7485d1846a74054432a0d1a97ea3e6a79ae27d0da8094","5e4142df024fd4d5d64cc667299364982a51176076ae6a69e1069425530afafa","FROZEN_BEFORE_EXPRESSION_OUTCOMES","https://zenodo.org/records/7074291|https://omnipathdb.org/intercell",2,4,6,2,4,95.8191222760091,57.9354283086222,0.854277379436013,0.531486626595337,0.927188552188552,0.902720527617477,0.452879973458156,"NO","ROBUST_BASELINE_SENDER",0.927188552188552,0.917087542087542,0.0101010101010102,"NO_LARGE_CONTEXT_SHIFT","GSE182158 2/2 plus GSE199071 >=3/4 donor support; CPM>=1 and expressing fraction>=0.10","DESCRIPTIVE_ONLY_NOT_CAUSAL_NOT_REQUIRED_FOR_ROBUSTNESS","results/03_phase3/baseline/baseline_ligand_expression_by_donor.csv|config/phase3_analysis.json","YES",0.413920413836946,0.387880666936946,0.875167522068925,-0.0994061881950335,0.400900540386946,0.400900540386946,"NO","PASSAGE_DEPENDENT","donor/passage rules frozen before outcomes; no cell-level P value","results/03_phase3/licensing/licensing_effect_by_donor_passage.csv|config/phase3_analysis.json","ROBUST_BASELINE_NO_CONSISTENT_LICENSING","PUTATIVE_TRANSCRIPTOMIC_LIGAND","HIGH_CONFIDENCE_SENDER_CANDIDATE","NO","ANNOTATION_ONLY_TRANSCRIPT_DOES_NOT_PROVE_SECRETION","YES","results/03_phase3/baseline/baseline_sender_robustness.csv|results/03_phase3/licensing/licensing_ligand_classification.csv|config/phase3_analysis.json",0.902720527617477
110,"GRN","S2","HIGH_CONFIDENCE_SENDER_CANDIDATE_NOT_THERAPEUTIC","NicheNet lr_network_human_21122021.rds unique from","NicheNet human LR network 2021-12-21; Zenodo 7074291","NICHENET_AND_OMNIPATH_MAPPED",5,27,"YES","YES","YES","YES","OMNIPATH_SECRETED_ANNOTATION","CellChatDB;Cellinker;CellTalkDB;ComPPI;connectomeDB2020;ConnectomeDB2025;DGIdb;GO_Intercell;HPA_secretome;ICELLNET;LOCATE;MatrixDB;OmniPath;UniProt_keyword;UniProt_location","47c971d2fbba4ecd0ba7485d1846a74054432a0d1a97ea3e6a79ae27d0da8094","5e4142df024fd4d5d64cc667299364982a51176076ae6a69e1069425530afafa","FROZEN_BEFORE_EXPRESSION_OUTCOMES","https://zenodo.org/records/7074291|https://omnipathdb.org/intercell",2,4,6,2,4,196.360406921925,56.7326845319233,0.93857529789665,0.545681238948585,0.951178451178451,0.901071723000824,0.980363069619322,"NO","ROBUST_BASELINE_SENDER",0.951178451178451,0.938973063973064,0.0122053872053871,"NO_LARGE_CONTEXT_SHIFT","GSE182158 2/2 plus GSE199071 >=3/4 donor support; CPM>=1 and expressing fraction>=0.10","DESCRIPTIVE_ONLY_NOT_CAUSAL_NOT_REQUIRED_FOR_ROBUSTNESS","results/03_phase3/baseline/baseline_ligand_expression_by_donor.csv|config/phase3_analysis.json","YES",0.543849941027329,1.02953598670774,0.345197819728099,1.71387415368739,0.786692963867536,0.786692963867536,"YES","PASSAGE_DEPENDENT","donor/passage rules frozen before outcomes; no cell-level P value","results/03_phase3/licensing/licensing_effect_by_donor_passage.csv|config/phase3_analysis.json","ROBUST_BASELINE_NO_CONSISTENT_LICENSING","PUTATIVE_TRANSCRIPTOMIC_LIGAND","HIGH_CONFIDENCE_SENDER_CANDIDATE","NO","ANNOTATION_ONLY_TRANSCRIPT_DOES_NOT_PROVE_SECRETION","YES","results/03_phase3/baseline/baseline_sender_robustness.csv|results/03_phase3/licensing/licensing_ligand_classification.csv|config/phase3_analysis.json",0.901071723000824
111,"FBLN1","S2","HIGH_CONFIDENCE_SENDER_CANDIDATE_NOT_THERAPEUTIC","NicheNet lr_network_human_21122021.rds unique from","NicheNet human LR network 2021-12-21; Zenodo 7074291","NICHENET_AND_OMNIPATH_MAPPED",1,30,"YES","YES","YES","YES","OMNIPATH_SECRETED_ANNOTATION","CellCellInteractions;Cellinker;CellTalkDB;connectomeDB2020;ConnectomeDB2025;EMBRACE;GO_Intercell;HGNC;HPA_secretome;iTALK;LOCATE;LRdb;Matrisome;MatrixDB;OmniPath;Ramilowski_location;Ramilowski2015;talklr;UniProt_keyword;UniProt_location","47c971d2fbba4ecd0ba7485d1846a74054432a0d1a97ea3e6a79ae27d0da8094","5e4142df024fd4d5d64cc667299364982a51176076ae6a69e1069425530afafa","FROZEN_BEFORE_EXPRESSION_OUTCOMES","https://zenodo.org/records/7074291|https://omnipathdb.org/intercell",2,4,6,2,4,320.540317420576,53.4953520391517,0.931483694786098,0.565740618771774,0.957070707070707,0.898598516075845,1.32772312333962,"NO","ROBUST_BASELINE_SENDER",0.957070707070707,0.917087542087542,0.039983164983165,"NO_LARGE_CONTEXT_SHIFT","GSE182158 2/2 plus GSE199071 >=3/4 donor support; CPM>=1 and expressing fraction>=0.10","DESCRIPTIVE_ONLY_NOT_CAUSAL_NOT_REQUIRED_FOR_ROBUSTNESS","results/03_phase3/baseline/baseline_ligand_expression_by_donor.csv|config/phase3_analysis.json","YES",-1.13922677616685,0.0104236074661187,0.222065280173834,-0.201218065241596,-0.564401584350364,0.574825191816483,"YES","DONOR_DEPENDENT","donor/passage rules frozen before outcomes; no cell-level P value","results/03_phase3/licensing/licensing_effect_by_donor_passage.csv|config/phase3_analysis.json","ROBUST_BASELINE_NO_CONSISTENT_LICENSING","PUTATIVE_TRANSCRIPTOMIC_LIGAND","HIGH_CONFIDENCE_SENDER_CANDIDATE","NO","ANNOTATION_ONLY_TRANSCRIPT_DOES_NOT_PROVE_SECRETION","YES","results/03_phase3/baseline/baseline_sender_robustness.csv|results/03_phase3/licensing/licensing_ligand_classification.csv|config/phase3_analysis.json",0.898598516075845
112,"GLG1","S2","HIGH_CONFIDENCE_SENDER_CANDIDATE_NOT_THERAPEUTIC","NicheNet lr_network_human_21122021.rds unique from","NicheNet human LR network 2021-12-21; Zenodo 7074291","NICHENET_AND_OMNIPATH_MAPPED",3,40,"YES","YES","YES","YES","OMNIPATH_SECRETED_ANNOTATION","Almen2009;CellChatDB;Cellinker;CellPhoneDB;ComPPI;connectomeDB2020;ConnectomeDB2025;CSPA;GO_Intercell;LOCATE;MCAM;OmniPath;Phobius;Ramilowski_location;TopDB;UniProt_keyword;UniProt_location;UniProt_topology","47c971d2fbba4ecd0ba7485d1846a74054432a0d1a97ea3e6a79ae27d0da8094","5e4142df024fd4d5d64cc667299364982a51176076ae6a69e1069425530afafa","FROZEN_BEFORE_EXPRESSION_OUTCOMES","https://zenodo.org/records/7074291|https://omnipathdb.org/intercell",2,4,6,2,4,62.8269059832189,54.1863893133924,0.760924364363236,0.55656052569031,0.912457912457912,0.898598516075845,0.132468881794319,"NO","ROBUST_BASELINE_SENDER",0.912457912457912,0.893518518518519,0.0189393939393939,"NO_LARGE_CONTEXT_SHIFT","GSE182158 2/2 plus GSE199071 >=3/4 donor support; CPM>=1 and expressing fraction>=0.10","DESCRIPTIVE_ONLY_NOT_CAUSAL_NOT_REQUIRED_FOR_ROBUSTNESS","results/03_phase3/baseline/baseline_ligand_expression_by_donor.csv|config/phase3_analysis.json","YES",-0.885214280518306,-0.132325139410944,-0.582574958987009,0.317924680165122,-0.508769709964625,0.508769709964625,"YES","PASSAGE_DEPENDENT","donor/passage rules frozen before outcomes; no cell-level P value","results/03_phase3/licensing/licensing_effect_by_donor_passage.csv|config/phase3_analysis.json","ROBUST_BASELINE_NO_CONSISTENT_LICENSING","PUTATIVE_TRANSCRIPTOMIC_LIGAND","HIGH_CONFIDENCE_SENDER_CANDIDATE","NO","ANNOTATION_ONLY_TRANSCRIPT_DOES_NOT_PROVE_SECRETION","YES","results/03_phase3/baseline/baseline_sender_robustness.csv|results/03_phase3/licensing/licensing_ligand_classification.csv|config/phase3_analysis.json",0.898598516075845
113,"TIMP2","S2","HIGH_CONFIDENCE_SENDER_CANDIDATE_NOT_THERAPEUTIC","NicheNet lr_network_human_21122021.rds unique from","NicheNet human LR network 2021-12-21; Zenodo 7074291","NICHENET_AND_OMNIPATH_MAPPED",5,15,"NO","YES","YES","YES","OMNIPATH_SECRETED_ANNOTATION","Cellinker;connectomeDB2020;ConnectomeDB2025;GO_Intercell;HGNC;HPA_secretome;LOCATE;Matrisome;OmniPath;UniProt_keyword;UniProt_location","47c971d2fbba4ecd0ba7485d1846a74054432a0d1a97ea3e6a79ae27d0da8094","5e4142df024fd4d5d64cc667299364982a51176076ae6a69e1069425530afafa","FROZEN_BEFORE_EXPRESSION_OUTCOMES","https://zenodo.org/records/7074291|https://omnipathdb.org/intercell",2,4,6,2,4,48.6101779935952,116.390764823099,0.662987544131879,0.757068461111937,0.898148148148148,0.933223413025557,0.711129695506864,"NO","ROBUST_BASELINE_SENDER",0.898148148148148,0.922138047138047,-0.023989898989899,"NO_LARGE_CONTEXT_SHIFT","GSE182158 2/2 plus GSE199071 >=3/4 donor support; CPM>=1 and expressing fraction>=0.10","DESCRIPTIVE_ONLY_NOT_CAUSAL_NOT_REQUIRED_FOR_ROBUSTNESS","results/03_phase3/baseline/baseline_ligand_expression_by_donor.csv|config/phase3_analysis.json","YES",-1.06030319285313,-0.421084222304186,-0.58864044948418,-0.253527995124192,-0.740693707578656,0.740693707578656,"YES","NO_CLEAR_LICENSING_EFFECT","donor/passage rules frozen before outcomes; no cell-level P value","results/03_phase3/licensing/licensing_effect_by_donor_passage.csv|config/phase3_analysis.json","ROBUST_BASELINE_NO_CONSISTENT_LICENSING","PUTATIVE_TRANSCRIPTOMIC_LIGAND","HIGH_CONFIDENCE_SENDER_CANDIDATE","NO","ANNOTATION_ONLY_TRANSCRIPT_DOES_NOT_PROVE_SECRETION","YES","results/03_phase3/baseline/baseline_sender_robustness.csv|results/03_phase3/licensing/licensing_ligand_classification.csv|config/phase3_analysis.json",0.898148148148148
114,"PSAP","S2","HIGH_CONFIDENCE_SENDER_CANDIDATE_NOT_THERAPEUTIC","NicheNet lr_network_human_21122021.rds unique from","NicheNet human LR network 2021-12-21; Zenodo 7074291","NICHENET_AND_OMNIPATH_MAPPED",6,18,"YES","YES","YES","YES","OMNIPATH_SECRETED_ANNOTATION","Baccin2019;Cellinker;ComPPI;connectomeDB2020;ConnectomeDB2025;GO_Intercell;LOCATE;OmniPath;UniProt_keyword;UniProt_location","47c971d2fbba4ecd0ba7485d1846a74054432a0d1a97ea3e6a79ae27d0da8094","5e4142df024fd4d5d64cc667299364982a51176076ae6a69e1069425530afafa","FROZEN_BEFORE_EXPRESSION_OUTCOMES","https://zenodo.org/records/7074291|https://omnipathdb.org/intercell",2,4,6,2,4,306.534577699384,51.8819007368521,0.976880399722548,0.521909600987475,0.962542087542088,0.897155812036274,1.30974139458522,"NO","ROBUST_BASELINE_SENDER",0.962542087542088,0.960858585858586,0.00168350168350173,"NO_LARGE_CONTEXT_SHIFT","GSE182158 2/2 plus GSE199071 >=3/4 donor support; CPM>=1 and expressing fraction>=0.10","DESCRIPTIVE_ONLY_NOT_CAUSAL_NOT_REQUIRED_FOR_ROBUSTNESS","results/03_phase3/baseline/baseline_ligand_expression_by_donor.csv|config/phase3_analysis.json","YES",-0.238128509196369,0.909454687842929,0.0643009160097843,1.75460845967607,0.33566308932328,0.573791598519649,"YES","PASSAGE_DEPENDENT","donor/passage rules frozen before outcomes; no cell-level P value","results/03_phase3/licensing/licensing_effect_by_donor_passage.csv|config/phase3_analysis.json","ROBUST_BASELINE_NO_CONSISTENT_LICENSING","PUTATIVE_TRANSCRIPTOMIC_LIGAND","HIGH_CONFIDENCE_SENDER_CANDIDATE","NO","ANNOTATION_ONLY_TRANSCRIPT_DOES_NOT_PROVE_SECRETION","YES","results/03_phase3/baseline/baseline_sender_robustness.csv|results/03_phase3/licensing/licensing_ligand_classification.csv|config/phase3_analysis.json",0.897155812036274
115,"GPI","S2","HIGH_CONFIDENCE_SENDER_CANDIDATE_NOT_THERAPEUTIC","NicheNet lr_network_human_21122021.rds unique from","NicheNet human LR network 2021-12-21; Zenodo 7074291","NICHENET_AND_OMNIPATH_MAPPED",1,38,"YES","YES","YES","YES","OMNIPATH_SECRETED_ANNOTATION","Baccin2019;Cellinker;CellTalkDB;ComPPI;connectomeDB2020;ConnectomeDB2025;DGIdb;EMBRACE;GO_Intercell;HPA_secretome;HPMR;ICELLNET;iTALK;LRdb;OmniPath;Ramilowski2015;talklr;UniProt_keyword;UniProt_location","47c971d2fbba4ecd0ba7485d1846a74054432a0d1a97ea3e6a79ae27d0da8094","5e4142df024fd4d5d64cc667299364982a51176076ae6a69e1069425530afafa","FROZEN_BEFORE_EXPRESSION_OUTCOMES","https://zenodo.org/records/7074291|https://omnipathdb.org/intercell",2,4,6,2,4,42.0140943465985,53.5832220753982,0.61735699615551,0.540693106790451,0.895622895622896,0.897774113767519,0.239275751717775,"NO","ROBUST_BASELINE_SENDER",0.895622895622896,0.863215488215488,0.0324074074074073,"NO_LARGE_CONTEXT_SHIFT","GSE182158 2/2 plus GSE199071 >=3/4 donor support; CPM>=1 and expressing fraction>=0.10","DESCRIPTIVE_ONLY_NOT_CAUSAL_NOT_REQUIRED_FOR_ROBUSTNESS","results/03_phase3/baseline/baseline_ligand_expression_by_donor.csv|config/phase3_analysis.json","YES",-0.64768603732475,-0.197518569074733,-0.28581670116323,-0.109220436986235,-0.422602303199741,0.422602303199741,"YES","NO_CLEAR_LICENSING_EFFECT","donor/passage rules frozen before outcomes; no cell-level P value","results/03_phase3/licensing/licensing_effect_by_donor_passage.csv|config/phase3_analysis.json","ROBUST_BASELINE_NO_CONSISTENT_LICENSING","PUTATIVE_TRANSCRIPTOMIC_LIGAND","HIGH_CONFIDENCE_SENDER_CANDIDATE","NO","ANNOTATION_ONLY_TRANSCRIPT_DOES_NOT_PROVE_SECRETION","YES","results/03_phase3/baseline/baseline_sender_robustness.csv|results/03_phase3/licensing/licensing_ligand_classification.csv|config/phase3_analysis.json",0.895622895622896
116,"CD47","S2","HIGH_CONFIDENCE_SENDER_CANDIDATE_NOT_THERAPEUTIC","NicheNet lr_network_human_21122021.rds unique from","NicheNet human LR network 2021-12-21; Zenodo 7074291","NICHENET_AND_OMNIPATH_MAPPED",5,57,"YES","YES","NO","YES","NO_OMNIPATH_SECRETED_ANNOTATION","Adhesome;CellCellInteractions;CellChatDB;Cellinker;CellPhoneDB;CellTalkDB;ComPPI;connectomeDB2020;ConnectomeDB2025;CSPA;DGIdb;GO_Intercell;Guide2Pharma;HGNC;HPMR;ICELLNET;iTALK;LOCATE;LRdb;OmniPath;Phobius;Ramilowski_location;Ramilowski2015;scConnect;Surfaceome;talklr;UniProt_keyword;UniProt_location;UniProt_topology;Zhong2015","47c971d2fbba4ecd0ba7485d1846a74054432a0d1a97ea3e6a79ae27d0da8094","5e4142df024fd4d5d64cc667299364982a51176076ae6a69e1069425530afafa","FROZEN_BEFORE_EXPRESSION_OUTCOMES","https://zenodo.org/records/7074291|https://omnipathdb.org/intercell",2,4,6,2,4,41.4788495865841,86.181314227995,0.611381654765765,0.683536169673749,0.89520202020202,0.91962077493817,0.584878731593976,"NO","ROBUST_BASELINE_SENDER",0.89520202020202,0.907828282828283,-0.0126262626262628,"NO_LARGE_CONTEXT_SHIFT","GSE182158 2/2 plus GSE199071 >=3/4 donor support; CPM>=1 and expressing fraction>=0.10","DESCRIPTIVE_ONLY_NOT_CAUSAL_NOT_REQUIRED_FOR_ROBUSTNESS","results/03_phase3/baseline/baseline_ligand_expression_by_donor.csv|config/phase3_analysis.json","YES",0.214019745240862,0.317418554702847,0.611553979897194,0.0232831295085004,0.265719149971855,0.265719149971855,"YES","NO_CLEAR_LICENSING_EFFECT","donor/passage rules frozen before outcomes; no cell-level P value","results/03_phase3/licensing/licensing_effect_by_donor_passage.csv|config/phase3_analysis.json","ROBUST_BASELINE_NO_CONSISTENT_LICENSING","PUTATIVE_TRANSCRIPTOMIC_LIGAND","HIGH_CONFIDENCE_SENDER_CANDIDATE","NO","ANNOTATION_ONLY_TRANSCRIPT_DOES_NOT_PROVE_SECRETION","YES","results/03_phase3/baseline/baseline_sender_robustness.csv|results/03_phase3/licensing/licensing_ligand_classification.csv|config/phase3_analysis.json",0.89520202020202
117,"MFAP2","S2","HIGH_CONFIDENCE_SENDER_CANDIDATE_NOT_THERAPEUTIC","NicheNet lr_network_human_21122021.rds unique from","NicheNet human LR network 2021-12-21; Zenodo 7074291","NICHENET_AND_OMNIPATH_MAPPED",1,23,"YES","YES","YES","YES","OMNIPATH_SECRETED_ANNOTATION","CellCellInteractions;Cellinker;CellTalkDB;ConnectomeDB2025;GO_Intercell;HPA_secretome;iTALK;LOCATE;LRdb;Matrisome;MatrixDB;OmniPath;Ramilowski_location;Ramilowski2015;SignaLink_function;talklr;UniProt_keyword;UniProt_location","47c971d2fbba4ecd0ba7485d1846a74054432a0d1a97ea3e6a79ae27d0da8094","5e4142df024fd4d5d64cc667299364982a51176076ae6a69e1069425530afafa","FROZEN_BEFORE_EXPRESSION_OUTCOMES","https://zenodo.org/records/7074291|https://omnipathdb.org/intercell",2,4,6,2,4,112.298292598405,49.3843264244163,0.725098181839022,0.487716469970193,0.918350168350168,0.892415498763397,0.885300404131404,"YES","ROBUST_BASELINE_SENDER",0.918350168350168,0.861531986531987,0.0568181818181819,"NO_LARGE_CONTEXT_SHIFT","GSE182158 2/2 plus GSE199071 >=3/4 donor support; CPM>=1 and expressing fraction>=0.10","DESCRIPTIVE_ONLY_NOT_CAUSAL_NOT_REQUIRED_FOR_ROBUSTNESS","results/03_phase3/baseline/baseline_ligand_expression_by_donor.csv|config/phase3_analysis.json","YES",-2.29690185185947,-0.870822090826793,-1.77085488507549,0.0292107034219015,-1.58386197134313,1.58386197134313,"YES","PASSAGE_DEPENDENT","donor/passage rules frozen before outcomes; no cell-level P value","results/03_phase3/licensing/licensing_effect_by_donor_passage.csv|config/phase3_analysis.json","ROBUST_BASELINE_NO_CONSISTENT_LICENSING","PUTATIVE_TRANSCRIPTOMIC_LIGAND","HIGH_CONFIDENCE_SENDER_CANDIDATE","NO","ANNOTATION_ONLY_TRANSCRIPT_DOES_NOT_PROVE_SECRETION","YES","results/03_phase3/baseline/baseline_sender_robustness.csv|results/03_phase3/licensing/licensing_ligand_classification.csv|config/phase3_analysis.json",0.892415498763397
118,"BGN","S2","HIGH_CONFIDENCE_SENDER_CANDIDATE_NOT_THERAPEUTIC","NicheNet lr_network_human_21122021.rds unique from","NicheNet human LR network 2021-12-21; Zenodo 7074291","NICHENET_AND_OMNIPATH_MAPPED",4,17,"NO","YES","YES","YES","OMNIPATH_SECRETED_ANNOTATION","Baccin2019;Cellinker;ComPPI;connectomeDB2020;ConnectomeDB2025;GO_Intercell;HGNC;HPA_secretome;Matrisome;OmniPath;UniProt_keyword;UniProt_location","47c971d2fbba4ecd0ba7485d1846a74054432a0d1a97ea3e6a79ae27d0da8094","5e4142df024fd4d5d64cc667299364982a51176076ae6a69e1069425530afafa","FROZEN_BEFORE_EXPRESSION_OUTCOMES","https://zenodo.org/records/7074291|https://omnipathdb.org/intercell",2,4,6,2,4,93.6799776112601,96.0787785745636,0.575185522244282,0.613407886085604,0.888468013468014,0.924154987633965,1.31860854977816,"YES","ROBUST_BASELINE_SENDER",0.888468013468014,0.963383838383838,-0.0749158249158248,"NO_LARGE_CONTEXT_SHIFT","GSE182158 2/2 plus GSE199071 >=3/4 donor support; CPM>=1 and expressing fraction>=0.10","DESCRIPTIVE_ONLY_NOT_CAUSAL_NOT_REQUIRED_FOR_ROBUSTNESS","results/03_phase3/baseline/baseline_ligand_expression_by_donor.csv|config/phase3_analysis.json","YES",0.215507448342856,-0.742182469563274,-0.912930629400623,-0.571434309725924,-0.263337510610209,0.478844958953065,"YES","DONOR_DEPENDENT","donor/passage rules frozen before outcomes; no cell-level P value","results/03_phase3/licensing/licensing_effect_by_donor_passage.csv|config/phase3_analysis.json","ROBUST_BASELINE_NO_CONSISTENT_LICENSING","PUTATIVE_TRANSCRIPTOMIC_LIGAND","HIGH_CONFIDENCE_SENDER_CANDIDATE","NO","ANNOTATION_ONLY_TRANSCRIPT_DOES_NOT_PROVE_SECRETION","YES","results/03_phase3/baseline/baseline_sender_robustness.csv|results/03_phase3/licensing/licensing_ligand_classification.csv|config/phase3_analysis.json",0.888468013468014
119,"MMP2","S2","HIGH_CONFIDENCE_SENDER_CANDIDATE_NOT_THERAPEUTIC","NicheNet lr_network_human_21122021.rds unique from","NicheNet human LR network 2021-12-21; Zenodo 7074291","NICHENET_AND_OMNIPATH_MAPPED",10,30,"YES","YES","YES","YES","OMNIPATH_SECRETED_ANNOTATION","Baccin2019;CellChatDB;Cellinker;connectomeDB2020;ConnectomeDB2025;GO_Intercell;HPA_secretome;LOCATE;Matrisome;OmniPath;scConnect;UniProt_keyword;UniProt_location","47c971d2fbba4ecd0ba7485d1846a74054432a0d1a97ea3e6a79ae27d0da8094","5e4142df024fd4d5d64cc667299364982a51176076ae6a69e1069425530afafa","FROZEN_BEFORE_EXPRESSION_OUTCOMES","https://zenodo.org/records/7074291|https://omnipathdb.org/intercell",2,4,6,2,4,612.594623306354,46.962735189259,0.991488387964767,0.447339612090127,0.974747474747475,0.887881286067601,1.82309881629833,"YES","ROBUST_BASELINE_SENDER",0.974747474747475,0.959175084175084,0.0155723905723906,"NO_LARGE_CONTEXT_SHIFT","GSE182158 2/2 plus GSE199071 >=3/4 donor support; CPM>=1 and expressing fraction>=0.10","DESCRIPTIVE_ONLY_NOT_CAUSAL_NOT_REQUIRED_FOR_ROBUSTNESS","results/03_phase3/baseline/baseline_ligand_expression_by_donor.csv|config/phase3_analysis.json","YES",0.407345698680815,0.815123174034391,0.0441391917056473,1.58610715636313,0.611234436357603,0.611234436357603,"YES","PASSAGE_DEPENDENT","donor/passage rules frozen before outcomes; no cell-level P value","results/03_phase3/licensing/licensing_effect_by_donor_passage.csv|config/phase3_analysis.json","ROBUST_BASELINE_NO_CONSISTENT_LICENSING","PUTATIVE_TRANSCRIPTOMIC_LIGAND","HIGH_CONFIDENCE_SENDER_CANDIDATE","NO","ANNOTATION_ONLY_TRANSCRIPT_DOES_NOT_PROVE_SECRETION","YES","results/03_phase3/baseline/baseline_sender_robustness.csv|results/03_phase3/licensing/licensing_ligand_classification.csv|config/phase3_analysis.json",0.887881286067601
120,"PRNP","S2","HIGH_CONFIDENCE_SENDER_CANDIDATE_NOT_THERAPEUTIC","NicheNet lr_network_human_21122021.rds unique from","NicheNet human LR network 2021-12-21; Zenodo 7074291","NICHENET_AND_OMNIPATH_MAPPED",2,67,"YES","YES","NO","YES","NO_OMNIPATH_SECRETED_ANNOTATION","CellChatDB;Cellinker;ComPPI;ConnectomeDB2025;CSPA;DGIdb;GO_Intercell;ICELLNET;OmniPath;Phobius;Ramilowski_location;Surfaceome;TopDB;UniProt_keyword;UniProt_location;UniProt_topology","47c971d2fbba4ecd0ba7485d1846a74054432a0d1a97ea3e6a79ae27d0da8094","5e4142df024fd4d5d64cc667299364982a51176076ae6a69e1069425530afafa","FROZEN_BEFORE_EXPRESSION_OUTCOMES","https://zenodo.org/records/7074291|https://omnipathdb.org/intercell",2,4,6,2,4,37.1802763578438,56.0061184514224,0.572135258587299,0.551362988230445,0.885942760942761,0.901896125309151,0.461393938205423,"NO","ROBUST_BASELINE_SENDER",0.885942760942761,0.870791245791246,0.0151515151515153,"NO_LARGE_CONTEXT_SHIFT","GSE182158 2/2 plus GSE199071 >=3/4 donor support; CPM>=1 and expressing fraction>=0.10","DESCRIPTIVE_ONLY_NOT_CAUSAL_NOT_REQUIRED_FOR_ROBUSTNESS","results/03_phase3/baseline/baseline_ligand_expression_by_donor.csv|config/phase3_analysis.json","YES",-1.1782125168992,-1.04942940725395,-1.74554575514585,-0.353313059362054,-1.11382096207657,1.11382096207657,"YES","PASSAGE_DEPENDENT","donor/passage rules frozen before outcomes; no cell-level P value","results/03_phase3/licensing/licensing_effect_by_donor_passage.csv|config/phase3_analysis.json","ROBUST_BASELINE_NO_CONSISTENT_LICENSING","PUTATIVE_TRANSCRIPTOMIC_LIGAND","HIGH_CONFIDENCE_SENDER_CANDIDATE","NO","ANNOTATION_ONLY_TRANSCRIPT_DOES_NOT_PROVE_SECRETION","YES","results/03_phase3/baseline/baseline_sender_robustness.csv|results/03_phase3/licensing/licensing_ligand_classification.csv|config/phase3_analysis.json",0.885942760942761
121,"ANGPTL4","S2","HIGH_CONFIDENCE_SENDER_CANDIDATE_NOT_THERAPEUTIC","NicheNet lr_network_human_21122021.rds unique from","NicheNet human LR network 2021-12-21; Zenodo 7074291","NICHENET_AND_OMNIPATH_MAPPED",13,28,"YES","YES","YES","YES","OMNIPATH_SECRETED_ANNOTATION","CellCellInteractions;CellChatDB;Cellinker;CellTalkDB;ComPPI;ConnectomeDB2025;EMBRACE;HGNC;HPA_secretome;iTALK;Kirouac2010;LOCATE;Matrisome;MatrixDB;OmniPath;UniProt_keyword;UniProt_location","47c971d2fbba4ecd0ba7485d1846a74054432a0d1a97ea3e6a79ae27d0da8094","5e4142df024fd4d5d64cc667299364982a51176076ae6a69e1069425530afafa","FROZEN_BEFORE_EXPRESSION_OUTCOMES","https://zenodo.org/records/7074291|https://omnipathdb.org/intercell",2,4,6,2,4,35.5796879855847,48.5323248034089,0.493440797254522,0.42147909201837,0.885942760942761,0.891178895300907,0.432455915807388,"YES","ROBUST_BASELINE_SENDER",0.885942760942761,0.789983164983165,0.0959595959595959,"NO_LARGE_CONTEXT_SHIFT","GSE182158 2/2 plus GSE199071 >=3/4 donor support; CPM>=1 and expressing fraction>=0.10","DESCRIPTIVE_ONLY_NOT_CAUSAL_NOT_REQUIRED_FOR_ROBUSTNESS","results/03_phase3/baseline/baseline_ligand_expression_by_donor.csv|config/phase3_analysis.json","YES",2.73028881432663,1.42915423423933,-0.462248169400812,3.32055663787947,2.07972152428298,2.07972152428298,"NO","PASSAGE_DEPENDENT","donor/passage rules frozen before outcomes; no cell-level P value","results/03_phase3/licensing/licensing_effect_by_donor_passage.csv|config/phase3_analysis.json","ROBUST_BASELINE_NO_CONSISTENT_LICENSING","PUTATIVE_TRANSCRIPTOMIC_LIGAND","HIGH_CONFIDENCE_SENDER_CANDIDATE","NO","ANNOTATION_ONLY_TRANSCRIPT_DOES_NOT_PROVE_SECRETION","YES","results/03_phase3/baseline/baseline_sender_robustness.csv|results/03_phase3/licensing/licensing_ligand_classification.csv|config/phase3_analysis.json",0.885942760942761
122,"ATP1B1","S2","HIGH_CONFIDENCE_SENDER_CANDIDATE_NOT_THERAPEUTIC","NicheNet lr_network_human_21122021.rds unique from","NicheNet human LR network 2021-12-21; Zenodo 7074291","NICHENET_AND_OMNIPATH_MAPPED",1,34,"NO","YES","NO","YES","NO_OMNIPATH_SECRETED_ANNOTATION","Almen2009;Cellinker;CSPA;GO_Intercell;HGNC;LOCATE;OmniPath;Phobius;Ramilowski_location;Surfaceome;TopDB;UniProt_keyword;UniProt_location;UniProt_topology","47c971d2fbba4ecd0ba7485d1846a74054432a0d1a97ea3e6a79ae27d0da8094","5e4142df024fd4d5d64cc667299364982a51176076ae6a69e1069425530afafa","FROZEN_BEFORE_EXPRESSION_OUTCOMES","https://zenodo.org/records/7074291|https://omnipathdb.org/intercell",2,4,6,2,4,45.987022805055,57.8045957952773,0.534731663370457,0.549326146638817,0.884680134680135,0.901483924154988,0.626833390340928,"YES","ROBUST_BASELINE_SENDER",0.884680134680135,0.776515151515152,0.108164983164983,"NO_LARGE_CONTEXT_SHIFT","GSE182158 2/2 plus GSE199071 >=3/4 donor support; CPM>=1 and expressing fraction>=0.10","DESCRIPTIVE_ONLY_NOT_CAUSAL_NOT_REQUIRED_FOR_ROBUSTNESS","results/03_phase3/baseline/baseline_ligand_expression_by_donor.csv|config/phase3_analysis.json","YES",0.0770289178420312,-0.257150002306734,-0.582547742604046,0.0682477379905782,-0.0900605422323513,0.167089460074383,"YES","PASSAGE_DEPENDENT","donor/passage rules frozen before outcomes; no cell-level P value","results/03_phase3/licensing/licensing_effect_by_donor_passage.csv|config/phase3_analysis.json","ROBUST_BASELINE_NO_CONSISTENT_LICENSING","PUTATIVE_TRANSCRIPTOMIC_LIGAND","HIGH_CONFIDENCE_SENDER_CANDIDATE","NO","ANNOTATION_ONLY_TRANSCRIPT_DOES_NOT_PROVE_SECRETION","YES","results/03_phase3/baseline/baseline_sender_robustness.csv|results/03_phase3/licensing/licensing_ligand_classification.csv|config/phase3_analysis.json",0.884680134680135
123,"TFPI","S2","HIGH_CONFIDENCE_SENDER_CANDIDATE_NOT_THERAPEUTIC","NicheNet lr_network_human_21122021.rds unique from","NicheNet human LR network 2021-12-21; Zenodo 7074291","NICHENET_AND_OMNIPATH_MAPPED",5,21,"YES","YES","YES","YES","OMNIPATH_SECRETED_ANNOTATION","Baccin2019;Cellinker;ComPPI;connectomeDB2020;ConnectomeDB2025;GO_Intercell;HPA_secretome;OmniPath;Surfaceome;UniProt_keyword;UniProt_location","47c971d2fbba4ecd0ba7485d1846a74054432a0d1a97ea3e6a79ae27d0da8094","5e4142df024fd4d5d64cc667299364982a51176076ae6a69e1069425530afafa","FROZEN_BEFORE_EXPRESSION_OUTCOMES","https://zenodo.org/records/7074291|https://omnipathdb.org/intercell",2,4,6,2,4,82.0453933857421,40.1528186407776,0.823452910686167,0.417898221048443,0.922979797979798,0.884583676834295,0.814252378176656,"YES","ROBUST_BASELINE_SENDER",0.922979797979798,0.938131313131313,-0.0151515151515151,"NO_LARGE_CONTEXT_SHIFT","GSE182158 2/2 plus GSE199071 >=3/4 donor support; CPM>=1 and expressing fraction>=0.10","DESCRIPTIVE_ONLY_NOT_CAUSAL_NOT_REQUIRED_FOR_ROBUSTNESS","results/03_phase3/baseline/baseline_ligand_expression_by_donor.csv|config/phase3_analysis.json","YES",-1.20657914799207,-0.102615639638636,-0.76940775071273,0.564176471435458,-0.654597393815354,0.654597393815354,"YES","PASSAGE_DEPENDENT","donor/passage rules frozen before outcomes; no cell-level P value","results/03_phase3/licensing/licensing_effect_by_donor_passage.csv|config/phase3_analysis.json","ROBUST_BASELINE_NO_CONSISTENT_LICENSING","PUTATIVE_TRANSCRIPTOMIC_LIGAND","HIGH_CONFIDENCE_SENDER_CANDIDATE","NO","ANNOTATION_ONLY_TRANSCRIPT_DOES_NOT_PROVE_SECRETION","YES","results/03_phase3/baseline/baseline_sender_robustness.csv|results/03_phase3/licensing/licensing_ligand_classification.csv|config/phase3_analysis.json",0.884583676834295
124,"MMP14","S2","HIGH_CONFIDENCE_SENDER_CANDIDATE_NOT_THERAPEUTIC","NicheNet lr_network_human_21122021.rds unique from","NicheNet human LR network 2021-12-21; Zenodo 7074291","NICHENET_AND_OMNIPATH_MAPPED",7,39,"YES","YES","NO","YES","NO_OMNIPATH_SECRETED_ANNOTATION","Almen2009;Cellinker;ComPPI;ConnectomeDB2025;GO_Intercell;LOCATE;Matrisome;Membranome;OmniPath;Phobius;Ramilowski_location;scConnect;Surfaceome;TopDB;UniProt_keyword;UniProt_location;UniProt_topology","47c971d2fbba4ecd0ba7485d1846a74054432a0d1a97ea3e6a79ae27d0da8094","5e4142df024fd4d5d64cc667299364982a51176076ae6a69e1069425530afafa","FROZEN_BEFORE_EXPRESSION_OUTCOMES","https://zenodo.org/records/7074291|https://omnipathdb.org/intercell",2,4,6,2,4,45.8721076001637,53.3757758271082,0.583685942608538,0.522235413115437,0.883417508417509,0.895713107996702,0.632640385146774,"YES","ROBUST_BASELINE_SENDER",0.883417508417509,0.885942760942761,-0.00252525252525249,"NO_LARGE_CONTEXT_SHIFT","GSE182158 2/2 plus GSE199071 >=3/4 donor support; CPM>=1 and expressing fraction>=0.10","DESCRIPTIVE_ONLY_NOT_CAUSAL_NOT_REQUIRED_FOR_ROBUSTNESS","results/03_phase3/baseline/baseline_ligand_expression_by_donor.csv|config/phase3_analysis.json","YES",1.42571131738321,0.428081952545215,-0.259112181237481,1.11527608632791,0.926896634964213,0.926896634964213,"YES","PASSAGE_DEPENDENT","donor/passage rules frozen before outcomes; no cell-level P value","results/03_phase3/licensing/licensing_effect_by_donor_passage.csv|config/phase3_analysis.json","ROBUST_BASELINE_NO_CONSISTENT_LICENSING","PUTATIVE_TRANSCRIPTOMIC_LIGAND","HIGH_CONFIDENCE_SENDER_CANDIDATE","NO","ANNOTATION_ONLY_TRANSCRIPT_DOES_NOT_PROVE_SECRETION","YES","results/03_phase3/baseline/baseline_sender_robustness.csv|results/03_phase3/licensing/licensing_ligand_classification.csv|config/phase3_analysis.json",0.883417508417509
125,"WNT5A","S2","HIGH_CONFIDENCE_SENDER_CANDIDATE_NOT_THERAPEUTIC","NicheNet lr_network_human_21122021.rds unique from","NicheNet human LR network 2021-12-21; Zenodo 7074291","NICHENET_AND_OMNIPATH_MAPPED",14,44,"YES","YES","YES","YES","OMNIPATH_SECRETED_ANNOTATION","Baccin2019;CellCall;CellChatDB;Cellinker;CellPhoneDB;CellTalkDB;connectomeDB2020;ConnectomeDB2025;EMBRACE;GO_Intercell;Guide2Pharma;HGNC;HPA_secretome;HPMR;ICELLNET;iTALK;Kirouac2010;LRdb;Matrisome;OmniPath;Ramilowski2015;scConnect;SignaLink_function;talklr;UniProt_keyword;UniProt_location","47c971d2fbba4ecd0ba7485d1846a74054432a0d1a97ea3e6a79ae27d0da8094","5e4142df024fd4d5d64cc667299364982a51176076ae6a69e1069425530afafa","FROZEN_BEFORE_EXPRESSION_OUTCOMES","https://zenodo.org/records/7074291|https://omnipathdb.org/intercell",2,4,6,2,4,32.1056134313278,79.6939365806044,0.479638318784957,0.58960624890188,0.880892255892256,0.913437757625721,0.798168787784791,"YES","ROBUST_BASELINE_SENDER",0.880892255892256,0.841329966329966,0.0395622895622895,"NO_LARGE_CONTEXT_SHIFT","GSE182158 2/2 plus GSE199071 >=3/4 donor support; CPM>=1 and expressing fraction>=0.10","DESCRIPTIVE_ONLY_NOT_CAUSAL_NOT_REQUIRED_FOR_ROBUSTNESS","results/03_phase3/baseline/baseline_ligand_expression_by_donor.csv|config/phase3_analysis.json","YES",0.72727554380449,-0.654438102678522,-1.54825661061607,0.239380405259029,0.0364187205629839,0.690856823241506,"YES","PASSAGE_DEPENDENT","donor/passage rules frozen before outcomes; no cell-level P value","results/03_phase3/licensing/licensing_effect_by_donor_passage.csv|config/phase3_analysis.json","ROBUST_BASELINE_NO_CONSISTENT_LICENSING","PUTATIVE_TRANSCRIPTOMIC_LIGAND","HIGH_CONFIDENCE_SENDER_CANDIDATE","NO","ANNOTATION_ONLY_TRANSCRIPT_DOES_NOT_PROVE_SECRETION","YES","results/03_phase3/baseline/baseline_sender_robustness.csv|results/03_phase3/licensing/licensing_ligand_classification.csv|config/phase3_analysis.json",0.880892255892256
126,"ENG","S2","HIGH_CONFIDENCE_SENDER_CANDIDATE_NOT_THERAPEUTIC","NicheNet lr_network_human_21122021.rds unique from","NicheNet human LR network 2021-12-21; Zenodo 7074291","NICHENET_AND_OMNIPATH_MAPPED",5,38,"YES","YES","NO","YES","NO_OMNIPATH_SECRETED_ANNOTATION","Adhesome;Almen2009;CellChatDB;Cellinker;connectomeDB2020;ConnectomeDB2025;CSPA;DGIdb;GO_Intercell;LOCATE;Membranome;OmniPath;Phobius;Ramilowski_location;Surfaceome;TopDB;UniProt_keyword;UniProt_location;UniProt_topology","47c971d2fbba4ecd0ba7485d1846a74054432a0d1a97ea3e6a79ae27d0da8094","5e4142df024fd4d5d64cc667299364982a51176076ae6a69e1069425530afafa","FROZEN_BEFORE_EXPRESSION_OUTCOMES","https://zenodo.org/records/7074291|https://omnipathdb.org/intercell",2,4,6,2,4,37.8198869989572,38.4517906923666,0.572535265305486,0.438191320108484,0.88973063973064,0.8800494641385,0.0908033750994137,"NO","ROBUST_BASELINE_SENDER",0.88973063973064,0.936447811447811,-0.0467171717171717,"NO_LARGE_CONTEXT_SHIFT","GSE182158 2/2 plus GSE199071 >=3/4 donor support; CPM>=1 and expressing fraction>=0.10","DESCRIPTIVE_ONLY_NOT_CAUSAL_NOT_REQUIRED_FOR_ROBUSTNESS","results/03_phase3/baseline/baseline_ligand_expression_by_donor.csv|config/phase3_analysis.json","YES",0.7302012226765,0.612715670749811,-0.0156057518754348,1.24103709337506,0.671458446713155,0.671458446713155,"YES","PASSAGE_DEPENDENT","donor/passage rules frozen before outcomes; no cell-level P value","results/03_phase3/licensing/licensing_effect_by_donor_passage.csv|config/phase3_analysis.json","ROBUST_BASELINE_NO_CONSISTENT_LICENSING","PUTATIVE_TRANSCRIPTOMIC_LIGAND","HIGH_CONFIDENCE_SENDER_CANDIDATE","NO","ANNOTATION_ONLY_TRANSCRIPT_DOES_NOT_PROVE_SECRETION","YES","results/03_phase3/baseline/baseline_sender_robustness.csv|results/03_phase3/licensing/licensing_ligand_classification.csv|config/phase3_analysis.json",0.8800494641385
127,"ADM","S2","HIGH_CONFIDENCE_SENDER_CANDIDATE_NOT_THERAPEUTIC","NicheNet lr_network_human_21122021.rds unique from","NicheNet human LR network 2021-12-21; Zenodo 7074291","NICHENET_AND_OMNIPATH_MAPPED",9,35,"YES","YES","YES","YES","OMNIPATH_SECRETED_ANNOTATION","Baccin2019;CellChatDB;Cellinker;CellPhoneDB;CellTalkDB;ComPPI;connectomeDB2020;ConnectomeDB2025;DGIdb;EMBRACE;GO_Intercell;Guide2Pharma;HPA_secretome;HPMR;ICELLNET;iTALK;LRdb;MatrixDB;OmniPath;Ramilowski2015;scConnect;talklr;UniProt_keyword;UniProt_location","47c971d2fbba4ecd0ba7485d1846a74054432a0d1a97ea3e6a79ae27d0da8094","5e4142df024fd4d5d64cc667299364982a51176076ae6a69e1069425530afafa","FROZEN_BEFORE_EXPRESSION_OUTCOMES","https://zenodo.org/records/7074291|https://omnipathdb.org/intercell",2,4,6,2,4,44.0491549479233,87.6187563414537,0.436934579827578,0.521324446448387,0.879419191919192,0.91962077493817,1.04443763230771,"YES","ROBUST_BASELINE_SENDER",0.879419191919192,0.960016835016835,-0.0805976430976431,"NO_LARGE_CONTEXT_SHIFT","GSE182158 2/2 plus GSE199071 >=3/4 donor support; CPM>=1 and expressing fraction>=0.10","DESCRIPTIVE_ONLY_NOT_CAUSAL_NOT_REQUIRED_FOR_ROBUSTNESS","results/03_phase3/baseline/baseline_ligand_expression_by_donor.csv|config/phase3_analysis.json","YES",-0.592081548217246,0.815511531630756,0.171089609949571,1.45993345331194,0.111714991706755,0.703796539924001,"YES","PASSAGE_DEPENDENT","donor/passage rules frozen before outcomes; no cell-level P value","results/03_phase3/licensing/licensing_effect_by_donor_passage.csv|config/phase3_analysis.json","ROBUST_BASELINE_NO_CONSISTENT_LICENSING","PUTATIVE_TRANSCRIPTOMIC_LIGAND","HIGH_CONFIDENCE_SENDER_CANDIDATE","NO","ANNOTATION_ONLY_TRANSCRIPT_DOES_NOT_PROVE_SECRETION","YES","results/03_phase3/baseline/baseline_sender_robustness.csv|results/03_phase3/licensing/licensing_ligand_classification.csv|config/phase3_analysis.json",0.879419191919192
128,"DKK3","S2","HIGH_CONFIDENCE_SENDER_CANDIDATE_NOT_THERAPEUTIC","NicheNet lr_network_human_21122021.rds unique from","NicheNet human LR network 2021-12-21; Zenodo 7074291","NICHENET_AND_OMNIPATH_MAPPED",1,14,"YES","YES","YES","YES","OMNIPATH_SECRETED_ANNOTATION","CellTalkDB;ComPPI;ConnectomeDB2025;HPA_secretome;LOCATE;MatrixDB;OmniPath;UniProt_keyword;UniProt_location","47c971d2fbba4ecd0ba7485d1846a74054432a0d1a97ea3e6a79ae27d0da8094","5e4142df024fd4d5d64cc667299364982a51176076ae6a69e1069425530afafa","FROZEN_BEFORE_EXPRESSION_OUTCOMES","https://zenodo.org/records/7074291|https://omnipathdb.org/intercell",2,4,6,2,4,31.5874922696346,46.4964872376914,0.490417919759699,0.473181582092149,0.877525252525253,0.89035449299258,0.457739892094936,"NO","ROBUST_BASELINE_SENDER",0.877525252525253,0.870791245791246,0.00673400673400681,"NO_LARGE_CONTEXT_SHIFT","GSE182158 2/2 plus GSE199071 >=3/4 donor support; CPM>=1 and expressing fraction>=0.10","DESCRIPTIVE_ONLY_NOT_CAUSAL_NOT_REQUIRED_FOR_ROBUSTNESS","results/03_phase3/baseline/baseline_ligand_expression_by_donor.csv|config/phase3_analysis.json","YES",-0.713508264957298,-0.0309576346333392,-0.1481482907251,0.0862330214584214,-0.372232949795318,0.372232949795318,"YES","NO_CLEAR_LICENSING_EFFECT","donor/passage rules frozen before outcomes; no cell-level P value","results/03_phase3/licensing/licensing_effect_by_donor_passage.csv|config/phase3_analysis.json","ROBUST_BASELINE_NO_CONSISTENT_LICENSING","PUTATIVE_TRANSCRIPTOMIC_LIGAND","HIGH_CONFIDENCE_SENDER_CANDIDATE","NO","ANNOTATION_ONLY_TRANSCRIPT_DOES_NOT_PROVE_SECRETION","YES","results/03_phase3/baseline/baseline_sender_robustness.csv|results/03_phase3/licensing/licensing_ligand_classification.csv|config/phase3_analysis.json",0.877525252525253
129,"TGM2","S2","HIGH_CONFIDENCE_SENDER_CANDIDATE_NOT_THERAPEUTIC","NicheNet lr_network_human_21122021.rds unique from","NicheNet human LR network 2021-12-21; Zenodo 7074291","NICHENET_AND_OMNIPATH_MAPPED",8,29,"YES","YES","YES","YES","OMNIPATH_SECRETED_ANNOTATION","Baccin2019;CellChatDB;Cellinker;ComPPI;connectomeDB2020;ConnectomeDB2025;GO_Intercell;HPMR;LOCATE;Matrisome;OmniPath;scConnect;UniProt_keyword;UniProt_location","47c971d2fbba4ecd0ba7485d1846a74054432a0d1a97ea3e6a79ae27d0da8094","5e4142df024fd4d5d64cc667299364982a51176076ae6a69e1069425530afafa","FROZEN_BEFORE_EXPRESSION_OUTCOMES","https://zenodo.org/records/7074291|https://omnipathdb.org/intercell",2,4,6,2,4,769.034489580775,36.9485068142883,0.994722928135941,0.354845086415553,0.982323232323232,0.874690849134378,2.19483003316753,"NO","ROBUST_BASELINE_SENDER",0.982323232323232,0.836279461279461,0.146043771043771,"NO_LARGE_CONTEXT_SHIFT","GSE182158 2/2 plus GSE199071 >=3/4 donor support; CPM>=1 and expressing fraction>=0.10","DESCRIPTIVE_ONLY_NOT_CAUSAL_NOT_REQUIRED_FOR_ROBUSTNESS","results/03_phase3/baseline/baseline_ligand_expression_by_donor.csv|config/phase3_analysis.json","YES",1.09633992132117,0.121711511146011,-0.181874947986605,0.425297970278627,0.609025716233589,0.609025716233589,"YES","NO_CLEAR_LICENSING_EFFECT","donor/passage rules frozen before outcomes; no cell-level P value","results/03_phase3/licensing/licensing_effect_by_donor_passage.csv|config/phase3_analysis.json","ROBUST_BASELINE_NO_CONSISTENT_LICENSING","PUTATIVE_TRANSCRIPTOMIC_LIGAND","HIGH_CONFIDENCE_SENDER_CANDIDATE","NO","ANNOTATION_ONLY_TRANSCRIPT_DOES_NOT_PROVE_SECRETION","YES","results/03_phase3/baseline/baseline_sender_robustness.csv|results/03_phase3/licensing/licensing_ligand_classification.csv|config/phase3_analysis.json",0.874690849134378
130,"GAS6","S2","HIGH_CONFIDENCE_SENDER_CANDIDATE_NOT_THERAPEUTIC","NicheNet lr_network_human_21122021.rds unique from","NicheNet human LR network 2021-12-21; Zenodo 7074291","NICHENET_AND_OMNIPATH_MAPPED",3,38,"YES","YES","YES","YES","OMNIPATH_SECRETED_ANNOTATION","Baccin2019;CellCall;CellChatDB;Cellinker;CellPhoneDB;CellTalkDB;ComPPI;connectomeDB2020;ConnectomeDB2025;EMBRACE;GO_Intercell;Guide2Pharma;HPA_secretome;HPMR;ICELLNET;iTALK;LOCATE;LRdb;Matrisome;OmniPath;Ramilowski2015;scConnect;talklr;UniProt_keyword;UniProt_location;Zhong2015","47c971d2fbba4ecd0ba7485d1846a74054432a0d1a97ea3e6a79ae27d0da8094","5e4142df024fd4d5d64cc667299364982a51176076ae6a69e1069425530afafa","FROZEN_BEFORE_EXPRESSION_OUTCOMES","https://zenodo.org/records/7074291|https://omnipathdb.org/intercell",2,4,6,2,4,28.7281475988523,234.496084487236,0.448912103513564,0.886413676001034,0.873737373737374,0.963726298433636,1.56913038833383,"NO","ROBUST_BASELINE_SENDER",0.873737373737374,0.883417508417509,-0.00968013468013473,"NO_LARGE_CONTEXT_SHIFT","GSE182158 2/2 plus GSE199071 >=3/4 donor support; CPM>=1 and expressing fraction>=0.10","DESCRIPTIVE_ONLY_NOT_CAUSAL_NOT_REQUIRED_FOR_ROBUSTNESS","results/03_phase3/baseline/baseline_ligand_expression_by_donor.csv|config/phase3_analysis.json","YES",-0.469736090769375,0.0154975992850306,-0.919869824704336,0.950865023274397,-0.227119245742172,0.242616845027203,"YES","PASSAGE_DEPENDENT","donor/passage rules frozen before outcomes; no cell-level P value","results/03_phase3/licensing/licensing_effect_by_donor_passage.csv|config/phase3_analysis.json","ROBUST_BASELINE_NO_CONSISTENT_LICENSING","PUTATIVE_TRANSCRIPTOMIC_LIGAND","HIGH_CONFIDENCE_SENDER_CANDIDATE","NO","ANNOTATION_ONLY_TRANSCRIPT_DOES_NOT_PROVE_SECRETION","YES","results/03_phase3/baseline/baseline_sender_robustness.csv|results/03_phase3/licensing/licensing_ligand_classification.csv|config/phase3_analysis.json",0.873737373737374
131,"BDNF","S2","HIGH_CONFIDENCE_SENDER_CANDIDATE_NOT_THERAPEUTIC","NicheNet lr_network_human_21122021.rds unique from","NicheNet human LR network 2021-12-21; Zenodo 7074291","NICHENET_AND_OMNIPATH_MAPPED",5,47,"YES","YES","YES","YES","OMNIPATH_SECRETED_ANNOTATION","Almen2009;Baccin2019;CellCall;CellChatDB;Cellinker;CellPhoneDB;CellTalkDB;ComPPI;connectomeDB2020;ConnectomeDB2025;DGIdb;EMBRACE;GO_Intercell;Guide2Pharma;HGNC;HPA_secretome;HPMR;iTALK;Kirouac2010;LOCATE;LRdb;Matrisome;OmniPath;Ramilowski2015;scConnect;SignaLink_function;talklr;UniProt_keyword;UniProt_location","47c971d2fbba4ecd0ba7485d1846a74054432a0d1a97ea3e6a79ae27d0da8094","5e4142df024fd4d5d64cc667299364982a51176076ae6a69e1069425530afafa","FROZEN_BEFORE_EXPRESSION_OUTCOMES","https://zenodo.org/records/7074291|https://omnipathdb.org/intercell",2,4,6,2,4,26.9683601302687,165.829153277261,0.381127344340652,0.730471693796936,0.872053872053872,0.950948062654575,1.33851122121383,"NO","ROBUST_BASELINE_SENDER",0.872053872053872,0.778198653198653,0.0938552188552189,"NO_LARGE_CONTEXT_SHIFT","GSE182158 2/2 plus GSE199071 >=3/4 donor support; CPM>=1 and expressing fraction>=0.10","DESCRIPTIVE_ONLY_NOT_CAUSAL_NOT_REQUIRED_FOR_ROBUSTNESS","results/03_phase3/baseline/baseline_ligand_expression_by_donor.csv|config/phase3_analysis.json","YES",-1.45673131889288,-0.253068648798393,-0.245733573894142,-0.260403723702643,-0.854899983845635,0.854899983845635,"YES","NO_CLEAR_LICENSING_EFFECT","donor/passage rules frozen before outcomes; no cell-level P value","results/03_phase3/licensing/licensing_effect_by_donor_passage.csv|config/phase3_analysis.json","ROBUST_BASELINE_NO_CONSISTENT_LICENSING","PUTATIVE_TRANSCRIPTOMIC_LIGAND","HIGH_CONFIDENCE_SENDER_CANDIDATE","NO","ANNOTATION_ONLY_TRANSCRIPT_DOES_NOT_PROVE_SECRETION","YES","results/03_phase3/baseline/baseline_sender_robustness.csv|results/03_phase3/licensing/licensing_ligand_classification.csv|config/phase3_analysis.json",0.872053872053872
132,"ANTXR1","S2","HIGH_CONFIDENCE_SENDER_CANDIDATE_NOT_THERAPEUTIC","NicheNet lr_network_human_21122021.rds unique from","NicheNet human LR network 2021-12-21; Zenodo 7074291","NICHENET_AND_OMNIPATH_MAPPED",1,35,"NO","YES","NO","YES","NO_OMNIPATH_SECRETED_ANNOTATION","Almen2009;CellCellInteractions;Cellinker;CellTalkDB;CSPA;DGIdb;GO_Intercell;LOCATE;Membranome;OmniPath;Phobius;Ramilowski_location;Surfaceome;TopDB;UniProt_keyword;UniProt_location;UniProt_topology;Zhong2015","47c971d2fbba4ecd0ba7485d1846a74054432a0d1a97ea3e6a79ae27d0da8094","5e4142df024fd4d5d64cc667299364982a51176076ae6a69e1069425530afafa","FROZEN_BEFORE_EXPRESSION_OUTCOMES","https://zenodo.org/records/7074291|https://omnipathdb.org/intercell",2,4,6,2,4,128.176211170458,33.763921609092,0.839418752687474,0.421293961036805,0.933501683501684,0.870568837592745,1.03002628282431,"YES","ROBUST_BASELINE_SENDER",0.933501683501684,0.863215488215488,0.0702861952861953,"NO_LARGE_CONTEXT_SHIFT","GSE182158 2/2 plus GSE199071 >=3/4 donor support; CPM>=1 and expressing fraction>=0.10","DESCRIPTIVE_ONLY_NOT_CAUSAL_NOT_REQUIRED_FOR_ROBUSTNESS","results/03_phase3/baseline/baseline_ligand_expression_by_donor.csv|config/phase3_analysis.json","YES",0.0740606509044258,0.203261426716963,-0.396644518480639,0.803167371914565,0.138661038810694,0.138661038810694,"YES","PASSAGE_DEPENDENT","donor/passage rules frozen before outcomes; no cell-level P value","results/03_phase3/licensing/licensing_effect_by_donor_passage.csv|config/phase3_analysis.json","ROBUST_BASELINE_NO_CONSISTENT_LICENSING","PUTATIVE_TRANSCRIPTOMIC_LIGAND","HIGH_CONFIDENCE_SENDER_CANDIDATE","NO","ANNOTATION_ONLY_TRANSCRIPT_DOES_NOT_PROVE_SECRETION","YES","results/03_phase3/baseline/baseline_sender_robustness.csv|results/03_phase3/licensing/licensing_ligand_classification.csv|config/phase3_analysis.json",0.870568837592745
133,"CD55","S2","HIGH_CONFIDENCE_SENDER_CANDIDATE_NOT_THERAPEUTIC","NicheNet lr_network_human_21122021.rds unique from","NicheNet human LR network 2021-12-21; Zenodo 7074291","NICHENET_AND_OMNIPATH_MAPPED",3,41,"YES","YES","YES","YES","OMNIPATH_SECRETED_ANNOTATION","CellCellInteractions;CellChatDB;Cellinker;CellPhoneDB;connectomeDB2020;ConnectomeDB2025;CSPA;GO_Intercell;HPA_secretome;HPMR;ICELLNET;Membranome;OmniPath;Surfaceome;TopDB;UniProt_keyword;UniProt_location","47c971d2fbba4ecd0ba7485d1846a74054432a0d1a97ea3e6a79ae27d0da8094","5e4142df024fd4d5d64cc667299364982a51176076ae6a69e1069425530afafa","FROZEN_BEFORE_EXPRESSION_OUTCOMES","https://zenodo.org/records/7074291|https://omnipathdb.org/intercell",2,4,6,2,4,28.041662200378,39.5427768653021,0.452073718724812,0.421996487427752,0.866161616161616,0.882110469909316,0.436313289946583,"NO","ROBUST_BASELINE_SENDER",0.866161616161616,0.83459595959596,0.0315656565656566,"NO_LARGE_CONTEXT_SHIFT","GSE182158 2/2 plus GSE199071 >=3/4 donor support; CPM>=1 and expressing fraction>=0.10","DESCRIPTIVE_ONLY_NOT_CAUSAL_NOT_REQUIRED_FOR_ROBUSTNESS","results/03_phase3/baseline/baseline_ligand_expression_by_donor.csv|config/phase3_analysis.json","YES",-1.73867134670721,-1.81140642172036,-2.72905847588636,-0.893754367554354,-1.77503888421378,1.77503888421378,"YES","PASSAGE_DEPENDENT","donor/passage rules frozen before outcomes; no cell-level P value","results/03_phase3/licensing/licensing_effect_by_donor_passage.csv|config/phase3_analysis.json","ROBUST_BASELINE_NO_CONSISTENT_LICENSING","PUTATIVE_TRANSCRIPTOMIC_LIGAND","HIGH_CONFIDENCE_SENDER_CANDIDATE","NO","ANNOTATION_ONLY_TRANSCRIPT_DOES_NOT_PROVE_SECRETION","YES","results/03_phase3/baseline/baseline_sender_robustness.csv|results/03_phase3/licensing/licensing_ligand_classification.csv|config/phase3_analysis.json",0.866161616161616
134,"ALCAM","S2","HIGH_CONFIDENCE_SENDER_CANDIDATE_NOT_THERAPEUTIC","NicheNet lr_network_human_21122021.rds unique from","NicheNet human LR network 2021-12-21; Zenodo 7074291","NICHENET_AND_OMNIPATH_MAPPED",4,44,"YES","YES","YES","YES","OMNIPATH_SECRETED_ANNOTATION","Baccin2019;Cellinker;CellPhoneDB;connectomeDB2020;ConnectomeDB2025;CSPA;DGIdb;HGNC;LOCATE;MCAM;Membranome;OmniPath;Phobius;Ramilowski_location;Surfaceome;TopDB;UniProt_keyword;UniProt_location;UniProt_topology;Zhong2015","47c971d2fbba4ecd0ba7485d1846a74054432a0d1a97ea3e6a79ae27d0da8094","5e4142df024fd4d5d64cc667299364982a51176076ae6a69e1069425530afafa","FROZEN_BEFORE_EXPRESSION_OUTCOMES","https://zenodo.org/records/7074291|https://omnipathdb.org/intercell",2,4,6,2,4,26.98796524505,137.403870243909,0.420571413606748,0.801741489655955,0.865740740740741,0.94765045342127,1.3369311894282,"NO","ROBUST_BASELINE_SENDER",0.865740740740741,0.871632996632997,-0.00589225589225595,"NO_LARGE_CONTEXT_SHIFT","GSE182158 2/2 plus GSE199071 >=3/4 donor support; CPM>=1 and expressing fraction>=0.10","DESCRIPTIVE_ONLY_NOT_CAUSAL_NOT_REQUIRED_FOR_ROBUSTNESS","results/03_phase3/baseline/baseline_ligand_expression_by_donor.csv|config/phase3_analysis.json","YES",0.0728908036673118,-0.0815708912131699,0.190635457479491,-0.35377723990583,-0.00434004377292903,0.0772308474402409,"YES","NO_CLEAR_LICENSING_EFFECT","donor/passage rules frozen before outcomes; no cell-level P value","results/03_phase3/licensing/licensing_effect_by_donor_passage.csv|config/phase3_analysis.json","ROBUST_BASELINE_NO_CONSISTENT_LICENSING","PUTATIVE_TRANSCRIPTOMIC_LIGAND","HIGH_CONFIDENCE_SENDER_CANDIDATE","NO","ANNOTATION_ONLY_TRANSCRIPT_DOES_NOT_PROVE_SECRETION","YES","results/03_phase3/baseline/baseline_sender_robustness.csv|results/03_phase3/licensing/licensing_ligand_classification.csv|config/phase3_analysis.json",0.865740740740741
135,"ECM1","S2","HIGH_CONFIDENCE_SENDER_CANDIDATE_NOT_THERAPEUTIC","NicheNet lr_network_human_21122021.rds unique from","NicheNet human LR network 2021-12-21; Zenodo 7074291","NICHENET_AND_OMNIPATH_MAPPED",2,25,"YES","YES","YES","YES","OMNIPATH_SECRETED_ANNOTATION","CellCellInteractions;ComPPI;connectomeDB2020;ConnectomeDB2025;EMBRACE;GO_Intercell;HPA_secretome;iTALK;LOCATE;Matrisome;MatrixDB;OmniPath;Ramilowski_location;TopDB;UniProt_keyword;UniProt_location","47c971d2fbba4ecd0ba7485d1846a74054432a0d1a97ea3e6a79ae27d0da8094","5e4142df024fd4d5d64cc667299364982a51176076ae6a69e1069425530afafa","FROZEN_BEFORE_EXPRESSION_OUTCOMES","https://zenodo.org/records/7074291|https://omnipathdb.org/intercell",2,4,6,2,4,27.4627165473185,33.1179542069955,0.447972317568997,0.369736069836143,0.874579124579125,0.864385820280297,0.63042972930852,"YES","ROBUST_BASELINE_SENDER",0.874579124579125,0.906144781144781,-0.0315656565656566,"NO_LARGE_CONTEXT_SHIFT","GSE182158 2/2 plus GSE199071 >=3/4 donor support; CPM>=1 and expressing fraction>=0.10","DESCRIPTIVE_ONLY_NOT_CAUSAL_NOT_REQUIRED_FOR_ROBUSTNESS","results/03_phase3/baseline/baseline_ligand_expression_by_donor.csv|config/phase3_analysis.json","YES",-0.733287237799863,0.0051609240882473,0.188175159314977,-0.177853311138482,-0.364063156855808,0.369224080944055,"YES","DONOR_DEPENDENT","donor/passage rules frozen before outcomes; no cell-level P value","results/03_phase3/licensing/licensing_effect_by_donor_passage.csv|config/phase3_analysis.json","ROBUST_BASELINE_NO_CONSISTENT_LICENSING","PUTATIVE_TRANSCRIPTOMIC_LIGAND","HIGH_CONFIDENCE_SENDER_CANDIDATE","NO","ANNOTATION_ONLY_TRANSCRIPT_DOES_NOT_PROVE_SECRETION","YES","results/03_phase3/baseline/baseline_sender_robustness.csv|results/03_phase3/licensing/licensing_ligand_classification.csv|config/phase3_analysis.json",0.864385820280297
136,"EDIL3","S2","HIGH_CONFIDENCE_SENDER_CANDIDATE_NOT_THERAPEUTIC","NicheNet lr_network_human_21122021.rds unique from","NicheNet human LR network 2021-12-21; Zenodo 7074291","NICHENET_AND_OMNIPATH_MAPPED",5,31,"YES","YES","YES","YES","OMNIPATH_SECRETED_ANNOTATION","Baccin2019;Cellinker;CellTalkDB;connectomeDB2020;ConnectomeDB2025;EMBRACE;GO_Intercell;HPA_secretome;ICELLNET;iTALK;LOCATE;LRdb;Matrisome;MCAM;OmniPath;Ramilowski2015;talklr;UniProt_keyword;UniProt_location;Zhong2015","47c971d2fbba4ecd0ba7485d1846a74054432a0d1a97ea3e6a79ae27d0da8094","5e4142df024fd4d5d64cc667299364982a51176076ae6a69e1069425530afafa","FROZEN_BEFORE_EXPRESSION_OUTCOMES","https://zenodo.org/records/7074291|https://omnipathdb.org/intercell",2,4,6,2,4,23.5004869362896,49.8804176880921,0.373175610371925,0.469189218735085,0.863636363636364,0.893239901071723,0.557845635430627,"NO","ROBUST_BASELINE_SENDER",0.863636363636364,0.739478114478115,0.124158249158249,"NO_LARGE_CONTEXT_SHIFT","GSE182158 2/2 plus GSE199071 >=3/4 donor support; CPM>=1 and expressing fraction>=0.10","DESCRIPTIVE_ONLY_NOT_CAUSAL_NOT_REQUIRED_FOR_ROBUSTNESS","results/03_phase3/baseline/baseline_ligand_expression_by_donor.csv|config/phase3_analysis.json","YES",-0.355982598444883,0.751905960400677,0.396079741639882,1.10773217916147,0.197961680977897,0.55394427942278,"YES","DONOR_DEPENDENT","donor/passage rules frozen before outcomes; no cell-level P value","results/03_phase3/licensing/licensing_effect_by_donor_passage.csv|config/phase3_analysis.json","ROBUST_BASELINE_NO_CONSISTENT_LICENSING","PUTATIVE_TRANSCRIPTOMIC_LIGAND","HIGH_CONFIDENCE_SENDER_CANDIDATE","NO","ANNOTATION_ONLY_TRANSCRIPT_DOES_NOT_PROVE_SECRETION","YES","results/03_phase3/baseline/baseline_sender_robustness.csv|results/03_phase3/licensing/licensing_ligand_classification.csv|config/phase3_analysis.json",0.863636363636364
137,"FAP","S2","HIGH_CONFIDENCE_SENDER_CANDIDATE_NOT_THERAPEUTIC","NicheNet lr_network_human_21122021.rds unique from","NicheNet human LR network 2021-12-21; Zenodo 7074291","NICHENET_AND_OMNIPATH_MAPPED",2,22,"NO","YES","YES","YES","OMNIPATH_SECRETED_ANNOTATION","Cellinker;ComPPI;connectomeDB2020;GO_Intercell;HPA_secretome;OmniPath;Ramilowski_location;Surfaceome;TopDB;UniProt_keyword;UniProt_location;UniProt_topology","47c971d2fbba4ecd0ba7485d1846a74054432a0d1a97ea3e6a79ae27d0da8094","5e4142df024fd4d5d64cc667299364982a51176076ae6a69e1069425530afafa","FROZEN_BEFORE_EXPRESSION_OUTCOMES","https://zenodo.org/records/7074291|https://omnipathdb.org/intercell",2,4,6,2,4,150.045185244085,30.516376564908,0.949012454435332,0.367591032609662,0.946127946127946,0.862324814509481,1.19574214756007,"NO","ROBUST_BASELINE_SENDER",0.946127946127946,0.918771043771044,0.0273569023569024,"NO_LARGE_CONTEXT_SHIFT","GSE182158 2/2 plus GSE199071 >=3/4 donor support; CPM>=1 and expressing fraction>=0.10","DESCRIPTIVE_ONLY_NOT_CAUSAL_NOT_REQUIRED_FOR_ROBUSTNESS","results/03_phase3/baseline/baseline_ligand_expression_by_donor.csv|config/phase3_analysis.json","YES",-0.60198144740247,0.649275435214695,-0.219219132200625,1.51777000263001,0.0236469939061124,0.625628441308582,"YES","PASSAGE_DEPENDENT","donor/passage rules frozen before outcomes; no cell-level P value","results/03_phase3/licensing/licensing_effect_by_donor_passage.csv|config/phase3_analysis.json","ROBUST_BASELINE_NO_CONSISTENT_LICENSING","PUTATIVE_TRANSCRIPTOMIC_LIGAND","HIGH_CONFIDENCE_SENDER_CANDIDATE","NO","ANNOTATION_ONLY_TRANSCRIPT_DOES_NOT_PROVE_SECRETION","YES","results/03_phase3/baseline/baseline_sender_robustness.csv|results/03_phase3/licensing/licensing_ligand_classification.csv|config/phase3_analysis.json",0.862324814509481
138,"EZR","S2","HIGH_CONFIDENCE_SENDER_CANDIDATE_NOT_THERAPEUTIC","NicheNet lr_network_human_21122021.rds unique from","NicheNet human LR network 2021-12-21; Zenodo 7074291","NICHENET_AND_OMNIPATH_MAPPED",1,25,"YES","YES","NO","YES","NO_OMNIPATH_SECRETED_ANNOTATION","Adhesome;Cellinker;CellPhoneDB;CellTalkDB;ComPPI;GO_Intercell;HGNC;ICELLNET;LOCATE;LRdb;OmniPath;Ramilowski_location;UniProt_location","47c971d2fbba4ecd0ba7485d1846a74054432a0d1a97ea3e6a79ae27d0da8094","5e4142df024fd4d5d64cc667299364982a51176076ae6a69e1069425530afafa","FROZEN_BEFORE_EXPRESSION_OUTCOMES","https://zenodo.org/records/7074291|https://omnipathdb.org/intercell",2,4,6,2,4,27.1140797293108,209.263792574503,0.383638493425968,0.854603679988177,0.860690235690236,0.960016488046167,1.70136579590266,"YES","ROBUST_BASELINE_SENDER",0.860690235690236,0.832070707070707,0.0286195286195287,"NO_LARGE_CONTEXT_SHIFT","GSE182158 2/2 plus GSE199071 >=3/4 donor support; CPM>=1 and expressing fraction>=0.10","DESCRIPTIVE_ONLY_NOT_CAUSAL_NOT_REQUIRED_FOR_ROBUSTNESS","results/03_phase3/baseline/baseline_ligand_expression_by_donor.csv|config/phase3_analysis.json","YES",-0.290125015783277,-0.911493680123765,-0.815448326759693,-1.00753903348784,-0.600809347953521,0.600809347953521,"YES","NO_CLEAR_LICENSING_EFFECT","donor/passage rules frozen before outcomes; no cell-level P value","results/03_phase3/licensing/licensing_effect_by_donor_passage.csv|config/phase3_analysis.json","ROBUST_BASELINE_NO_CONSISTENT_LICENSING","PUTATIVE_TRANSCRIPTOMIC_LIGAND","HIGH_CONFIDENCE_SENDER_CANDIDATE","NO","ANNOTATION_ONLY_TRANSCRIPT_DOES_NOT_PROVE_SECRETION","YES","results/03_phase3/baseline/baseline_sender_robustness.csv|results/03_phase3/licensing/licensing_ligand_classification.csv|config/phase3_analysis.json",0.860690235690236
139,"CDH2","S2","HIGH_CONFIDENCE_SENDER_CANDIDATE_NOT_THERAPEUTIC","NicheNet lr_network_human_21122021.rds unique from","NicheNet human LR network 2021-12-21; Zenodo 7074291","NICHENET_AND_OMNIPATH_MAPPED",2,54,"YES","YES","NO","NO","NO_OMNIPATH_SECRETED_ANNOTATION","Almen2009;Baccin2019;CellCellInteractions;CellChatDB;Cellinker;CellPhoneDB;CellTalkDB;ComPPI;ConnectomeDB2025;CSPA;EMBRACE;GO_Intercell;HGNC;ICELLNET;iTALK;LOCATE;Membranome;OmniPath;Phobius;Ramilowski_location;Surfaceome;TopDB;UniProt_keyword;UniProt_location;UniProt_topology;Zhong2015","47c971d2fbba4ecd0ba7485d1846a74054432a0d1a97ea3e6a79ae27d0da8094","5e4142df024fd4d5d64cc667299364982a51176076ae6a69e1069425530afafa","FROZEN_BEFORE_EXPRESSION_OUTCOMES","https://zenodo.org/records/7074291|https://omnipathdb.org/intercell",2,4,6,2,4,22.3885822853127,102.280862742948,0.398011834674662,0.688393086955248,0.859427609427609,0.929513602638087,1.36684253977899,"NO","ROBUST_BASELINE_SENDER",0.859427609427609,0.757996632996633,0.101430976430976,"NO_LARGE_CONTEXT_SHIFT","GSE182158 2/2 plus GSE199071 >=3/4 donor support; CPM>=1 and expressing fraction>=0.10","DESCRIPTIVE_ONLY_NOT_CAUSAL_NOT_REQUIRED_FOR_ROBUSTNESS","results/03_phase3/baseline/baseline_ligand_expression_by_donor.csv|config/phase3_analysis.json","YES",0.426290992764299,0.433732898356608,0.242698338217331,0.624767458495885,0.430011945560454,0.430011945560454,"YES","NO_CLEAR_LICENSING_EFFECT","donor/passage rules frozen before outcomes; no cell-level P value","results/03_phase3/licensing/licensing_effect_by_donor_passage.csv|config/phase3_analysis.json","ROBUST_BASELINE_NO_CONSISTENT_LICENSING","PUTATIVE_TRANSCRIPTOMIC_LIGAND","HIGH_CONFIDENCE_SENDER_CANDIDATE","NO","ANNOTATION_ONLY_TRANSCRIPT_DOES_NOT_PROVE_SECRETION","YES","results/03_phase3/baseline/baseline_sender_robustness.csv|results/03_phase3/licensing/licensing_ligand_classification.csv|config/phase3_analysis.json",0.859427609427609
140,"ADAM10","S2","HIGH_CONFIDENCE_SENDER_CANDIDATE_NOT_THERAPEUTIC","NicheNet lr_network_human_21122021.rds unique from","NicheNet human LR network 2021-12-21; Zenodo 7074291","NICHENET_AND_OMNIPATH_MAPPED",14,37,"YES","YES","NO","YES","NO_OMNIPATH_SECRETED_ANNOTATION","Almen2009;Cellinker;ComPPI;connectomeDB2020;ConnectomeDB2025;CSPA;GO_Intercell;LOCATE;Matrisome;Membranome;OmniPath;Phobius;Ramilowski_location;Surfaceome;UniProt_keyword;UniProt_location;UniProt_topology","47c971d2fbba4ecd0ba7485d1846a74054432a0d1a97ea3e6a79ae27d0da8094","5e4142df024fd4d5d64cc667299364982a51176076ae6a69e1069425530afafa","FROZEN_BEFORE_EXPRESSION_OUTCOMES","https://zenodo.org/records/7074291|https://omnipathdb.org/intercell",2,4,6,2,4,24.2666170469326,29.4202264010333,0.439245743463658,0.357293086525886,0.86489898989899,0.858615004122012,0.171086049031239,"NO","ROBUST_BASELINE_SENDER",0.86489898989899,0.864057239057239,0.000841750841750755,"NO_LARGE_CONTEXT_SHIFT","GSE182158 2/2 plus GSE199071 >=3/4 donor support; CPM>=1 and expressing fraction>=0.10","DESCRIPTIVE_ONLY_NOT_CAUSAL_NOT_REQUIRED_FOR_ROBUSTNESS","results/03_phase3/baseline/baseline_ligand_expression_by_donor.csv|config/phase3_analysis.json","YES",-0.336953253853054,-0.0193857569535209,-0.158674356434356,0.119902842527314,-0.178169505403287,0.178169505403287,"YES","NO_CLEAR_LICENSING_EFFECT","donor/passage rules frozen before outcomes; no cell-level P value","results/03_phase3/licensing/licensing_effect_by_donor_passage.csv|config/phase3_analysis.json","ROBUST_BASELINE_NO_CONSISTENT_LICENSING","PUTATIVE_TRANSCRIPTOMIC_LIGAND","HIGH_CONFIDENCE_SENDER_CANDIDATE","NO","ANNOTATION_ONLY_TRANSCRIPT_DOES_NOT_PROVE_SECRETION","YES","results/03_phase3/baseline/baseline_sender_robustness.csv|results/03_phase3/licensing/licensing_ligand_classification.csv|config/phase3_analysis.json",0.858615004122012
141,"SHISA4","S2","HIGH_CONFIDENCE_SENDER_CANDIDATE_NOT_THERAPEUTIC","NicheNet lr_network_human_21122021.rds unique from","NicheNet human LR network 2021-12-21; Zenodo 7074291","NICHENET_AND_OMNIPATH_MAPPED",1,19,"NO","YES","NO","NO","NO_OMNIPATH_SECRETED_ANNOTATION","Almen2009;Cellinker;Membranome;OmniPath;Phobius;Ramilowski_location;Surfaceome;UniProt_keyword;UniProt_location;UniProt_topology","47c971d2fbba4ecd0ba7485d1846a74054432a0d1a97ea3e6a79ae27d0da8094","5e4142df024fd4d5d64cc667299364982a51176076ae6a69e1069425530afafa","FROZEN_BEFORE_EXPRESSION_OUTCOMES","https://zenodo.org/records/7074291|https://omnipathdb.org/intercell",2,4,6,2,4,39.2681171848182,28.6752046965879,0.595633389673765,0.317981614331566,0.891414141414142,0.85840890354493,0.33759828815291,"NO","ROBUST_BASELINE_SENDER",0.891414141414142,0.864057239057239,0.0273569023569024,"NO_LARGE_CONTEXT_SHIFT","GSE182158 2/2 plus GSE199071 >=3/4 donor support; CPM>=1 and expressing fraction>=0.10","DESCRIPTIVE_ONLY_NOT_CAUSAL_NOT_REQUIRED_FOR_ROBUSTNESS","results/03_phase3/baseline/baseline_ligand_expression_by_donor.csv|config/phase3_analysis.json","YES",-0.880313689753924,0.553884002680295,0.0070796828603595,1.10068832250023,-0.163214843536815,0.71709884621711,"NO","PASSAGE_DEPENDENT","donor/passage rules frozen before outcomes; no cell-level P value","results/03_phase3/licensing/licensing_effect_by_donor_passage.csv|config/phase3_analysis.json","ROBUST_BASELINE_NO_CONSISTENT_LICENSING","PUTATIVE_TRANSCRIPTOMIC_LIGAND","HIGH_CONFIDENCE_SENDER_CANDIDATE","NO","ANNOTATION_ONLY_TRANSCRIPT_DOES_NOT_PROVE_SECRETION","YES","results/03_phase3/baseline/baseline_sender_robustness.csv|results/03_phase3/licensing/licensing_ligand_classification.csv|config/phase3_analysis.json",0.85840890354493
142,"HSPG2","S2","HIGH_CONFIDENCE_SENDER_CANDIDATE_NOT_THERAPEUTIC","NicheNet lr_network_human_21122021.rds unique from","NicheNet human LR network 2021-12-21; Zenodo 7074291","NICHENET_AND_OMNIPATH_MAPPED",9,24,"NO","YES","YES","YES","OMNIPATH_SECRETED_ANNOTATION","CellChatDB;Cellinker;ComPPI;connectomeDB2020;ConnectomeDB2025;GO_Intercell;HPA_secretome;HPMR;Matrisome;OmniPath;Ramilowski_location;UniProt_keyword;UniProt_location;Zhong2015","47c971d2fbba4ecd0ba7485d1846a74054432a0d1a97ea3e6a79ae27d0da8094","5e4142df024fd4d5d64cc667299364982a51176076ae6a69e1069425530afafa","FROZEN_BEFORE_EXPRESSION_OUTCOMES","https://zenodo.org/records/7074291|https://omnipathdb.org/intercell",2,4,6,2,4,21.9113984263418,47.1960663812428,0.399513289671489,0.440654416856255,0.856902356902357,0.891797197032152,0.569830815559909,"NO","ROBUST_BASELINE_SENDER",0.856902356902357,0.872474747474748,-0.0155723905723906,"NO_LARGE_CONTEXT_SHIFT","GSE182158 2/2 plus GSE199071 >=3/4 donor support; CPM>=1 and expressing fraction>=0.10","DESCRIPTIVE_ONLY_NOT_CAUSAL_NOT_REQUIRED_FOR_ROBUSTNESS","results/03_phase3/baseline/baseline_ligand_expression_by_donor.csv|config/phase3_analysis.json","YES",-0.514959363379817,0.166837776715543,-0.684748750380574,1.01842430381166,-0.174060793332137,0.34089857004768,"YES","PASSAGE_DEPENDENT","donor/passage rules frozen before outcomes; no cell-level P value","results/03_phase3/licensing/licensing_effect_by_donor_passage.csv|config/phase3_analysis.json","ROBUST_BASELINE_NO_CONSISTENT_LICENSING","PUTATIVE_TRANSCRIPTOMIC_LIGAND","HIGH_CONFIDENCE_SENDER_CANDIDATE","NO","ANNOTATION_ONLY_TRANSCRIPT_DOES_NOT_PROVE_SECRETION","YES","results/03_phase3/baseline/baseline_sender_robustness.csv|results/03_phase3/licensing/licensing_ligand_classification.csv|config/phase3_analysis.json",0.856902356902357
143,"ANPEP","S2","HIGH_CONFIDENCE_SENDER_CANDIDATE_NOT_THERAPEUTIC","NicheNet lr_network_human_21122021.rds unique from","NicheNet human LR network 2021-12-21; Zenodo 7074291","NICHENET_AND_OMNIPATH_MAPPED",1,43,"YES","YES","YES","YES","OMNIPATH_SECRETED_ANNOTATION","Almen2009;CellCellInteractions;ComPPI;connectomeDB2020;ConnectomeDB2025;CSPA;DGIdb;GO_Intercell;ICELLNET;LOCATE;OmniPath;Phobius;Ramilowski_location;scConnect;Surfaceome;TopDB;UniProt_keyword;UniProt_location;UniProt_topology","47c971d2fbba4ecd0ba7485d1846a74054432a0d1a97ea3e6a79ae27d0da8094","5e4142df024fd4d5d64cc667299364982a51176076ae6a69e1069425530afafa","FROZEN_BEFORE_EXPRESSION_OUTCOMES","https://zenodo.org/records/7074291|https://omnipathdb.org/intercell",2,4,6,2,4,40.9512433391821,28.0843279995025,0.588052576814583,0.352676778548503,0.894360269360269,0.854905193734543,0.342237078072171,"NO","ROBUST_BASELINE_SENDER",0.894360269360269,0.906986531986532,-0.0126262626262627,"NO_LARGE_CONTEXT_SHIFT","GSE182158 2/2 plus GSE199071 >=3/4 donor support; CPM>=1 and expressing fraction>=0.10","DESCRIPTIVE_ONLY_NOT_CAUSAL_NOT_REQUIRED_FOR_ROBUSTNESS","results/03_phase3/baseline/baseline_ligand_expression_by_donor.csv|config/phase3_analysis.json","YES",1.24528165046885,0.604499731027313,-0.117164595833582,1.32616405788821,0.924890690748082,0.924890690748082,"YES","PASSAGE_DEPENDENT","donor/passage rules frozen before outcomes; no cell-level P value","results/03_phase3/licensing/licensing_effect_by_donor_passage.csv|config/phase3_analysis.json","ROBUST_BASELINE_NO_CONSISTENT_LICENSING","PUTATIVE_TRANSCRIPTOMIC_LIGAND","HIGH_CONFIDENCE_SENDER_CANDIDATE","NO","ANNOTATION_ONLY_TRANSCRIPT_DOES_NOT_PROVE_SECRETION","YES","results/03_phase3/baseline/baseline_sender_robustness.csv|results/03_phase3/licensing/licensing_ligand_classification.csv|config/phase3_analysis.json",0.854905193734543
144,"MICA","S2","HIGH_CONFIDENCE_SENDER_CANDIDATE_NOT_THERAPEUTIC","NicheNet lr_network_human_21122021.rds unique from","NicheNet human LR network 2021-12-21; Zenodo 7074291","NICHENET_AND_OMNIPATH_MAPPED",3,45,"YES","YES","YES","YES","OMNIPATH_SECRETED_ANNOTATION","CellChatDB;Cellinker;CellPhoneDB;CellTalkDB;ComPPI;connectomeDB2020;ConnectomeDB2025;CSPA;DGIdb;GO_Intercell;ICELLNET;LOCATE;LRdb;Membranome;OmniPath;OPM;Phobius;Ramilowski_location;Surfaceome;TopDB;UniProt_keyword;UniProt_location;UniProt_topology","47c971d2fbba4ecd0ba7485d1846a74054432a0d1a97ea3e6a79ae27d0da8094","5e4142df024fd4d5d64cc667299364982a51176076ae6a69e1069425530afafa","FROZEN_BEFORE_EXPRESSION_OUTCOMES","https://zenodo.org/records/7074291|https://omnipathdb.org/intercell",2,4,6,2,4,21.5417219001844,30.3961265441391,0.370423482163453,0.356593254648872,0.853114478114478,0.861706512778236,0.541477632608107,"NO","ROBUST_BASELINE_SENDER",0.853114478114478,0.842171717171717,0.010942760942761,"NO_LARGE_CONTEXT_SHIFT","GSE182158 2/2 plus GSE199071 >=3/4 donor support; CPM>=1 and expressing fraction>=0.10","DESCRIPTIVE_ONLY_NOT_CAUSAL_NOT_REQUIRED_FOR_ROBUSTNESS","results/03_phase3/baseline/baseline_ligand_expression_by_donor.csv|config/phase3_analysis.json","YES",0.108209944628929,-0.172350962808344,-0.520319935419149,0.175618009802462,-0.0320705090897075,0.140280453718636,"YES","PASSAGE_DEPENDENT","donor/passage rules frozen before outcomes; no cell-level P value","results/03_phase3/licensing/licensing_effect_by_donor_passage.csv|config/phase3_analysis.json","ROBUST_BASELINE_NO_CONSISTENT_LICENSING","PUTATIVE_TRANSCRIPTOMIC_LIGAND","HIGH_CONFIDENCE_SENDER_CANDIDATE","NO","ANNOTATION_ONLY_TRANSCRIPT_DOES_NOT_PROVE_SECRETION","YES","results/03_phase3/baseline/baseline_sender_robustness.csv|results/03_phase3/licensing/licensing_ligand_classification.csv|config/phase3_analysis.json",0.853114478114478
145,"TNFSF12","S2","HIGH_CONFIDENCE_SENDER_CANDIDATE_NOT_THERAPEUTIC","NicheNet lr_network_human_21122021.rds unique from","NicheNet human LR network 2021-12-21; Zenodo 7074291","NICHENET_AND_OMNIPATH_MAPPED",4,60,"YES","YES","YES","YES","OMNIPATH_SECRETED_ANNOTATION","Baccin2019;CellChatDB;Cellinker;CellPhoneDB;CellTalkDB;ComPPI;connectomeDB2020;ConnectomeDB2025;EMBRACE;GO_Intercell;Guide2Pharma;HGNC;HPA_secretome;HPMR;ICELLNET;iTALK;LOCATE;LRdb;Matrisome;MatrixDB;OmniPath;Ramilowski2015;scConnect;talklr;TopDB;UniProt_keyword;UniProt_location;UniProt_topology","47c971d2fbba4ecd0ba7485d1846a74054432a0d1a97ea3e6a79ae27d0da8094","5e4142df024fd4d5d64cc667299364982a51176076ae6a69e1069425530afafa","FROZEN_BEFORE_EXPRESSION_OUTCOMES","https://zenodo.org/records/7074291|https://omnipathdb.org/intercell",2,4,6,2,4,20.8998539857301,28.6196095088003,0.389493365153976,0.327056685316144,0.851851851851852,0.857790601813685,0.3147389708231,"NO","ROBUST_BASELINE_SENDER",0.851851851851852,0.853114478114478,-0.0012626262626263,"NO_LARGE_CONTEXT_SHIFT","GSE182158 2/2 plus GSE199071 >=3/4 donor support; CPM>=1 and expressing fraction>=0.10","DESCRIPTIVE_ONLY_NOT_CAUSAL_NOT_REQUIRED_FOR_ROBUSTNESS","results/03_phase3/baseline/baseline_ligand_expression_by_donor.csv|config/phase3_analysis.json","YES",-0.399910853640439,-0.116134264508362,-0.268605644527362,0.0363371155106385,-0.2580225590744,0.2580225590744,"NO","NO_CLEAR_LICENSING_EFFECT","donor/passage rules frozen before outcomes; no cell-level P value","results/03_phase3/licensing/licensing_effect_by_donor_passage.csv|config/phase3_analysis.json","ROBUST_BASELINE_NO_CONSISTENT_LICENSING","PUTATIVE_TRANSCRIPTOMIC_LIGAND","HIGH_CONFIDENCE_SENDER_CANDIDATE","NO","ANNOTATION_ONLY_TRANSCRIPT_DOES_NOT_PROVE_SECRETION","YES","results/03_phase3/baseline/baseline_sender_robustness.csv|results/03_phase3/licensing/licensing_ligand_classification.csv|config/phase3_analysis.json",0.851851851851852
146,"PTDSS1","S2","HIGH_CONFIDENCE_SENDER_CANDIDATE_NOT_THERAPEUTIC","NicheNet lr_network_human_21122021.rds unique from","NicheNet human LR network 2021-12-21; Zenodo 7074291","NICHENET_AND_OMNIPATH_MAPPED",2,19,"YES","YES","NO","YES","NO_OMNIPATH_SECRETED_ANNOTATION","Baccin2019;ComPPI;connectomeDB2020;GO_Intercell;HPMR;OmniPath;Phobius;Ramilowski_location;TopDB;UniProt_keyword;UniProt_location;UniProt_topology","47c971d2fbba4ecd0ba7485d1846a74054432a0d1a97ea3e6a79ae27d0da8094","5e4142df024fd4d5d64cc667299364982a51176076ae6a69e1069425530afafa","FROZEN_BEFORE_EXPRESSION_OUTCOMES","https://zenodo.org/records/7074291|https://omnipathdb.org/intercell",2,4,6,2,4,22.8901565350532,27.429859744126,0.421934895041071,0.335802547326503,0.863215488215488,0.85078318219291,0.140591364070865,"NO","ROBUST_BASELINE_SENDER",0.863215488215488,0.816919191919192,0.0462962962962963,"NO_LARGE_CONTEXT_SHIFT","GSE182158 2/2 plus GSE199071 >=3/4 donor support; CPM>=1 and expressing fraction>=0.10","DESCRIPTIVE_ONLY_NOT_CAUSAL_NOT_REQUIRED_FOR_ROBUSTNESS","results/03_phase3/baseline/baseline_ligand_expression_by_donor.csv|config/phase3_analysis.json","YES",-0.454451055414422,-0.355917909379308,-1.20978755188995,0.497951733131336,-0.405184482396865,0.405184482396865,"YES","PASSAGE_DEPENDENT","donor/passage rules frozen before outcomes; no cell-level P value","results/03_phase3/licensing/licensing_effect_by_donor_passage.csv|config/phase3_analysis.json","ROBUST_BASELINE_NO_CONSISTENT_LICENSING","PUTATIVE_TRANSCRIPTOMIC_LIGAND","HIGH_CONFIDENCE_SENDER_CANDIDATE","NO","ANNOTATION_ONLY_TRANSCRIPT_DOES_NOT_PROVE_SECRETION","YES","results/03_phase3/baseline/baseline_sender_robustness.csv|results/03_phase3/licensing/licensing_ligand_classification.csv|config/phase3_analysis.json",0.85078318219291
147,"CXCL2","S2","HIGH_CONFIDENCE_SENDER_CANDIDATE_NOT_THERAPEUTIC","NicheNet lr_network_human_21122021.rds unique from","NicheNet human LR network 2021-12-21; Zenodo 7074291","NICHENET_AND_OMNIPATH_MAPPED",5,38,"YES","YES","YES","YES","OMNIPATH_SECRETED_ANNOTATION","Baccin2019;CellCall;CellChatDB;Cellinker;CellPhoneDB;CellTalkDB;connectomeDB2020;ConnectomeDB2025;GO_Intercell;Guide2Pharma;HGNC;HPA_secretome;HPMR;ICELLNET;iTALK;Kirouac2010;LOCATE;LRdb;Matrisome;OmniPath;Ramilowski2015;scConnect;talklr;UniProt_keyword;UniProt_location","47c971d2fbba4ecd0ba7485d1846a74054432a0d1a97ea3e6a79ae27d0da8094","5e4142df024fd4d5d64cc667299364982a51176076ae6a69e1069425530afafa","FROZEN_BEFORE_EXPRESSION_OUTCOMES","https://zenodo.org/records/7074291|https://omnipathdb.org/intercell",2,4,6,2,4,20.9150626888869,31.4601708271931,0.201336242530992,0.247530413791372,0.849326599326599,0.856760098928277,0.891293843816495,"NO","ROBUST_BASELINE_SENDER",0.849326599326599,0.750420875420875,0.0989057239057239,"NO_LARGE_CONTEXT_SHIFT","GSE182158 2/2 plus GSE199071 >=3/4 donor support; CPM>=1 and expressing fraction>=0.10","DESCRIPTIVE_ONLY_NOT_CAUSAL_NOT_REQUIRED_FOR_ROBUSTNESS","results/03_phase3/baseline/baseline_ligand_expression_by_donor.csv|config/phase3_analysis.json","YES",2.49005196300856,4.67043227069635,3.75744599294094,5.58341854845175,3.58024211685245,3.58024211685245,"YES","PASSAGE_DEPENDENT","donor/passage rules frozen before outcomes; no cell-level P value","results/03_phase3/licensing/licensing_effect_by_donor_passage.csv|config/phase3_analysis.json","ROBUST_BASELINE_NO_CONSISTENT_LICENSING","PUTATIVE_TRANSCRIPTOMIC_LIGAND","HIGH_CONFIDENCE_SENDER_CANDIDATE","NO","ANNOTATION_ONLY_TRANSCRIPT_DOES_NOT_PROVE_SECRETION","YES","results/03_phase3/baseline/baseline_sender_robustness.csv|results/03_phase3/licensing/licensing_ligand_classification.csv|config/phase3_analysis.json",0.849326599326599
148,"RECK","S2","HIGH_CONFIDENCE_SENDER_CANDIDATE_NOT_THERAPEUTIC","NicheNet lr_network_human_21122021.rds unique from","NicheNet human LR network 2021-12-21; Zenodo 7074291","NICHENET_AND_OMNIPATH_MAPPED",2,23,"NO","YES","NO","YES","NO_OMNIPATH_SECRETED_ANNOTATION","Cellinker;CellTalkDB;ConnectomeDB2025;CSPA;ICELLNET;OmniPath;Phobius;Ramilowski_location;Surfaceome;TopDB;UniProt_location","47c971d2fbba4ecd0ba7485d1846a74054432a0d1a97ea3e6a79ae27d0da8094","5e4142df024fd4d5d64cc667299364982a51176076ae6a69e1069425530afafa","FROZEN_BEFORE_EXPRESSION_OUTCOMES","https://zenodo.org/records/7074291|https://omnipathdb.org/intercell",2,4,6,2,4,22.3223293860478,62.0414943205205,0.369601841579111,0.562772430998194,0.848063973063973,0.906018136850783,1.0301396111977,"YES","ROBUST_BASELINE_SENDER",0.848063973063973,0.865740740740741,-0.0176767676767677,"NO_LARGE_CONTEXT_SHIFT","GSE182158 2/2 plus GSE199071 >=3/4 donor support; CPM>=1 and expressing fraction>=0.10","DESCRIPTIVE_ONLY_NOT_CAUSAL_NOT_REQUIRED_FOR_ROBUSTNESS","results/03_phase3/baseline/baseline_ligand_expression_by_donor.csv|config/phase3_analysis.json","YES",-2.2175543294826,-0.268251108904332,-0.192834230133619,-0.343667987675044,-1.24290271919346,1.24290271919346,"YES","NO_CLEAR_LICENSING_EFFECT","donor/passage rules frozen before outcomes; no cell-level P value","results/03_phase3/licensing/licensing_effect_by_donor_passage.csv|config/phase3_analysis.json","ROBUST_BASELINE_NO_CONSISTENT_LICENSING","PUTATIVE_TRANSCRIPTOMIC_LIGAND","HIGH_CONFIDENCE_SENDER_CANDIDATE","NO","ANNOTATION_ONLY_TRANSCRIPT_DOES_NOT_PROVE_SECRETION","YES","results/03_phase3/baseline/baseline_sender_robustness.csv|results/03_phase3/licensing/licensing_ligand_classification.csv|config/phase3_analysis.json",0.848063973063973
149,"NID1","S2","HIGH_CONFIDENCE_SENDER_CANDIDATE_NOT_THERAPEUTIC","NicheNet lr_network_human_21122021.rds unique from","NicheNet human LR network 2021-12-21; Zenodo 7074291","NICHENET_AND_OMNIPATH_MAPPED",6,31,"YES","YES","YES","YES","OMNIPATH_SECRETED_ANNOTATION","Baccin2019;CellCellInteractions;Cellinker;CellTalkDB;connectomeDB2020;ConnectomeDB2025;EMBRACE;GO_Intercell;HPA_secretome;ICELLNET;iTALK;LOCATE;LRdb;Matrisome;MatrixDB;OmniPath;Ramilowski_location;Ramilowski2015;talklr;UniProt_keyword;UniProt_location","47c971d2fbba4ecd0ba7485d1846a74054432a0d1a97ea3e6a79ae27d0da8094","5e4142df024fd4d5d64cc667299364982a51176076ae6a69e1069425530afafa","FROZEN_BEFORE_EXPRESSION_OUTCOMES","https://zenodo.org/records/7074291|https://omnipathdb.org/intercell",2,4,6,2,4,118.763507532875,25.9566286065887,0.736969758767751,0.320284420069157,0.919612794612795,0.847073371805441,1.19686405061338,"YES","ROBUST_BASELINE_SENDER",0.919612794612795,0.850589225589226,0.0690235690235691,"NO_LARGE_CONTEXT_SHIFT","GSE182158 2/2 plus GSE199071 >=3/4 donor support; CPM>=1 and expressing fraction>=0.10","DESCRIPTIVE_ONLY_NOT_CAUSAL_NOT_REQUIRED_FOR_ROBUSTNESS","results/03_phase3/baseline/baseline_ligand_expression_by_donor.csv|config/phase3_analysis.json","YES",0.0914323661314318,-0.180286708324685,-0.755731072127952,0.395157655478583,-0.0444271710966264,0.135859537228058,"YES","PASSAGE_DEPENDENT","donor/passage rules frozen before outcomes; no cell-level P value","results/03_phase3/licensing/licensing_effect_by_donor_passage.csv|config/phase3_analysis.json","ROBUST_BASELINE_NO_CONSISTENT_LICENSING","PUTATIVE_TRANSCRIPTOMIC_LIGAND","HIGH_CONFIDENCE_SENDER_CANDIDATE","NO","ANNOTATION_ONLY_TRANSCRIPT_DOES_NOT_PROVE_SECRETION","YES","results/03_phase3/baseline/baseline_sender_robustness.csv|results/03_phase3/licensing/licensing_ligand_classification.csv|config/phase3_analysis.json",0.847073371805441
150,"DSG2","S2","HIGH_CONFIDENCE_SENDER_CANDIDATE_NOT_THERAPEUTIC","NicheNet lr_network_human_21122021.rds unique from","NicheNet human LR network 2021-12-21; Zenodo 7074291","NICHENET_AND_OMNIPATH_MAPPED",2,45,"YES","YES","YES","YES","OMNIPATH_SECRETED_ANNOTATION","Almen2009;Cellinker;CellPhoneDB;ComPPI;connectomeDB2020;ConnectomeDB2025;CSPA;GO_Intercell;HGNC;LOCATE;Membranome;OmniPath;Phobius;Ramilowski_location;Surfaceome;TopDB;UniProt_keyword;UniProt_location;UniProt_topology;Zhong2015","47c971d2fbba4ecd0ba7485d1846a74054432a0d1a97ea3e6a79ae27d0da8094","5e4142df024fd4d5d64cc667299364982a51176076ae6a69e1069425530afafa","FROZEN_BEFORE_EXPRESSION_OUTCOMES","https://zenodo.org/records/7074291|https://omnipathdb.org/intercell",2,4,6,2,4,19.7729228240209,38.0057412955737,0.362772000986395,0.427047088469863,0.846801346801347,0.87881286067601,0.559722612887105,"NO","ROBUST_BASELINE_SENDER",0.846801346801347,0.480639730639731,0.366161616161616,"UC_HIGHER_CONTEXT","GSE182158 2/2 plus GSE199071 >=3/4 donor support; CPM>=1 and expressing fraction>=0.10","DESCRIPTIVE_ONLY_NOT_CAUSAL_NOT_REQUIRED_FOR_ROBUSTNESS","results/03_phase3/baseline/baseline_ligand_expression_by_donor.csv|config/phase3_analysis.json","YES",-1.07623480409454,-1.53201880592082,-2.28284252295542,-0.781195088886219,-1.30412680500768,1.30412680500768,"YES","PASSAGE_DEPENDENT","donor/passage rules frozen before outcomes; no cell-level P value","results/03_phase3/licensing/licensing_effect_by_donor_passage.csv|config/phase3_analysis.json","ROBUST_BASELINE_NO_CONSISTENT_LICENSING","PUTATIVE_TRANSCRIPTOMIC_LIGAND","HIGH_CONFIDENCE_SENDER_CANDIDATE","NO","ANNOTATION_ONLY_TRANSCRIPT_DOES_NOT_PROVE_SECRETION","YES","results/03_phase3/baseline/baseline_sender_robustness.csv|results/03_phase3/licensing/licensing_ligand_classification.csv|config/phase3_analysis.json",0.846801346801347
151,"COL18A1","S2","HIGH_CONFIDENCE_SENDER_CANDIDATE_NOT_THERAPEUTIC","NicheNet lr_network_human_21122021.rds unique from","NicheNet human LR network 2021-12-21; Zenodo 7074291","NICHENET_AND_OMNIPATH_MAPPED",10,21,"NO","YES","YES","YES","OMNIPATH_SECRETED_ANNOTATION","Cellinker;connectomeDB2020;ConnectomeDB2025;GO_Intercell;HPA_secretome;HPMR;LOCATE;Matrisome;OmniPath;UniProt_keyword;UniProt_location","47c971d2fbba4ecd0ba7485d1846a74054432a0d1a97ea3e6a79ae27d0da8094","5e4142df024fd4d5d64cc667299364982a51176076ae6a69e1069425530afafa","FROZEN_BEFORE_EXPRESSION_OUTCOMES","https://zenodo.org/records/7074291|https://omnipathdb.org/intercell",2,4,6,2,4,21.002773331861,26.4986768192678,0.372625487207825,0.305348819953579,0.846801346801347,0.848722176422094,0.705738458162155,"YES","ROBUST_BASELINE_SENDER",0.846801346801347,0.883417508417509,-0.0366161616161617,"NO_LARGE_CONTEXT_SHIFT","GSE182158 2/2 plus GSE199071 >=3/4 donor support; CPM>=1 and expressing fraction>=0.10","DESCRIPTIVE_ONLY_NOT_CAUSAL_NOT_REQUIRED_FOR_ROBUSTNESS","results/03_phase3/baseline/baseline_ligand_expression_by_donor.csv|config/phase3_analysis.json","YES",-1.17931335901122,0.0511374454916774,-0.412844793986538,0.515119684969893,-0.564087956759769,0.615225402251447,"YES","PASSAGE_DEPENDENT","donor/passage rules frozen before outcomes; no cell-level P value","results/03_phase3/licensing/licensing_effect_by_donor_passage.csv|config/phase3_analysis.json","ROBUST_BASELINE_NO_CONSISTENT_LICENSING","PUTATIVE_TRANSCRIPTOMIC_LIGAND","HIGH_CONFIDENCE_SENDER_CANDIDATE","NO","ANNOTATION_ONLY_TRANSCRIPT_DOES_NOT_PROVE_SECRETION","YES","results/03_phase3/baseline/baseline_sender_robustness.csv|results/03_phase3/licensing/licensing_ligand_classification.csv|config/phase3_analysis.json",0.846801346801347
152,"INHBA","S2","HIGH_CONFIDENCE_SENDER_CANDIDATE_NOT_THERAPEUTIC","NicheNet lr_network_human_21122021.rds unique from","NicheNet human LR network 2021-12-21; Zenodo 7074291","NICHENET_AND_OMNIPATH_MAPPED",8,48,"YES","YES","YES","YES","OMNIPATH_SECRETED_ANNOTATION","Baccin2019;CellCall;CellChatDB;Cellinker;CellPhoneDB;CellTalkDB;connectomeDB2020;ConnectomeDB2025;DGIdb;EMBRACE;GO_Intercell;Guide2Pharma;HGNC;HPA_secretome;HPMR;ICELLNET;iTALK;Kirouac2010;LOCATE;LRdb;Matrisome;OmniPath;Ramilowski2015;scConnect;SignaLink_function;talklr;UniProt_keyword;UniProt_location","47c971d2fbba4ecd0ba7485d1846a74054432a0d1a97ea3e6a79ae27d0da8094","5e4142df024fd4d5d64cc667299364982a51176076ae6a69e1069425530afafa","FROZEN_BEFORE_EXPRESSION_OUTCOMES","https://zenodo.org/records/7074291|https://omnipathdb.org/intercell",2,4,6,2,4,18.9642840023588,230.205364498106,0.221367311755855,0.801706527774781,0.846380471380472,0.960840890354493,1.84930638721025,"NO","ROBUST_BASELINE_SENDER",0.846380471380472,0.894360269360269,-0.0479797979797979,"NO_LARGE_CONTEXT_SHIFT","GSE182158 2/2 plus GSE199071 >=3/4 donor support; CPM>=1 and expressing fraction>=0.10","DESCRIPTIVE_ONLY_NOT_CAUSAL_NOT_REQUIRED_FOR_ROBUSTNESS","results/03_phase3/baseline/baseline_ligand_expression_by_donor.csv|config/phase3_analysis.json","YES",2.78633568154584,1.87848788760934,1.22444777283439,2.53252800238429,2.33241178457759,2.33241178457759,"YES","PASSAGE_DEPENDENT","donor/passage rules frozen before outcomes; no cell-level P value","results/03_phase3/licensing/licensing_effect_by_donor_passage.csv|config/phase3_analysis.json","ROBUST_BASELINE_NO_CONSISTENT_LICENSING","PUTATIVE_TRANSCRIPTOMIC_LIGAND","HIGH_CONFIDENCE_SENDER_CANDIDATE","NO","ANNOTATION_ONLY_TRANSCRIPT_DOES_NOT_PROVE_SECRETION","YES","results/03_phase3/baseline/baseline_sender_robustness.csv|results/03_phase3/licensing/licensing_ligand_classification.csv|config/phase3_analysis.json",0.846380471380472
153,"CLU","S2","HIGH_CONFIDENCE_SENDER_CANDIDATE_NOT_THERAPEUTIC","NicheNet lr_network_human_21122021.rds unique from","NicheNet human LR network 2021-12-21; Zenodo 7074291","NICHENET_AND_OMNIPATH_MAPPED",2,24,"YES","YES","YES","YES","OMNIPATH_SECRETED_ANNOTATION","Cellinker;CellPhoneDB;ComPPI;ConnectomeDB2025;GO_Intercell;HPA_secretome;LOCATE;OmniPath;UniProt_keyword;UniProt_location","47c971d2fbba4ecd0ba7485d1846a74054432a0d1a97ea3e6a79ae27d0da8094","5e4142df024fd4d5d64cc667299364982a51176076ae6a69e1069425530afafa","FROZEN_BEFORE_EXPRESSION_OUTCOMES","https://zenodo.org/records/7074291|https://omnipathdb.org/intercell",2,4,6,2,4,163.248466521244,25.9818549461285,0.806523621828503,0.292546068357043,0.94486531986532,0.844600164880462,1.41566471086506,"YES","ROBUST_BASELINE_SENDER",0.94486531986532,0.937289562289562,0.00757575757575757,"NO_LARGE_CONTEXT_SHIFT","GSE182158 2/2 plus GSE199071 >=3/4 donor support; CPM>=1 and expressing fraction>=0.10","DESCRIPTIVE_ONLY_NOT_CAUSAL_NOT_REQUIRED_FOR_ROBUSTNESS","results/03_phase3/baseline/baseline_ligand_expression_by_donor.csv|config/phase3_analysis.json","YES",-1.51326054406228,0.00725675094310174,-0.252387476590411,0.266900978476614,-0.753001896559589,0.760258647502691,"YES","DONOR_DEPENDENT","donor/passage rules frozen before outcomes; no cell-level P value","results/03_phase3/licensing/licensing_effect_by_donor_passage.csv|config/phase3_analysis.json","ROBUST_BASELINE_NO_CONSISTENT_LICENSING","PUTATIVE_TRANSCRIPTOMIC_LIGAND","HIGH_CONFIDENCE_SENDER_CANDIDATE","NO","ANNOTATION_ONLY_TRANSCRIPT_DOES_NOT_PROVE_SECRETION","YES","results/03_phase3/baseline/baseline_sender_robustness.csv|results/03_phase3/licensing/licensing_ligand_classification.csv|config/phase3_analysis.json",0.844600164880462
154,"CXCL3","S2","HIGH_CONFIDENCE_SENDER_CANDIDATE_NOT_THERAPEUTIC","NicheNet lr_network_human_21122021.rds unique from","NicheNet human LR network 2021-12-21; Zenodo 7074291","NICHENET_AND_OMNIPATH_MAPPED",6,37,"YES","YES","YES","YES","OMNIPATH_SECRETED_ANNOTATION","Baccin2019;CellCall;CellChatDB;Cellinker;CellPhoneDB;CellTalkDB;connectomeDB2020;ConnectomeDB2025;GO_Intercell;Guide2Pharma;HGNC;HPA_secretome;ICELLNET;iTALK;Kirouac2010;LOCATE;LRdb;Matrisome;OmniPath;Ramilowski2015;scConnect;talklr;UniProt_keyword;UniProt_location","47c971d2fbba4ecd0ba7485d1846a74054432a0d1a97ea3e6a79ae27d0da8094","5e4142df024fd4d5d64cc667299364982a51176076ae6a69e1069425530afafa","FROZEN_BEFORE_EXPRESSION_OUTCOMES","https://zenodo.org/records/7074291|https://omnipathdb.org/intercell",2,4,6,2,4,18.5921370481096,60.5509329016063,0.226866414113796,0.358826593721419,0.842592592592593,0.899835119538335,1.19825994251596,"NO","ROBUST_BASELINE_SENDER",0.842592592592593,0.882575757575758,-0.039983164983165,"NO_LARGE_CONTEXT_SHIFT","GSE182158 2/2 plus GSE199071 >=3/4 donor support; CPM>=1 and expressing fraction>=0.10","DESCRIPTIVE_ONLY_NOT_CAUSAL_NOT_REQUIRED_FOR_ROBUSTNESS","results/03_phase3/baseline/baseline_ligand_expression_by_donor.csv|config/phase3_analysis.json","YES",4.7149513989056,3.75468416135379,2.5322663875236,4.97710193518398,4.2348177801297,4.2348177801297,"YES","PASSAGE_DEPENDENT","donor/passage rules frozen before outcomes; no cell-level P value","results/03_phase3/licensing/licensing_effect_by_donor_passage.csv|config/phase3_analysis.json","ROBUST_BASELINE_NO_CONSISTENT_LICENSING","PUTATIVE_TRANSCRIPTOMIC_LIGAND","HIGH_CONFIDENCE_SENDER_CANDIDATE","NO","ANNOTATION_ONLY_TRANSCRIPT_DOES_NOT_PROVE_SECRETION","YES","results/03_phase3/baseline/baseline_sender_robustness.csv|results/03_phase3/licensing/licensing_ligand_classification.csv|config/phase3_analysis.json",0.842592592592593
155,"VEGFA","S2","HIGH_CONFIDENCE_SENDER_CANDIDATE_NOT_THERAPEUTIC","NicheNet lr_network_human_21122021.rds unique from","NicheNet human LR network 2021-12-21; Zenodo 7074291","NICHENET_AND_OMNIPATH_MAPPED",5,46,"YES","YES","YES","YES","OMNIPATH_SECRETED_ANNOTATION","CellCall;CellChatDB;Cellinker;CellPhoneDB;CellTalkDB;ComPPI;connectomeDB2020;ConnectomeDB2025;DGIdb;GO_Intercell;Guide2Pharma;HGNC;HPA_secretome;HPMR;ICELLNET;iTALK;Kirouac2010;LOCATE;LRdb;Matrisome;OmniPath;Ramilowski2015;scConnect;talklr;UniProt_keyword;UniProt_location","47c971d2fbba4ecd0ba7485d1846a74054432a0d1a97ea3e6a79ae27d0da8094","5e4142df024fd4d5d64cc667299364982a51176076ae6a69e1069425530afafa","FROZEN_BEFORE_EXPRESSION_OUTCOMES","https://zenodo.org/records/7074291|https://omnipathdb.org/intercell",2,4,6,2,4,17.5788559809127,36.5370927038149,0.332679842431461,0.372642925966989,0.842171717171717,0.875515251442704,0.569992245956826,"NO","ROBUST_BASELINE_SENDER",0.842171717171717,0.850589225589226,-0.00841750841750844,"NO_LARGE_CONTEXT_SHIFT","GSE182158 2/2 plus GSE199071 >=3/4 donor support; CPM>=1 and expressing fraction>=0.10","DESCRIPTIVE_ONLY_NOT_CAUSAL_NOT_REQUIRED_FOR_ROBUSTNESS","results/03_phase3/baseline/baseline_ligand_expression_by_donor.csv|config/phase3_analysis.json","YES",-0.391394875941497,-0.168347223495595,-0.930561517944775,0.593867070953585,-0.279871049718546,0.279871049718546,"YES","PASSAGE_DEPENDENT","donor/passage rules frozen before outcomes; no cell-level P value","results/03_phase3/licensing/licensing_effect_by_donor_passage.csv|config/phase3_analysis.json","ROBUST_BASELINE_NO_CONSISTENT_LICENSING","PUTATIVE_TRANSCRIPTOMIC_LIGAND","HIGH_CONFIDENCE_SENDER_CANDIDATE","NO","ANNOTATION_ONLY_TRANSCRIPT_DOES_NOT_PROVE_SECRETION","YES","results/03_phase3/baseline/baseline_sender_robustness.csv|results/03_phase3/licensing/licensing_ligand_classification.csv|config/phase3_analysis.json",0.842171717171717
156,"IL1B","S2","HIGH_CONFIDENCE_SENDER_CANDIDATE_NOT_THERAPEUTIC","NicheNet lr_network_human_21122021.rds unique from","NicheNet human LR network 2021-12-21; Zenodo 7074291","NICHENET_AND_OMNIPATH_MAPPED",5,42,"YES","YES","YES","YES","OMNIPATH_SECRETED_ANNOTATION","Baccin2019;CellCall;CellChatDB;Cellinker;CellPhoneDB;CellTalkDB;connectomeDB2020;ConnectomeDB2025;EMBRACE;GO_Intercell;Guide2Pharma;HGNC;HPA_secretome;HPMR;ICELLNET;iTALK;Kirouac2010;LRdb;Matrisome;OmniPath;Ramilowski2015;scConnect;SignaLink_function;talklr;UniProt_keyword;UniProt_location","47c971d2fbba4ecd0ba7485d1846a74054432a0d1a97ea3e6a79ae27d0da8094","5e4142df024fd4d5d64cc667299364982a51176076ae6a69e1069425530afafa","FROZEN_BEFORE_EXPRESSION_OUTCOMES","https://zenodo.org/records/7074291|https://omnipathdb.org/intercell",2,4,6,2,4,53.451339200017,25.8366239757621,0.51465358673951,0.200554911202427,0.902777777777778,0.842126957955482,0.736052152241312,"NO","ROBUST_BASELINE_SENDER",0.902777777777778,0.582491582491583,0.320286195286195,"UC_HIGHER_CONTEXT","GSE182158 2/2 plus GSE199071 >=3/4 donor support; CPM>=1 and expressing fraction>=0.10","DESCRIPTIVE_ONLY_NOT_CAUSAL_NOT_REQUIRED_FOR_ROBUSTNESS","results/03_phase3/baseline/baseline_ligand_expression_by_donor.csv|config/phase3_analysis.json","YES",3.35533996484203,2.03375042704289,0.132034822437953,3.93546603164782,2.69454519594246,2.69454519594246,"YES","PASSAGE_DEPENDENT","donor/passage rules frozen before outcomes; no cell-level P value","results/03_phase3/licensing/licensing_effect_by_donor_passage.csv|config/phase3_analysis.json","ROBUST_BASELINE_NO_CONSISTENT_LICENSING","PUTATIVE_TRANSCRIPTOMIC_LIGAND","HIGH_CONFIDENCE_SENDER_CANDIDATE","NO","ANNOTATION_ONLY_TRANSCRIPT_DOES_NOT_PROVE_SECRETION","YES","results/03_phase3/baseline/baseline_sender_robustness.csv|results/03_phase3/licensing/licensing_ligand_classification.csv|config/phase3_analysis.json",0.842126957955482
157,"UXS1","S2","HIGH_CONFIDENCE_SENDER_CANDIDATE_NOT_THERAPEUTIC","NicheNet lr_network_human_21122021.rds unique from","NicheNet human LR network 2021-12-21; Zenodo 7074291","NICHENET_AND_OMNIPATH_MAPPED",1,10,"NO","NO","NO","NO","NO_OMNIPATH_SECRETED_ANNOTATION","ComPPI;GO_Intercell;LOCATE;OmniPath;TopDB;UniProt_keyword;UniProt_location;UniProt_topology","47c971d2fbba4ecd0ba7485d1846a74054432a0d1a97ea3e6a79ae27d0da8094","5e4142df024fd4d5d64cc667299364982a51176076ae6a69e1069425530afafa","FROZEN_BEFORE_EXPRESSION_OUTCOMES","https://zenodo.org/records/7074291|https://omnipathdb.org/intercell",2,4,6,2,4,18.3138649935583,26.9452992774529,0.327570932189777,0.344700093838331,0.840909090909091,0.852844187963726,0.565027065730051,"NO","ROBUST_BASELINE_SENDER",0.840909090909091,0.853956228956229,-0.013047138047138,"NO_LARGE_CONTEXT_SHIFT","GSE182158 2/2 plus GSE199071 >=3/4 donor support; CPM>=1 and expressing fraction>=0.10","DESCRIPTIVE_ONLY_NOT_CAUSAL_NOT_REQUIRED_FOR_ROBUSTNESS","results/03_phase3/baseline/baseline_ligand_expression_by_donor.csv|config/phase3_analysis.json","YES",-0.120415745046804,1.44098574608181,1.39576495598321,1.48620653618042,0.660285000517504,0.780700745564309,"YES","DONOR_DEPENDENT","donor/passage rules frozen before outcomes; no cell-level P value","results/03_phase3/licensing/licensing_effect_by_donor_passage.csv|config/phase3_analysis.json","ROBUST_BASELINE_NO_CONSISTENT_LICENSING","PUTATIVE_TRANSCRIPTOMIC_LIGAND","HIGH_CONFIDENCE_SENDER_CANDIDATE","NO","ANNOTATION_ONLY_TRANSCRIPT_DOES_NOT_PROVE_SECRETION","YES","results/03_phase3/baseline/baseline_sender_robustness.csv|results/03_phase3/licensing/licensing_ligand_classification.csv|config/phase3_analysis.json",0.840909090909091
158,"CXCL6","S2","HIGH_CONFIDENCE_SENDER_CANDIDATE_NOT_THERAPEUTIC","NicheNet lr_network_human_21122021.rds unique from","NicheNet human LR network 2021-12-21; Zenodo 7074291","NICHENET_AND_OMNIPATH_MAPPED",3,40,"YES","YES","YES","YES","OMNIPATH_SECRETED_ANNOTATION","Baccin2019;CellCall;CellChatDB;Cellinker;CellPhoneDB;CellTalkDB;connectomeDB2020;ConnectomeDB2025;GO_Intercell;Guide2Pharma;HGNC;HPA_secretome;HPMR;ICELLNET;iTALK;Kirouac2010;LOCATE;LRdb;Matrisome;MatrixDB;OmniPath;Ramilowski2015;scConnect;talklr;UniProt_keyword;UniProt_location","47c971d2fbba4ecd0ba7485d1846a74054432a0d1a97ea3e6a79ae27d0da8094","5e4142df024fd4d5d64cc667299364982a51176076ae6a69e1069425530afafa","FROZEN_BEFORE_EXPRESSION_OUTCOMES","https://zenodo.org/records/7074291|https://omnipathdb.org/intercell",2,4,6,2,4,61.1652761263933,23.9267064103875,0.424957147680864,0.189307494252347,0.912037037037037,0.840890354492993,0.836434539817869,"NO","ROBUST_BASELINE_SENDER",0.912037037037037,0.886784511784512,0.0252525252525252,"NO_LARGE_CONTEXT_SHIFT","GSE182158 2/2 plus GSE199071 >=3/4 donor support; CPM>=1 and expressing fraction>=0.10","DESCRIPTIVE_ONLY_NOT_CAUSAL_NOT_REQUIRED_FOR_ROBUSTNESS","results/03_phase3/baseline/baseline_ligand_expression_by_donor.csv|config/phase3_analysis.json","YES",3.16315992112148,2.05664963676188,1.00671446753196,3.1065848059918,2.60990477894168,2.60990477894168,"YES","PASSAGE_DEPENDENT","donor/passage rules frozen before outcomes; no cell-level P value","results/03_phase3/licensing/licensing_effect_by_donor_passage.csv|config/phase3_analysis.json","ROBUST_BASELINE_NO_CONSISTENT_LICENSING","PUTATIVE_TRANSCRIPTOMIC_LIGAND","HIGH_CONFIDENCE_SENDER_CANDIDATE","NO","ANNOTATION_ONLY_TRANSCRIPT_DOES_NOT_PROVE_SECRETION","YES","results/03_phase3/baseline/baseline_sender_robustness.csv|results/03_phase3/licensing/licensing_ligand_classification.csv|config/phase3_analysis.json",0.840890354492993
159,"ICAM3","S2","HIGH_CONFIDENCE_SENDER_CANDIDATE_NOT_THERAPEUTIC","NicheNet lr_network_human_21122021.rds unique from","NicheNet human LR network 2021-12-21; Zenodo 7074291","NICHENET_AND_OMNIPATH_MAPPED",5,48,"YES","YES","NO","YES","NO_OMNIPATH_SECRETED_ANNOTATION","Almen2009;Cellinker;CellPhoneDB;CellTalkDB;ComPPI;connectomeDB2020;ConnectomeDB2025;CSPA;HGNC;ICELLNET;iTALK;LOCATE;LRdb;Membranome;OmniPath;Phobius;Ramilowski_location;Ramilowski2015;Surfaceome;talklr;TopDB;UniProt_keyword;UniProt_location;UniProt_topology;Zhong2015","47c971d2fbba4ecd0ba7485d1846a74054432a0d1a97ea3e6a79ae27d0da8094","5e4142df024fd4d5d64cc667299364982a51176076ae6a69e1069425530afafa","FROZEN_BEFORE_EXPRESSION_OUTCOMES","https://zenodo.org/records/7074291|https://omnipathdb.org/intercell",2,4,6,2,4,21.5305033439004,24.0625838907804,0.395036032245385,0.32234740607763,0.856060606060606,0.840478153338829,0.218677421572945,"NO","ROBUST_BASELINE_SENDER",0.856060606060606,0.837121212121212,0.0189393939393939,"NO_LARGE_CONTEXT_SHIFT","GSE182158 2/2 plus GSE199071 >=3/4 donor support; CPM>=1 and expressing fraction>=0.10","DESCRIPTIVE_ONLY_NOT_CAUSAL_NOT_REQUIRED_FOR_ROBUSTNESS","results/03_phase3/baseline/baseline_ligand_expression_by_donor.csv|config/phase3_analysis.json","YES",0.194645868762263,0.136330441982702,0.204760430343794,0.0679004536216102,0.165488155372482,0.165488155372482,"YES","NO_CLEAR_LICENSING_EFFECT","donor/passage rules frozen before outcomes; no cell-level P value","results/03_phase3/licensing/licensing_effect_by_donor_passage.csv|config/phase3_analysis.json","ROBUST_BASELINE_NO_CONSISTENT_LICENSING","PUTATIVE_TRANSCRIPTOMIC_LIGAND","HIGH_CONFIDENCE_SENDER_CANDIDATE","NO","ANNOTATION_ONLY_TRANSCRIPT_DOES_NOT_PROVE_SECRETION","YES","results/03_phase3/baseline/baseline_sender_robustness.csv|results/03_phase3/licensing/licensing_ligand_classification.csv|config/phase3_analysis.json",0.840478153338829
160,"APOO","S2","HIGH_CONFIDENCE_SENDER_CANDIDATE_NOT_THERAPEUTIC","NicheNet lr_network_human_21122021.rds unique from","NicheNet human LR network 2021-12-21; Zenodo 7074291","NICHENET_AND_OMNIPATH_MAPPED",2,22,"YES","YES","YES","YES","OMNIPATH_SECRETED_ANNOTATION","Almen2009;Cellinker;ComPPI;GO_Intercell;HPA_secretome;MatrixDB;OmniPath;Phobius;Ramilowski_location;UniProt_keyword;UniProt_location;UniProt_topology","47c971d2fbba4ecd0ba7485d1846a74054432a0d1a97ea3e6a79ae27d0da8094","5e4142df024fd4d5d64cc667299364982a51176076ae6a69e1069425530afafa","FROZEN_BEFORE_EXPRESSION_OUTCOMES","https://zenodo.org/records/7074291|https://omnipathdb.org/intercell",2,4,6,2,4,17.4221285921631,33.430398186359,0.333683988444082,0.388734094050579,0.839225589225589,0.870156636438582,0.489261441294548,"NO","ROBUST_BASELINE_SENDER",0.839225589225589,0.82449494949495,0.0147306397306397,"NO_LARGE_CONTEXT_SHIFT","GSE182158 2/2 plus GSE199071 >=3/4 donor support; CPM>=1 and expressing fraction>=0.10","DESCRIPTIVE_ONLY_NOT_CAUSAL_NOT_REQUIRED_FOR_ROBUSTNESS","results/03_phase3/baseline/baseline_ligand_expression_by_donor.csv|config/phase3_analysis.json","YES",-0.481852950732597,0.198580049683905,0.523257597237432,-0.126097497869622,-0.141636450524346,0.340216500208251,"YES","PASSAGE_DEPENDENT","donor/passage rules frozen before outcomes; no cell-level P value","results/03_phase3/licensing/licensing_effect_by_donor_passage.csv|config/phase3_analysis.json","ROBUST_BASELINE_NO_CONSISTENT_LICENSING","PUTATIVE_TRANSCRIPTOMIC_LIGAND","HIGH_CONFIDENCE_SENDER_CANDIDATE","NO","ANNOTATION_ONLY_TRANSCRIPT_DOES_NOT_PROVE_SECRETION","YES","results/03_phase3/baseline/baseline_sender_robustness.csv|results/03_phase3/licensing/licensing_ligand_classification.csv|config/phase3_analysis.json",0.839225589225589
161,"NMB","S2","HIGH_CONFIDENCE_SENDER_CANDIDATE_NOT_THERAPEUTIC","NicheNet lr_network_human_21122021.rds unique from","NicheNet human LR network 2021-12-21; Zenodo 7074291","NICHENET_AND_OMNIPATH_MAPPED",3,33,"YES","YES","YES","YES","OMNIPATH_SECRETED_ANNOTATION","CellChatDB;Cellinker;CellPhoneDB;CellTalkDB;ComPPI;connectomeDB2020;ConnectomeDB2025;DGIdb;GO_Intercell;Guide2Pharma;HPA_secretome;HPMR;ICELLNET;iTALK;LOCATE;LRdb;OmniPath;Ramilowski2015;scConnect;talklr;UniProt_keyword;UniProt_location","47c971d2fbba4ecd0ba7485d1846a74054432a0d1a97ea3e6a79ae27d0da8094","5e4142df024fd4d5d64cc667299364982a51176076ae6a69e1069425530afafa","FROZEN_BEFORE_EXPRESSION_OUTCOMES","https://zenodo.org/records/7074291|https://omnipathdb.org/intercell",2,4,6,2,4,17.3373566520811,32.7255256987265,0.321041268769332,0.398775865725237,0.838383838383838,0.868507831821929,0.59989589650502,"NO","ROBUST_BASELINE_SENDER",0.838383838383838,0.857323232323232,-0.0189393939393939,"NO_LARGE_CONTEXT_SHIFT","GSE182158 2/2 plus GSE199071 >=3/4 donor support; CPM>=1 and expressing fraction>=0.10","DESCRIPTIVE_ONLY_NOT_CAUSAL_NOT_REQUIRED_FOR_ROBUSTNESS","results/03_phase3/baseline/baseline_ligand_expression_by_donor.csv|config/phase3_analysis.json","YES",-0.863187000920292,0.0105788845969847,0.222040950074301,-0.200883180880332,-0.426304058161654,0.436882942758638,"NO","DONOR_DEPENDENT","donor/passage rules frozen before outcomes; no cell-level P value","results/03_phase3/licensing/licensing_effect_by_donor_passage.csv|config/phase3_analysis.json","ROBUST_BASELINE_NO_CONSISTENT_LICENSING","PUTATIVE_TRANSCRIPTOMIC_LIGAND","HIGH_CONFIDENCE_SENDER_CANDIDATE","NO","ANNOTATION_ONLY_TRANSCRIPT_DOES_NOT_PROVE_SECRETION","YES","results/03_phase3/baseline/baseline_sender_robustness.csv|results/03_phase3/licensing/licensing_ligand_classification.csv|config/phase3_analysis.json",0.838383838383838
162,"BACE1","S2","HIGH_CONFIDENCE_SENDER_CANDIDATE_NOT_THERAPEUTIC","NicheNet lr_network_human_21122021.rds unique from","NicheNet human LR network 2021-12-21; Zenodo 7074291","NICHENET_AND_OMNIPATH_MAPPED",2,25,"NO","YES","NO","YES","NO_OMNIPATH_SECRETED_ANNOTATION","ComPPI;CSPA;GO_Intercell;LOCATE;Membranome;OmniPath;Phobius;Ramilowski_location;scConnect;Surfaceome;TopDB;UniProt_keyword;UniProt_location;UniProt_topology","47c971d2fbba4ecd0ba7485d1846a74054432a0d1a97ea3e6a79ae27d0da8094","5e4142df024fd4d5d64cc667299364982a51176076ae6a69e1069425530afafa","FROZEN_BEFORE_EXPRESSION_OUTCOMES","https://zenodo.org/records/7074291|https://omnipathdb.org/intercell",2,4,6,2,4,16.0780269085951,28.0178156595193,0.320819795471019,0.355729065112102,0.838383838383838,0.854905193734543,0.435182943497713,"NO","ROBUST_BASELINE_SENDER",0.838383838383838,0.845117845117845,-0.0067340067340067,"NO_LARGE_CONTEXT_SHIFT","GSE182158 2/2 plus GSE199071 >=3/4 donor support; CPM>=1 and expressing fraction>=0.10","DESCRIPTIVE_ONLY_NOT_CAUSAL_NOT_REQUIRED_FOR_ROBUSTNESS","results/03_phase3/baseline/baseline_ligand_expression_by_donor.csv|config/phase3_analysis.json","YES",-0.689539865955539,-0.112457576162013,-0.34663513034461,0.121719978020585,-0.400998721058776,0.400998721058776,"YES","NO_CLEAR_LICENSING_EFFECT","donor/passage rules frozen before outcomes; no cell-level P value","results/03_phase3/licensing/licensing_effect_by_donor_passage.csv|config/phase3_analysis.json","ROBUST_BASELINE_NO_CONSISTENT_LICENSING","PUTATIVE_TRANSCRIPTOMIC_LIGAND","HIGH_CONFIDENCE_SENDER_CANDIDATE","NO","ANNOTATION_ONLY_TRANSCRIPT_DOES_NOT_PROVE_SECRETION","YES","results/03_phase3/baseline/baseline_sender_robustness.csv|results/03_phase3/licensing/licensing_ligand_classification.csv|config/phase3_analysis.json",0.838383838383838
163,"ITGA4","S2","HIGH_CONFIDENCE_SENDER_CANDIDATE_NOT_THERAPEUTIC","NicheNet lr_network_human_21122021.rds unique from","NicheNet human LR network 2021-12-21; Zenodo 7074291","NICHENET_AND_OMNIPATH_MAPPED",1,58,"NO","YES","NO","YES","NO_OMNIPATH_SECRETED_ANNOTATION","Adhesome;CellCellInteractions;Cellinker;CellPhoneDB;CellTalkDB;connectomeDB2020;ConnectomeDB2025;CSPA;DGIdb;GO_Intercell;HPMR;ICELLNET;iTALK;LOCATE;LRdb;MCAM;Membranome;OmniPath;Phobius;Ramilowski_location;Ramilowski2015;scConnect;Surfaceome;talklr;TopDB;UniProt_keyword;UniProt_location;UniProt_topology;Zhong2015","47c971d2fbba4ecd0ba7485d1846a74054432a0d1a97ea3e6a79ae27d0da8094","5e4142df024fd4d5d64cc667299364982a51176076ae6a69e1069425530afafa","FROZEN_BEFORE_EXPRESSION_OUTCOMES","https://zenodo.org/records/7074291|https://omnipathdb.org/intercell",2,4,6,2,4,16.5781889978916,37.9916156936893,0.304404814042347,0.40250302992307,0.836279461279461,0.876751854905194,0.700922113256777,"NO","ROBUST_BASELINE_SENDER",0.836279461279461,0.773148148148148,0.0631313131313132,"NO_LARGE_CONTEXT_SHIFT","GSE182158 2/2 plus GSE199071 >=3/4 donor support; CPM>=1 and expressing fraction>=0.10","DESCRIPTIVE_ONLY_NOT_CAUSAL_NOT_REQUIRED_FOR_ROBUSTNESS","results/03_phase3/baseline/baseline_ligand_expression_by_donor.csv|config/phase3_analysis.json","YES",-1.11317167413717,-0.679850470648182,-1.26565079556182,-0.0940501457345453,-0.896511072392675,0.896511072392675,"YES","PASSAGE_DEPENDENT","donor/passage rules frozen before outcomes; no cell-level P value","results/03_phase3/licensing/licensing_effect_by_donor_passage.csv|config/phase3_analysis.json","ROBUST_BASELINE_NO_CONSISTENT_LICENSING","PUTATIVE_TRANSCRIPTOMIC_LIGAND","HIGH_CONFIDENCE_SENDER_CANDIDATE","NO","ANNOTATION_ONLY_TRANSCRIPT_DOES_NOT_PROVE_SECRETION","YES","results/03_phase3/baseline/baseline_sender_robustness.csv|results/03_phase3/licensing/licensing_ligand_classification.csv|config/phase3_analysis.json",0.836279461279461
164,"TCTN3","S2","HIGH_CONFIDENCE_SENDER_CANDIDATE_NOT_THERAPEUTIC","NicheNet lr_network_human_21122021.rds unique from","NicheNet human LR network 2021-12-21; Zenodo 7074291","NICHENET_AND_OMNIPATH_MAPPED",1,19,"NO","YES","NO","NO","NO_OMNIPATH_SECRETED_ANNOTATION","Cellinker;ComPPI;GO_Intercell;LOCATE;Membranome;OmniPath;Phobius;Ramilowski_location;Surfaceome;UniProt_keyword;UniProt_location;UniProt_topology","47c971d2fbba4ecd0ba7485d1846a74054432a0d1a97ea3e6a79ae27d0da8094","5e4142df024fd4d5d64cc667299364982a51176076ae6a69e1069425530afafa","FROZEN_BEFORE_EXPRESSION_OUTCOMES","https://zenodo.org/records/7074291|https://omnipathdb.org/intercell",2,4,6,2,4,16.327063503722,22.6464878089763,0.325449573243915,0.273742168432533,0.84006734006734,0.834707337180544,0.235093059415704,"NO","ROBUST_BASELINE_SENDER",0.84006734006734,0.829545454545455,0.0105218855218855,"NO_LARGE_CONTEXT_SHIFT","GSE182158 2/2 plus GSE199071 >=3/4 donor support; CPM>=1 and expressing fraction>=0.10","DESCRIPTIVE_ONLY_NOT_CAUSAL_NOT_REQUIRED_FOR_ROBUSTNESS","results/03_phase3/baseline/baseline_ligand_expression_by_donor.csv|config/phase3_analysis.json","YES",-0.860033943112206,-0.477489644371004,-0.629754730681558,-0.325224558060449,-0.668761793741605,0.668761793741605,"YES","NO_CLEAR_LICENSING_EFFECT","donor/passage rules frozen before outcomes; no cell-level P value","results/03_phase3/licensing/licensing_effect_by_donor_passage.csv|config/phase3_analysis.json","ROBUST_BASELINE_NO_CONSISTENT_LICENSING","PUTATIVE_TRANSCRIPTOMIC_LIGAND","HIGH_CONFIDENCE_SENDER_CANDIDATE","NO","ANNOTATION_ONLY_TRANSCRIPT_DOES_NOT_PROVE_SECRETION","YES","results/03_phase3/baseline/baseline_sender_robustness.csv|results/03_phase3/licensing/licensing_ligand_classification.csv|config/phase3_analysis.json",0.834707337180544
165,"LAMB2","S2","HIGH_CONFIDENCE_SENDER_CANDIDATE_NOT_THERAPEUTIC","NicheNet lr_network_human_21122021.rds unique from","NicheNet human LR network 2021-12-21; Zenodo 7074291","NICHENET_AND_OMNIPATH_MAPPED",6,34,"YES","YES","YES","YES","OMNIPATH_SECRETED_ANNOTATION","Baccin2019;CellChatDB;CellTalkDB;ComPPI;connectomeDB2020;ConnectomeDB2025;EMBRACE;GO_Intercell;HGNC;HPA_secretome;iTALK;LOCATE;LRdb;Matrisome;OmniPath;Ramilowski_location;Ramilowski2015;talklr;UniProt_keyword;UniProt_location;Zhong2015","47c971d2fbba4ecd0ba7485d1846a74054432a0d1a97ea3e6a79ae27d0da8094","5e4142df024fd4d5d64cc667299364982a51176076ae6a69e1069425530afafa","FROZEN_BEFORE_EXPRESSION_OUTCOMES","https://zenodo.org/records/7074291|https://omnipathdb.org/intercell",2,4,6,2,4,16.0020602450095,21.4171942050364,0.319599656576492,0.28273500711534,0.838383838383838,0.834707337180544,0.275601155479437,"NO","ROBUST_BASELINE_SENDER",0.838383838383838,0.86489898989899,-0.0265151515151515,"NO_LARGE_CONTEXT_SHIFT","GSE182158 2/2 plus GSE199071 >=3/4 donor support; CPM>=1 and expressing fraction>=0.10","DESCRIPTIVE_ONLY_NOT_CAUSAL_NOT_REQUIRED_FOR_ROBUSTNESS","results/03_phase3/baseline/baseline_ligand_expression_by_donor.csv|config/phase3_analysis.json","YES",-0.864676747476772,0.194212344749065,-0.825673655863519,1.21409834536165,-0.335232201363854,0.529444546112918,"YES","PASSAGE_DEPENDENT","donor/passage rules frozen before outcomes; no cell-level P value","results/03_phase3/licensing/licensing_effect_by_donor_passage.csv|config/phase3_analysis.json","ROBUST_BASELINE_NO_CONSISTENT_LICENSING","PUTATIVE_TRANSCRIPTOMIC_LIGAND","HIGH_CONFIDENCE_SENDER_CANDIDATE","NO","ANNOTATION_ONLY_TRANSCRIPT_DOES_NOT_PROVE_SECRETION","YES","results/03_phase3/baseline/baseline_sender_robustness.csv|results/03_phase3/licensing/licensing_ligand_classification.csv|config/phase3_analysis.json",0.834707337180544
166,"SNX14","S2","HIGH_CONFIDENCE_SENDER_CANDIDATE_NOT_THERAPEUTIC","NicheNet lr_network_human_21122021.rds unique from","NicheNet human LR network 2021-12-21; Zenodo 7074291","NICHENET_AND_OMNIPATH_MAPPED",1,20,"YES","YES","YES","YES","OMNIPATH_SECRETED_ANNOTATION","Almen2009;Cellinker;ComPPI;GO_Intercell;LOCATE;OmniPath;Phobius;Ramilowski_location;TopDB;UniProt_keyword;UniProt_location;UniProt_topology","47c971d2fbba4ecd0ba7485d1846a74054432a0d1a97ea3e6a79ae27d0da8094","5e4142df024fd4d5d64cc667299364982a51176076ae6a69e1069425530afafa","FROZEN_BEFORE_EXPRESSION_OUTCOMES","https://zenodo.org/records/7074291|https://omnipathdb.org/intercell",2,4,6,2,4,16.7343844807253,23.3687410518178,0.334801694893398,0.317121604964054,0.841329966329966,0.834707337180544,0.323453823568236,"NO","ROBUST_BASELINE_SENDER",0.841329966329966,0.829545454545455,0.0117845117845117,"NO_LARGE_CONTEXT_SHIFT","GSE182158 2/2 plus GSE199071 >=3/4 donor support; CPM>=1 and expressing fraction>=0.10","DESCRIPTIVE_ONLY_NOT_CAUSAL_NOT_REQUIRED_FOR_ROBUSTNESS","results/03_phase3/baseline/baseline_ligand_expression_by_donor.csv|config/phase3_analysis.json","YES",-0.451185505469796,-0.232567816711371,-0.233834125759258,-0.231301507663484,-0.341876661090583,0.341876661090583,"YES","NO_CLEAR_LICENSING_EFFECT","donor/passage rules frozen before outcomes; no cell-level P value","results/03_phase3/licensing/licensing_effect_by_donor_passage.csv|config/phase3_analysis.json","ROBUST_BASELINE_NO_CONSISTENT_LICENSING","PUTATIVE_TRANSCRIPTOMIC_LIGAND","HIGH_CONFIDENCE_SENDER_CANDIDATE","NO","ANNOTATION_ONLY_TRANSCRIPT_DOES_NOT_PROVE_SECRETION","YES","results/03_phase3/baseline/baseline_sender_robustness.csv|results/03_phase3/licensing/licensing_ligand_classification.csv|config/phase3_analysis.json",0.834707337180544
167,"LTBP3","S2","HIGH_CONFIDENCE_SENDER_CANDIDATE_NOT_THERAPEUTIC","NicheNet lr_network_human_21122021.rds unique from","NicheNet human LR network 2021-12-21; Zenodo 7074291","NICHENET_AND_OMNIPATH_MAPPED",1,31,"YES","YES","YES","YES","OMNIPATH_SECRETED_ANNOTATION","Cellinker;CellTalkDB;ComPPI;connectomeDB2020;ConnectomeDB2025;EMBRACE;GO_Intercell;HGNC;HPA_secretome;iTALK;LOCATE;LRdb;Matrisome;OmniPath;Ramilowski2015;talklr;UniProt_keyword;UniProt_location","47c971d2fbba4ecd0ba7485d1846a74054432a0d1a97ea3e6a79ae27d0da8094","5e4142df024fd4d5d64cc667299364982a51176076ae6a69e1069425530afafa","FROZEN_BEFORE_EXPRESSION_OUTCOMES","https://zenodo.org/records/7074291|https://omnipathdb.org/intercell",2,4,6,2,4,17.7122926147953,22.5214626469456,0.342863622245603,0.272081229164224,0.843434343434343,0.834089035449299,0.401195565399773,"NO","ROBUST_BASELINE_SENDER",0.843434343434343,0.857323232323232,-0.013888888888889,"NO_LARGE_CONTEXT_SHIFT","GSE182158 2/2 plus GSE199071 >=3/4 donor support; CPM>=1 and expressing fraction>=0.10","DESCRIPTIVE_ONLY_NOT_CAUSAL_NOT_REQUIRED_FOR_ROBUSTNESS","results/03_phase3/baseline/baseline_ligand_expression_by_donor.csv|config/phase3_analysis.json","YES",0.0899772168828179,-0.0793924727284165,-0.415777783259461,0.256992837802628,0.00529237207720074,0.0846848448056172,"NO","NO_CLEAR_LICENSING_EFFECT","donor/passage rules frozen before outcomes; no cell-level P value","results/03_phase3/licensing/licensing_effect_by_donor_passage.csv|config/phase3_analysis.json","ROBUST_BASELINE_NO_CONSISTENT_LICENSING","PUTATIVE_TRANSCRIPTOMIC_LIGAND","HIGH_CONFIDENCE_SENDER_CANDIDATE","NO","ANNOTATION_ONLY_TRANSCRIPT_DOES_NOT_PROVE_SECRETION","YES","results/03_phase3/baseline/baseline_sender_robustness.csv|results/03_phase3/licensing/licensing_ligand_classification.csv|config/phase3_analysis.json",0.834089035449299
168,"SDC4","S2","HIGH_CONFIDENCE_SENDER_CANDIDATE_NOT_THERAPEUTIC","NicheNet lr_network_human_21122021.rds unique from","NicheNet human LR network 2021-12-21; Zenodo 7074291","NICHENET_AND_OMNIPATH_MAPPED",1,45,"YES","YES","YES","YES","OMNIPATH_SECRETED_ANNOTATION","Adhesome;Almen2009;Baccin2019;Cellinker;connectomeDB2020;ConnectomeDB2025;GO_Intercell;HPA_secretome;HPMR;LOCATE;Matrisome;Membranome;OmniPath;Phobius;Ramilowski_location;TopDB;UniProt_keyword;UniProt_location;UniProt_topology;Zhong2015","47c971d2fbba4ecd0ba7485d1846a74054432a0d1a97ea3e6a79ae27d0da8094","5e4142df024fd4d5d64cc667299364982a51176076ae6a69e1069425530afafa","FROZEN_BEFORE_EXPRESSION_OUTCOMES","https://zenodo.org/records/7074291|https://omnipathdb.org/intercell",2,4,6,2,4,16.530519026019,71.361266802492,0.29435209060573,0.626248858102732,0.833754208754209,0.908903544929926,1.20127569461001,"NO","ROBUST_BASELINE_SENDER",0.833754208754209,0.849747474747475,-0.015993265993266,"NO_LARGE_CONTEXT_SHIFT","GSE182158 2/2 plus GSE199071 >=3/4 donor support; CPM>=1 and expressing fraction>=0.10","DESCRIPTIVE_ONLY_NOT_CAUSAL_NOT_REQUIRED_FOR_ROBUSTNESS","results/03_phase3/baseline/baseline_ligand_expression_by_donor.csv|config/phase3_analysis.json","YES",-0.565284563985615,1.08853056632562,1.27462728655581,0.902433846095424,0.261623001170001,0.826907565155616,"YES","DONOR_DEPENDENT","donor/passage rules frozen before outcomes; no cell-level P value","results/03_phase3/licensing/licensing_effect_by_donor_passage.csv|config/phase3_analysis.json","ROBUST_BASELINE_NO_CONSISTENT_LICENSING","PUTATIVE_TRANSCRIPTOMIC_LIGAND","HIGH_CONFIDENCE_SENDER_CANDIDATE","NO","ANNOTATION_ONLY_TRANSCRIPT_DOES_NOT_PROVE_SECRETION","YES","results/03_phase3/baseline/baseline_sender_robustness.csv|results/03_phase3/licensing/licensing_ligand_classification.csv|config/phase3_analysis.json",0.833754208754209
169,"NETO2","S2","HIGH_CONFIDENCE_SENDER_CANDIDATE_NOT_THERAPEUTIC","NicheNet lr_network_human_21122021.rds unique from","NicheNet human LR network 2021-12-21; Zenodo 7074291","NICHENET_AND_OMNIPATH_MAPPED",5,23,"NO","YES","NO","NO","NO_OMNIPATH_SECRETED_ANNOTATION","Almen2009;CellCellInteractions;Cellinker;ComPPI;Membranome;OmniPath;Phobius;Ramilowski_location;Surfaceome;UniProt_keyword;UniProt_location;UniProt_topology","47c971d2fbba4ecd0ba7485d1846a74054432a0d1a97ea3e6a79ae27d0da8094","5e4142df024fd4d5d64cc667299364982a51176076ae6a69e1069425530afafa","FROZEN_BEFORE_EXPRESSION_OUTCOMES","https://zenodo.org/records/7074291|https://omnipathdb.org/intercell",2,4,6,2,4,14.931365758776,41.6617371653336,0.286673032228032,0.421400159494339,0.833333333333333,0.880873866446826,0.74697324546993,"NO","ROBUST_BASELINE_SENDER",0.833333333333333,0.751262626262626,0.082070707070707,"NO_LARGE_CONTEXT_SHIFT","GSE182158 2/2 plus GSE199071 >=3/4 donor support; CPM>=1 and expressing fraction>=0.10","DESCRIPTIVE_ONLY_NOT_CAUSAL_NOT_REQUIRED_FOR_ROBUSTNESS","results/03_phase3/baseline/baseline_ligand_expression_by_donor.csv|config/phase3_analysis.json","YES",0.0936771926341792,-0.686310380590791,-1.1422024358805,-0.230418325301083,-0.296316593978306,0.389993786612485,"YES","DONOR_DEPENDENT","donor/passage rules frozen before outcomes; no cell-level P value","results/03_phase3/licensing/licensing_effect_by_donor_passage.csv|config/phase3_analysis.json","ROBUST_BASELINE_NO_CONSISTENT_LICENSING","PUTATIVE_TRANSCRIPTOMIC_LIGAND","HIGH_CONFIDENCE_SENDER_CANDIDATE","NO","ANNOTATION_ONLY_TRANSCRIPT_DOES_NOT_PROVE_SECRETION","YES","results/03_phase3/baseline/baseline_sender_robustness.csv|results/03_phase3/licensing/licensing_ligand_classification.csv|config/phase3_analysis.json",0.833333333333333
170,"IL32","S2","HIGH_CONFIDENCE_SENDER_CANDIDATE_NOT_THERAPEUTIC","NicheNet lr_network_human_21122021.rds unique from","NicheNet human LR network 2021-12-21; Zenodo 7074291","NICHENET_AND_OMNIPATH_MAPPED",1,21,"YES","YES","YES","YES","OMNIPATH_SECRETED_ANNOTATION","ComPPI;connectomeDB2020;ConnectomeDB2025;GO_Intercell;HGNC;HPA_secretome;ICELLNET;LOCATE;MatrixDB;OmniPath;UniProt_keyword;UniProt_location","47c971d2fbba4ecd0ba7485d1846a74054432a0d1a97ea3e6a79ae27d0da8094","5e4142df024fd4d5d64cc667299364982a51176076ae6a69e1069425530afafa","FROZEN_BEFORE_EXPRESSION_OUTCOMES","https://zenodo.org/records/7074291|https://omnipathdb.org/intercell",2,4,6,2,4,34.0905256149338,19.9611374827191,0.3720543975705,0.225119411588307,0.856060606060606,0.829760923330585,0.968801716736792,"YES","ROBUST_BASELINE_SENDER",0.856060606060606,0.708333333333333,0.147727272727273,"NO_LARGE_CONTEXT_SHIFT","GSE182158 2/2 plus GSE199071 >=3/4 donor support; CPM>=1 and expressing fraction>=0.10","DESCRIPTIVE_ONLY_NOT_CAUSAL_NOT_REQUIRED_FOR_ROBUSTNESS","results/03_phase3/baseline/baseline_ligand_expression_by_donor.csv|config/phase3_analysis.json","YES",8.29277650708953,5.70786909070085,6.36526030862154,5.05047787278016,7.00032279889519,7.00032279889519,"YES","PASSAGE_DEPENDENT","donor/passage rules frozen before outcomes; no cell-level P value","results/03_phase3/licensing/licensing_effect_by_donor_passage.csv|config/phase3_analysis.json","ROBUST_BASELINE_NO_CONSISTENT_LICENSING","PUTATIVE_TRANSCRIPTOMIC_LIGAND","HIGH_CONFIDENCE_SENDER_CANDIDATE","NO","ANNOTATION_ONLY_TRANSCRIPT_DOES_NOT_PROVE_SECRETION","YES","results/03_phase3/baseline/baseline_sender_robustness.csv|results/03_phase3/licensing/licensing_ligand_classification.csv|config/phase3_analysis.json",0.829760923330585
171,"MPDZ","S2","HIGH_CONFIDENCE_SENDER_CANDIDATE_NOT_THERAPEUTIC","NicheNet lr_network_human_21122021.rds unique from","NicheNet human LR network 2021-12-21; Zenodo 7074291","NICHENET_AND_OMNIPATH_MAPPED",5,15,"NO","YES","NO","NO","NO_OMNIPATH_SECRETED_ANNOTATION","Cellinker;ComPPI;GO_Intercell;OmniPath;Ramilowski_location;UniProt_location","47c971d2fbba4ecd0ba7485d1846a74054432a0d1a97ea3e6a79ae27d0da8094","5e4142df024fd4d5d64cc667299364982a51176076ae6a69e1069425530afafa","FROZEN_BEFORE_EXPRESSION_OUTCOMES","https://zenodo.org/records/7074291|https://omnipathdb.org/intercell",2,4,6,2,4,17.8754624956821,20.6606845893525,0.345649019009443,0.266751610759174,0.844276094276094,0.827699917559769,0.186499064307306,"NO","ROBUST_BASELINE_SENDER",0.844276094276094,0.836279461279461,0.007996632996633,"NO_LARGE_CONTEXT_SHIFT","GSE182158 2/2 plus GSE199071 >=3/4 donor support; CPM>=1 and expressing fraction>=0.10","DESCRIPTIVE_ONLY_NOT_CAUSAL_NOT_REQUIRED_FOR_ROBUSTNESS","results/03_phase3/baseline/baseline_ligand_expression_by_donor.csv|config/phase3_analysis.json","YES",-0.709773841137018,-0.430374693113609,-0.799290770822151,-0.0614586154050676,-0.570074267125314,0.570074267125314,"YES","NO_CLEAR_LICENSING_EFFECT","donor/passage rules frozen before outcomes; no cell-level P value","results/03_phase3/licensing/licensing_effect_by_donor_passage.csv|config/phase3_analysis.json","ROBUST_BASELINE_NO_CONSISTENT_LICENSING","PUTATIVE_TRANSCRIPTOMIC_LIGAND","HIGH_CONFIDENCE_SENDER_CANDIDATE","NO","ANNOTATION_ONLY_TRANSCRIPT_DOES_NOT_PROVE_SECRETION","YES","results/03_phase3/baseline/baseline_sender_robustness.csv|results/03_phase3/licensing/licensing_ligand_classification.csv|config/phase3_analysis.json",0.827699917559769
172,"GDF15","S2","HIGH_CONFIDENCE_SENDER_CANDIDATE_NOT_THERAPEUTIC","NicheNet lr_network_human_21122021.rds unique from","NicheNet human LR network 2021-12-21; Zenodo 7074291","NICHENET_AND_OMNIPATH_MAPPED",3,26,"YES","YES","YES","YES","OMNIPATH_SECRETED_ANNOTATION","CellChatDB;CellTalkDB;ComPPI;connectomeDB2020;ConnectomeDB2025;DGIdb;GO_Intercell;Guide2Pharma;HPA_secretome;ICELLNET;Matrisome;OmniPath;scConnect;UniProt_keyword;UniProt_location","47c971d2fbba4ecd0ba7485d1846a74054432a0d1a97ea3e6a79ae27d0da8094","5e4142df024fd4d5d64cc667299364982a51176076ae6a69e1069425530afafa","FROZEN_BEFORE_EXPRESSION_OUTCOMES","https://zenodo.org/records/7074291|https://omnipathdb.org/intercell",2,4,6,2,4,55.0182336057826,20.3859166269694,0.502712503643661,0.11341848983169,0.906565656565657,0.827287716405606,0.765946814368401,"NO","ROBUST_BASELINE_SENDER",0.906565656565657,0.819444444444445,0.0871212121212122,"NO_LARGE_CONTEXT_SHIFT","GSE182158 2/2 plus GSE199071 >=3/4 donor support; CPM>=1 and expressing fraction>=0.10","DESCRIPTIVE_ONLY_NOT_CAUSAL_NOT_REQUIRED_FOR_ROBUSTNESS","results/03_phase3/baseline/baseline_ligand_expression_by_donor.csv|config/phase3_analysis.json","YES",0.371936897848399,-2.33043949089369,-2.80144782121457,-1.85943116057282,-0.979251296522648,1.35118819437105,"NO","DONOR_DEPENDENT","donor/passage rules frozen before outcomes; no cell-level P value","results/03_phase3/licensing/licensing_effect_by_donor_passage.csv|config/phase3_analysis.json","ROBUST_BASELINE_NO_CONSISTENT_LICENSING","PUTATIVE_TRANSCRIPTOMIC_LIGAND","HIGH_CONFIDENCE_SENDER_CANDIDATE","NO","ANNOTATION_ONLY_TRANSCRIPT_DOES_NOT_PROVE_SECRETION","YES","results/03_phase3/baseline/baseline_sender_robustness.csv|results/03_phase3/licensing/licensing_ligand_classification.csv|config/phase3_analysis.json",0.827287716405606
173,"ADAM15","S2","HIGH_CONFIDENCE_SENDER_CANDIDATE_NOT_THERAPEUTIC","NicheNet lr_network_human_21122021.rds unique from","NicheNet human LR network 2021-12-21; Zenodo 7074291","NICHENET_AND_OMNIPATH_MAPPED",4,43,"YES","YES","NO","YES","NO_OMNIPATH_SECRETED_ANNOTATION","Almen2009;CellCellInteractions;Cellinker;ComPPI;connectomeDB2020;ConnectomeDB2025;CSPA;GO_Intercell;HPMR;LOCATE;Matrisome;Membranome;OmniPath;Phobius;Ramilowski_location;scConnect;Surfaceome;TopDB;UniProt_keyword;UniProt_location;UniProt_topology","47c971d2fbba4ecd0ba7485d1846a74054432a0d1a97ea3e6a79ae27d0da8094","5e4142df024fd4d5d64cc667299364982a51176076ae6a69e1069425530afafa","FROZEN_BEFORE_EXPRESSION_OUTCOMES","https://zenodo.org/records/7074291|https://omnipathdb.org/intercell",2,4,6,2,4,16.455693708175,19.1768771741407,0.322630478088125,0.271559337279521,0.837542087542088,0.826051112943116,0.281835713597135,"NO","ROBUST_BASELINE_SENDER",0.837542087542088,0.842171717171717,-0.00462962962962954,"NO_LARGE_CONTEXT_SHIFT","GSE182158 2/2 plus GSE199071 >=3/4 donor support; CPM>=1 and expressing fraction>=0.10","DESCRIPTIVE_ONLY_NOT_CAUSAL_NOT_REQUIRED_FOR_ROBUSTNESS","results/03_phase3/baseline/baseline_ligand_expression_by_donor.csv|config/phase3_analysis.json","YES",0.0968846307875561,0.95439962657968,1.68927894305923,0.21952031010013,0.525642128683618,0.525642128683618,"NO","PASSAGE_DEPENDENT","donor/passage rules frozen before outcomes; no cell-level P value","results/03_phase3/licensing/licensing_effect_by_donor_passage.csv|config/phase3_analysis.json","ROBUST_BASELINE_NO_CONSISTENT_LICENSING","PUTATIVE_TRANSCRIPTOMIC_LIGAND","HIGH_CONFIDENCE_SENDER_CANDIDATE","NO","ANNOTATION_ONLY_TRANSCRIPT_DOES_NOT_PROVE_SECRETION","YES","results/03_phase3/baseline/baseline_sender_robustness.csv|results/03_phase3/licensing/licensing_ligand_classification.csv|config/phase3_analysis.json",0.826051112943116
174,"ADAM17","S2","HIGH_CONFIDENCE_SENDER_CANDIDATE_NOT_THERAPEUTIC","NicheNet lr_network_human_21122021.rds unique from","NicheNet human LR network 2021-12-21; Zenodo 7074291","NICHENET_AND_OMNIPATH_MAPPED",9,39,"YES","YES","YES","YES","OMNIPATH_SECRETED_ANNOTATION","Almen2009;Baccin2019;Cellinker;ComPPI;connectomeDB2020;ConnectomeDB2025;CSPA;GO_Intercell;LOCATE;Matrisome;Membranome;OmniPath;Phobius;Ramilowski_location;Surfaceome;TopDB;UniProt_keyword;UniProt_location;UniProt_topology","47c971d2fbba4ecd0ba7485d1846a74054432a0d1a97ea3e6a79ae27d0da8094","5e4142df024fd4d5d64cc667299364982a51176076ae6a69e1069425530afafa","FROZEN_BEFORE_EXPRESSION_OUTCOMES","https://zenodo.org/records/7074291|https://omnipathdb.org/intercell",2,4,6,2,4,14.9611709955058,18.9252544482303,0.298468723100389,0.268514198017541,0.833754208754209,0.825845012366035,0.211166213220155,"NO","ROBUST_BASELINE_SENDER",0.833754208754209,0.805976430976431,0.0277777777777777,"NO_LARGE_CONTEXT_SHIFT","GSE182158 2/2 plus GSE199071 >=3/4 donor support; CPM>=1 and expressing fraction>=0.10","DESCRIPTIVE_ONLY_NOT_CAUSAL_NOT_REQUIRED_FOR_ROBUSTNESS","results/03_phase3/baseline/baseline_ligand_expression_by_donor.csv|config/phase3_analysis.json","YES",0.456148908212586,0.314865628322489,0.5344417982875,0.0952894583574785,0.385507268267538,0.385507268267538,"YES","NO_CLEAR_LICENSING_EFFECT","donor/passage rules frozen before outcomes; no cell-level P value","results/03_phase3/licensing/licensing_effect_by_donor_passage.csv|config/phase3_analysis.json","ROBUST_BASELINE_NO_CONSISTENT_LICENSING","PUTATIVE_TRANSCRIPTOMIC_LIGAND","HIGH_CONFIDENCE_SENDER_CANDIDATE","NO","ANNOTATION_ONLY_TRANSCRIPT_DOES_NOT_PROVE_SECRETION","YES","results/03_phase3/baseline/baseline_sender_robustness.csv|results/03_phase3/licensing/licensing_ligand_classification.csv|config/phase3_analysis.json",0.825845012366035
175,"PAM","S2","HIGH_CONFIDENCE_SENDER_CANDIDATE_NOT_THERAPEUTIC","NicheNet lr_network_human_21122021.rds unique from","NicheNet human LR network 2021-12-21; Zenodo 7074291","NICHENET_AND_OMNIPATH_MAPPED",3,27,"YES","YES","YES","YES","OMNIPATH_SECRETED_ANNOTATION","Almen2009;Cellinker;ComPPI;GO_Intercell;HPA_secretome;LOCATE;MatrixDB;OmniPath;Phobius;Ramilowski_location;Surfaceome;UniProt_keyword;UniProt_location;UniProt_topology","47c971d2fbba4ecd0ba7485d1846a74054432a0d1a97ea3e6a79ae27d0da8094","5e4142df024fd4d5d64cc667299364982a51176076ae6a69e1069425530afafa","FROZEN_BEFORE_EXPRESSION_OUTCOMES","https://zenodo.org/records/7074291|https://omnipathdb.org/intercell",2,4,6,2,4,27.9670804879636,18.1861830402426,0.477150496294092,0.262380133848511,0.87037037037037,0.824402308326463,0.353740139425197,"NO","ROBUST_BASELINE_SENDER",0.87037037037037,0.907828282828283,-0.0374579124579124,"NO_LARGE_CONTEXT_SHIFT","GSE182158 2/2 plus GSE199071 >=3/4 donor support; CPM>=1 and expressing fraction>=0.10","DESCRIPTIVE_ONLY_NOT_CAUSAL_NOT_REQUIRED_FOR_ROBUSTNESS","results/03_phase3/baseline/baseline_ligand_expression_by_donor.csv|config/phase3_analysis.json","YES",-0.769948688823874,-0.458842995883344,-0.556453279442587,-0.361232712324102,-0.614395842353609,0.614395842353609,"YES","NO_CLEAR_LICENSING_EFFECT","donor/passage rules frozen before outcomes; no cell-level P value","results/03_phase3/licensing/licensing_effect_by_donor_passage.csv|config/phase3_analysis.json","ROBUST_BASELINE_NO_CONSISTENT_LICENSING","PUTATIVE_TRANSCRIPTOMIC_LIGAND","HIGH_CONFIDENCE_SENDER_CANDIDATE","NO","ANNOTATION_ONLY_TRANSCRIPT_DOES_NOT_PROVE_SECRETION","YES","results/03_phase3/baseline/baseline_sender_robustness.csv|results/03_phase3/licensing/licensing_ligand_classification.csv|config/phase3_analysis.json",0.824402308326463
176,"JAM3","S2","HIGH_CONFIDENCE_SENDER_CANDIDATE_NOT_THERAPEUTIC","NicheNet lr_network_human_21122021.rds unique from","NicheNet human LR network 2021-12-21; Zenodo 7074291","NICHENET_AND_OMNIPATH_MAPPED",6,51,"YES","YES","YES","YES","OMNIPATH_SECRETED_ANNOTATION","Baccin2019;CellCall;CellChatDB;Cellinker;CellPhoneDB;CellTalkDB;connectomeDB2020;ConnectomeDB2025;CSPA;GO_Intercell;HGNC;HPA_secretome;ICELLNET;LOCATE;MCAM;Membranome;OmniPath;Phobius;Ramilowski_location;Surfaceome;TopDB;UniProt_keyword;UniProt_location;UniProt_topology;Zhong2015","47c971d2fbba4ecd0ba7485d1846a74054432a0d1a97ea3e6a79ae27d0da8094","5e4142df024fd4d5d64cc667299364982a51176076ae6a69e1069425530afafa","FROZEN_BEFORE_EXPRESSION_OUTCOMES","https://zenodo.org/records/7074291|https://omnipathdb.org/intercell",2,4,6,2,4,12.9592721992988,18.4728140152373,0.266733076418417,0.261955166736008,0.824915824915825,0.823784006595218,0.372491461133619,"NO","ROBUST_BASELINE_SENDER",0.824915824915825,0.802609427609428,0.0223063973063972,"NO_LARGE_CONTEXT_SHIFT","GSE182158 2/2 plus GSE199071 >=3/4 donor support; CPM>=1 and expressing fraction>=0.10","DESCRIPTIVE_ONLY_NOT_CAUSAL_NOT_REQUIRED_FOR_ROBUSTNESS","results/03_phase3/baseline/baseline_ligand_expression_by_donor.csv|config/phase3_analysis.json","YES",-0.650261723318432,-0.390559745105066,-0.787132007757173,0.0060125175470405,-0.520410734211749,0.520410734211749,"YES","PASSAGE_DEPENDENT","donor/passage rules frozen before outcomes; no cell-level P value","results/03_phase3/licensing/licensing_effect_by_donor_passage.csv|config/phase3_analysis.json","ROBUST_BASELINE_NO_CONSISTENT_LICENSING","PUTATIVE_TRANSCRIPTOMIC_LIGAND","HIGH_CONFIDENCE_SENDER_CANDIDATE","NO","ANNOTATION_ONLY_TRANSCRIPT_DOES_NOT_PROVE_SECRETION","YES","results/03_phase3/baseline/baseline_sender_robustness.csv|results/03_phase3/licensing/licensing_ligand_classification.csv|config/phase3_analysis.json",0.823784006595218
177,"NT5E","S2","HIGH_CONFIDENCE_SENDER_CANDIDATE_NOT_THERAPEUTIC","NicheNet lr_network_human_21122021.rds unique from","NicheNet human LR network 2021-12-21; Zenodo 7074291","NICHENET_AND_OMNIPATH_MAPPED",1,35,"YES","YES","NO","YES","NO_OMNIPATH_SECRETED_ANNOTATION","Almen2009;Cellinker;CellPhoneDB;ComPPI;connectomeDB2020;CSPA;DGIdb;GO_Intercell;OmniPath;Phobius;Ramilowski_location;Surfaceome;TopDB;UniProt_location","47c971d2fbba4ecd0ba7485d1846a74054432a0d1a97ea3e6a79ae27d0da8094","5e4142df024fd4d5d64cc667299364982a51176076ae6a69e1069425530afafa","FROZEN_BEFORE_EXPRESSION_OUTCOMES","https://zenodo.org/records/7074291|https://omnipathdb.org/intercell",2,4,6,2,4,16.1801617023309,165.813487135777,0.285280182607315,0.824552095931759,0.823232323232323,0.953009068425392,2.01408883423299,"YES","ROBUST_BASELINE_SENDER",0.823232323232323,0.925505050505051,-0.102272727272727,"NO_LARGE_CONTEXT_SHIFT","GSE182158 2/2 plus GSE199071 >=3/4 donor support; CPM>=1 and expressing fraction>=0.10","DESCRIPTIVE_ONLY_NOT_CAUSAL_NOT_REQUIRED_FOR_ROBUSTNESS","results/03_phase3/baseline/baseline_ligand_expression_by_donor.csv|config/phase3_analysis.json","YES",0.00925478926916581,-0.55325835690891,-1.10511051062967,-0.00140620318814569,-0.272001783819872,0.281256573089038,"YES","PASSAGE_DEPENDENT","donor/passage rules frozen before outcomes; no cell-level P value","results/03_phase3/licensing/licensing_effect_by_donor_passage.csv|config/phase3_analysis.json","ROBUST_BASELINE_NO_CONSISTENT_LICENSING","PUTATIVE_TRANSCRIPTOMIC_LIGAND","HIGH_CONFIDENCE_SENDER_CANDIDATE","NO","ANNOTATION_ONLY_TRANSCRIPT_DOES_NOT_PROVE_SECRETION","YES","results/03_phase3/baseline/baseline_sender_robustness.csv|results/03_phase3/licensing/licensing_ligand_classification.csv|config/phase3_analysis.json",0.823232323232323
178,"EMC1","S2","HIGH_CONFIDENCE_SENDER_CANDIDATE_NOT_THERAPEUTIC","NicheNet lr_network_human_21122021.rds unique from","NicheNet human LR network 2021-12-21; Zenodo 7074291","NICHENET_AND_OMNIPATH_MAPPED",1,21,"NO","YES","NO","NO","NO_OMNIPATH_SECRETED_ANNOTATION","Almen2009;Cellinker;ComPPI;CSPA;GO_Intercell;OmniPath;Phobius;Ramilowski_location;TopDB;UniProt_keyword;UniProt_location;UniProt_topology","47c971d2fbba4ecd0ba7485d1846a74054432a0d1a97ea3e6a79ae27d0da8094","5e4142df024fd4d5d64cc667299364982a51176076ae6a69e1069425530afafa","FROZEN_BEFORE_EXPRESSION_OUTCOMES","https://zenodo.org/records/7074291|https://omnipathdb.org/intercell",2,4,6,2,4,12.3190309649185,26.8033038902717,0.254962773764112,0.332477131987606,0.821969696969697,0.851607584501237,0.560745477350088,"NO","ROBUST_BASELINE_SENDER",0.821969696969697,0.799242424242424,0.0227272727272728,"NO_LARGE_CONTEXT_SHIFT","GSE182158 2/2 plus GSE199071 >=3/4 donor support; CPM>=1 and expressing fraction>=0.10","DESCRIPTIVE_ONLY_NOT_CAUSAL_NOT_REQUIRED_FOR_ROBUSTNESS","results/03_phase3/baseline/baseline_ligand_expression_by_donor.csv|config/phase3_analysis.json","YES",0.0524179076442308,0.400928268055887,0.106327338846051,0.695529197265723,0.226673087850059,0.226673087850059,"YES","NO_CLEAR_LICENSING_EFFECT","donor/passage rules frozen before outcomes; no cell-level P value","results/03_phase3/licensing/licensing_effect_by_donor_passage.csv|config/phase3_analysis.json","ROBUST_BASELINE_NO_CONSISTENT_LICENSING","PUTATIVE_TRANSCRIPTOMIC_LIGAND","HIGH_CONFIDENCE_SENDER_CANDIDATE","NO","ANNOTATION_ONLY_TRANSCRIPT_DOES_NOT_PROVE_SECRETION","YES","results/03_phase3/baseline/baseline_sender_robustness.csv|results/03_phase3/licensing/licensing_ligand_classification.csv|config/phase3_analysis.json",0.821969696969697
179,"FLRT2","S2","HIGH_CONFIDENCE_SENDER_CANDIDATE_NOT_THERAPEUTIC","NicheNet lr_network_human_21122021.rds unique from","NicheNet human LR network 2021-12-21; Zenodo 7074291","NICHENET_AND_OMNIPATH_MAPPED",5,50,"YES","YES","YES","YES","OMNIPATH_SECRETED_ANNOTATION","Almen2009;CellChatDB;Cellinker;CellPhoneDB;ComPPI;ConnectomeDB2025;CSPA;GO_Intercell;ICELLNET;LOCATE;Membranome;OmniPath;Phobius;Ramilowski_location;Surfaceome;TopDB;UniProt_keyword;UniProt_location;UniProt_topology;Zhong2015","47c971d2fbba4ecd0ba7485d1846a74054432a0d1a97ea3e6a79ae27d0da8094","5e4142df024fd4d5d64cc667299364982a51176076ae6a69e1069425530afafa","FROZEN_BEFORE_EXPRESSION_OUTCOMES","https://zenodo.org/records/7074291|https://omnipathdb.org/intercell",2,4,6,2,4,39.1965474445047,16.3617246096675,0.547002494803355,0.210602330618697,0.882996632996633,0.817807089859852,0.751969624904416,"YES","ROBUST_BASELINE_SENDER",0.882996632996633,0.792508417508418,0.0904882154882155,"NO_LARGE_CONTEXT_SHIFT","GSE182158 2/2 plus GSE199071 >=3/4 donor support; CPM>=1 and expressing fraction>=0.10","DESCRIPTIVE_ONLY_NOT_CAUSAL_NOT_REQUIRED_FOR_ROBUSTNESS","results/03_phase3/baseline/baseline_ligand_expression_by_donor.csv|config/phase3_analysis.json","YES",-0.971460408348835,0.244318502893643,0.70062742959339,-0.211990423806104,-0.363570952727596,0.607889455621239,"YES","PASSAGE_DEPENDENT","donor/passage rules frozen before outcomes; no cell-level P value","results/03_phase3/licensing/licensing_effect_by_donor_passage.csv|config/phase3_analysis.json","ROBUST_BASELINE_NO_CONSISTENT_LICENSING","PUTATIVE_TRANSCRIPTOMIC_LIGAND","HIGH_CONFIDENCE_SENDER_CANDIDATE","NO","ANNOTATION_ONLY_TRANSCRIPT_DOES_NOT_PROVE_SECRETION","YES","results/03_phase3/baseline/baseline_sender_robustness.csv|results/03_phase3/licensing/licensing_ligand_classification.csv|config/phase3_analysis.json",0.817807089859852
180,"VEGFB","S2","HIGH_CONFIDENCE_SENDER_CANDIDATE_NOT_THERAPEUTIC","NicheNet lr_network_human_21122021.rds unique from","NicheNet human LR network 2021-12-21; Zenodo 7074291","NICHENET_AND_OMNIPATH_MAPPED",4,44,"YES","YES","YES","YES","OMNIPATH_SECRETED_ANNOTATION","Baccin2019;CellCall;CellChatDB;Cellinker;CellPhoneDB;CellTalkDB;connectomeDB2020;ConnectomeDB2025;DGIdb;EMBRACE;GO_Intercell;Guide2Pharma;HGNC;HPA_secretome;ICELLNET;iTALK;Kirouac2010;LOCATE;LRdb;Matrisome;OmniPath;Ramilowski2015;scConnect;SignaLink_function;talklr;UniProt_keyword;UniProt_location","47c971d2fbba4ecd0ba7485d1846a74054432a0d1a97ea3e6a79ae27d0da8094","5e4142df024fd4d5d64cc667299364982a51176076ae6a69e1069425530afafa","FROZEN_BEFORE_EXPRESSION_OUTCOMES","https://zenodo.org/records/7074291|https://omnipathdb.org/intercell",2,4,6,2,4,11.9320959874342,46.0439557277446,0.25072669843955,0.486792813517065,0.816077441077441,0.888293487221764,0.99265729859652,"NO","ROBUST_BASELINE_SENDER",0.816077441077441,0.827020202020202,-0.0109427609427609,"NO_LARGE_CONTEXT_SHIFT","GSE182158 2/2 plus GSE199071 >=3/4 donor support; CPM>=1 and expressing fraction>=0.10","DESCRIPTIVE_ONLY_NOT_CAUSAL_NOT_REQUIRED_FOR_ROBUSTNESS","results/03_phase3/baseline/baseline_ligand_expression_by_donor.csv|config/phase3_analysis.json","YES",-0.259429598521753,-0.0468469452917476,-0.304455339268216,0.210761448684721,-0.15313827190675,0.15313827190675,"YES","NO_CLEAR_LICENSING_EFFECT","donor/passage rules frozen before outcomes; no cell-level P value","results/03_phase3/licensing/licensing_effect_by_donor_passage.csv|config/phase3_analysis.json","ROBUST_BASELINE_NO_CONSISTENT_LICENSING","PUTATIVE_TRANSCRIPTOMIC_LIGAND","HIGH_CONFIDENCE_SENDER_CANDIDATE","NO","ANNOTATION_ONLY_TRANSCRIPT_DOES_NOT_PROVE_SECRETION","YES","results/03_phase3/baseline/baseline_sender_robustness.csv|results/03_phase3/licensing/licensing_ligand_classification.csv|config/phase3_analysis.json",0.816077441077441
181,"ENPP1","S2","HIGH_CONFIDENCE_SENDER_CANDIDATE_NOT_THERAPEUTIC","NicheNet lr_network_human_21122021.rds unique from","NicheNet human LR network 2021-12-21; Zenodo 7074291","NICHENET_AND_OMNIPATH_MAPPED",1,38,"NO","YES","YES","YES","OMNIPATH_SECRETED_ANNOTATION","Almen2009;CellCellInteractions;CellChatDB;ComPPI;CSPA;GO_Intercell;HGNC;HPA_secretome;LOCATE;OmniPath;Phobius;Ramilowski_location;Surfaceome;TopDB;UniProt_keyword;UniProt_location;UniProt_topology","47c971d2fbba4ecd0ba7485d1846a74054432a0d1a97ea3e6a79ae27d0da8094","5e4142df024fd4d5d64cc667299364982a51176076ae6a69e1069425530afafa","FROZEN_BEFORE_EXPRESSION_OUTCOMES","https://zenodo.org/records/7074291|https://omnipathdb.org/intercell",2,4,6,2,4,11.7911090369654,20.6528406407511,0.231856900397472,0.235715923117825,0.813973063973064,0.826463314097279,0.717988160703157,"NO","ROBUST_BASELINE_SENDER",0.813973063973064,0.780723905723906,0.0332491582491583,"NO_LARGE_CONTEXT_SHIFT","GSE182158 2/2 plus GSE199071 >=3/4 donor support; CPM>=1 and expressing fraction>=0.10","DESCRIPTIVE_ONLY_NOT_CAUSAL_NOT_REQUIRED_FOR_ROBUSTNESS","results/03_phase3/baseline/baseline_ligand_expression_by_donor.csv|config/phase3_analysis.json","YES",-0.734318914449486,-1.50891895650784,-0.674562089467081,-2.34327582354861,-1.12161893547867,1.12161893547867,"YES","PASSAGE_DEPENDENT","donor/passage rules frozen before outcomes; no cell-level P value","results/03_phase3/licensing/licensing_effect_by_donor_passage.csv|config/phase3_analysis.json","ROBUST_BASELINE_NO_CONSISTENT_LICENSING","PUTATIVE_TRANSCRIPTOMIC_LIGAND","HIGH_CONFIDENCE_SENDER_CANDIDATE","NO","ANNOTATION_ONLY_TRANSCRIPT_DOES_NOT_PROVE_SECRETION","YES","results/03_phase3/baseline/baseline_sender_robustness.csv|results/03_phase3/licensing/licensing_ligand_classification.csv|config/phase3_analysis.json",0.813973063973064
182,"SEMA3C","S2","HIGH_CONFIDENCE_SENDER_CANDIDATE_NOT_THERAPEUTIC","NicheNet lr_network_human_21122021.rds unique from","NicheNet human LR network 2021-12-21; Zenodo 7074291","NICHENET_AND_OMNIPATH_MAPPED",7,37,"YES","YES","YES","YES","OMNIPATH_SECRETED_ANNOTATION","Baccin2019;CellCellInteractions;CellChatDB;Cellinker;CellPhoneDB;CellTalkDB;ComPPI;connectomeDB2020;ConnectomeDB2025;EMBRACE;GO_Intercell;HPA_secretome;HPMR;ICELLNET;iTALK;LOCATE;LRdb;Matrisome;OmniPath;Ramilowski2015;talklr;UniProt_keyword;UniProt_location","47c971d2fbba4ecd0ba7485d1846a74054432a0d1a97ea3e6a79ae27d0da8094","5e4142df024fd4d5d64cc667299364982a51176076ae6a69e1069425530afafa","FROZEN_BEFORE_EXPRESSION_OUTCOMES","https://zenodo.org/records/7074291|https://omnipathdb.org/intercell",2,4,6,2,4,11.0430499925488,34.9531436964083,0.220328858416129,0.381635857234261,0.811026936026936,0.873042044517725,0.924539669508522,"NO","ROBUST_BASELINE_SENDER",0.811026936026936,0.827861952861953,-0.0168350168350169,"NO_LARGE_CONTEXT_SHIFT","GSE182158 2/2 plus GSE199071 >=3/4 donor support; CPM>=1 and expressing fraction>=0.10","DESCRIPTIVE_ONLY_NOT_CAUSAL_NOT_REQUIRED_FOR_ROBUSTNESS","results/03_phase3/baseline/baseline_ligand_expression_by_donor.csv|config/phase3_analysis.json","YES",0.701890995023669,1.43306151352887,0.658109737401422,2.20801328965633,1.06747625427627,1.06747625427627,"YES","PASSAGE_DEPENDENT","donor/passage rules frozen before outcomes; no cell-level P value","results/03_phase3/licensing/licensing_effect_by_donor_passage.csv|config/phase3_analysis.json","ROBUST_BASELINE_NO_CONSISTENT_LICENSING","PUTATIVE_TRANSCRIPTOMIC_LIGAND","HIGH_CONFIDENCE_SENDER_CANDIDATE","NO","ANNOTATION_ONLY_TRANSCRIPT_DOES_NOT_PROVE_SECRETION","YES","results/03_phase3/baseline/baseline_sender_robustness.csv|results/03_phase3/licensing/licensing_ligand_classification.csv|config/phase3_analysis.json",0.811026936026936
183,"ANGPT1","S2","HIGH_CONFIDENCE_SENDER_CANDIDATE_NOT_THERAPEUTIC","NicheNet lr_network_human_21122021.rds unique from","NicheNet human LR network 2021-12-21; Zenodo 7074291","NICHENET_AND_OMNIPATH_MAPPED",4,35,"YES","YES","YES","YES","OMNIPATH_SECRETED_ANNOTATION","Baccin2019;CellCall;CellChatDB;Cellinker;CellPhoneDB;CellTalkDB;connectomeDB2020;ConnectomeDB2025;EMBRACE;GO_Intercell;Guide2Pharma;HPA_secretome;HPMR;ICELLNET;iTALK;LRdb;Matrisome;OmniPath;Ramilowski2015;scConnect;SignaLink_function;talklr;UniProt_keyword;UniProt_location","47c971d2fbba4ecd0ba7485d1846a74054432a0d1a97ea3e6a79ae27d0da8094","5e4142df024fd4d5d64cc667299364982a51176076ae6a69e1069425530afafa","FROZEN_BEFORE_EXPRESSION_OUTCOMES","https://zenodo.org/records/7074291|https://omnipathdb.org/intercell",2,4,6,2,4,9.90070447903872,22.2560735093052,0.199165957834305,0.270933169049072,0.808922558922559,0.833058532563891,0.664958772887304,"NO","ROBUST_BASELINE_SENDER",0.808922558922559,0.766414141414141,0.0425084175084175,"NO_LARGE_CONTEXT_SHIFT","GSE182158 2/2 plus GSE199071 >=3/4 donor support; CPM>=1 and expressing fraction>=0.10","DESCRIPTIVE_ONLY_NOT_CAUSAL_NOT_REQUIRED_FOR_ROBUSTNESS","results/03_phase3/baseline/baseline_ligand_expression_by_donor.csv|config/phase3_analysis.json","YES",-0.75618982030436,0.206371775241063,0.604714935271153,-0.191971384789026,-0.274909022531648,0.481280797772712,"YES","PASSAGE_DEPENDENT","donor/passage rules frozen before outcomes; no cell-level P value","results/03_phase3/licensing/licensing_effect_by_donor_passage.csv|config/phase3_analysis.json","ROBUST_BASELINE_NO_CONSISTENT_LICENSING","PUTATIVE_TRANSCRIPTOMIC_LIGAND","HIGH_CONFIDENCE_SENDER_CANDIDATE","NO","ANNOTATION_ONLY_TRANSCRIPT_DOES_NOT_PROVE_SECRETION","YES","results/03_phase3/baseline/baseline_sender_robustness.csv|results/03_phase3/licensing/licensing_ligand_classification.csv|config/phase3_analysis.json",0.808922558922559
184,"CA12","S2","HIGH_CONFIDENCE_SENDER_CANDIDATE_NOT_THERAPEUTIC","NicheNet lr_network_human_21122021.rds unique from","NicheNet human LR network 2021-12-21; Zenodo 7074291","NICHENET_AND_OMNIPATH_MAPPED",1,31,"NO","YES","NO","YES","NO_OMNIPATH_SECRETED_ANNOTATION","Almen2009;Cellinker;ComPPI;CSPA;LOCATE;Membranome;OmniPath;Phobius;Ramilowski_location;scConnect;Surfaceome;TopDB;UniProt_keyword;UniProt_location;UniProt_topology","47c971d2fbba4ecd0ba7485d1846a74054432a0d1a97ea3e6a79ae27d0da8094","5e4142df024fd4d5d64cc667299364982a51176076ae6a69e1069425530afafa","FROZEN_BEFORE_EXPRESSION_OUTCOMES","https://zenodo.org/records/7074291|https://omnipathdb.org/intercell",2,4,6,2,4,9.60551643673303,37.0779315861276,0.189801760960873,0.390755771627349,0.803872053872054,0.874278647980214,1.00739579449473,"NO","ROBUST_BASELINE_SENDER",0.803872053872054,0.857323232323232,-0.0534511784511785,"NO_LARGE_CONTEXT_SHIFT","GSE182158 2/2 plus GSE199071 >=3/4 donor support; CPM>=1 and expressing fraction>=0.10","DESCRIPTIVE_ONLY_NOT_CAUSAL_NOT_REQUIRED_FOR_ROBUSTNESS","results/03_phase3/baseline/baseline_ligand_expression_by_donor.csv|config/phase3_analysis.json","YES",0.595296424801546,-0.383565542691545,-0.401729000445905,-0.365402084937185,0.105865441055001,0.489430983746546,"YES","DONOR_DEPENDENT","donor/passage rules frozen before outcomes; no cell-level P value","results/03_phase3/licensing/licensing_effect_by_donor_passage.csv|config/phase3_analysis.json","ROBUST_BASELINE_NO_CONSISTENT_LICENSING","PUTATIVE_TRANSCRIPTOMIC_LIGAND","HIGH_CONFIDENCE_SENDER_CANDIDATE","NO","ANNOTATION_ONLY_TRANSCRIPT_DOES_NOT_PROVE_SECRETION","YES","results/03_phase3/baseline/baseline_sender_robustness.csv|results/03_phase3/licensing/licensing_ligand_classification.csv|config/phase3_analysis.json",0.803872053872054
185,"KIAA0319L","S2","HIGH_CONFIDENCE_SENDER_CANDIDATE_NOT_THERAPEUTIC","NicheNet lr_network_human_21122021.rds unique from","NicheNet human LR network 2021-12-21; Zenodo 7074291","NICHENET_AND_OMNIPATH_MAPPED",4,22,"NO","YES","NO","NO","NO_OMNIPATH_SECRETED_ANNOTATION","Almen2009;Cellinker;ComPPI;GO_Intercell;Membranome;OmniPath;Phobius;Ramilowski_location;TopDB;UniProt_keyword;UniProt_location;UniProt_topology","47c971d2fbba4ecd0ba7485d1846a74054432a0d1a97ea3e6a79ae27d0da8094","5e4142df024fd4d5d64cc667299364982a51176076ae6a69e1069425530afafa","FROZEN_BEFORE_EXPRESSION_OUTCOMES","https://zenodo.org/records/7074291|https://omnipathdb.org/intercell",2,4,6,2,4,14.5428060631403,13.630295012107,0.299204595366967,0.187601620957648,0.832281144781145,0.803792250618302,0.148769335101104,"NO","ROBUST_BASELINE_SENDER",0.832281144781145,0.798400673400673,0.0338804713804713,"NO_LARGE_CONTEXT_SHIFT","GSE182158 2/2 plus GSE199071 >=3/4 donor support; CPM>=1 and expressing fraction>=0.10","DESCRIPTIVE_ONLY_NOT_CAUSAL_NOT_REQUIRED_FOR_ROBUSTNESS","results/03_phase3/baseline/baseline_ligand_expression_by_donor.csv|config/phase3_analysis.json","YES",-0.132125381444527,0.133061095182101,0.201717039946977,0.0644051504172253,0.000467856868787378,0.132593238313314,"YES","NO_CLEAR_LICENSING_EFFECT","donor/passage rules frozen before outcomes; no cell-level P value","results/03_phase3/licensing/licensing_effect_by_donor_passage.csv|config/phase3_analysis.json","ROBUST_BASELINE_NO_CONSISTENT_LICENSING","PUTATIVE_TRANSCRIPTOMIC_LIGAND","HIGH_CONFIDENCE_SENDER_CANDIDATE","NO","ANNOTATION_ONLY_TRANSCRIPT_DOES_NOT_PROVE_SECRETION","YES","results/03_phase3/baseline/baseline_sender_robustness.csv|results/03_phase3/licensing/licensing_ligand_classification.csv|config/phase3_analysis.json",0.803792250618302
186,"PLTP","S2","HIGH_CONFIDENCE_SENDER_CANDIDATE_NOT_THERAPEUTIC","NicheNet lr_network_human_21122021.rds unique from","NicheNet human LR network 2021-12-21; Zenodo 7074291","NICHENET_AND_OMNIPATH_MAPPED",2,16,"NO","YES","YES","YES","OMNIPATH_SECRETED_ANNOTATION","Cellinker;ComPPI;connectomeDB2020;ConnectomeDB2025;GO_Intercell;HGNC;HPA_secretome;LOCATE;MatrixDB;OmniPath;UniProt_keyword;UniProt_location","47c971d2fbba4ecd0ba7485d1846a74054432a0d1a97ea3e6a79ae27d0da8094","5e4142df024fd4d5d64cc667299364982a51176076ae6a69e1069425530afafa","FROZEN_BEFORE_EXPRESSION_OUTCOMES","https://zenodo.org/records/7074291|https://omnipathdb.org/intercell",2,4,6,2,4,164.740687435579,12.8704578700467,0.795977509676497,0.172744752629641,0.936868686868687,0.798845836768343,1.75815954021069,"YES","ROBUST_BASELINE_SENDER",0.936868686868687,0.853114478114478,0.0837542087542087,"NO_LARGE_CONTEXT_SHIFT","GSE182158 2/2 plus GSE199071 >=3/4 donor support; CPM>=1 and expressing fraction>=0.10","DESCRIPTIVE_ONLY_NOT_CAUSAL_NOT_REQUIRED_FOR_ROBUSTNESS","results/03_phase3/baseline/baseline_ligand_expression_by_donor.csv|config/phase3_analysis.json","YES",0.569427617086188,-0.113825265104798,-0.836219709957206,0.608569179747611,0.227801175990695,0.341626441095493,"YES","PASSAGE_DEPENDENT","donor/passage rules frozen before outcomes; no cell-level P value","results/03_phase3/licensing/licensing_effect_by_donor_passage.csv|config/phase3_analysis.json","ROBUST_BASELINE_NO_CONSISTENT_LICENSING","PUTATIVE_TRANSCRIPTOMIC_LIGAND","HIGH_CONFIDENCE_SENDER_CANDIDATE","NO","ANNOTATION_ONLY_TRANSCRIPT_DOES_NOT_PROVE_SECRETION","YES","results/03_phase3/baseline/baseline_sender_robustness.csv|results/03_phase3/licensing/licensing_ligand_classification.csv|config/phase3_analysis.json",0.798845836768343
187,"HAS2","S2","HIGH_CONFIDENCE_SENDER_CANDIDATE_NOT_THERAPEUTIC","NicheNet lr_network_human_21122021.rds unique from","NicheNet human LR network 2021-12-21; Zenodo 7074291","NICHENET_AND_OMNIPATH_MAPPED",4,28,"YES","YES","NO","YES","NO_OMNIPATH_SECRETED_ANNOTATION","Baccin2019;Cellinker;ComPPI;connectomeDB2020;GO_Intercell;HPMR;LOCATE;OmniPath;Phobius;Ramilowski_location;UniProt_keyword;UniProt_location;UniProt_topology","47c971d2fbba4ecd0ba7485d1846a74054432a0d1a97ea3e6a79ae27d0da8094","5e4142df024fd4d5d64cc667299364982a51176076ae6a69e1069425530afafa","FROZEN_BEFORE_EXPRESSION_OUTCOMES","https://zenodo.org/records/7074291|https://omnipathdb.org/intercell",2,4,6,2,4,8.76992297060304,191.939008225467,0.168825278116208,0.715003058222479,0.798400673400673,0.955688375927453,2.18037016735405,"NO","ROBUST_BASELINE_SENDER",0.798400673400673,0.925505050505051,-0.127104377104377,"NO_LARGE_CONTEXT_SHIFT","GSE182158 2/2 plus GSE199071 >=3/4 donor support; CPM>=1 and expressing fraction>=0.10","DESCRIPTIVE_ONLY_NOT_CAUSAL_NOT_REQUIRED_FOR_ROBUSTNESS","results/03_phase3/baseline/baseline_ligand_expression_by_donor.csv|config/phase3_analysis.json","YES",2.6212402766584,-0.962299766852038,-0.827618088257325,-1.09698144544675,0.829470254903183,1.79177002175522,"YES","DONOR_DEPENDENT","donor/passage rules frozen before outcomes; no cell-level P value","results/03_phase3/licensing/licensing_effect_by_donor_passage.csv|config/phase3_analysis.json","ROBUST_BASELINE_NO_CONSISTENT_LICENSING","PUTATIVE_TRANSCRIPTOMIC_LIGAND","HIGH_CONFIDENCE_SENDER_CANDIDATE","NO","ANNOTATION_ONLY_TRANSCRIPT_DOES_NOT_PROVE_SECRETION","YES","results/03_phase3/baseline/baseline_sender_robustness.csv|results/03_phase3/licensing/licensing_ligand_classification.csv|config/phase3_analysis.json",0.798400673400673
188,"BMP1","S2","HIGH_CONFIDENCE_SENDER_CANDIDATE_NOT_THERAPEUTIC","NicheNet lr_network_human_21122021.rds unique from","NicheNet human LR network 2021-12-21; Zenodo 7074291","NICHENET_AND_OMNIPATH_MAPPED",3,26,"YES","YES","YES","YES","OMNIPATH_SECRETED_ANNOTATION","CellTalkDB;DGIdb;GO_Intercell;HGNC;HPA_secretome;Kirouac2010;LOCATE;Matrisome;OmniPath;scConnect;UniProt_keyword;UniProt_location","47c971d2fbba4ecd0ba7485d1846a74054432a0d1a97ea3e6a79ae27d0da8094","5e4142df024fd4d5d64cc667299364982a51176076ae6a69e1069425530afafa","FROZEN_BEFORE_EXPRESSION_OUTCOMES","https://zenodo.org/records/7074291|https://omnipathdb.org/intercell",2,4,6,2,4,26.3345618996732,11.7350132687835,0.460865544411114,0.174123106439351,0.866161616161616,0.798021434460017,0.574385326850301,"NO","ROBUST_BASELINE_SENDER",0.866161616161616,0.843855218855219,0.0223063973063973,"NO_LARGE_CONTEXT_SHIFT","GSE182158 2/2 plus GSE199071 >=3/4 donor support; CPM>=1 and expressing fraction>=0.10","DESCRIPTIVE_ONLY_NOT_CAUSAL_NOT_REQUIRED_FOR_ROBUSTNESS","results/03_phase3/baseline/baseline_ligand_expression_by_donor.csv|config/phase3_analysis.json","YES",-1.25339371074852,0.65550360053071,-0.107926734586905,1.41893393564832,-0.298945055108907,0.954448655639617,"YES","PASSAGE_DEPENDENT","donor/passage rules frozen before outcomes; no cell-level P value","results/03_phase3/licensing/licensing_effect_by_donor_passage.csv|config/phase3_analysis.json","ROBUST_BASELINE_NO_CONSISTENT_LICENSING","PUTATIVE_TRANSCRIPTOMIC_LIGAND","HIGH_CONFIDENCE_SENDER_CANDIDATE","NO","ANNOTATION_ONLY_TRANSCRIPT_DOES_NOT_PROVE_SECRETION","YES","results/03_phase3/baseline/baseline_sender_robustness.csv|results/03_phase3/licensing/licensing_ligand_classification.csv|config/phase3_analysis.json",0.798021434460017
189,"LIN7C","S2","HIGH_CONFIDENCE_SENDER_CANDIDATE_NOT_THERAPEUTIC","NicheNet lr_network_human_21122021.rds unique from","NicheNet human LR network 2021-12-21; Zenodo 7074291","NICHENET_AND_OMNIPATH_MAPPED",3,19,"YES","YES","YES","YES","OMNIPATH_SECRETED_ANNOTATION","Baccin2019;Cellinker;ComPPI;connectomeDB2020;GO_Intercell;OmniPath;Ramilowski_location;UniProt_location","47c971d2fbba4ecd0ba7485d1846a74054432a0d1a97ea3e6a79ae27d0da8094","5e4142df024fd4d5d64cc667299364982a51176076ae6a69e1069425530afafa","FROZEN_BEFORE_EXPRESSION_OUTCOMES","https://zenodo.org/records/7074291|https://omnipathdb.org/intercell",2,4,6,2,4,8.54486427487047,32.8221775625854,0.189803273348842,0.402909685049792,0.796717171717172,0.867477328936521,0.955048004309834,"NO","ROBUST_BASELINE_SENDER",0.796717171717172,0.792929292929293,0.00378787878787878,"NO_LARGE_CONTEXT_SHIFT","GSE182158 2/2 plus GSE199071 >=3/4 donor support; CPM>=1 and expressing fraction>=0.10","DESCRIPTIVE_ONLY_NOT_CAUSAL_NOT_REQUIRED_FOR_ROBUSTNESS","results/03_phase3/baseline/baseline_ligand_expression_by_donor.csv|config/phase3_analysis.json","YES",-0.299500129961912,-0.616242930631746,-0.949979249386024,-0.282506611877467,-0.457871530296829,0.457871530296829,"YES","NO_CLEAR_LICENSING_EFFECT","donor/passage rules frozen before outcomes; no cell-level P value","results/03_phase3/licensing/licensing_effect_by_donor_passage.csv|config/phase3_analysis.json","ROBUST_BASELINE_NO_CONSISTENT_LICENSING","PUTATIVE_TRANSCRIPTOMIC_LIGAND","HIGH_CONFIDENCE_SENDER_CANDIDATE","NO","ANNOTATION_ONLY_TRANSCRIPT_DOES_NOT_PROVE_SECRETION","YES","results/03_phase3/baseline/baseline_sender_robustness.csv|results/03_phase3/licensing/licensing_ligand_classification.csv|config/phase3_analysis.json",0.796717171717172
190,"LIN7A","S2","HIGH_CONFIDENCE_SENDER_CANDIDATE_NOT_THERAPEUTIC","NicheNet lr_network_human_21122021.rds unique from","NicheNet human LR network 2021-12-21; Zenodo 7074291","NICHENET_AND_OMNIPATH_MAPPED",1,9,"NO","YES","NO","NO","NO_OMNIPATH_SECRETED_ANNOTATION","ComPPI;GO_Intercell;OmniPath;Ramilowski_location;UniProt_location","47c971d2fbba4ecd0ba7485d1846a74054432a0d1a97ea3e6a79ae27d0da8094","5e4142df024fd4d5d64cc667299364982a51176076ae6a69e1069425530afafa","FROZEN_BEFORE_EXPRESSION_OUTCOMES","https://zenodo.org/records/7074291|https://omnipathdb.org/intercell",2,4,6,2,4,8.68777729426791,35.1934180912422,0.182022455140583,0.375602338449313,0.796717171717172,0.870568837592745,1.10782255296035,"YES","ROBUST_BASELINE_SENDER",0.796717171717172,0.717592592592593,0.0791245791245792,"NO_LARGE_CONTEXT_SHIFT","GSE182158 2/2 plus GSE199071 >=3/4 donor support; CPM>=1 and expressing fraction>=0.10","DESCRIPTIVE_ONLY_NOT_CAUSAL_NOT_REQUIRED_FOR_ROBUSTNESS","results/03_phase3/baseline/baseline_ligand_expression_by_donor.csv|config/phase3_analysis.json","YES",0.392141279489751,-0.00341532402566058,1.28163806474957,-1.28846871280089,0.194362977732045,0.197778301757706,"YES","PASSAGE_DEPENDENT","donor/passage rules frozen before outcomes; no cell-level P value","results/03_phase3/licensing/licensing_effect_by_donor_passage.csv|config/phase3_analysis.json","ROBUST_BASELINE_NO_CONSISTENT_LICENSING","PUTATIVE_TRANSCRIPTOMIC_LIGAND","HIGH_CONFIDENCE_SENDER_CANDIDATE","NO","ANNOTATION_ONLY_TRANSCRIPT_DOES_NOT_PROVE_SECRETION","YES","results/03_phase3/baseline/baseline_sender_robustness.csv|results/03_phase3/licensing/licensing_ligand_classification.csv|config/phase3_analysis.json",0.796717171717172
191,"DSC3","S2","HIGH_CONFIDENCE_SENDER_CANDIDATE_NOT_THERAPEUTIC","NicheNet lr_network_human_21122021.rds unique from","NicheNet human LR network 2021-12-21; Zenodo 7074291","NICHENET_AND_OMNIPATH_MAPPED",4,51,"YES","YES","NO","YES","NO_OMNIPATH_SECRETED_ANNOTATION","Almen2009;CellChatDB;Cellinker;CellPhoneDB;CellTalkDB;connectomeDB2020;ConnectomeDB2025;GO_Intercell;HGNC;ICELLNET;LOCATE;LRdb;MatrixDB;Membranome;OmniPath;Phobius;Ramilowski_location;Surfaceome;UniProt_keyword;UniProt_location;UniProt_topology;Zhong2015","47c971d2fbba4ecd0ba7485d1846a74054432a0d1a97ea3e6a79ae27d0da8094","5e4142df024fd4d5d64cc667299364982a51176076ae6a69e1069425530afafa","FROZEN_BEFORE_EXPRESSION_OUTCOMES","https://zenodo.org/records/7074291|https://omnipathdb.org/intercell",2,4,6,2,4,8.2925918907752,22.226420741204,0.176711553545618,0.283573672217802,0.793771043771044,0.836356141797197,0.737126709754825,"NO","ROBUST_BASELINE_SENDER",0.793771043771044,0.329545454545455,0.464225589225589,"UC_HIGHER_CONTEXT","GSE182158 2/2 plus GSE199071 >=3/4 donor support; CPM>=1 and expressing fraction>=0.10","DESCRIPTIVE_ONLY_NOT_CAUSAL_NOT_REQUIRED_FOR_ROBUSTNESS","results/03_phase3/baseline/baseline_ligand_expression_by_donor.csv|config/phase3_analysis.json","YES",-1.64286055869145,-1.1885550792991,-2.01027747127271,-0.366832687325481,-1.41570781899527,1.41570781899527,"YES","PASSAGE_DEPENDENT","donor/passage rules frozen before outcomes; no cell-level P value","results/03_phase3/licensing/licensing_effect_by_donor_passage.csv|config/phase3_analysis.json","ROBUST_BASELINE_NO_CONSISTENT_LICENSING","PUTATIVE_TRANSCRIPTOMIC_LIGAND","HIGH_CONFIDENCE_SENDER_CANDIDATE","NO","ANNOTATION_ONLY_TRANSCRIPT_DOES_NOT_PROVE_SECRETION","YES","results/03_phase3/baseline/baseline_sender_robustness.csv|results/03_phase3/licensing/licensing_ligand_classification.csv|config/phase3_analysis.json",0.793771043771044
192,"SEMA5A","S2","HIGH_CONFIDENCE_SENDER_CANDIDATE_NOT_THERAPEUTIC","NicheNet lr_network_human_21122021.rds unique from","NicheNet human LR network 2021-12-21; Zenodo 7074291","NICHENET_AND_OMNIPATH_MAPPED",5,49,"YES","YES","NO","YES","NO_OMNIPATH_SECRETED_ANNOTATION","Almen2009;CellCellInteractions;CellChatDB;Cellinker;CellPhoneDB;CellTalkDB;connectomeDB2020;ConnectomeDB2025;CSPA;GO_Intercell;HGNC;HPMR;ICELLNET;iTALK;LRdb;Matrisome;Membranome;OmniPath;Phobius;Ramilowski_location;Ramilowski2015;Surfaceome;talklr;TopDB;UniProt_keyword;UniProt_location;UniProt_topology","47c971d2fbba4ecd0ba7485d1846a74054432a0d1a97ea3e6a79ae27d0da8094","5e4142df024fd4d5d64cc667299364982a51176076ae6a69e1069425530afafa","FROZEN_BEFORE_EXPRESSION_OUTCOMES","https://zenodo.org/records/7074291|https://omnipathdb.org/intercell",2,4,6,2,4,8.03118362281492,12.4798442687422,0.165400200940642,0.18135925625914,0.790824915824916,0.796990931574609,0.539957736172206,"NO","ROBUST_BASELINE_SENDER",0.790824915824916,0.805976430976431,-0.0151515151515151,"NO_LARGE_CONTEXT_SHIFT","GSE182158 2/2 plus GSE199071 >=3/4 donor support; CPM>=1 and expressing fraction>=0.10","DESCRIPTIVE_ONLY_NOT_CAUSAL_NOT_REQUIRED_FOR_ROBUSTNESS","results/03_phase3/baseline/baseline_ligand_expression_by_donor.csv|config/phase3_analysis.json","YES",0.0475556676763716,-0.565128212746952,-0.827927204447203,-0.302329221046702,-0.25878627253529,0.306341940211662,"YES","DONOR_DEPENDENT","donor/passage rules frozen before outcomes; no cell-level P value","results/03_phase3/licensing/licensing_effect_by_donor_passage.csv|config/phase3_analysis.json","ROBUST_BASELINE_NO_CONSISTENT_LICENSING","PUTATIVE_TRANSCRIPTOMIC_LIGAND","HIGH_CONFIDENCE_SENDER_CANDIDATE","NO","ANNOTATION_ONLY_TRANSCRIPT_DOES_NOT_PROVE_SECRETION","YES","results/03_phase3/baseline/baseline_sender_robustness.csv|results/03_phase3/licensing/licensing_ligand_classification.csv|config/phase3_analysis.json",0.790824915824916
193,"PSEN1","S2","HIGH_CONFIDENCE_SENDER_CANDIDATE_NOT_THERAPEUTIC","NicheNet lr_network_human_21122021.rds unique from","NicheNet human LR network 2021-12-21; Zenodo 7074291","NICHENET_AND_OMNIPATH_MAPPED",7,27,"YES","YES","YES","YES","OMNIPATH_SECRETED_ANNOTATION","Cellinker;ComPPI;connectomeDB2020;GO_Intercell;HPMR;LOCATE;OmniPath;Phobius;Ramilowski_location;scConnect;Surfaceome;TopDB;UniProt_keyword;UniProt_location;UniProt_topology","47c971d2fbba4ecd0ba7485d1846a74054432a0d1a97ea3e6a79ae27d0da8094","5e4142df024fd4d5d64cc667299364982a51176076ae6a69e1069425530afafa","FROZEN_BEFORE_EXPRESSION_OUTCOMES","https://zenodo.org/records/7074291|https://omnipathdb.org/intercell",2,4,6,2,4,9.07753053680868,11.1962492130532,0.201574539155486,0.160361803480976,0.801767676767677,0.790601813685078,0.150609739416502,"NO","ROBUST_BASELINE_SENDER",0.801767676767677,0.777356902356902,0.0244107744107744,"NO_LARGE_CONTEXT_SHIFT","GSE182158 2/2 plus GSE199071 >=3/4 donor support; CPM>=1 and expressing fraction>=0.10","DESCRIPTIVE_ONLY_NOT_CAUSAL_NOT_REQUIRED_FOR_ROBUSTNESS","results/03_phase3/baseline/baseline_ligand_expression_by_donor.csv|config/phase3_analysis.json","YES",0.0969483970027286,1.0305134188855,0.481088876771656,1.57993796099934,0.563730907944112,0.563730907944112,"YES","PASSAGE_DEPENDENT","donor/passage rules frozen before outcomes; no cell-level P value","results/03_phase3/licensing/licensing_effect_by_donor_passage.csv|config/phase3_analysis.json","ROBUST_BASELINE_NO_CONSISTENT_LICENSING","PUTATIVE_TRANSCRIPTOMIC_LIGAND","HIGH_CONFIDENCE_SENDER_CANDIDATE","NO","ANNOTATION_ONLY_TRANSCRIPT_DOES_NOT_PROVE_SECRETION","YES","results/03_phase3/baseline/baseline_sender_robustness.csv|results/03_phase3/licensing/licensing_ligand_classification.csv|config/phase3_analysis.json",0.790601813685078
194,"CSF1","S2","HIGH_CONFIDENCE_SENDER_CANDIDATE_NOT_THERAPEUTIC","NicheNet lr_network_human_21122021.rds unique from","NicheNet human LR network 2021-12-21; Zenodo 7074291","NICHENET_AND_OMNIPATH_MAPPED",4,70,"YES","YES","YES","YES","OMNIPATH_SECRETED_ANNOTATION","Almen2009;Baccin2019;CellCall;CellCellInteractions;CellChatDB;Cellinker;CellPhoneDB;CellTalkDB;ComPPI;connectomeDB2020;ConnectomeDB2025;CSPA;DGIdb;EMBRACE;GO_Intercell;Guide2Pharma;HPA_secretome;HPMR;ICELLNET;iTALK;LOCATE;LRdb;Matrisome;Membranome;OmniPath;Phobius;Ramilowski_location;Ramilowski2015;scConnect;SignaLink_function;Surfaceome;talklr;TopDB;UniProt_keyword;UniProt_location;UniProt_topology","47c971d2fbba4ecd0ba7485d1846a74054432a0d1a97ea3e6a79ae27d0da8094","5e4142df024fd4d5d64cc667299364982a51176076ae6a69e1069425530afafa","FROZEN_BEFORE_EXPRESSION_OUTCOMES","https://zenodo.org/records/7074291|https://omnipathdb.org/intercell",2,4,6,2,4,9.99258558478345,10.0895109947698,0.211184638372913,0.146675815061445,0.80787037037037,0.788540807914262,0.430617306232419,"NO","ROBUST_BASELINE_SENDER",0.80787037037037,0.806818181818182,0.00105218855218858,"NO_LARGE_CONTEXT_SHIFT","GSE182158 2/2 plus GSE199071 >=3/4 donor support; CPM>=1 and expressing fraction>=0.10","DESCRIPTIVE_ONLY_NOT_CAUSAL_NOT_REQUIRED_FOR_ROBUSTNESS","results/03_phase3/baseline/baseline_ligand_expression_by_donor.csv|config/phase3_analysis.json","YES",2.10395237435788,4.08471146871252,3.45642851552632,4.71299442189872,3.0943319215352,3.0943319215352,"YES","PASSAGE_DEPENDENT","donor/passage rules frozen before outcomes; no cell-level P value","results/03_phase3/licensing/licensing_effect_by_donor_passage.csv|config/phase3_analysis.json","ROBUST_BASELINE_NO_CONSISTENT_LICENSING","PUTATIVE_TRANSCRIPTOMIC_LIGAND","HIGH_CONFIDENCE_SENDER_CANDIDATE","NO","ANNOTATION_ONLY_TRANSCRIPT_DOES_NOT_PROVE_SECRETION","YES","results/03_phase3/baseline/baseline_sender_robustness.csv|results/03_phase3/licensing/licensing_ligand_classification.csv|config/phase3_analysis.json",0.788540807914262
195,"EXOC3-AS1","S2","HIGH_CONFIDENCE_SENDER_CANDIDATE_NOT_THERAPEUTIC","NicheNet lr_network_human_21122021.rds unique from","NicheNet human LR network 2021-12-21; Zenodo 7074291","NICHENET_AND_OMNIPATH_MAPPED",1,7,"NO","YES","YES","YES","OMNIPATH_SECRETED_ANNOTATION","ComPPI;MatrixDB;OmniPath;UniProt_keyword;UniProt_location","47c971d2fbba4ecd0ba7485d1846a74054432a0d1a97ea3e6a79ae27d0da8094","5e4142df024fd4d5d64cc667299364982a51176076ae6a69e1069425530afafa","FROZEN_BEFORE_EXPRESSION_OUTCOMES","https://zenodo.org/records/7074291|https://omnipathdb.org/intercell",2,4,6,2,4,7.67099764115442,10.2053380183342,0.171165865658238,0.153360812406885,0.78956228956229,0.787098103874691,0.283433809433779,"NO","ROBUST_BASELINE_SENDER",0.78956228956229,0.757154882154882,0.0324074074074074,"NO_LARGE_CONTEXT_SHIFT","GSE182158 2/2 plus GSE199071 >=3/4 donor support; CPM>=1 and expressing fraction>=0.10","DESCRIPTIVE_ONLY_NOT_CAUSAL_NOT_REQUIRED_FOR_ROBUSTNESS","results/03_phase3/baseline/baseline_ligand_expression_by_donor.csv|config/phase3_analysis.json","YES",-1.44711038802344,-0.578033796065493,-1.36527396832552,0.209206376194537,-1.01257209204447,1.01257209204447,"NO","PASSAGE_DEPENDENT","donor/passage rules frozen before outcomes; no cell-level P value","results/03_phase3/licensing/licensing_effect_by_donor_passage.csv|config/phase3_analysis.json","ROBUST_BASELINE_NO_CONSISTENT_LICENSING","PUTATIVE_TRANSCRIPTOMIC_LIGAND","HIGH_CONFIDENCE_SENDER_CANDIDATE","NO","ANNOTATION_ONLY_TRANSCRIPT_DOES_NOT_PROVE_SECRETION","YES","results/03_phase3/baseline/baseline_sender_robustness.csv|results/03_phase3/licensing/licensing_ligand_classification.csv|config/phase3_analysis.json",0.787098103874691
196,"FURIN","S2","HIGH_CONFIDENCE_SENDER_CANDIDATE_NOT_THERAPEUTIC","NicheNet lr_network_human_21122021.rds unique from","NicheNet human LR network 2021-12-21; Zenodo 7074291","NICHENET_AND_OMNIPATH_MAPPED",8,30,"YES","YES","YES","YES","OMNIPATH_SECRETED_ANNOTATION","Almen2009;ComPPI;GO_Intercell;LOCATE;OmniPath;Phobius;Ramilowski_location;scConnect;Surfaceome;TopDB;UniProt_keyword;UniProt_location;UniProt_topology","47c971d2fbba4ecd0ba7485d1846a74054432a0d1a97ea3e6a79ae27d0da8094","5e4142df024fd4d5d64cc667299364982a51176076ae6a69e1069425530afafa","FROZEN_BEFORE_EXPRESSION_OUTCOMES","https://zenodo.org/records/7074291|https://omnipathdb.org/intercell",2,4,6,2,4,7.50279077569925,15.2302809994658,0.168145945279893,0.193754956015315,0.786616161616162,0.808326463314097,0.495999011241907,"NO","ROBUST_BASELINE_SENDER",0.786616161616162,0.789983164983165,-0.00336700336700346,"NO_LARGE_CONTEXT_SHIFT","GSE182158 2/2 plus GSE199071 >=3/4 donor support; CPM>=1 and expressing fraction>=0.10","DESCRIPTIVE_ONLY_NOT_CAUSAL_NOT_REQUIRED_FOR_ROBUSTNESS","results/03_phase3/baseline/baseline_ligand_expression_by_donor.csv|config/phase3_analysis.json","YES",-0.161343549808678,0.339159926162158,-0.103906807915582,0.782226660239897,0.0889081881767401,0.250251737985418,"YES","PASSAGE_DEPENDENT","donor/passage rules frozen before outcomes; no cell-level P value","results/03_phase3/licensing/licensing_effect_by_donor_passage.csv|config/phase3_analysis.json","ROBUST_BASELINE_NO_CONSISTENT_LICENSING","PUTATIVE_TRANSCRIPTOMIC_LIGAND","HIGH_CONFIDENCE_SENDER_CANDIDATE","NO","ANNOTATION_ONLY_TRANSCRIPT_DOES_NOT_PROVE_SECRETION","YES","results/03_phase3/baseline/baseline_sender_robustness.csv|results/03_phase3/licensing/licensing_ligand_classification.csv|config/phase3_analysis.json",0.786616161616162
197,"ULBP2","S2","HIGH_CONFIDENCE_SENDER_CANDIDATE_NOT_THERAPEUTIC","NicheNet lr_network_human_21122021.rds unique from","NicheNet human LR network 2021-12-21; Zenodo 7074291","NICHENET_AND_OMNIPATH_MAPPED",2,59,"YES","YES","YES","YES","OMNIPATH_SECRETED_ANNOTATION","Almen2009;CellChatDB;Cellinker;CellPhoneDB;CellTalkDB;ComPPI;connectomeDB2020;ConnectomeDB2025;CSPA;DGIdb;GO_Intercell;HPA_secretome;HPMR;ICELLNET;iTALK;LRdb;MatrixDB;OmniPath;Phobius;Ramilowski_location;Ramilowski2015;Surfaceome;talklr;UniProt_keyword;UniProt_location","47c971d2fbba4ecd0ba7485d1846a74054432a0d1a97ea3e6a79ae27d0da8094","5e4142df024fd4d5d64cc667299364982a51176076ae6a69e1069425530afafa","FROZEN_BEFORE_EXPRESSION_OUTCOMES","https://zenodo.org/records/7074291|https://omnipathdb.org/intercell",2,4,6,2,4,7.78011783591557,25.6205589091815,0.16549433515186,0.349128998782333,0.786195286195286,0.846042868920033,0.963603046615312,"NO","ROBUST_BASELINE_SENDER",0.786195286195286,0.715909090909091,0.0702861952861953,"NO_LARGE_CONTEXT_SHIFT","GSE182158 2/2 plus GSE199071 >=3/4 donor support; CPM>=1 and expressing fraction>=0.10","DESCRIPTIVE_ONLY_NOT_CAUSAL_NOT_REQUIRED_FOR_ROBUSTNESS","results/03_phase3/baseline/baseline_ligand_expression_by_donor.csv|config/phase3_analysis.json","YES",1.02724207300524,-0.152372851479448,-0.678378448424427,0.373632745465531,0.437434610762898,0.589807462242346,"YES","PASSAGE_DEPENDENT","donor/passage rules frozen before outcomes; no cell-level P value","results/03_phase3/licensing/licensing_effect_by_donor_passage.csv|config/phase3_analysis.json","ROBUST_BASELINE_NO_CONSISTENT_LICENSING","PUTATIVE_TRANSCRIPTOMIC_LIGAND","HIGH_CONFIDENCE_SENDER_CANDIDATE","NO","ANNOTATION_ONLY_TRANSCRIPT_DOES_NOT_PROVE_SECRETION","YES","results/03_phase3/baseline/baseline_sender_robustness.csv|results/03_phase3/licensing/licensing_ligand_classification.csv|config/phase3_analysis.json",0.786195286195286
198,"LIN7B","S2","HIGH_CONFIDENCE_SENDER_CANDIDATE_NOT_THERAPEUTIC","NicheNet lr_network_human_21122021.rds unique from","NicheNet human LR network 2021-12-21; Zenodo 7074291","NICHENET_AND_OMNIPATH_MAPPED",2,13,"NO","YES","NO","NO","NO_OMNIPATH_SECRETED_ANNOTATION","Cellinker;ComPPI;GO_Intercell;OmniPath;Ramilowski_location;UniProt_location","47c971d2fbba4ecd0ba7485d1846a74054432a0d1a97ea3e6a79ae27d0da8094","5e4142df024fd4d5d64cc667299364982a51176076ae6a69e1069425530afafa","FROZEN_BEFORE_EXPRESSION_OUTCOMES","https://zenodo.org/records/7074291|https://omnipathdb.org/intercell",2,4,6,2,4,7.142550119305,10.1917103563248,0.160160250241306,0.153847083848641,0.783670033670034,0.783594394064303,0.327832082913847,"NO","ROBUST_BASELINE_SENDER",0.783670033670034,0.781565656565657,0.00210437710437716,"NO_LARGE_CONTEXT_SHIFT","GSE182158 2/2 plus GSE199071 >=3/4 donor support; CPM>=1 and expressing fraction>=0.10","DESCRIPTIVE_ONLY_NOT_CAUSAL_NOT_REQUIRED_FOR_ROBUSTNESS","results/03_phase3/baseline/baseline_ligand_expression_by_donor.csv|config/phase3_analysis.json","YES",-0.190253272499187,-0.814845479684882,-0.224535355924253,-1.40515560344551,-0.502549376092034,0.502549376092034,"NO","PASSAGE_DEPENDENT","donor/passage rules frozen before outcomes; no cell-level P value","results/03_phase3/licensing/licensing_effect_by_donor_passage.csv|config/phase3_analysis.json","ROBUST_BASELINE_NO_CONSISTENT_LICENSING","PUTATIVE_TRANSCRIPTOMIC_LIGAND","HIGH_CONFIDENCE_SENDER_CANDIDATE","NO","ANNOTATION_ONLY_TRANSCRIPT_DOES_NOT_PROVE_SECRETION","YES","results/03_phase3/baseline/baseline_sender_robustness.csv|results/03_phase3/licensing/licensing_ligand_classification.csv|config/phase3_analysis.json",0.783594394064303
199,"NAALADL1","S2","HIGH_CONFIDENCE_SENDER_CANDIDATE_NOT_THERAPEUTIC","NicheNet lr_network_human_21122021.rds unique from","NicheNet human LR network 2021-12-21; Zenodo 7074291","NICHENET_AND_OMNIPATH_MAPPED",1,22,"NO","YES","NO","YES","NO_OMNIPATH_SECRETED_ANNOTATION","Cellinker;LOCATE;OmniPath;Ramilowski_location;scConnect;Surfaceome;TopDB;UniProt_keyword;UniProt_location;UniProt_topology","47c971d2fbba4ecd0ba7485d1846a74054432a0d1a97ea3e6a79ae27d0da8094","5e4142df024fd4d5d64cc667299364982a51176076ae6a69e1069425530afafa","FROZEN_BEFORE_EXPRESSION_OUTCOMES","https://zenodo.org/records/7074291|https://omnipathdb.org/intercell",2,4,6,2,4,19.0567764244559,10.4867192522632,0.360018439989321,0.151593843452117,0.846380471380472,0.782357790601814,0.485144510560255,"NO","ROBUST_BASELINE_SENDER",0.846380471380472,0.818602693602694,0.0277777777777779,"NO_LARGE_CONTEXT_SHIFT","GSE182158 2/2 plus GSE199071 >=3/4 donor support; CPM>=1 and expressing fraction>=0.10","DESCRIPTIVE_ONLY_NOT_CAUSAL_NOT_REQUIRED_FOR_ROBUSTNESS","results/03_phase3/baseline/baseline_ligand_expression_by_donor.csv|config/phase3_analysis.json","YES",-0.303077486758772,-0.486353411393133,-1.79094301529024,0.818236192503977,-0.394715449075953,0.394715449075953,"NO","PASSAGE_DEPENDENT","donor/passage rules frozen before outcomes; no cell-level P value","results/03_phase3/licensing/licensing_effect_by_donor_passage.csv|config/phase3_analysis.json","ROBUST_BASELINE_NO_CONSISTENT_LICENSING","PUTATIVE_TRANSCRIPTOMIC_LIGAND","HIGH_CONFIDENCE_SENDER_CANDIDATE","NO","ANNOTATION_ONLY_TRANSCRIPT_DOES_NOT_PROVE_SECRETION","YES","results/03_phase3/baseline/baseline_sender_robustness.csv|results/03_phase3/licensing/licensing_ligand_classification.csv|config/phase3_analysis.json",0.782357790601814
200,"VSIG10","S2","HIGH_CONFIDENCE_SENDER_CANDIDATE_NOT_THERAPEUTIC","NicheNet lr_network_human_21122021.rds unique from","NicheNet human LR network 2021-12-21; Zenodo 7074291","NICHENET_AND_OMNIPATH_MAPPED",1,23,"NO","YES","NO","NO","NO_OMNIPATH_SECRETED_ANNOTATION","Almen2009;Cellinker;ComPPI;CSPA;LOCATE;Membranome;OmniPath;Phobius;Ramilowski_location;Surfaceome;UniProt_keyword;UniProt_location;UniProt_topology","47c971d2fbba4ecd0ba7485d1846a74054432a0d1a97ea3e6a79ae27d0da8094","5e4142df024fd4d5d64cc667299364982a51176076ae6a69e1069425530afafa","FROZEN_BEFORE_EXPRESSION_OUTCOMES","https://zenodo.org/records/7074291|https://omnipathdb.org/intercell",2,4,6,2,4,6.71052366802438,10.2727578333464,0.150534983364528,0.149835116898347,0.781986531986532,0.785243198680956,0.318348151800158,"NO","ROBUST_BASELINE_SENDER",0.781986531986532,0.760521885521886,0.0214646464646465,"NO_LARGE_CONTEXT_SHIFT","GSE182158 2/2 plus GSE199071 >=3/4 donor support; CPM>=1 and expressing fraction>=0.10","DESCRIPTIVE_ONLY_NOT_CAUSAL_NOT_REQUIRED_FOR_ROBUSTNESS","results/03_phase3/baseline/baseline_ligand_expression_by_donor.csv|config/phase3_analysis.json","YES",-0.432925421259595,-1.10083491437794,-1.01161073093972,-1.19005909781616,-0.766880167818769,0.766880167818769,"YES","NO_CLEAR_LICENSING_EFFECT","donor/passage rules frozen before outcomes; no cell-level P value","results/03_phase3/licensing/licensing_effect_by_donor_passage.csv|config/phase3_analysis.json","ROBUST_BASELINE_NO_CONSISTENT_LICENSING","PUTATIVE_TRANSCRIPTOMIC_LIGAND","HIGH_CONFIDENCE_SENDER_CANDIDATE","NO","ANNOTATION_ONLY_TRANSCRIPT_DOES_NOT_PROVE_SECRETION","YES","results/03_phase3/baseline/baseline_sender_robustness.csv|results/03_phase3/licensing/licensing_ligand_classification.csv|config/phase3_analysis.json",0.781986531986532
201,"LRCH4","S2","HIGH_CONFIDENCE_SENDER_CANDIDATE_NOT_THERAPEUTIC","NicheNet lr_network_human_21122021.rds unique from","NicheNet human LR network 2021-12-21; Zenodo 7074291","NICHENET_AND_OMNIPATH_MAPPED",1,18,"NO","NO","NO","NO","NO_OMNIPATH_SECRETED_ANNOTATION","Almen2009;ComPPI;GO_Intercell;LOCATE;Membranome;OmniPath;Phobius;Ramilowski_location;UniProt_keyword;UniProt_location;UniProt_topology","47c971d2fbba4ecd0ba7485d1846a74054432a0d1a97ea3e6a79ae27d0da8094","5e4142df024fd4d5d64cc667299364982a51176076ae6a69e1069425530afafa","FROZEN_BEFORE_EXPRESSION_OUTCOMES","https://zenodo.org/records/7074291|https://omnipathdb.org/intercell",2,4,6,2,4,8.10825683136648,8.89101644703191,0.179963251360313,0.120582195740434,0.79503367003367,0.780502885408079,0.232548658172815,"NO","ROBUST_BASELINE_SENDER",0.79503367003367,0.762205387205387,0.0328282828282828,"NO_LARGE_CONTEXT_SHIFT","GSE182158 2/2 plus GSE199071 >=3/4 donor support; CPM>=1 and expressing fraction>=0.10","DESCRIPTIVE_ONLY_NOT_CAUSAL_NOT_REQUIRED_FOR_ROBUSTNESS","results/03_phase3/baseline/baseline_ligand_expression_by_donor.csv|config/phase3_analysis.json","YES",0.207129378474307,0.659880555915081,1.21859588454754,0.101165227282619,0.433504967194694,0.433504967194694,"NO","PASSAGE_DEPENDENT","donor/passage rules frozen before outcomes; no cell-level P value","results/03_phase3/licensing/licensing_effect_by_donor_passage.csv|config/phase3_analysis.json","ROBUST_BASELINE_NO_CONSISTENT_LICENSING","PUTATIVE_TRANSCRIPTOMIC_LIGAND","HIGH_CONFIDENCE_SENDER_CANDIDATE","NO","ANNOTATION_ONLY_TRANSCRIPT_DOES_NOT_PROVE_SECRETION","YES","results/03_phase3/baseline/baseline_sender_robustness.csv|results/03_phase3/licensing/licensing_ligand_classification.csv|config/phase3_analysis.json",0.780502885408079
202,"GDF11","S2","HIGH_CONFIDENCE_SENDER_CANDIDATE_NOT_THERAPEUTIC","NicheNet lr_network_human_21122021.rds unique from","NicheNet human LR network 2021-12-21; Zenodo 7074291","NICHENET_AND_OMNIPATH_MAPPED",8,38,"YES","YES","YES","YES","OMNIPATH_SECRETED_ANNOTATION","Baccin2019;CellChatDB;Cellinker;CellPhoneDB;CellTalkDB;ComPPI;connectomeDB2020;ConnectomeDB2025;DGIdb;EMBRACE;GO_Intercell;HPA_secretome;ICELLNET;iTALK;LRdb;Matrisome;OmniPath;Ramilowski2015;SignaLink_function;talklr;UniProt_keyword;UniProt_location","47c971d2fbba4ecd0ba7485d1846a74054432a0d1a97ea3e6a79ae27d0da8094","5e4142df024fd4d5d64cc667299364982a51176076ae6a69e1069425530afafa","FROZEN_BEFORE_EXPRESSION_OUTCOMES","https://zenodo.org/records/7074291|https://omnipathdb.org/intercell",2,4,6,2,4,7.01984730441754,9.4200912868971,0.156613867610651,0.145409371196844,0.779040404040404,0.783388293487222,0.410654095152254,"NO","ROBUST_BASELINE_SENDER",0.779040404040404,0.772306397306397,0.00673400673400681,"NO_LARGE_CONTEXT_SHIFT","GSE182158 2/2 plus GSE199071 >=3/4 donor support; CPM>=1 and expressing fraction>=0.10","DESCRIPTIVE_ONLY_NOT_CAUSAL_NOT_REQUIRED_FOR_ROBUSTNESS","results/03_phase3/baseline/baseline_ligand_expression_by_donor.csv|config/phase3_analysis.json","YES",0.067833432486728,1.04794395954384,0.43383011620771,1.66205780287997,0.557888696015284,0.557888696015284,"YES","PASSAGE_DEPENDENT","donor/passage rules frozen before outcomes; no cell-level P value","results/03_phase3/licensing/licensing_effect_by_donor_passage.csv|config/phase3_analysis.json","ROBUST_BASELINE_NO_CONSISTENT_LICENSING","PUTATIVE_TRANSCRIPTOMIC_LIGAND","HIGH_CONFIDENCE_SENDER_CANDIDATE","NO","ANNOTATION_ONLY_TRANSCRIPT_DOES_NOT_PROVE_SECRETION","YES","results/03_phase3/baseline/baseline_sender_robustness.csv|results/03_phase3/licensing/licensing_ligand_classification.csv|config/phase3_analysis.json",0.779040404040404
203,"SIRPA","S2","HIGH_CONFIDENCE_SENDER_CANDIDATE_NOT_THERAPEUTIC","NicheNet lr_network_human_21122021.rds unique from","NicheNet human LR network 2021-12-21; Zenodo 7074291","NICHENET_AND_OMNIPATH_MAPPED",5,46,"YES","YES","NO","YES","NO_OMNIPATH_SECRETED_ANNOTATION","Adhesome;Cellinker;CellPhoneDB;CellTalkDB;ComPPI;connectomeDB2020;ConnectomeDB2025;CSPA;GO_Intercell;Guide2Pharma;HGNC;ICELLNET;iTALK;LOCATE;LRdb;Membranome;OmniPath;Phobius;Ramilowski_location;scConnect;Surfaceome;TopDB;UniProt_keyword;UniProt_location;UniProt_topology","47c971d2fbba4ecd0ba7485d1846a74054432a0d1a97ea3e6a79ae27d0da8094","5e4142df024fd4d5d64cc667299364982a51176076ae6a69e1069425530afafa","FROZEN_BEFORE_EXPRESSION_OUTCOMES","https://zenodo.org/records/7074291|https://omnipathdb.org/intercell",2,4,6,2,4,6.4988897948405,16.8869960630452,0.14682948557954,0.23537543106577,0.778198653198653,0.815746084089035,0.651188882956661,"NO","ROBUST_BASELINE_SENDER",0.778198653198653,0.758838383838384,0.0193602693602692,"NO_LARGE_CONTEXT_SHIFT","GSE182158 2/2 plus GSE199071 >=3/4 donor support; CPM>=1 and expressing fraction>=0.10","DESCRIPTIVE_ONLY_NOT_CAUSAL_NOT_REQUIRED_FOR_ROBUSTNESS","results/03_phase3/baseline/baseline_ligand_expression_by_donor.csv|config/phase3_analysis.json","YES",-0.808665079177038,-0.201910586957792,-0.0556159914530889,-0.348205182462496,-0.505287833067415,0.505287833067415,"YES","NO_CLEAR_LICENSING_EFFECT","donor/passage rules frozen before outcomes; no cell-level P value","results/03_phase3/licensing/licensing_effect_by_donor_passage.csv|config/phase3_analysis.json","ROBUST_BASELINE_NO_CONSISTENT_LICENSING","PUTATIVE_TRANSCRIPTOMIC_LIGAND","HIGH_CONFIDENCE_SENDER_CANDIDATE","NO","ANNOTATION_ONLY_TRANSCRIPT_DOES_NOT_PROVE_SECRETION","YES","results/03_phase3/baseline/baseline_sender_robustness.csv|results/03_phase3/licensing/licensing_ligand_classification.csv|config/phase3_analysis.json",0.778198653198653
204,"ZDHHC5","S2","HIGH_CONFIDENCE_SENDER_CANDIDATE_NOT_THERAPEUTIC","NicheNet lr_network_human_21122021.rds unique from","NicheNet human LR network 2021-12-21; Zenodo 7074291","NICHENET_AND_OMNIPATH_MAPPED",1,18,"NO","YES","NO","NO","NO_OMNIPATH_SECRETED_ANNOTATION","ComPPI;CSPA;GO_Intercell;OmniPath;Phobius;Ramilowski_location;Surfaceome;UniProt_keyword;UniProt_location;UniProt_topology","47c971d2fbba4ecd0ba7485d1846a74054432a0d1a97ea3e6a79ae27d0da8094","5e4142df024fd4d5d64cc667299364982a51176076ae6a69e1069425530afafa","FROZEN_BEFORE_EXPRESSION_OUTCOMES","https://zenodo.org/records/7074291|https://omnipathdb.org/intercell",2,4,6,2,4,6.1563057513746,25.4578567078943,0.139761416021792,0.340038708283435,0.773989898989899,0.846455070074196,1.03018194922584,"NO","ROBUST_BASELINE_SENDER",0.773989898989899,0.758838383838384,0.0151515151515151,"NO_LARGE_CONTEXT_SHIFT","GSE182158 2/2 plus GSE199071 >=3/4 donor support; CPM>=1 and expressing fraction>=0.10","DESCRIPTIVE_ONLY_NOT_CAUSAL_NOT_REQUIRED_FOR_ROBUSTNESS","results/03_phase3/baseline/baseline_ligand_expression_by_donor.csv|config/phase3_analysis.json","YES",-0.453699781117512,0.291999420566833,-0.487919973928991,1.07191881506266,-0.0808501802753399,0.372849600842172,"YES","PASSAGE_DEPENDENT","donor/passage rules frozen before outcomes; no cell-level P value","results/03_phase3/licensing/licensing_effect_by_donor_passage.csv|config/phase3_analysis.json","ROBUST_BASELINE_NO_CONSISTENT_LICENSING","PUTATIVE_TRANSCRIPTOMIC_LIGAND","HIGH_CONFIDENCE_SENDER_CANDIDATE","NO","ANNOTATION_ONLY_TRANSCRIPT_DOES_NOT_PROVE_SECRETION","YES","results/03_phase3/baseline/baseline_sender_robustness.csv|results/03_phase3/licensing/licensing_ligand_classification.csv|config/phase3_analysis.json",0.773989898989899
205,"LRFN4","S2","HIGH_CONFIDENCE_SENDER_CANDIDATE_NOT_THERAPEUTIC","NicheNet lr_network_human_21122021.rds unique from","NicheNet human LR network 2021-12-21; Zenodo 7074291","NICHENET_AND_OMNIPATH_MAPPED",2,33,"YES","YES","NO","NO","NO_OMNIPATH_SECRETED_ANNOTATION","Almen2009;CellChatDB;Cellinker;CellPhoneDB;ConnectomeDB2025;HGNC;ICELLNET;Membranome;OmniPath;Phobius;Ramilowski_location;Surfaceome;UniProt_keyword;UniProt_location;UniProt_topology;Zhong2015","47c971d2fbba4ecd0ba7485d1846a74054432a0d1a97ea3e6a79ae27d0da8094","5e4142df024fd4d5d64cc667299364982a51176076ae6a69e1069425530afafa","FROZEN_BEFORE_EXPRESSION_OUTCOMES","https://zenodo.org/records/7074291|https://omnipathdb.org/intercell",2,4,6,2,4,6.28445625107513,15.3984905346589,0.139967530622274,0.207336475368869,0.773148148148148,0.809150865622424,0.670547387944938,"NO","ROBUST_BASELINE_SENDER",0.773148148148148,0.728535353535354,0.0446127946127947,"NO_LARGE_CONTEXT_SHIFT","GSE182158 2/2 plus GSE199071 >=3/4 donor support; CPM>=1 and expressing fraction>=0.10","DESCRIPTIVE_ONLY_NOT_CAUSAL_NOT_REQUIRED_FOR_ROBUSTNESS","results/03_phase3/baseline/baseline_ligand_expression_by_donor.csv|config/phase3_analysis.json","YES",0.0615227148590389,-1.25819614694011,-0.502686329500485,-2.01370596437974,-0.598336716040536,0.659859430899575,"NO","PASSAGE_DEPENDENT","donor/passage rules frozen before outcomes; no cell-level P value","results/03_phase3/licensing/licensing_effect_by_donor_passage.csv|config/phase3_analysis.json","ROBUST_BASELINE_NO_CONSISTENT_LICENSING","PUTATIVE_TRANSCRIPTOMIC_LIGAND","HIGH_CONFIDENCE_SENDER_CANDIDATE","NO","ANNOTATION_ONLY_TRANSCRIPT_DOES_NOT_PROVE_SECRETION","YES","results/03_phase3/baseline/baseline_sender_robustness.csv|results/03_phase3/licensing/licensing_ligand_classification.csv|config/phase3_analysis.json",0.773148148148148
206,"ADGRE5","S2","HIGH_CONFIDENCE_SENDER_CANDIDATE_NOT_THERAPEUTIC","NicheNet lr_network_human_21122021.rds unique from","NicheNet human LR network 2021-12-21; Zenodo 7074291","NICHENET_AND_OMNIPATH_MAPPED",1,75,"YES","YES","YES","YES","OMNIPATH_SECRETED_ANNOTATION","Almen2009;CellCellInteractions;CellChatDB;Cellinker;CellPhoneDB;CellTalkDB;ComPPI;connectomeDB2020;ConnectomeDB2025;CSPA;DGIdb;GO_Intercell;GPCRdb;HGNC;HPA_secretome;HPMR;ICELLNET;iTALK;LOCATE;LRdb;OmniPath;Phobius;Ramilowski_location;Ramilowski2015;scConnect;Surfaceome;talklr;TopDB;UniProt_keyword;UniProt_location;UniProt_topology","47c971d2fbba4ecd0ba7485d1846a74054432a0d1a97ea3e6a79ae27d0da8094","5e4142df024fd4d5d64cc667299364982a51176076ae6a69e1069425530afafa","FROZEN_BEFORE_EXPRESSION_OUTCOMES","https://zenodo.org/records/7074291|https://omnipathdb.org/intercell",2,4,6,2,4,5.88168393908983,24.3575819326071,0.131223317297245,0.287877818883848,0.769781144781145,0.842539159109646,1.0000063708795,"NO","ROBUST_BASELINE_SENDER",0.769781144781145,0.814393939393939,-0.0446127946127947,"NO_LARGE_CONTEXT_SHIFT","GSE182158 2/2 plus GSE199071 >=3/4 donor support; CPM>=1 and expressing fraction>=0.10","DESCRIPTIVE_ONLY_NOT_CAUSAL_NOT_REQUIRED_FOR_ROBUSTNESS","results/03_phase3/baseline/baseline_ligand_expression_by_donor.csv|config/phase3_analysis.json","YES",-0.748540224692607,1.0275568054379,0.605628599575829,1.44948501129998,0.139508290372648,0.888048515065255,"YES","DONOR_DEPENDENT","donor/passage rules frozen before outcomes; no cell-level P value","results/03_phase3/licensing/licensing_effect_by_donor_passage.csv|config/phase3_analysis.json","ROBUST_BASELINE_NO_CONSISTENT_LICENSING","PUTATIVE_TRANSCRIPTOMIC_LIGAND","HIGH_CONFIDENCE_SENDER_CANDIDATE","NO","ANNOTATION_ONLY_TRANSCRIPT_DOES_NOT_PROVE_SECRETION","YES","results/03_phase3/baseline/baseline_sender_robustness.csv|results/03_phase3/licensing/licensing_ligand_classification.csv|config/phase3_analysis.json",0.769781144781145
207,"PLXNA1","S2","HIGH_CONFIDENCE_SENDER_CANDIDATE_NOT_THERAPEUTIC","NicheNet lr_network_human_21122021.rds unique from","NicheNet human LR network 2021-12-21; Zenodo 7074291","NICHENET_AND_OMNIPATH_MAPPED",3,62,"YES","YES","NO","YES","NO_OMNIPATH_SECRETED_ANNOTATION","Almen2009;Baccin2019;CellCellInteractions;CellChatDB;Cellinker;CellPhoneDB;CellTalkDB;ComPPI;connectomeDB2020;ConnectomeDB2025;CSPA;EMBRACE;GO_Intercell;HGNC;HPMR;ICELLNET;iTALK;LOCATE;LRdb;Matrisome;Membranome;OmniPath;Phobius;Ramilowski_location;Ramilowski2015;Surfaceome;talklr;TopDB;UniProt_keyword;UniProt_location;UniProt_topology","47c971d2fbba4ecd0ba7485d1846a74054432a0d1a97ea3e6a79ae27d0da8094","5e4142df024fd4d5d64cc667299364982a51176076ae6a69e1069425530afafa","FROZEN_BEFORE_EXPRESSION_OUTCOMES","https://zenodo.org/records/7074291|https://omnipathdb.org/intercell",2,4,6,2,4,5.65012253230222,13.7868260924982,0.12877960877548,0.198605787611927,0.767045454545455,0.800906842539159,0.608230959248246,"NO","ROBUST_BASELINE_SENDER",0.767045454545455,0.777777777777778,-0.0107323232323232,"NO_LARGE_CONTEXT_SHIFT","GSE182158 2/2 plus GSE199071 >=3/4 donor support; CPM>=1 and expressing fraction>=0.10","DESCRIPTIVE_ONLY_NOT_CAUSAL_NOT_REQUIRED_FOR_ROBUSTNESS","results/03_phase3/baseline/baseline_ligand_expression_by_donor.csv|config/phase3_analysis.json","YES",-0.0291742370791822,0.0130512835719203,0.574473053401229,-0.548370486257389,-0.00806147675363095,0.0211127603255513,"YES","PASSAGE_DEPENDENT","donor/passage rules frozen before outcomes; no cell-level P value","results/03_phase3/licensing/licensing_effect_by_donor_passage.csv|config/phase3_analysis.json","ROBUST_BASELINE_NO_CONSISTENT_LICENSING","PUTATIVE_TRANSCRIPTOMIC_LIGAND","HIGH_CONFIDENCE_SENDER_CANDIDATE","NO","ANNOTATION_ONLY_TRANSCRIPT_DOES_NOT_PROVE_SECRETION","YES","results/03_phase3/baseline/baseline_sender_robustness.csv|results/03_phase3/licensing/licensing_ligand_classification.csv|config/phase3_analysis.json",0.767045454545455
208,"AGRN","S2","HIGH_CONFIDENCE_SENDER_CANDIDATE_NOT_THERAPEUTIC","NicheNet lr_network_human_21122021.rds unique from","NicheNet human LR network 2021-12-21; Zenodo 7074291","NICHENET_AND_OMNIPATH_MAPPED",8,30,"YES","YES","YES","YES","OMNIPATH_SECRETED_ANNOTATION","CellChatDB;Cellinker;CellPhoneDB;ComPPI;connectomeDB2020;ConnectomeDB2025;GO_Intercell;HPA_secretome;HPMR;LOCATE;Matrisome;OmniPath;Ramilowski_location;UniProt_keyword;UniProt_location","47c971d2fbba4ecd0ba7485d1846a74054432a0d1a97ea3e6a79ae27d0da8094","5e4142df024fd4d5d64cc667299364982a51176076ae6a69e1069425530afafa","FROZEN_BEFORE_EXPRESSION_OUTCOMES","https://zenodo.org/records/7074291|https://omnipathdb.org/intercell",2,4,6,2,4,5.45728849431495,14.8526288182723,0.125469182547934,0.213997521716902,0.763888888888889,0.807914262159934,0.675847566826285,"NO","ROBUST_BASELINE_SENDER",0.763888888888889,0.727693602693603,0.0361952861952861,"NO_LARGE_CONTEXT_SHIFT","GSE182158 2/2 plus GSE199071 >=3/4 donor support; CPM>=1 and expressing fraction>=0.10","DESCRIPTIVE_ONLY_NOT_CAUSAL_NOT_REQUIRED_FOR_ROBUSTNESS","results/03_phase3/baseline/baseline_ligand_expression_by_donor.csv|config/phase3_analysis.json","YES",0.448558015955936,0.950547909282677,0.979719485195766,0.921376333369589,0.699552962619307,0.699552962619307,"NO","NO_CLEAR_LICENSING_EFFECT","donor/passage rules frozen before outcomes; no cell-level P value","results/03_phase3/licensing/licensing_effect_by_donor_passage.csv|config/phase3_analysis.json","ROBUST_BASELINE_NO_CONSISTENT_LICENSING","PUTATIVE_TRANSCRIPTOMIC_LIGAND","HIGH_CONFIDENCE_SENDER_CANDIDATE","NO","ANNOTATION_ONLY_TRANSCRIPT_DOES_NOT_PROVE_SECRETION","YES","results/03_phase3/baseline/baseline_sender_robustness.csv|results/03_phase3/licensing/licensing_ligand_classification.csv|config/phase3_analysis.json",0.763888888888889
209,"FGF7","S2","HIGH_CONFIDENCE_SENDER_CANDIDATE_NOT_THERAPEUTIC","NicheNet lr_network_human_21122021.rds unique from","NicheNet human LR network 2021-12-21; Zenodo 7074291","NICHENET_AND_OMNIPATH_MAPPED",5,47,"YES","YES","YES","YES","OMNIPATH_SECRETED_ANNOTATION","Baccin2019;CellCall;CellChatDB;Cellinker;CellPhoneDB;CellTalkDB;ComPPI;connectomeDB2020;ConnectomeDB2025;DGIdb;EMBRACE;GO_Intercell;HGNC;HPA_secretome;ICELLNET;iTALK;Kirouac2010;LOCATE;LRdb;Matrisome;MatrixDB;OmniPath;Ramilowski2015;SignaLink_function;talklr;UniProt_keyword;UniProt_location","47c971d2fbba4ecd0ba7485d1846a74054432a0d1a97ea3e6a79ae27d0da8094","5e4142df024fd4d5d64cc667299364982a51176076ae6a69e1069425530afafa","FROZEN_BEFORE_EXPRESSION_OUTCOMES","https://zenodo.org/records/7074291|https://omnipathdb.org/intercell",2,3,5,2,4,62.0592167467346,17.2767089117929,0.533682710874245,0.152438524932321,0.903198653198653,0.814097279472383,1.31282547484557,"YES","ROBUST_BASELINE_SENDER",0.903198653198653,0.965909090909091,-0.0627104377104378,"NO_LARGE_CONTEXT_SHIFT","GSE182158 2/2 plus GSE199071 >=3/4 donor support; CPM>=1 and expressing fraction>=0.10","DESCRIPTIVE_ONLY_NOT_CAUSAL_NOT_REQUIRED_FOR_ROBUSTNESS","results/03_phase3/baseline/baseline_ligand_expression_by_donor.csv|config/phase3_analysis.json","YES",-0.93949169227041,0.0450851489240726,-1.24692490295664,1.33709520080479,-0.447203271673169,0.492288420597241,"YES","PASSAGE_DEPENDENT","donor/passage rules frozen before outcomes; no cell-level P value","results/03_phase3/licensing/licensing_effect_by_donor_passage.csv|config/phase3_analysis.json","ROBUST_BASELINE_NO_CONSISTENT_LICENSING","PUTATIVE_TRANSCRIPTOMIC_LIGAND","HIGH_CONFIDENCE_SENDER_CANDIDATE","NO","ANNOTATION_ONLY_TRANSCRIPT_DOES_NOT_PROVE_SECRETION","YES","results/03_phase3/baseline/baseline_sender_robustness.csv|results/03_phase3/licensing/licensing_ligand_classification.csv|config/phase3_analysis.json",0.814097279472383
210,"EFEMP1","S2","HIGH_CONFIDENCE_SENDER_CANDIDATE_NOT_THERAPEUTIC","NicheNet lr_network_human_21122021.rds unique from","NicheNet human LR network 2021-12-21; Zenodo 7074291","NICHENET_AND_OMNIPATH_MAPPED",1,39,"YES","YES","YES","YES","OMNIPATH_SECRETED_ANNOTATION","Baccin2019;CellCellInteractions;Cellinker;CellTalkDB;connectomeDB2020;ConnectomeDB2025;DGIdb;EMBRACE;GO_Intercell;HGNC;HPA_secretome;ICELLNET;iTALK;LOCATE;LRdb;Matrisome;MatrixDB;OmniPath;Ramilowski2015;talklr;UniProt_keyword;UniProt_location","47c971d2fbba4ecd0ba7485d1846a74054432a0d1a97ea3e6a79ae27d0da8094","5e4142df024fd4d5d64cc667299364982a51176076ae6a69e1069425530afafa","FROZEN_BEFORE_EXPRESSION_OUTCOMES","https://zenodo.org/records/7074291|https://omnipathdb.org/intercell",2,3,5,2,4,70.7026442156753,16.6932624383846,0.576451490474264,0.199064160379257,0.888888888888889,0.81121187139324,1.28536820922593,"YES","ROBUST_BASELINE_SENDER",0.888888888888889,0.961700336700337,-0.0728114478114479,"NO_LARGE_CONTEXT_SHIFT","GSE182158 2/2 plus GSE199071 >=3/4 donor support; CPM>=1 and expressing fraction>=0.10","DESCRIPTIVE_ONLY_NOT_CAUSAL_NOT_REQUIRED_FOR_ROBUSTNESS","results/03_phase3/baseline/baseline_ligand_expression_by_donor.csv|config/phase3_analysis.json","YES",1.76023102665612,1.43012364527084,-1.35342173056537,4.21366902110705,1.59517733596348,1.59517733596348,"YES","PASSAGE_DEPENDENT","donor/passage rules frozen before outcomes; no cell-level P value","results/03_phase3/licensing/licensing_effect_by_donor_passage.csv|config/phase3_analysis.json","ROBUST_BASELINE_NO_CONSISTENT_LICENSING","PUTATIVE_TRANSCRIPTOMIC_LIGAND","HIGH_CONFIDENCE_SENDER_CANDIDATE","NO","ANNOTATION_ONLY_TRANSCRIPT_DOES_NOT_PROVE_SECRETION","YES","results/03_phase3/baseline/baseline_sender_robustness.csv|results/03_phase3/licensing/licensing_ligand_classification.csv|config/phase3_analysis.json",0.81121187139324
211,"BACE2","S2","HIGH_CONFIDENCE_SENDER_CANDIDATE_NOT_THERAPEUTIC","NicheNet lr_network_human_21122021.rds unique from","NicheNet human LR network 2021-12-21; Zenodo 7074291","NICHENET_AND_OMNIPATH_MAPPED",1,27,"NO","YES","NO","YES","NO_OMNIPATH_SECRETED_ANNOTATION","Almen2009;ComPPI;GO_Intercell;LOCATE;Membranome;OmniPath;Phobius;Ramilowski_location;scConnect;Surfaceome;TopDB;UniProt_keyword;UniProt_location;UniProt_topology","47c971d2fbba4ecd0ba7485d1846a74054432a0d1a97ea3e6a79ae27d0da8094","5e4142df024fd4d5d64cc667299364982a51176076ae6a69e1069425530afafa","FROZEN_BEFORE_EXPRESSION_OUTCOMES","https://zenodo.org/records/7074291|https://omnipathdb.org/intercell",2,3,5,2,4,25.7216554739309,9.61234664582826,0.412940122809087,0.149842201372053,0.85479797979798,0.78318219291014,1.03682524064542,"YES","ROBUST_BASELINE_SENDER",0.85479797979798,0.801767676767677,0.053030303030303,"NO_LARGE_CONTEXT_SHIFT","GSE182158 2/2 plus GSE199071 >=3/4 donor support; CPM>=1 and expressing fraction>=0.10","DESCRIPTIVE_ONLY_NOT_CAUSAL_NOT_REQUIRED_FOR_ROBUSTNESS","results/03_phase3/baseline/baseline_ligand_expression_by_donor.csv|config/phase3_analysis.json","YES",-0.291219399746392,0.118158149321807,0.151491067945686,0.0848252306979275,-0.0865306252122925,0.204688774534099,"YES","NO_CLEAR_LICENSING_EFFECT","donor/passage rules frozen before outcomes; no cell-level P value","results/03_phase3/licensing/licensing_effect_by_donor_passage.csv|config/phase3_analysis.json","ROBUST_BASELINE_NO_CONSISTENT_LICENSING","PUTATIVE_TRANSCRIPTOMIC_LIGAND","HIGH_CONFIDENCE_SENDER_CANDIDATE","NO","ANNOTATION_ONLY_TRANSCRIPT_DOES_NOT_PROVE_SECRETION","YES","results/03_phase3/baseline/baseline_sender_robustness.csv|results/03_phase3/licensing/licensing_ligand_classification.csv|config/phase3_analysis.json",0.78318219291014
212,"COL16A1","S2","HIGH_CONFIDENCE_SENDER_CANDIDATE_NOT_THERAPEUTIC","NicheNet lr_network_human_21122021.rds unique from","NicheNet human LR network 2021-12-21; Zenodo 7074291","NICHENET_AND_OMNIPATH_MAPPED",5,21,"YES","YES","YES","YES","OMNIPATH_SECRETED_ANNOTATION","CellPhoneDB;CellTalkDB;ComPPI;GO_Intercell;HPA_secretome;ICELLNET;LOCATE;Matrisome;OmniPath;Ramilowski_location;UniProt_keyword;UniProt_location","47c971d2fbba4ecd0ba7485d1846a74054432a0d1a97ea3e6a79ae27d0da8094","5e4142df024fd4d5d64cc667299364982a51176076ae6a69e1069425530afafa","FROZEN_BEFORE_EXPRESSION_OUTCOMES","https://zenodo.org/records/7074291|https://omnipathdb.org/intercell",2,3,5,2,4,19.7624721875796,8.72163415468931,0.371193259780334,0.114913711382461,0.851851851851852,0.779472382522671,0.720877501559782,"NO","ROBUST_BASELINE_SENDER",0.851851851851852,0.832912457912458,0.0189393939393939,"NO_LARGE_CONTEXT_SHIFT","GSE182158 2/2 plus GSE199071 >=3/4 donor support; CPM>=1 and expressing fraction>=0.10","DESCRIPTIVE_ONLY_NOT_CAUSAL_NOT_REQUIRED_FOR_ROBUSTNESS","results/03_phase3/baseline/baseline_ligand_expression_by_donor.csv|config/phase3_analysis.json","YES",-0.0814011195939903,-0.224282038601326,-0.688898685444856,0.240334608242204,-0.152841579097658,0.152841579097658,"YES","PASSAGE_DEPENDENT","donor/passage rules frozen before outcomes; no cell-level P value","results/03_phase3/licensing/licensing_effect_by_donor_passage.csv|config/phase3_analysis.json","ROBUST_BASELINE_NO_CONSISTENT_LICENSING","PUTATIVE_TRANSCRIPTOMIC_LIGAND","HIGH_CONFIDENCE_SENDER_CANDIDATE","NO","ANNOTATION_ONLY_TRANSCRIPT_DOES_NOT_PROVE_SECRETION","YES","results/03_phase3/baseline/baseline_sender_robustness.csv|results/03_phase3/licensing/licensing_ligand_classification.csv|config/phase3_analysis.json",0.779472382522671
213,"EFNA4","S2","HIGH_CONFIDENCE_SENDER_CANDIDATE_NOT_THERAPEUTIC","NicheNet lr_network_human_21122021.rds unique from","NicheNet human LR network 2021-12-21; Zenodo 7074291","NICHENET_AND_OMNIPATH_MAPPED",9,50,"YES","YES","YES","YES","OMNIPATH_SECRETED_ANNOTATION","Almen2009;Baccin2019;CellCall;CellChatDB;Cellinker;CellPhoneDB;CellTalkDB;connectomeDB2020;ConnectomeDB2025;CSPA;EMBRACE;GO_Intercell;HGNC;HPA_secretome;ICELLNET;iTALK;LOCATE;LRdb;OmniPath;Phobius;Ramilowski_location;Ramilowski2015;SignaLink_function;Surfaceome;talklr;UniProt_keyword;UniProt_location","47c971d2fbba4ecd0ba7485d1846a74054432a0d1a97ea3e6a79ae27d0da8094","5e4142df024fd4d5d64cc667299364982a51176076ae6a69e1069425530afafa","FROZEN_BEFORE_EXPRESSION_OUTCOMES","https://zenodo.org/records/7074291|https://omnipathdb.org/intercell",2,3,5,2,4,13.2294944439493,9.22510653337786,0.274762825726579,0.142008216006681,0.826599326599327,0.779060181368508,0.349936824642571,"NO","ROBUST_BASELINE_SENDER",0.826599326599327,0.756734006734007,0.0698653198653199,"NO_LARGE_CONTEXT_SHIFT","GSE182158 2/2 plus GSE199071 >=3/4 donor support; CPM>=1 and expressing fraction>=0.10","DESCRIPTIVE_ONLY_NOT_CAUSAL_NOT_REQUIRED_FOR_ROBUSTNESS","results/03_phase3/baseline/baseline_ligand_expression_by_donor.csv|config/phase3_analysis.json","YES",-0.106542695730603,-1.04028268344347,-1.73678849457497,-0.343776872311966,-0.573412689587035,0.573412689587035,"YES","PASSAGE_DEPENDENT","donor/passage rules frozen before outcomes; no cell-level P value","results/03_phase3/licensing/licensing_effect_by_donor_passage.csv|config/phase3_analysis.json","ROBUST_BASELINE_NO_CONSISTENT_LICENSING","PUTATIVE_TRANSCRIPTOMIC_LIGAND","HIGH_CONFIDENCE_SENDER_CANDIDATE","NO","ANNOTATION_ONLY_TRANSCRIPT_DOES_NOT_PROVE_SECRETION","YES","results/03_phase3/baseline/baseline_sender_robustness.csv|results/03_phase3/licensing/licensing_ligand_classification.csv|config/phase3_analysis.json",0.779060181368508
214,"COL27A1","S2","HIGH_CONFIDENCE_SENDER_CANDIDATE_NOT_THERAPEUTIC","NicheNet lr_network_human_21122021.rds unique from","NicheNet human LR network 2021-12-21; Zenodo 7074291","NICHENET_AND_OMNIPATH_MAPPED",5,18,"YES","YES","YES","YES","OMNIPATH_SECRETED_ANNOTATION","CellPhoneDB;GO_Intercell;HPA_secretome;ICELLNET;LOCATE;Matrisome;OmniPath;Ramilowski_location;UniProt_keyword;UniProt_location","47c971d2fbba4ecd0ba7485d1846a74054432a0d1a97ea3e6a79ae27d0da8094","5e4142df024fd4d5d64cc667299364982a51176076ae6a69e1069425530afafa","FROZEN_BEFORE_EXPRESSION_OUTCOMES","https://zenodo.org/records/7074291|https://omnipathdb.org/intercell",2,3,5,2,4,7.77030905190128,6.88207361222573,0.169379536467415,0.110041846347329,0.789141414141414,0.760511129431162,0.280190254784127,"NO","ROBUST_BASELINE_SENDER",0.789141414141414,0.767255892255892,0.0218855218855218,"NO_LARGE_CONTEXT_SHIFT","GSE182158 2/2 plus GSE199071 >=3/4 donor support; CPM>=1 and expressing fraction>=0.10","DESCRIPTIVE_ONLY_NOT_CAUSAL_NOT_REQUIRED_FOR_ROBUSTNESS","results/03_phase3/baseline/baseline_ligand_expression_by_donor.csv|config/phase3_analysis.json","YES",0.06345804668088,0.557249290589886,0.566314762055549,0.548183819124224,0.310353668635383,0.310353668635383,"YES","NO_CLEAR_LICENSING_EFFECT","donor/passage rules frozen before outcomes; no cell-level P value","results/03_phase3/licensing/licensing_effect_by_donor_passage.csv|config/phase3_analysis.json","ROBUST_BASELINE_NO_CONSISTENT_LICENSING","PUTATIVE_TRANSCRIPTOMIC_LIGAND","HIGH_CONFIDENCE_SENDER_CANDIDATE","NO","ANNOTATION_ONLY_TRANSCRIPT_DOES_NOT_PROVE_SECRETION","YES","results/03_phase3/baseline/baseline_sender_robustness.csv|results/03_phase3/licensing/licensing_ligand_classification.csv|config/phase3_analysis.json",0.760511129431162
