"gene","gene_measured","donor1_effect","donor2_effect","donor2_p2_effect","donor2_p5_effect","median_donor_effect","absolute_median_donor_effect","retained_after_stimulation_all_strata","licensing_classification","classification_rule","source_url"
"A2M","YES",0.852035305121114,-0.00681623623362039,0,-0.0136324724672408,0.422609534443747,0.429425770677367,"NO","DONOR_DEPENDENT","donor/passage rules frozen before outcomes; no cell-level P value","results/03_phase3/licensing/licensing_effect_by_donor_passage.csv|config/phase3_analysis.json"
"AANAT","YES",0.0475992051168965,0.381783979275788,0.736831780242722,0.0267361783088535,0.214691592196342,0.214691592196342,"NO","NO_CLEAR_LICENSING_EFFECT","donor/passage rules frozen before outcomes; no cell-level P value","results/03_phase3/licensing/licensing_effect_by_donor_passage.csv|config/phase3_analysis.json"
"ABCA1","YES",-0.0234782968665797,0.0195662620413287,-0.526696692422312,0.565829216504969,-0.00195601741262551,0.0215222794539542,"YES","PASSAGE_DEPENDENT","donor/passage rules frozen before outcomes; no cell-level P value","results/03_phase3/licensing/licensing_effect_by_donor_passage.csv|config/phase3_analysis.json"
"ACE","YES",0.0708225545519169,-0.00326828386963784,-0.00653656773927568,0,0.0337771353411395,0.0370454192107774,"NO","NO_CLEAR_LICENSING_EFFECT","donor/passage rules frozen before outcomes; no cell-level P value","results/03_phase3/licensing/licensing_effect_by_donor_passage.csv|config/phase3_analysis.json"
"ACE2","YES",0.00603649583691562,0.498221267526578,0.996442535053156,0,0.252128881681747,0.252128881681747,"NO","NO_CLEAR_LICENSING_EFFECT","donor/passage rules frozen before outcomes; no cell-level P value","results/03_phase3/licensing/licensing_effect_by_donor_passage.csv|config/phase3_analysis.json"
"ACP4","NO",,,,,,,"NO","NO_CLEAR_LICENSING_EFFECT","donor/passage rules frozen before outcomes; no cell-level P value","results/03_phase3/licensing/licensing_effect_by_donor_passage.csv|config/phase3_analysis.json"
"ADAM10","YES",-0.336953253853054,-0.0193857569535209,-0.158674356434356,0.119902842527314,-0.178169505403287,0.178169505403287,"YES","NO_CLEAR_LICENSING_EFFECT","donor/passage rules frozen before outcomes; no cell-level P value","results/03_phase3/licensing/licensing_effect_by_donor_passage.csv|config/phase3_analysis.json"
"ADAM11","YES",-0.997751094122664,-0.00341616917788391,0,-0.00683233835576781,-0.500583631650274,0.500583631650274,"NO","NO_CLEAR_LICENSING_EFFECT","donor/passage rules frozen before outcomes; no cell-level P value","results/03_phase3/licensing/licensing_effect_by_donor_passage.csv|config/phase3_analysis.json"
"ADAM12","YES",0.915910064992869,1.47858589793788,1.08967338377978,1.86749841209598,1.19724798146537,1.19724798146537,"YES","LICENSING_CONSISTENT_UP","donor/passage rules frozen before outcomes; no cell-level P value","results/03_phase3/licensing/licensing_effect_by_donor_passage.csv|config/phase3_analysis.json"
"ADAM15","YES",0.0968846307875561,0.95439962657968,1.68927894305923,0.21952031010013,0.525642128683618,0.525642128683618,"NO","PASSAGE_DEPENDENT","donor/passage rules frozen before outcomes; no cell-level P value","results/03_phase3/licensing/licensing_effect_by_donor_passage.csv|config/phase3_analysis.json"
"ADAM17","YES",0.456148908212586,0.314865628322489,0.5344417982875,0.0952894583574785,0.385507268267538,0.385507268267538,"YES","NO_CLEAR_LICENSING_EFFECT","donor/passage rules frozen before outcomes; no cell-level P value","results/03_phase3/licensing/licensing_effect_by_donor_passage.csv|config/phase3_analysis.json"
"ADAM2","YES",0,0,0,0,0,0,"NO","NO_CLEAR_LICENSING_EFFECT","donor/passage rules frozen before outcomes; no cell-level P value","results/03_phase3/licensing/licensing_effect_by_donor_passage.csv|config/phase3_analysis.json"
"ADAM20","YES",-0.785634159884842,-0.470692114578338,-1.05427018361633,0.112885954459652,-0.62816313723159,0.62816313723159,"NO","PASSAGE_DEPENDENT","donor/passage rules frozen before outcomes; no cell-level P value","results/03_phase3/licensing/licensing_effect_by_donor_passage.csv|config/phase3_analysis.json"
"ADAM21","YES",0.00603649583691562,-0.393970027416466,-0.787940054832932,0,-0.193966765789775,0.200003261626691,"NO","NO_CLEAR_LICENSING_EFFECT","donor/passage rules frozen before outcomes; no cell-level P value","results/03_phase3/licensing/licensing_effect_by_donor_passage.csv|config/phase3_analysis.json"
"ADAM23","YES",-2.29864956491495,-1.27992915211735,-1.35589352740817,-1.20396477682652,-1.78928935851615,1.78928935851615,"YES","LICENSING_CONSISTENT_DOWN","donor/passage rules frozen before outcomes; no cell-level P value","results/03_phase3/licensing/licensing_effect_by_donor_passage.csv|config/phase3_analysis.json"
"ADAM28","YES",5.06251293400625,1.56199698745727,2.4472242045292,0.676769770385346,3.31225496073176,3.31225496073176,"NO","PASSAGE_DEPENDENT","donor/passage rules frozen before outcomes; no cell-level P value","results/03_phase3/licensing/licensing_effect_by_donor_passage.csv|config/phase3_analysis.json"
"ADAM29","YES",0,0,0,0,0,0,"NO","NO_CLEAR_LICENSING_EFFECT","donor/passage rules frozen before outcomes; no cell-level P value","results/03_phase3/licensing/licensing_effect_by_donor_passage.csv|config/phase3_analysis.json"
"ADAM7","YES",0,0,0,0,0,0,"NO","NO_CLEAR_LICENSING_EFFECT","donor/passage rules frozen before outcomes; no cell-level P value","results/03_phase3/licensing/licensing_effect_by_donor_passage.csv|config/phase3_analysis.json"
"ADAM9","YES",-0.732353911720597,-0.284109666360001,-0.443651066043813,-0.124568266676189,-0.508231789040299,0.508231789040299,"YES","NO_CLEAR_LICENSING_EFFECT","donor/passage rules frozen before outcomes; no cell-level P value","results/03_phase3/licensing/licensing_effect_by_donor_passage.csv|config/phase3_analysis.json"
"ADAMTS3","YES",-0.298676135146208,0.303180997049209,-0.201308945238828,0.807670939337246,0.00225243095150052,0.300928566097708,"YES","PASSAGE_DEPENDENT","donor/passage rules frozen before outcomes; no cell-level P value","results/03_phase3/licensing/licensing_effect_by_donor_passage.csv|config/phase3_analysis.json"
"ADCYAP1","YES",0,0.11262197339809,0.225243946796179,0,0.0563109866990448,0.0563109866990448,"NO","NO_CLEAR_LICENSING_EFFECT","donor/passage rules frozen before outcomes; no cell-level P value","results/03_phase3/licensing/licensing_effect_by_donor_passage.csv|config/phase3_analysis.json"
"ADGRB1","YES",-0.000255330332106226,-0.0101469832775985,-0.00666149408795631,-0.0136324724672408,-0.00520115680485238,0.00520115680485238,"NO","NO_CLEAR_LICENSING_EFFECT","donor/passage rules frozen before outcomes; no cell-level P value","results/03_phase3/licensing/licensing_effect_by_donor_passage.csv|config/phase3_analysis.json"
"ADGRE5","YES",-0.748540224692607,1.0275568054379,0.605628599575829,1.44948501129998,0.139508290372648,0.888048515065255,"YES","DONOR_DEPENDENT","donor/passage rules frozen before outcomes; no cell-level P value","results/03_phase3/licensing/licensing_effect_by_donor_passage.csv|config/phase3_analysis.json"
"ADGRF5","YES",0.00603649583691562,0.00334599676899272,9.43089122314274e-05,0.00659768462575402,0.00469124630295417,0.00469124630295417,"NO","NO_CLEAR_LICENSING_EFFECT","donor/passage rules frozen before outcomes; no cell-level P value","results/03_phase3/licensing/licensing_effect_by_donor_passage.csv|config/phase3_analysis.json"
"ADIPOQ","YES",-0.00325790235559136,-0.164448022055921,0.00131205709462647,-0.330208101206468,-0.0838529622057562,0.0838529622057562,"YES","NO_CLEAR_LICENSING_EFFECT","donor/passage rules frozen before outcomes; no cell-level P value","results/03_phase3/licensing/licensing_effect_by_donor_passage.csv|config/phase3_analysis.json"
"ADM","YES",-0.592081548217246,0.815511531630756,0.171089609949571,1.45993345331194,0.111714991706755,0.703796539924001,"YES","PASSAGE_DEPENDENT","donor/passage rules frozen before outcomes; no cell-level P value","results/03_phase3/licensing/licensing_effect_by_donor_passage.csv|config/phase3_analysis.json"
"ADM2","YES",-0.145482072019944,-0.447849544687636,-1.41284451339145,0.517145424016181,-0.29666580835379,0.29666580835379,"NO","PASSAGE_DEPENDENT","donor/passage rules frozen before outcomes; no cell-level P value","results/03_phase3/licensing/licensing_effect_by_donor_passage.csv|config/phase3_analysis.json"
"AGRN","YES",0.448558015955936,0.950547909282677,0.979719485195766,0.921376333369589,0.699552962619307,0.699552962619307,"NO","NO_CLEAR_LICENSING_EFFECT","donor/passage rules frozen before outcomes; no cell-level P value","results/03_phase3/licensing/licensing_effect_by_donor_passage.csv|config/phase3_analysis.json"
"AGRP","YES",0,0.00337790150009381,0.00675580300018761,0,0.0016889507500469,0.0016889507500469,"NO","NO_CLEAR_LICENSING_EFFECT","donor/passage rules frozen before outcomes; no cell-level P value","results/03_phase3/licensing/licensing_effect_by_donor_passage.csv|config/phase3_analysis.json"
"AGT","YES",0,-0.00333074704397815,-0.00666149408795631,0,-0.00166537352198908,0.00166537352198908,"NO","NO_CLEAR_LICENSING_EFFECT","donor/passage rules frozen before outcomes; no cell-level P value","results/03_phase3/licensing/licensing_effect_by_donor_passage.csv|config/phase3_analysis.json"
"AHSG","YES",0,0,0,0,0,0,"NO","NO_CLEAR_LICENSING_EFFECT","donor/passage rules frozen before outcomes; no cell-level P value","results/03_phase3/licensing/licensing_effect_by_donor_passage.csv|config/phase3_analysis.json"
"AIMP1","YES",0.179449301136868,0.137061220587155,0.196366515884612,0.077755925289698,0.158255260862012,0.158255260862012,"YES","NO_CLEAR_LICENSING_EFFECT","donor/passage rules frozen before outcomes; no cell-level P value","results/03_phase3/licensing/licensing_effect_by_donor_passage.csv|config/phase3_analysis.json"
"ALB","YES",0,0.0841193338262546,-0.00666149408795631,0.174900161740465,0.0420596669131273,0.0420596669131273,"NO","NO_CLEAR_LICENSING_EFFECT","donor/passage rules frozen before outcomes; no cell-level P value","results/03_phase3/licensing/licensing_effect_by_donor_passage.csv|config/phase3_analysis.json"
"ALCAM","YES",0.0728908036673118,-0.0815708912131699,0.190635457479491,-0.35377723990583,-0.00434004377292903,0.0772308474402409,"YES","NO_CLEAR_LICENSING_EFFECT","donor/passage rules frozen before outcomes; no cell-level P value","results/03_phase3/licensing/licensing_effect_by_donor_passage.csv|config/phase3_analysis.json"
"ALKAL1","NO",,,,,,,"NO","NO_CLEAR_LICENSING_EFFECT","donor/passage rules frozen before outcomes; no cell-level P value","results/03_phase3/licensing/licensing_effect_by_donor_passage.csv|config/phase3_analysis.json"
"ALKAL2","NO",,,,,,,"NO","NO_CLEAR_LICENSING_EFFECT","donor/passage rules frozen before outcomes; no cell-level P value","results/03_phase3/licensing/licensing_effect_by_donor_passage.csv|config/phase3_analysis.json"
"ALOX5AP","YES",-0.0313093320425103,-0.912197224224714,-1.93475206560656,0.110357617157132,-0.471753278133612,0.471753278133612,"NO","PASSAGE_DEPENDENT","donor/passage rules frozen before outcomes; no cell-level P value","results/03_phase3/licensing/licensing_effect_by_donor_passage.csv|config/phase3_analysis.json"
"AMBN","YES",0,0,0,0,0,0,"NO","NO_CLEAR_LICENSING_EFFECT","donor/passage rules frozen before outcomes; no cell-level P value","results/03_phase3/licensing/licensing_effect_by_donor_passage.csv|config/phase3_analysis.json"
"AMELX","YES",0,0,0,0,0,0,"NO","NO_CLEAR_LICENSING_EFFECT","donor/passage rules frozen before outcomes; no cell-level P value","results/03_phase3/licensing/licensing_effect_by_donor_passage.csv|config/phase3_analysis.json"
"AMELY","YES",0,0,0,0,0,0,"NO","NO_CLEAR_LICENSING_EFFECT","donor/passage rules frozen before outcomes; no cell-level P value","results/03_phase3/licensing/licensing_effect_by_donor_passage.csv|config/phase3_analysis.json"
"AMH","YES",0.0120478390946361,0,0,0,0.00602391954731805,0.00602391954731805,"NO","NO_CLEAR_LICENSING_EFFECT","donor/passage rules frozen before outcomes; no cell-level P value","results/03_phase3/licensing/licensing_effect_by_donor_passage.csv|config/phase3_analysis.json"
"ANG","YES",-0.118292783923433,0.385337405683876,0.198221286595928,0.572453524771825,0.133522310880221,0.251815094803655,"NO","NO_CLEAR_LICENSING_EFFECT","donor/passage rules frozen before outcomes; no cell-level P value","results/03_phase3/licensing/licensing_effect_by_donor_passage.csv|config/phase3_analysis.json"
"ANGPT1","YES",-0.75618982030436,0.206371775241063,0.604714935271153,-0.191971384789026,-0.274909022531648,0.481280797772712,"YES","PASSAGE_DEPENDENT","donor/passage rules frozen before outcomes; no cell-level P value","results/03_phase3/licensing/licensing_effect_by_donor_passage.csv|config/phase3_analysis.json"
"ANGPT2","YES",0.857496365688252,0.0467454622440446,0.261522305380629,-0.168031380892539,0.452120913966148,0.452120913966148,"YES","NO_CLEAR_LICENSING_EFFECT","donor/passage rules frozen before outcomes; no cell-level P value","results/03_phase3/licensing/licensing_effect_by_donor_passage.csv|config/phase3_analysis.json"
"ANGPT4","YES",0,0,0,0,0,0,"NO","NO_CLEAR_LICENSING_EFFECT","donor/passage rules frozen before outcomes; no cell-level P value","results/03_phase3/licensing/licensing_effect_by_donor_passage.csv|config/phase3_analysis.json"
"ANGPTL1","YES",1.31085707541814,3.6962522045967,2.88163348930102,4.51087091989238,2.50355464000742,2.50355464000742,"YES","PASSAGE_DEPENDENT","donor/passage rules frozen before outcomes; no cell-level P value","results/03_phase3/licensing/licensing_effect_by_donor_passage.csv|config/phase3_analysis.json"
"ANGPTL2","YES",-1.05478115705699,0.227098061401157,-0.541648044651061,0.995844167453375,-0.413841547827916,0.640939609229073,"YES","PASSAGE_DEPENDENT","donor/passage rules frozen before outcomes; no cell-level P value","results/03_phase3/licensing/licensing_effect_by_donor_passage.csv|config/phase3_analysis.json"
"ANGPTL3","YES",-2.61373343609769,0.641292627060329,0.898543161320695,0.384042092799963,-0.986220404518681,1.62751303157901,"NO","DONOR_DEPENDENT","donor/passage rules frozen before outcomes; no cell-level P value","results/03_phase3/licensing/licensing_effect_by_donor_passage.csv|config/phase3_analysis.json"
"ANGPTL4","YES",2.73028881432663,1.42915423423933,-0.462248169400812,3.32055663787947,2.07972152428298,2.07972152428298,"NO","PASSAGE_DEPENDENT","donor/passage rules frozen before outcomes; no cell-level P value","results/03_phase3/licensing/licensing_effect_by_donor_passage.csv|config/phase3_analysis.json"
"ANGPTL5","YES",0,-0.117217745258204,-0.241166129431964,0.00673063891555701,-0.0586088726291018,0.0586088726291018,"NO","NO_CLEAR_LICENSING_EFFECT","donor/passage rules frozen before outcomes; no cell-level P value","results/03_phase3/licensing/licensing_effect_by_donor_passage.csv|config/phase3_analysis.json"
"ANGPTL6","YES",-0.715885232894246,0.00677153760586009,0.0135430752117202,0,-0.354556847644193,0.361328385250053,"NO","DONOR_DEPENDENT","donor/passage rules frozen before outcomes; no cell-level P value","results/03_phase3/licensing/licensing_effect_by_donor_passage.csv|config/phase3_analysis.json"
"ANGPTL7","YES",-0.0568964185882515,-0.0392397867335832,0.251084416454094,-0.329563989921261,-0.0480681026609174,0.0480681026609174,"NO","NO_CLEAR_LICENSING_EFFECT","donor/passage rules frozen before outcomes; no cell-level P value","results/03_phase3/licensing/licensing_effect_by_donor_passage.csv|config/phase3_analysis.json"
"ANOS1","YES",-0.266225968862091,-1.09378767918034,-1.96877838752885,-0.218796970831837,-0.680006824021218,0.680006824021218,"YES","PASSAGE_DEPENDENT","donor/passage rules frozen before outcomes; no cell-level P value","results/03_phase3/licensing/licensing_effect_by_donor_passage.csv|config/phase3_analysis.json"
"ANPEP","YES",1.24528165046885,0.604499731027313,-0.117164595833582,1.32616405788821,0.924890690748082,0.924890690748082,"YES","PASSAGE_DEPENDENT","donor/passage rules frozen before outcomes; no cell-level P value","results/03_phase3/licensing/licensing_effect_by_donor_passage.csv|config/phase3_analysis.json"
"ANTXR1","YES",0.0740606509044258,0.203261426716963,-0.396644518480639,0.803167371914565,0.138661038810694,0.138661038810694,"YES","PASSAGE_DEPENDENT","donor/passage rules frozen before outcomes; no cell-level P value","results/03_phase3/licensing/licensing_effect_by_donor_passage.csv|config/phase3_analysis.json"
"ANXA1","YES",-1.05330065759579,-0.53260973497042,-0.931108538141673,-0.134110931799166,-0.792955196283106,0.792955196283106,"YES","LICENSING_CONSISTENT_DOWN","donor/passage rules frozen before outcomes; no cell-level P value","results/03_phase3/licensing/licensing_effect_by_donor_passage.csv|config/phase3_analysis.json"
"ANXA2","YES",-0.465423864785498,-0.375604435040576,-0.268469501688552,-0.482739368392599,-0.420514149913037,0.420514149913037,"YES","NO_CLEAR_LICENSING_EFFECT","donor/passage rules frozen before outcomes; no cell-level P value","results/03_phase3/licensing/licensing_effect_by_donor_passage.csv|config/phase3_analysis.json"
"APELA","YES",-0.037903437012718,-0.070938701984464,-0.0456942863071151,-0.096183117661813,-0.054421069498591,0.054421069498591,"NO","NO_CLEAR_LICENSING_EFFECT","donor/passage rules frozen before outcomes; no cell-level P value","results/03_phase3/licensing/licensing_effect_by_donor_passage.csv|config/phase3_analysis.json"
"APLN","YES",-0.143911163287411,-0.342997946393348,0,-0.685995892786695,-0.243454554840379,0.243454554840379,"NO","NO_CLEAR_LICENSING_EFFECT","donor/passage rules frozen before outcomes; no cell-level P value","results/03_phase3/licensing/licensing_effect_by_donor_passage.csv|config/phase3_analysis.json"
"APOA1","YES",-0.0167829193876042,1.23539294478114,2.3182723545596,0.152513535002673,0.609305012696767,0.626087932084372,"NO","PASSAGE_DEPENDENT","donor/passage rules frozen before outcomes; no cell-level P value","results/03_phase3/licensing/licensing_effect_by_donor_passage.csv|config/phase3_analysis.json"
"APOA2","YES",-0.109256688230606,0,0,0,-0.054628344115303,0.054628344115303,"NO","NO_CLEAR_LICENSING_EFFECT","donor/passage rules frozen before outcomes; no cell-level P value","results/03_phase3/licensing/licensing_effect_by_donor_passage.csv|config/phase3_analysis.json"
"APOA4","YES",0,0,0,0,0,0,"NO","NO_CLEAR_LICENSING_EFFECT","donor/passage rules frozen before outcomes; no cell-level P value","results/03_phase3/licensing/licensing_effect_by_donor_passage.csv|config/phase3_analysis.json"
"APOA5","YES",0,0,0,0,0,0,"NO","NO_CLEAR_LICENSING_EFFECT","donor/passage rules frozen before outcomes; no cell-level P value","results/03_phase3/licensing/licensing_effect_by_donor_passage.csv|config/phase3_analysis.json"
"APOB","YES",0.00603649583691562,-0.0525736076231457,0.00681862346491724,-0.111965838711209,-0.0232685558931151,0.0293050517300307,"NO","NO_CLEAR_LICENSING_EFFECT","donor/passage rules frozen before outcomes; no cell-level P value","results/03_phase3/licensing/licensing_effect_by_donor_passage.csv|config/phase3_analysis.json"
"APOC1","YES",-0.576828163144373,-0.277535415387224,-0.217180166585451,-0.337890664188997,-0.427181789265799,0.427181789265799,"NO","NO_CLEAR_LICENSING_EFFECT","donor/passage rules frozen before outcomes; no cell-level P value","results/03_phase3/licensing/licensing_effect_by_donor_passage.csv|config/phase3_analysis.json"
"APOC2","YES",0,0,0,0,0,0,"NO","NO_CLEAR_LICENSING_EFFECT","donor/passage rules frozen before outcomes; no cell-level P value","results/03_phase3/licensing/licensing_effect_by_donor_passage.csv|config/phase3_analysis.json"
"APOC3","YES",0,0,0,0,0,0,"NO","NO_CLEAR_LICENSING_EFFECT","donor/passage rules frozen before outcomes; no cell-level P value","results/03_phase3/licensing/licensing_effect_by_donor_passage.csv|config/phase3_analysis.json"
"APOC4","YES",0,0,0,0,0,0,"NO","NO_CLEAR_LICENSING_EFFECT","donor/passage rules frozen before outcomes; no cell-level P value","results/03_phase3/licensing/licensing_effect_by_donor_passage.csv|config/phase3_analysis.json"
"APOD","YES",-0.290312273910604,-0.0967094129362348,-0.19341882587247,0,-0.193510843423419,0.193510843423419,"NO","NO_CLEAR_LICENSING_EFFECT","donor/passage rules frozen before outcomes; no cell-level P value","results/03_phase3/licensing/licensing_effect_by_donor_passage.csv|config/phase3_analysis.json"
"APOE","YES",0,0.106840354130604,0.206950069345652,0.00673063891555701,0.0534201770653021,0.0534201770653021,"NO","NO_CLEAR_LICENSING_EFFECT","donor/passage rules frozen before outcomes; no cell-level P value","results/03_phase3/licensing/licensing_effect_by_donor_passage.csv|config/phase3_analysis.json"
"APOO","YES",-0.481852950732597,0.198580049683905,0.523257597237432,-0.126097497869622,-0.141636450524346,0.340216500208251,"YES","PASSAGE_DEPENDENT","donor/passage rules frozen before outcomes; no cell-level P value","results/03_phase3/licensing/licensing_effect_by_donor_passage.csv|config/phase3_analysis.json"
"APP","YES",-0.00606792041885876,0.181574279310264,0.134894242208052,0.228254316412476,0.0877531794457028,0.0938210998645616,"YES","NO_CLEAR_LICENSING_EFFECT","donor/passage rules frozen before outcomes; no cell-level P value","results/03_phase3/licensing/licensing_effect_by_donor_passage.csv|config/phase3_analysis.json"
"AREG","YES",0.0350428733430633,-0.00341616917788391,0,-0.00683233835576781,0.0158133520825897,0.0192295212604736,"NO","NO_CLEAR_LICENSING_EFFECT","donor/passage rules frozen before outcomes; no cell-level P value","results/03_phase3/licensing/licensing_effect_by_donor_passage.csv|config/phase3_analysis.json"
"ARF1","YES",0.528128661308345,0.617322654434138,0.0562468524793689,1.17839845638891,0.572725657871241,0.572725657871241,"YES","PASSAGE_DEPENDENT","donor/passage rules frozen before outcomes; no cell-level P value","results/03_phase3/licensing/licensing_effect_by_donor_passage.csv|config/phase3_analysis.json"
"ARMH4","NO",,,,,,,"NO","NO_CLEAR_LICENSING_EFFECT","donor/passage rules frozen before outcomes; no cell-level P value","results/03_phase3/licensing/licensing_effect_by_donor_passage.csv|config/phase3_analysis.json"
"ARTN","YES",0,0,0,0,0,0,"NO","NO_CLEAR_LICENSING_EFFECT","donor/passage rules frozen before outcomes; no cell-level P value","results/03_phase3/licensing/licensing_effect_by_donor_passage.csv|config/phase3_analysis.json"
"ASIP","YES",0,0.256667763376506,0.135625078082867,0.377710448670145,0.128333881688253,0.128333881688253,"NO","NO_CLEAR_LICENSING_EFFECT","donor/passage rules frozen before outcomes; no cell-level P value","results/03_phase3/licensing/licensing_effect_by_donor_passage.csv|config/phase3_analysis.json"
"ATP1B1","YES",0.0770289178420312,-0.257150002306734,-0.582547742604046,0.0682477379905782,-0.0900605422323513,0.167089460074383,"YES","PASSAGE_DEPENDENT","donor/passage rules frozen before outcomes; no cell-level P value","results/03_phase3/licensing/licensing_effect_by_donor_passage.csv|config/phase3_analysis.json"
"AVP","YES",0,0,0,0,0,0,"NO","NO_CLEAR_LICENSING_EFFECT","donor/passage rules frozen before outcomes; no cell-level P value","results/03_phase3/licensing/licensing_effect_by_donor_passage.csv|config/phase3_analysis.json"
"AZGP1","YES",0.104971342930059,0,0,0,0.0524856714650294,0.0524856714650294,"NO","NO_CLEAR_LICENSING_EFFECT","donor/passage rules frozen before outcomes; no cell-level P value","results/03_phase3/licensing/licensing_effect_by_donor_passage.csv|config/phase3_analysis.json"
"B2M","YES",2.48487014412217,2.01063742488328,2.08771330456326,1.9335615452033,2.24775378450272,2.24775378450272,"YES","LICENSING_CONSISTENT_UP","donor/passage rules frozen before outcomes; no cell-level P value","results/03_phase3/licensing/licensing_effect_by_donor_passage.csv|config/phase3_analysis.json"
"BACE1","YES",-0.689539865955539,-0.112457576162013,-0.34663513034461,0.121719978020585,-0.400998721058776,0.400998721058776,"YES","NO_CLEAR_LICENSING_EFFECT","donor/passage rules frozen before outcomes; no cell-level P value","results/03_phase3/licensing/licensing_effect_by_donor_passage.csv|config/phase3_analysis.json"
"BACE2","YES",-0.291219399746392,0.118158149321807,0.151491067945686,0.0848252306979275,-0.0865306252122925,0.204688774534099,"YES","NO_CLEAR_LICENSING_EFFECT","donor/passage rules frozen before outcomes; no cell-level P value","results/03_phase3/licensing/licensing_effect_by_donor_passage.csv|config/phase3_analysis.json"
"BCAN","YES",0,-0.101794900941103,-0.428054949327187,0.22446514744498,-0.0508974504705517,0.0508974504705517,"NO","NO_CLEAR_LICENSING_EFFECT","donor/passage rules frozen before outcomes; no cell-level P value","results/03_phase3/licensing/licensing_effect_by_donor_passage.csv|config/phase3_analysis.json"
"BDNF","YES",-1.45673131889288,-0.253068648798393,-0.245733573894142,-0.260403723702643,-0.854899983845635,0.854899983845635,"YES","NO_CLEAR_LICENSING_EFFECT","donor/passage rules frozen before outcomes; no cell-level P value","results/03_phase3/licensing/licensing_effect_by_donor_passage.csv|config/phase3_analysis.json"
"BGN","YES",0.215507448342856,-0.742182469563274,-0.912930629400623,-0.571434309725924,-0.263337510610209,0.478844958953065,"YES","DONOR_DEPENDENT","donor/passage rules frozen before outcomes; no cell-level P value","results/03_phase3/licensing/licensing_effect_by_donor_passage.csv|config/phase3_analysis.json"
"BMP1","YES",-1.25339371074852,0.65550360053071,-0.107926734586905,1.41893393564832,-0.298945055108907,0.954448655639617,"YES","PASSAGE_DEPENDENT","donor/passage rules frozen before outcomes; no cell-level P value","results/03_phase3/licensing/licensing_effect_by_donor_passage.csv|config/phase3_analysis.json"
"BMP10","YES",0,-0.0102003522501456,0,-0.0204007045002911,-0.00510017612507278,0.00510017612507278,"NO","NO_CLEAR_LICENSING_EFFECT","donor/passage rules frozen before outcomes; no cell-level P value","results/03_phase3/licensing/licensing_effect_by_donor_passage.csv|config/phase3_analysis.json"
"BMP15","YES",0,0,0,0,0,0,"NO","NO_CLEAR_LICENSING_EFFECT","donor/passage rules frozen before outcomes; no cell-level P value","results/03_phase3/licensing/licensing_effect_by_donor_passage.csv|config/phase3_analysis.json"
"BMP2","YES",1.29677643638963,1.53758486371003,0.0627009604249194,3.01246876699513,1.41718065004983,1.41718065004983,"NO","PASSAGE_DEPENDENT","donor/passage rules frozen before outcomes; no cell-level P value","results/03_phase3/licensing/licensing_effect_by_donor_passage.csv|config/phase3_analysis.json"
"BMP3","YES",-0.296249183861574,-0.452664656738013,1.4030988906145,-2.30842820409053,-0.374456920299793,0.374456920299793,"NO","PASSAGE_DEPENDENT","donor/passage rules frozen before outcomes; no cell-level P value","results/03_phase3/licensing/licensing_effect_by_donor_passage.csv|config/phase3_analysis.json"
"BMP4","YES",-2.23857968334863,-1.51363136921381,-0.42682993214912,-2.6004328062785,-1.87610552628122,1.87610552628122,"NO","PASSAGE_DEPENDENT","donor/passage rules frozen before outcomes; no cell-level P value","results/03_phase3/licensing/licensing_effect_by_donor_passage.csv|config/phase3_analysis.json"
"BMP5","YES",-0.00629182616902173,0,0,0,-0.00314591308451086,0.00314591308451086,"NO","NO_CLEAR_LICENSING_EFFECT","donor/passage rules frozen before outcomes; no cell-level P value","results/03_phase3/licensing/licensing_effect_by_donor_passage.csv|config/phase3_analysis.json"
"BMP6","YES",-0.0187937530534137,-0.479038200137295,-2.18724821900255,1.22917181872796,-0.248915976595354,0.248915976595354,"NO","PASSAGE_DEPENDENT","donor/passage rules frozen before outcomes; no cell-level P value","results/03_phase3/licensing/licensing_effect_by_donor_passage.csv|config/phase3_analysis.json"
"BMP7","YES",0.035589784079724,0.0282099063489953,0.164996113980039,-0.108576301282048,0.0318998452143596,0.0318998452143596,"NO","NO_CLEAR_LICENSING_EFFECT","donor/passage rules frozen before outcomes; no cell-level P value","results/03_phase3/licensing/licensing_effect_by_donor_passage.csv|config/phase3_analysis.json"
"BMP8A","YES",0.138886791926116,-0.767220327409616,-0.502965375008154,-1.03147527981108,-0.31416676774175,0.453053559667866,"NO","DONOR_DEPENDENT","donor/passage rules frozen before outcomes; no cell-level P value","results/03_phase3/licensing/licensing_effect_by_donor_passage.csv|config/phase3_analysis.json"
"BMP8B","YES",-0.236166332104989,-0.0735470818514674,-0.13176290498379,-0.0153312587191448,-0.154856706978228,0.154856706978228,"NO","NO_CLEAR_LICENSING_EFFECT","donor/passage rules frozen before outcomes; no cell-level P value","results/03_phase3/licensing/licensing_effect_by_donor_passage.csv|config/phase3_analysis.json"
"BOC","YES",0.172550495637459,1.5658085804627,1.58932186783191,1.5422952930935,0.869179538050081,0.869179538050081,"NO","NO_CLEAR_LICENSING_EFFECT","donor/passage rules frozen before outcomes; no cell-level P value","results/03_phase3/licensing/licensing_effect_by_donor_passage.csv|config/phase3_analysis.json"
"BPI","YES",0,-0.00341616917788391,0,-0.00683233835576781,-0.00170808458894195,0.00170808458894195,"NO","NO_CLEAR_LICENSING_EFFECT","donor/passage rules frozen before outcomes; no cell-level P value","results/03_phase3/licensing/licensing_effect_by_donor_passage.csv|config/phase3_analysis.json"
"BST2","YES",5.92965448273803,6.90189325011844,6.33461221423989,7.46917428599699,6.41577386642824,6.41577386642824,"YES","PASSAGE_DEPENDENT","donor/passage rules frozen before outcomes; no cell-level P value","results/03_phase3/licensing/licensing_effect_by_donor_passage.csv|config/phase3_analysis.json"
"BTC","YES",1.86289291719744,1.4033721150604,1.37136874637013,1.43537548375066,1.63313251612892,1.63313251612892,"NO","LICENSING_CONSISTENT_UP","donor/passage rules frozen before outcomes; no cell-level P value","results/03_phase3/licensing/licensing_effect_by_donor_passage.csv|config/phase3_analysis.json"
"BTLA","YES",0,-0.0262250446536514,-0.0524500893073027,0,-0.0131125223268257,0.0131125223268257,"NO","NO_CLEAR_LICENSING_EFFECT","donor/passage rules frozen before outcomes; no cell-level P value","results/03_phase3/licensing/licensing_effect_by_donor_passage.csv|config/phase3_analysis.json"
"BTN1A1","YES",-0.00629182616902173,0.00337790150009381,0.00675580300018761,0,-0.00145696233446396,0.00483486383455777,"NO","NO_CLEAR_LICENSING_EFFECT","donor/passage rules frozen before outcomes; no cell-level P value","results/03_phase3/licensing/licensing_effect_by_donor_passage.csv|config/phase3_analysis.json"
"BTN2A1","YES",0.959234991603556,0.86024463080896,0.810074509529257,0.910414752088663,0.909739811206258,0.909739811206258,"YES","LICENSING_CONSISTENT_UP","donor/passage rules frozen before outcomes; no cell-level P value","results/03_phase3/licensing/licensing_effect_by_donor_passage.csv|config/phase3_analysis.json"
"BTNL8","YES",0.00603649583691562,-0.0135686661939507,0,-0.0271373323879013,-0.00376608517851752,0.00980258101543314,"NO","NO_CLEAR_LICENSING_EFFECT","donor/passage rules frozen before outcomes; no cell-level P value","results/03_phase3/licensing/licensing_effect_by_donor_passage.csv|config/phase3_analysis.json"
"BTNL9","YES",0.0057560129256143,-0.0100476797998308,-0.0198929101139427,-0.000202449485718946,-0.00214583343710827,0.00790184636272257,"NO","NO_CLEAR_LICENSING_EFFECT","donor/passage rules frozen before outcomes; no cell-level P value","results/03_phase3/licensing/licensing_effect_by_donor_passage.csv|config/phase3_analysis.json"
"C10orf99","YES",0,0,0,0,0,0,"NO","NO_CLEAR_LICENSING_EFFECT","donor/passage rules frozen before outcomes; no cell-level P value","results/03_phase3/licensing/licensing_effect_by_donor_passage.csv|config/phase3_analysis.json"
"C1QA","YES",0,0,0,0,0,0,"NO","NO_CLEAR_LICENSING_EFFECT","donor/passage rules frozen before outcomes; no cell-level P value","results/03_phase3/licensing/licensing_effect_by_donor_passage.csv|config/phase3_analysis.json"
"C1QB","YES",0,0,0,0,0,0,"NO","NO_CLEAR_LICENSING_EFFECT","donor/passage rules frozen before outcomes; no cell-level P value","results/03_phase3/licensing/licensing_effect_by_donor_passage.csv|config/phase3_analysis.json"
"C1QTNF1","YES",2.13910273813992,3.41255084384896,2.46170120482393,4.36340048287399,2.77582679099444,2.77582679099444,"YES","PASSAGE_DEPENDENT","donor/passage rules frozen before outcomes; no cell-level P value","results/03_phase3/licensing/licensing_effect_by_donor_passage.csv|config/phase3_analysis.json"
"C1QTNF5","YES",0,0,0,0,0,0,"NO","NO_CLEAR_LICENSING_EFFECT","donor/passage rules frozen before outcomes; no cell-level P value","results/03_phase3/licensing/licensing_effect_by_donor_passage.csv|config/phase3_analysis.json"
"C3","YES",0.392785065696382,1.07681469640165,-0.332907419729881,2.48653681253318,0.734799881049016,0.734799881049016,"NO","PASSAGE_DEPENDENT","donor/passage rules frozen before outcomes; no cell-level P value","results/03_phase3/licensing/licensing_effect_by_donor_passage.csv|config/phase3_analysis.json"
"C4A","YES",0,0,0,0,0,0,"NO","NO_CLEAR_LICENSING_EFFECT","donor/passage rules frozen before outcomes; no cell-level P value","results/03_phase3/licensing/licensing_effect_by_donor_passage.csv|config/phase3_analysis.json"
"C4BPA","YES",0,0,0,0,0,0,"NO","NO_CLEAR_LICENSING_EFFECT","donor/passage rules frozen before outcomes; no cell-level P value","results/03_phase3/licensing/licensing_effect_by_donor_passage.csv|config/phase3_analysis.json"
"C4B_2","YES",0,0,0,0,0,0,"NO","NO_CLEAR_LICENSING_EFFECT","donor/passage rules frozen before outcomes; no cell-level P value","results/03_phase3/licensing/licensing_effect_by_donor_passage.csv|config/phase3_analysis.json"
"C5","YES",-1.30751181175462,1.36348575129967,1.84613178644967,0.880839716149661,0.0279869697725234,1.33549878152714,"YES","DONOR_DEPENDENT","donor/passage rules frozen before outcomes; no cell-level P value","results/03_phase3/licensing/licensing_effect_by_donor_passage.csv|config/phase3_analysis.json"
"C6orf15","YES",0,0,0,0,0,0,"NO","NO_CLEAR_LICENSING_EFFECT","donor/passage rules frozen before outcomes; no cell-level P value","results/03_phase3/licensing/licensing_effect_by_donor_passage.csv|config/phase3_analysis.json"
"CA12","YES",0.595296424801546,-0.383565542691545,-0.401729000445905,-0.365402084937185,0.105865441055001,0.489430983746546,"YES","DONOR_DEPENDENT","donor/passage rules frozen before outcomes; no cell-level P value","results/03_phase3/licensing/licensing_effect_by_donor_passage.csv|config/phase3_analysis.json"
"CADM1","YES",0.115464541083418,1.67637228984373,0.952248900681491,2.40049567900598,0.895918415463576,0.895918415463576,"YES","PASSAGE_DEPENDENT","donor/passage rules frozen before outcomes; no cell-level P value","results/03_phase3/licensing/licensing_effect_by_donor_passage.csv|config/phase3_analysis.json"
"CADM2","YES",-0.0250043231958186,0.35778058725327,0.735973801433873,-0.0204126269273343,0.166388132028725,0.191392455224544,"NO","PASSAGE_DEPENDENT","donor/passage rules frozen before outcomes; no cell-level P value","results/03_phase3/licensing/licensing_effect_by_donor_passage.csv|config/phase3_analysis.json"
"CADM3","YES",0,0,0,0,0,0,"NO","NO_CLEAR_LICENSING_EFFECT","donor/passage rules frozen before outcomes; no cell-level P value","results/03_phase3/licensing/licensing_effect_by_donor_passage.csv|config/phase3_analysis.json"
"CADM4","YES",0.149280954116271,0.0330876393756228,0.0661752787512456,0,0.0911842967459468,0.0911842967459468,"NO","NO_CLEAR_LICENSING_EFFECT","donor/passage rules frozen before outcomes; no cell-level P value","results/03_phase3/licensing/licensing_effect_by_donor_passage.csv|config/phase3_analysis.json"
"CALCA","YES",0,0,0,0,0,0,"NO","NO_CLEAR_LICENSING_EFFECT","donor/passage rules frozen before outcomes; no cell-level P value","results/03_phase3/licensing/licensing_effect_by_donor_passage.csv|config/phase3_analysis.json"
"CALCB","YES",0,0,0,0,0,0,"NO","NO_CLEAR_LICENSING_EFFECT","donor/passage rules frozen before outcomes; no cell-level P value","results/03_phase3/licensing/licensing_effect_by_donor_passage.csv|config/phase3_analysis.json"
"CALM1","YES",-0.296950072818589,-0.399842687740532,-0.618784786115466,-0.180900589365599,-0.348396380279561,0.348396380279561,"YES","NO_CLEAR_LICENSING_EFFECT","donor/passage rules frozen before outcomes; no cell-level P value","results/03_phase3/licensing/licensing_effect_by_donor_passage.csv|config/phase3_analysis.json"
"CALM2","YES",0.054886146580849,-0.683904920204477,-0.959869493529564,-0.407940346879391,-0.314509386811814,0.369395533392663,"YES","DONOR_DEPENDENT","donor/passage rules frozen before outcomes; no cell-level P value","results/03_phase3/licensing/licensing_effect_by_donor_passage.csv|config/phase3_analysis.json"
"CALM3","YES",0.880751813976548,0.174268819940613,0.0062548934373174,0.342282746443909,0.527510316958581,0.527510316958581,"YES","NO_CLEAR_LICENSING_EFFECT","donor/passage rules frozen before outcomes; no cell-level P value","results/03_phase3/licensing/licensing_effect_by_donor_passage.csv|config/phase3_analysis.json"
"CALR","YES",0.298216489731092,-0.21965685479932,-0.0451763799764782,-0.394137329622163,0.039279817465886,0.258936672265206,"YES","NO_CLEAR_LICENSING_EFFECT","donor/passage rules frozen before outcomes; no cell-level P value","results/03_phase3/licensing/licensing_effect_by_donor_passage.csv|config/phase3_analysis.json"
"CAMP","YES",0,0,0,0,0,0,"NO","NO_CLEAR_LICENSING_EFFECT","donor/passage rules frozen before outcomes; no cell-level P value","results/03_phase3/licensing/licensing_effect_by_donor_passage.csv|config/phase3_analysis.json"
"CCK","YES",0,0,0,0,0,0,"NO","NO_CLEAR_LICENSING_EFFECT","donor/passage rules frozen before outcomes; no cell-level P value","results/03_phase3/licensing/licensing_effect_by_donor_passage.csv|config/phase3_analysis.json"
"CCL1","YES",0,0,0,0,0,0,"NO","NO_CLEAR_LICENSING_EFFECT","donor/passage rules frozen before outcomes; no cell-level P value","results/03_phase3/licensing/licensing_effect_by_donor_passage.csv|config/phase3_analysis.json"
"CCL11","YES",0,0,0,0,0,0,"NO","NO_CLEAR_LICENSING_EFFECT","donor/passage rules frozen before outcomes; no cell-level P value","results/03_phase3/licensing/licensing_effect_by_donor_passage.csv|config/phase3_analysis.json"
"CCL13","YES",1.5646736380568,0.265155842305107,0,0.530311684610215,0.914914740180954,0.914914740180954,"NO","NO_CLEAR_LICENSING_EFFECT","donor/passage rules frozen before outcomes; no cell-level P value","results/03_phase3/licensing/licensing_effect_by_donor_passage.csv|config/phase3_analysis.json"
"CCL14","YES",0,0,0,0,0,0,"NO","NO_CLEAR_LICENSING_EFFECT","donor/passage rules frozen before outcomes; no cell-level P value","results/03_phase3/licensing/licensing_effect_by_donor_passage.csv|config/phase3_analysis.json"
"CCL15","YES",0,0,0,0,0,0,"NO","NO_CLEAR_LICENSING_EFFECT","donor/passage rules frozen before outcomes; no cell-level P value","results/03_phase3/licensing/licensing_effect_by_donor_passage.csv|config/phase3_analysis.json"
"CCL16","YES",-0.0832028029051528,-0.182379553771068,-0.194209308844095,-0.170549798698042,-0.132791178338111,0.132791178338111,"NO","NO_CLEAR_LICENSING_EFFECT","donor/passage rules frozen before outcomes; no cell-level P value","results/03_phase3/licensing/licensing_effect_by_donor_passage.csv|config/phase3_analysis.json"
"CCL17","YES",0,0,0,0,0,0,"NO","NO_CLEAR_LICENSING_EFFECT","donor/passage rules frozen before outcomes; no cell-level P value","results/03_phase3/licensing/licensing_effect_by_donor_passage.csv|config/phase3_analysis.json"
"CCL18","YES",0,0,0,0,0,0,"NO","NO_CLEAR_LICENSING_EFFECT","donor/passage rules frozen before outcomes; no cell-level P value","results/03_phase3/licensing/licensing_effect_by_donor_passage.csv|config/phase3_analysis.json"
"CCL19","YES",0,0,0,0,0,0,"NO","NO_CLEAR_LICENSING_EFFECT","donor/passage rules frozen before outcomes; no cell-level P value","results/03_phase3/licensing/licensing_effect_by_donor_passage.csv|config/phase3_analysis.json"
"CCL2","YES",4.91508153993059,3.69679712989715,3.40229842002581,3.99129583976849,4.30593933491387,4.30593933491387,"YES","LICENSING_CONSISTENT_UP","donor/passage rules frozen before outcomes; no cell-level P value","results/03_phase3/licensing/licensing_effect_by_donor_passage.csv|config/phase3_analysis.json"
"CCL20","YES",5.77224353452087,5.85841526771513,6.00425625906318,5.71257427636708,5.815329401118,5.815329401118,"YES","LICENSING_CONSISTENT_UP","donor/passage rules frozen before outcomes; no cell-level P value","results/03_phase3/licensing/licensing_effect_by_donor_passage.csv|config/phase3_analysis.json"
"CCL21","YES",0,0,0,0,0,0,"NO","NO_CLEAR_LICENSING_EFFECT","donor/passage rules frozen before outcomes; no cell-level P value","results/03_phase3/licensing/licensing_effect_by_donor_passage.csv|config/phase3_analysis.json"
"CCL22","YES",0.043224778151887,-0.0128095202141354,0.341450017308633,-0.367069057736904,0.0152076289688758,0.0280171491830112,"NO","NO_CLEAR_LICENSING_EFFECT","donor/passage rules frozen before outcomes; no cell-level P value","results/03_phase3/licensing/licensing_effect_by_donor_passage.csv|config/phase3_analysis.json"
"CCL23","YES",0,0,0,0,0,0,"NO","NO_CLEAR_LICENSING_EFFECT","donor/passage rules frozen before outcomes; no cell-level P value","results/03_phase3/licensing/licensing_effect_by_donor_passage.csv|config/phase3_analysis.json"
"CCL24","YES",0,0,0,0,0,0,"NO","NO_CLEAR_LICENSING_EFFECT","donor/passage rules frozen before outcomes; no cell-level P value","results/03_phase3/licensing/licensing_effect_by_donor_passage.csv|config/phase3_analysis.json"
"CCL25","YES",0,0,0,0,0,0,"NO","NO_CLEAR_LICENSING_EFFECT","donor/passage rules frozen before outcomes; no cell-level P value","results/03_phase3/licensing/licensing_effect_by_donor_passage.csv|config/phase3_analysis.json"
"CCL26","YES",-1.53115601270806,-0.422452406912638,-1.28719054464443,0.442285730819154,-0.97680420981035,0.97680420981035,"NO","PASSAGE_DEPENDENT","donor/passage rules frozen before outcomes; no cell-level P value","results/03_phase3/licensing/licensing_effect_by_donor_passage.csv|config/phase3_analysis.json"
"CCL27","YES",0,0,0,0,0,0,"NO","NO_CLEAR_LICENSING_EFFECT","donor/passage rules frozen before outcomes; no cell-level P value","results/03_phase3/licensing/licensing_effect_by_donor_passage.csv|config/phase3_analysis.json"
"CCL28","YES",-0.0582322114550117,0.00989552777274385,0.0387783298194641,-0.0189872742739764,-0.0241683418411339,0.0340638696138778,"NO","NO_CLEAR_LICENSING_EFFECT","donor/passage rules frozen before outcomes; no cell-level P value","results/03_phase3/licensing/licensing_effect_by_donor_passage.csv|config/phase3_analysis.json"
"CCL3","YES",1.47176814031786,0.0199535075675836,0.00681862346491724,0.03308839167025,0.745860823942724,0.745860823942724,"NO","NO_CLEAR_LICENSING_EFFECT","donor/passage rules frozen before outcomes; no cell-level P value","results/03_phase3/licensing/licensing_effect_by_donor_passage.csv|config/phase3_analysis.json"
"CCL3L1","YES",0,-0.00341616917788391,0,-0.00683233835576781,-0.00170808458894195,0.00170808458894195,"NO","NO_CLEAR_LICENSING_EFFECT","donor/passage rules frozen before outcomes; no cell-level P value","results/03_phase3/licensing/licensing_effect_by_donor_passage.csv|config/phase3_analysis.json"
"CCL3L3","YES",0,0,0,0,0,0,"NO","NO_CLEAR_LICENSING_EFFECT","donor/passage rules frozen before outcomes; no cell-level P value","results/03_phase3/licensing/licensing_effect_by_donor_passage.csv|config/phase3_analysis.json"
"CCL4","YES",0,0,0,0,0,0,"NO","NO_CLEAR_LICENSING_EFFECT","donor/passage rules frozen before outcomes; no cell-level P value","results/03_phase3/licensing/licensing_effect_by_donor_passage.csv|config/phase3_analysis.json"
"CCL4L1","YES",0,0,0,0,0,0,"NO","NO_CLEAR_LICENSING_EFFECT","donor/passage rules frozen before outcomes; no cell-level P value","results/03_phase3/licensing/licensing_effect_by_donor_passage.csv|config/phase3_analysis.json"
"CCL4L2","YES",0,0,0,0,0,0,"NO","NO_CLEAR_LICENSING_EFFECT","donor/passage rules frozen before outcomes; no cell-level P value","results/03_phase3/licensing/licensing_effect_by_donor_passage.csv|config/phase3_analysis.json"
"CCL5","YES",5.04586653910949,7.4239715690016,8.37454586321684,6.47339727478635,6.23491905405555,6.23491905405555,"YES","PASSAGE_DEPENDENT","donor/passage rules frozen before outcomes; no cell-level P value","results/03_phase3/licensing/licensing_effect_by_donor_passage.csv|config/phase3_analysis.json"
"CCL7","YES",5.13905859869348,2.94285030507579,2.90518711994404,2.98051349020754,4.04095445188463,4.04095445188463,"YES","LICENSING_CONSISTENT_UP","donor/passage rules frozen before outcomes; no cell-level P value","results/03_phase3/licensing/licensing_effect_by_donor_passage.csv|config/phase3_analysis.json"
"CCL8","YES",4.55712071035464,2.3082000572296,1.91301877666563,2.70338133779358,3.43266038379212,3.43266038379212,"YES","LICENSING_CONSISTENT_UP","donor/passage rules frozen before outcomes; no cell-level P value","results/03_phase3/licensing/licensing_effect_by_donor_passage.csv|config/phase3_analysis.json"
"CCN1","NO",,,,,,,"NO","NO_CLEAR_LICENSING_EFFECT","donor/passage rules frozen before outcomes; no cell-level P value","results/03_phase3/licensing/licensing_effect_by_donor_passage.csv|config/phase3_analysis.json"
"CCN2","NO",,,,,,,"NO","NO_CLEAR_LICENSING_EFFECT","donor/passage rules frozen before outcomes; no cell-level P value","results/03_phase3/licensing/licensing_effect_by_donor_passage.csv|config/phase3_analysis.json"
"CCN3","NO",,,,,,,"NO","NO_CLEAR_LICENSING_EFFECT","donor/passage rules frozen before outcomes; no cell-level P value","results/03_phase3/licensing/licensing_effect_by_donor_passage.csv|config/phase3_analysis.json"
"CCN4","NO",,,,,,,"NO","NO_CLEAR_LICENSING_EFFECT","donor/passage rules frozen before outcomes; no cell-level P value","results/03_phase3/licensing/licensing_effect_by_donor_passage.csv|config/phase3_analysis.json"
"CCN6","NO",,,,,,,"NO","NO_CLEAR_LICENSING_EFFECT","donor/passage rules frozen before outcomes; no cell-level P value","results/03_phase3/licensing/licensing_effect_by_donor_passage.csv|config/phase3_analysis.json"
"CD14","YES",-0.0012552444975867,0.0724274147413222,-0.0968300289398604,0.241684858422505,0.0355860851218678,0.0368413296194545,"NO","NO_CLEAR_LICENSING_EFFECT","donor/passage rules frozen before outcomes; no cell-level P value","results/03_phase3/licensing/licensing_effect_by_donor_passage.csv|config/phase3_analysis.json"
"CD160","YES",-0.29876020176089,-0.112033517750286,-1.00266429787234,0.778597262371769,-0.205396859755588,0.205396859755588,"NO","PASSAGE_DEPENDENT","donor/passage rules frozen before outcomes; no cell-level P value","results/03_phase3/licensing/licensing_effect_by_donor_passage.csv|config/phase3_analysis.json"
"CD1B","YES",0,0,0,0,0,0,"NO","NO_CLEAR_LICENSING_EFFECT","donor/passage rules frozen before outcomes; no cell-level P value","results/03_phase3/licensing/licensing_effect_by_donor_passage.csv|config/phase3_analysis.json"
"CD1D","YES",0.00745363092226046,0.0849242814399073,0.0767507993005408,0.0930977635792738,0.0461889561810839,0.0461889561810839,"NO","NO_CLEAR_LICENSING_EFFECT","donor/passage rules frozen before outcomes; no cell-level P value","results/03_phase3/licensing/licensing_effect_by_donor_passage.csv|config/phase3_analysis.json"
"CD2","YES",0.00603649583691562,0,0,0,0.00301824791845781,0.00301824791845781,"NO","NO_CLEAR_LICENSING_EFFECT","donor/passage rules frozen before outcomes; no cell-level P value","results/03_phase3/licensing/licensing_effect_by_donor_passage.csv|config/phase3_analysis.json"
"CD200","YES",-1.19979976718273,-1.18855423422173,-1.67466998600743,-0.702438482436025,-1.19417700070223,1.19417700070223,"YES","LICENSING_CONSISTENT_DOWN","donor/passage rules frozen before outcomes; no cell-level P value","results/03_phase3/licensing/licensing_effect_by_donor_passage.csv|config/phase3_analysis.json"
"CD209","YES",-0.261851032634595,-0.184953646131733,-0.105915104287533,-0.263992187975934,-0.223402339383164,0.223402339383164,"NO","NO_CLEAR_LICENSING_EFFECT","donor/passage rules frozen before outcomes; no cell-level P value","results/03_phase3/licensing/licensing_effect_by_donor_passage.csv|config/phase3_analysis.json"
"CD22","YES",-0.00629182616902173,0,0,0,-0.00314591308451086,0.00314591308451086,"NO","NO_CLEAR_LICENSING_EFFECT","donor/passage rules frozen before outcomes; no cell-level P value","results/03_phase3/licensing/licensing_effect_by_donor_passage.csv|config/phase3_analysis.json"
"CD226","YES",0.170935661356667,-0.0607951053025021,-0.121590210605004,0,0.0550702780270825,0.115865383329585,"NO","NO_CLEAR_LICENSING_EFFECT","donor/passage rules frozen before outcomes; no cell-level P value","results/03_phase3/licensing/licensing_effect_by_donor_passage.csv|config/phase3_analysis.json"
"CD24","YES",0.169684307211782,0.059071429155488,-0.159639698913117,0.277782557224093,0.114377868183635,0.114377868183635,"NO","NO_CLEAR_LICENSING_EFFECT","donor/passage rules frozen before outcomes; no cell-level P value","results/03_phase3/licensing/licensing_effect_by_donor_passage.csv|config/phase3_analysis.json"
"CD244","YES",-0.00629182616902173,0,0,0,-0.00314591308451086,0.00314591308451086,"NO","NO_CLEAR_LICENSING_EFFECT","donor/passage rules frozen before outcomes; no cell-level P value","results/03_phase3/licensing/licensing_effect_by_donor_passage.csv|config/phase3_analysis.json"
"CD274","YES",6.394407001043,4.7103087699696,5.26816995952262,4.15244758041658,5.5523578855063,5.5523578855063,"YES","PASSAGE_DEPENDENT","donor/passage rules frozen before outcomes; no cell-level P value","results/03_phase3/licensing/licensing_effect_by_donor_passage.csv|config/phase3_analysis.json"
"CD28","YES",0.150678789065099,-0.105223271285576,-0.189778836967105,-0.0206677056040471,0.0227277588897616,0.127951030175338,"NO","NO_CLEAR_LICENSING_EFFECT","donor/passage rules frozen before outcomes; no cell-level P value","results/03_phase3/licensing/licensing_effect_by_donor_passage.csv|config/phase3_analysis.json"
"CD300A","YES",0.0299330278928976,0,0,0,0.0149665139464488,0.0149665139464488,"NO","NO_CLEAR_LICENSING_EFFECT","donor/passage rules frozen before outcomes; no cell-level P value","results/03_phase3/licensing/licensing_effect_by_donor_passage.csv|config/phase3_analysis.json"
"CD300C","YES",0,0,0,0,0,0,"NO","NO_CLEAR_LICENSING_EFFECT","donor/passage rules frozen before outcomes; no cell-level P value","results/03_phase3/licensing/licensing_effect_by_donor_passage.csv|config/phase3_analysis.json"
"CD300LF","YES",0.0239959002433023,0.00337790150009381,0.00675580300018761,0,0.013686900871698,0.013686900871698,"NO","NO_CLEAR_LICENSING_EFFECT","donor/passage rules frozen before outcomes; no cell-level P value","results/03_phase3/licensing/licensing_effect_by_donor_passage.csv|config/phase3_analysis.json"
"CD320","YES",-0.732689823260429,0.282145593877342,0.367213285311134,0.19707790244355,-0.225272114691543,0.507417708568886,"YES","DONOR_DEPENDENT","donor/passage rules frozen before outcomes; no cell-level P value","results/03_phase3/licensing/licensing_effect_by_donor_passage.csv|config/phase3_analysis.json"
"CD34","YES",0.197554818833278,2.68585374359102,3.0597867761554,2.31192071102664,1.44170428121215,1.44170428121215,"NO","NO_CLEAR_LICENSING_EFFECT","donor/passage rules frozen before outcomes; no cell-level P value","results/03_phase3/licensing/licensing_effect_by_donor_passage.csv|config/phase3_analysis.json"
"CD38","YES",0.470668079448921,3.40556764450176,3.90891951734148,2.90221577166204,1.93811786197534,1.93811786197534,"NO","PASSAGE_DEPENDENT","donor/passage rules frozen before outcomes; no cell-level P value","results/03_phase3/licensing/licensing_effect_by_donor_passage.csv|config/phase3_analysis.json"
"CD40","YES",2.70227879898085,3.14570128791134,2.75664717300383,3.53475540281885,2.92399004344609,2.92399004344609,"YES","LICENSING_CONSISTENT_UP","donor/passage rules frozen before outcomes; no cell-level P value","results/03_phase3/licensing/licensing_effect_by_donor_passage.csv|config/phase3_analysis.json"
"CD40LG","YES",-0.000255330332106226,-0.00673504554504675,0.00694253583724079,-0.0204126269273343,-0.00349518793857649,0.00349518793857649,"NO","NO_CLEAR_LICENSING_EFFECT","donor/passage rules frozen before outcomes; no cell-level P value","results/03_phase3/licensing/licensing_effect_by_donor_passage.csv|config/phase3_analysis.json"
"CD44","YES",-0.398160795725587,-0.044430188757593,-1.05883552227609,0.969975144760909,-0.22129549224159,0.22129549224159,"YES","PASSAGE_DEPENDENT","donor/passage rules frozen before outcomes; no cell-level P value","results/03_phase3/licensing/licensing_effect_by_donor_passage.csv|config/phase3_analysis.json"
"CD47","YES",0.214019745240862,0.317418554702847,0.611553979897194,0.0232831295085004,0.265719149971855,0.265719149971855,"YES","NO_CLEAR_LICENSING_EFFECT","donor/passage rules frozen before outcomes; no cell-level P value","results/03_phase3/licensing/licensing_effect_by_donor_passage.csv|config/phase3_analysis.json"
"CD48","YES",0.00547790673896625,0,0,0,0.00273895336948313,0.00273895336948313,"NO","NO_CLEAR_LICENSING_EFFECT","donor/passage rules frozen before outcomes; no cell-level P value","results/03_phase3/licensing/licensing_effect_by_donor_passage.csv|config/phase3_analysis.json"
"CD52","YES",0.0111392748394836,0,0,0,0.00556963741974181,0.00556963741974181,"NO","NO_CLEAR_LICENSING_EFFECT","donor/passage rules frozen before outcomes; no cell-level P value","results/03_phase3/licensing/licensing_effect_by_donor_passage.csv|config/phase3_analysis.json"
"CD55","YES",-1.73867134670721,-1.81140642172036,-2.72905847588636,-0.893754367554354,-1.77503888421378,1.77503888421378,"YES","PASSAGE_DEPENDENT","donor/passage rules frozen before outcomes; no cell-level P value","results/03_phase3/licensing/licensing_effect_by_donor_passage.csv|config/phase3_analysis.json"
"CD58","YES",0.775036606893409,0.536995870373263,0.439154580490359,0.634837160256166,0.656016238633336,0.656016238633336,"YES","LICENSING_CONSISTENT_UP","donor/passage rules frozen before outcomes; no cell-level P value","results/03_phase3/licensing/licensing_effect_by_donor_passage.csv|config/phase3_analysis.json"
"CD59","YES",0.0368854701714601,-0.235096548397935,-0.513887410779769,0.0436943139839001,-0.0991055391132372,0.135991009284697,"YES","PASSAGE_DEPENDENT","donor/passage rules frozen before outcomes; no cell-level P value","results/03_phase3/licensing/licensing_effect_by_donor_passage.csv|config/phase3_analysis.json"
"CD5L","YES",0.239149537899775,0.293245623030271,0.414953867031163,0.171537379029379,0.266197580465023,0.266197580465023,"NO","NO_CLEAR_LICENSING_EFFECT","donor/passage rules frozen before outcomes; no cell-level P value","results/03_phase3/licensing/licensing_effect_by_donor_passage.csv|config/phase3_analysis.json"
"CD6","YES",0.00547790673896625,0.00337790150009381,0.00675580300018761,0,0.00442790411953003,0.00442790411953003,"NO","NO_CLEAR_LICENSING_EFFECT","donor/passage rules frozen before outcomes; no cell-level P value","results/03_phase3/licensing/licensing_effect_by_donor_passage.csv|config/phase3_analysis.json"
"CD7","YES",-0.0324660422880367,0.0298708418329509,0.00675580300018761,0.0529858806657142,-0.0012976002275429,0.0311684420604938,"NO","NO_CLEAR_LICENSING_EFFECT","donor/passage rules frozen before outcomes; no cell-level P value","results/03_phase3/licensing/licensing_effect_by_donor_passage.csv|config/phase3_analysis.json"
"CD70","YES",0,0.0134027689909214,0.0268055379818428,0,0.0067013844954607,0.0067013844954607,"NO","NO_CLEAR_LICENSING_EFFECT","donor/passage rules frozen before outcomes; no cell-level P value","results/03_phase3/licensing/licensing_effect_by_donor_passage.csv|config/phase3_analysis.json"
"CD72","YES",0,0.215521494451487,0.496935038142134,-0.0658920492391599,0.107760747225744,0.107760747225744,"NO","NO_CLEAR_LICENSING_EFFECT","donor/passage rules frozen before outcomes; no cell-level P value","results/03_phase3/licensing/licensing_effect_by_donor_passage.csv|config/phase3_analysis.json"
"CD79B","YES",0,0,0,0,0,0,"NO","NO_CLEAR_LICENSING_EFFECT","donor/passage rules frozen before outcomes; no cell-level P value","results/03_phase3/licensing/licensing_effect_by_donor_passage.csv|config/phase3_analysis.json"
"CD80","YES",0.350951649673988,0,0,0,0.175475824836994,0.175475824836994,"NO","NO_CLEAR_LICENSING_EFFECT","donor/passage rules frozen before outcomes; no cell-level P value","results/03_phase3/licensing/licensing_effect_by_donor_passage.csv|config/phase3_analysis.json"
"CD82","YES",3.66007102210756,2.85338811787946,2.39915721775555,3.30761901800338,3.25672956999351,3.25672956999351,"YES","LICENSING_CONSISTENT_UP","donor/passage rules frozen before outcomes; no cell-level P value","results/03_phase3/licensing/licensing_effect_by_donor_passage.csv|config/phase3_analysis.json"
"CD86","YES",0.0120478390946361,0,0,0,0.00602391954731805,0.00602391954731805,"NO","NO_CLEAR_LICENSING_EFFECT","donor/passage rules frozen before outcomes; no cell-level P value","results/03_phase3/licensing/licensing_effect_by_donor_passage.csv|config/phase3_analysis.json"
"CD9","YES",-1.97447428539245,-0.947406531031152,-1.16339063577996,-0.731422426282343,-1.4609404082118,1.4609404082118,"YES","LICENSING_CONSISTENT_DOWN","donor/passage rules frozen before outcomes; no cell-level P value","results/03_phase3/licensing/licensing_effect_by_donor_passage.csv|config/phase3_analysis.json"
"CD96","YES",0.46109571123709,-0.112409623921573,-0.238223625894292,0.0134043780511461,0.174343043657758,0.286752667579332,"NO","NO_CLEAR_LICENSING_EFFECT","donor/passage rules frozen before outcomes; no cell-level P value","results/03_phase3/licensing/licensing_effect_by_donor_passage.csv|config/phase3_analysis.json"
"CD99","YES",0,0,0,0,0,0,"NO","NO_CLEAR_LICENSING_EFFECT","donor/passage rules frozen before outcomes; no cell-level P value","results/03_phase3/licensing/licensing_effect_by_donor_passage.csv|config/phase3_analysis.json"
"CDCP1","YES",3.8359962621203,-0.119752587928998,-1.39113284825167,1.15162767239368,1.85812183709565,1.97787442502465,"YES","PASSAGE_DEPENDENT","donor/passage rules frozen before outcomes; no cell-level P value","results/03_phase3/licensing/licensing_effect_by_donor_passage.csv|config/phase3_analysis.json"
"CDH1","YES",0.07302922851299,0.106288619677034,0.381124443916126,-0.168547204562057,0.0896589240950122,0.0896589240950122,"NO","NO_CLEAR_LICENSING_EFFECT","donor/passage rules frozen before outcomes; no cell-level P value","results/03_phase3/licensing/licensing_effect_by_donor_passage.csv|config/phase3_analysis.json"
"CDH13","YES",-0.92390297564505,-0.6037358668216,-0.685421066491262,-0.522050667151937,-0.763819421233325,0.763819421233325,"YES","LICENSING_CONSISTENT_DOWN","donor/passage rules frozen before outcomes; no cell-level P value","results/03_phase3/licensing/licensing_effect_by_donor_passage.csv|config/phase3_analysis.json"
"CDH15","YES",0.098679516761037,0,0,0,0.0493397583805185,0.0493397583805185,"NO","NO_CLEAR_LICENSING_EFFECT","donor/passage rules frozen before outcomes; no cell-level P value","results/03_phase3/licensing/licensing_effect_by_donor_passage.csv|config/phase3_analysis.json"
"CDH2","YES",0.426290992764299,0.433732898356608,0.242698338217331,0.624767458495885,0.430011945560454,0.430011945560454,"YES","NO_CLEAR_LICENSING_EFFECT","donor/passage rules frozen before outcomes; no cell-level P value","results/03_phase3/licensing/licensing_effect_by_donor_passage.csv|config/phase3_analysis.json"
"CDH3","YES",0.0117424123437775,-0.00328086591195315,-0.0132923707394633,0.00673063891555701,0.00423077321591216,0.00751163912786532,"NO","NO_CLEAR_LICENSING_EFFECT","donor/passage rules frozen before outcomes; no cell-level P value","results/03_phase3/licensing/licensing_effect_by_donor_passage.csv|config/phase3_analysis.json"
"CDH4","YES",-0.359984673449926,-2.61880162040082,-2.47385768174069,-2.76374555906094,-1.48939314692537,1.48939314692537,"NO","NO_CLEAR_LICENSING_EFFECT","donor/passage rules frozen before outcomes; no cell-level P value","results/03_phase3/licensing/licensing_effect_by_donor_passage.csv|config/phase3_analysis.json"
"CDH5","YES",0,-5.08497201054081e-05,0,-0.000101699440210816,-2.54248600527041e-05,2.54248600527041e-05,"NO","NO_CLEAR_LICENSING_EFFECT","donor/passage rules frozen before outcomes; no cell-level P value","results/03_phase3/licensing/licensing_effect_by_donor_passage.csv|config/phase3_analysis.json"
"CDH6","YES",-1.29694115392728,-1.99875000079351,-2.56371966616752,-1.4337803354195,-1.64784557736039,1.64784557736039,"YES","PASSAGE_DEPENDENT","donor/passage rules frozen before outcomes; no cell-level P value","results/03_phase3/licensing/licensing_effect_by_donor_passage.csv|config/phase3_analysis.json"
"CDH9","YES",-0.0187937530534137,-0.0334547915083867,0,-0.0669095830167734,-0.0261242722809002,0.0261242722809002,"NO","NO_CLEAR_LICENSING_EFFECT","donor/passage rules frozen before outcomes; no cell-level P value","results/03_phase3/licensing/licensing_effect_by_donor_passage.csv|config/phase3_analysis.json"
"CDHR2","YES",0.0299330278928976,-0.00664618536973165,-0.0132923707394633,0,0.011643421261583,0.0182896066313146,"NO","NO_CLEAR_LICENSING_EFFECT","donor/passage rules frozen before outcomes; no cell-level P value","results/03_phase3/licensing/licensing_effect_by_donor_passage.csv|config/phase3_analysis.json"
"CEACAM1","YES",3.02767527370003,3.07703558689644,2.69712382903808,3.4569473447548,3.05235543029824,3.05235543029824,"YES","LICENSING_CONSISTENT_UP","donor/passage rules frozen before outcomes; no cell-level P value","results/03_phase3/licensing/licensing_effect_by_donor_passage.csv|config/phase3_analysis.json"
"CEACAM20","YES",0,-0.00341616917788391,0,-0.00683233835576781,-0.00170808458894195,0.00170808458894195,"NO","NO_CLEAR_LICENSING_EFFECT","donor/passage rules frozen before outcomes; no cell-level P value","results/03_phase3/licensing/licensing_effect_by_donor_passage.csv|config/phase3_analysis.json"
"CEACAM21","YES",0,-0.00333074704397815,-0.00666149408795631,0,-0.00166537352198908,0.00166537352198908,"NO","NO_CLEAR_LICENSING_EFFECT","donor/passage rules frozen before outcomes; no cell-level P value","results/03_phase3/licensing/licensing_effect_by_donor_passage.csv|config/phase3_analysis.json"
"CEACAM3","YES",-0.00629182616902173,0.00337790150009381,0.00675580300018761,0,-0.00145696233446396,0.00483486383455777,"NO","NO_CLEAR_LICENSING_EFFECT","donor/passage rules frozen before outcomes; no cell-level P value","results/03_phase3/licensing/licensing_effect_by_donor_passage.csv|config/phase3_analysis.json"
"CEACAM4","YES",0,0,0,0,0,0,"NO","NO_CLEAR_LICENSING_EFFECT","donor/passage rules frozen before outcomes; no cell-level P value","results/03_phase3/licensing/licensing_effect_by_donor_passage.csv|config/phase3_analysis.json"
"CEACAM5","YES",-0.267075255513493,-0.238684568472537,-0.189168031490881,-0.288201105454192,-0.252879911993015,0.252879911993015,"NO","NO_CLEAR_LICENSING_EFFECT","donor/passage rules frozen before outcomes; no cell-level P value","results/03_phase3/licensing/licensing_effect_by_donor_passage.csv|config/phase3_analysis.json"
"CEACAM6","YES",0,0,0,0,0,0,"NO","NO_CLEAR_LICENSING_EFFECT","donor/passage rules frozen before outcomes; no cell-level P value","results/03_phase3/licensing/licensing_effect_by_donor_passage.csv|config/phase3_analysis.json"
"CEACAM7","YES",0,-0.00681623623362039,0,-0.0136324724672408,-0.00340811811681019,0.00340811811681019,"NO","NO_CLEAR_LICENSING_EFFECT","donor/passage rules frozen before outcomes; no cell-level P value","results/03_phase3/licensing/licensing_effect_by_donor_passage.csv|config/phase3_analysis.json"
"CEACAM8","YES",0.0317841246042711,-0.133747389364763,-0.211626291080984,-0.0558684876485422,-0.0509816323802461,0.0827657569845172,"NO","NO_CLEAR_LICENSING_EFFECT","donor/passage rules frozen before outcomes; no cell-level P value","results/03_phase3/licensing/licensing_effect_by_donor_passage.csv|config/phase3_analysis.json"
"CEL","YES",0,-0.0101469832775985,-0.00666149408795631,-0.0136324724672408,-0.00507349163879927,0.00507349163879927,"NO","NO_CLEAR_LICENSING_EFFECT","donor/passage rules frozen before outcomes; no cell-level P value","results/03_phase3/licensing/licensing_effect_by_donor_passage.csv|config/phase3_analysis.json"
"CER1","YES",0,0,0,0,0,0,"NO","NO_CLEAR_LICENSING_EFFECT","donor/passage rules frozen before outcomes; no cell-level P value","results/03_phase3/licensing/licensing_effect_by_donor_passage.csv|config/phase3_analysis.json"
"CFAP54","YES",-0.119568422157259,-0.383828661452352,-1.20617249532733,0.438515172422624,-0.251698541804805,0.251698541804805,"NO","PASSAGE_DEPENDENT","donor/passage rules frozen before outcomes; no cell-level P value","results/03_phase3/licensing/licensing_effect_by_donor_passage.csv|config/phase3_analysis.json"
"CFC1","YES",0,0,0,0,0,0,"NO","NO_CLEAR_LICENSING_EFFECT","donor/passage rules frozen before outcomes; no cell-level P value","results/03_phase3/licensing/licensing_effect_by_donor_passage.csv|config/phase3_analysis.json"
"CFD","YES",-0.345911337537063,-0.0430492832443047,-0.277640499484602,0.191541932995993,-0.194480310390684,0.194480310390684,"NO","NO_CLEAR_LICENSING_EFFECT","donor/passage rules frozen before outcomes; no cell-level P value","results/03_phase3/licensing/licensing_effect_by_donor_passage.csv|config/phase3_analysis.json"
"CFH","YES",2.34013695077311,2.30706817550276,2.17034376804923,2.4437925829563,2.32360256313794,2.32360256313794,"YES","LICENSING_CONSISTENT_UP","donor/passage rules frozen before outcomes; no cell-level P value","results/03_phase3/licensing/licensing_effect_by_donor_passage.csv|config/phase3_analysis.json"
"CFP","YES",-0.00629182616902173,0,0,0,-0.00314591308451086,0.00314591308451086,"NO","NO_CLEAR_LICENSING_EFFECT","donor/passage rules frozen before outcomes; no cell-level P value","results/03_phase3/licensing/licensing_effect_by_donor_passage.csv|config/phase3_analysis.json"
"CGA","YES",0.570091278419713,0.0343900436622265,-0.0424007409441733,0.111180828268626,0.30224066104097,0.30224066104097,"NO","NO_CLEAR_LICENSING_EFFECT","donor/passage rules frozen before outcomes; no cell-level P value","results/03_phase3/licensing/licensing_effect_by_donor_passage.csv|config/phase3_analysis.json"
"CGB3","NO",,,,,,,"NO","NO_CLEAR_LICENSING_EFFECT","donor/passage rules frozen before outcomes; no cell-level P value","results/03_phase3/licensing/licensing_effect_by_donor_passage.csv|config/phase3_analysis.json"
"CGB7","YES",0.176298929882656,-0.00994645505697136,-0.0198929101139427,0,0.0831762374128422,0.0931226924698136,"NO","NO_CLEAR_LICENSING_EFFECT","donor/passage rules frozen before outcomes; no cell-level P value","results/03_phase3/licensing/licensing_effect_by_donor_passage.csv|config/phase3_analysis.json"
"CHAD","YES",0,-0.00333074704397815,-0.00666149408795631,0,-0.00166537352198908,0.00166537352198908,"NO","NO_CLEAR_LICENSING_EFFECT","donor/passage rules frozen before outcomes; no cell-level P value","results/03_phase3/licensing/licensing_effect_by_donor_passage.csv|config/phase3_analysis.json"
"CHL1","YES",0.00603649583691562,0.00674322095787231,0.00675580300018761,0.00673063891555701,0.00638985839739396,0.00638985839739396,"NO","NO_CLEAR_LICENSING_EFFECT","donor/passage rules frozen before outcomes; no cell-level P value","results/03_phase3/licensing/licensing_effect_by_donor_passage.csv|config/phase3_analysis.json"
"CIB1","YES",0.284453437557186,0.351251904778418,-0.0364124929227765,0.738916302479613,0.317852671167802,0.317852671167802,"YES","PASSAGE_DEPENDENT","donor/passage rules frozen before outcomes; no cell-level P value","results/03_phase3/licensing/licensing_effect_by_donor_passage.csv|config/phase3_analysis.json"
"CKLF","YES",0.310898525033773,-0.630605803336082,-0.870237400210096,-0.390974206462068,-0.159853639151154,0.470752164184928,"YES","DONOR_DEPENDENT","donor/passage rules frozen before outcomes; no cell-level P value","results/03_phase3/licensing/licensing_effect_by_donor_passage.csv|config/phase3_analysis.json"
"CLCF1","YES",-0.0602302054399046,-1.20488598673353,-2.85571899810193,0.445947024634868,-0.632558096086718,0.632558096086718,"NO","PASSAGE_DEPENDENT","donor/passage rules frozen before outcomes; no cell-level P value","results/03_phase3/licensing/licensing_effect_by_donor_passage.csv|config/phase3_analysis.json"
"CLDN1","YES",3.03267397547882,2.70959095578954,0.367826391675237,5.05135551990384,2.87113246563418,2.87113246563418,"YES","PASSAGE_DEPENDENT","donor/passage rules frozen before outcomes; no cell-level P value","results/03_phase3/licensing/licensing_effect_by_donor_passage.csv|config/phase3_analysis.json"
"CLDN11","YES",-2.07005983743493,-1.00533214100777,-0.93884514377367,-1.07181913824187,-1.53769598922135,1.53769598922135,"YES","LICENSING_CONSISTENT_DOWN","donor/passage rules frozen before outcomes; no cell-level P value","results/03_phase3/licensing/licensing_effect_by_donor_passage.csv|config/phase3_analysis.json"
"CLDN14","YES",-0.00150000531450575,0.325365163487148,0.270104625472555,0.38062570150174,0.161932579086321,0.163432584400827,"NO","NO_CLEAR_LICENSING_EFFECT","donor/passage rules frozen before outcomes; no cell-level P value","results/03_phase3/licensing/licensing_effect_by_donor_passage.csv|config/phase3_analysis.json"
"CLDN16","YES",-0.0611277848460347,0.138068232144181,-0.491111903907563,0.767248368195925,0.038470223649073,0.0995980084951077,"NO","PASSAGE_DEPENDENT","donor/passage rules frozen before outcomes; no cell-level P value","results/03_phase3/licensing/licensing_effect_by_donor_passage.csv|config/phase3_analysis.json"
"CLDN19","YES",-0.0521799199228869,0.087989210235998,0.176433479587287,-0.000455059115290848,0.0179046451565556,0.0700845650794424,"NO","NO_CLEAR_LICENSING_EFFECT","donor/passage rules frozen before outcomes; no cell-level P value","results/03_phase3/licensing/licensing_effect_by_donor_passage.csv|config/phase3_analysis.json"
"CLDN2","YES",-0.243143548817514,0.787153944862114,0.00675580300018761,1.56755208672404,0.2720051980223,0.515148746839814,"NO","PASSAGE_DEPENDENT","donor/passage rules frozen before outcomes; no cell-level P value","results/03_phase3/licensing/licensing_effect_by_donor_passage.csv|config/phase3_analysis.json"
"CLDN24","YES",-0.826689861805669,-0.0132316942715,-0.026463388543,0,-0.419960778038585,0.419960778038585,"NO","NO_CLEAR_LICENSING_EFFECT","donor/passage rules frozen before outcomes; no cell-level P value","results/03_phase3/licensing/licensing_effect_by_donor_passage.csv|config/phase3_analysis.json"
"CLDN3","YES",0,0.00337790150009381,0.00675580300018761,0,0.0016889507500469,0.0016889507500469,"NO","NO_CLEAR_LICENSING_EFFECT","donor/passage rules frozen before outcomes; no cell-level P value","results/03_phase3/licensing/licensing_effect_by_donor_passage.csv|config/phase3_analysis.json"
"CLEC11A","YES",-1.18285855047956,-0.429884235042671,-0.126348500744707,-0.733419969340635,-0.806371392761116,0.806371392761116,"YES","NO_CLEAR_LICENSING_EFFECT","donor/passage rules frozen before outcomes; no cell-level P value","results/03_phase3/licensing/licensing_effect_by_donor_passage.csv|config/phase3_analysis.json"
"CLEC2A","YES",0,0,0,0,0,0,"NO","NO_CLEAR_LICENSING_EFFECT","donor/passage rules frozen before outcomes; no cell-level P value","results/03_phase3/licensing/licensing_effect_by_donor_passage.csv|config/phase3_analysis.json"
"CLEC2B","YES",-0.520156480179595,0.845120600908303,-0.30295277631905,1.99319397813566,0.162482060364354,0.682638540543949,"YES","PASSAGE_DEPENDENT","donor/passage rules frozen before outcomes; no cell-level P value","results/03_phase3/licensing/licensing_effect_by_donor_passage.csv|config/phase3_analysis.json"
"CLEC2D","YES",0.669900927816865,0.0908582275726758,0.532124464272306,-0.350408009126955,0.38037957769477,0.38037957769477,"YES","PASSAGE_DEPENDENT","donor/passage rules frozen before outcomes; no cell-level P value","results/03_phase3/licensing/licensing_effect_by_donor_passage.csv|config/phase3_analysis.json"
"CLEC2L","YES",0,0,0,0,0,0,"NO","NO_CLEAR_LICENSING_EFFECT","donor/passage rules frozen before outcomes; no cell-level P value","results/03_phase3/licensing/licensing_effect_by_donor_passage.csv|config/phase3_analysis.json"
"CLEC3A","YES",-0.0434772140073407,-0.744932057587121,0,-1.48986411517424,-0.394204635797231,0.394204635797231,"NO","PASSAGE_DEPENDENT","donor/passage rules frozen before outcomes; no cell-level P value","results/03_phase3/licensing/licensing_effect_by_donor_passage.csv|config/phase3_analysis.json"
"CLEC4G","YES",0,-0.00341616917788391,0,-0.00683233835576781,-0.00170808458894195,0.00170808458894195,"NO","NO_CLEAR_LICENSING_EFFECT","donor/passage rules frozen before outcomes; no cell-level P value","results/03_phase3/licensing/licensing_effect_by_donor_passage.csv|config/phase3_analysis.json"
"CLMP","YES",0.351802775954725,-0.143254788477962,0.000475340600485291,-0.286984917556409,0.104273993738381,0.247528782216343,"YES","NO_CLEAR_LICENSING_EFFECT","donor/passage rules frozen before outcomes; no cell-level P value","results/03_phase3/licensing/licensing_effect_by_donor_passage.csv|config/phase3_analysis.json"
"CLU","YES",-1.51326054406228,0.00725675094310174,-0.252387476590411,0.266900978476614,-0.753001896559589,0.760258647502691,"YES","DONOR_DEPENDENT","donor/passage rules frozen before outcomes; no cell-level P value","results/03_phase3/licensing/licensing_effect_by_donor_passage.csv|config/phase3_analysis.json"
"CLUL1","YES",-0.253691993239141,0.0392735789994217,0.0797988144866108,-0.00125165648776736,-0.10720920711986,0.146482786119281,"NO","NO_CLEAR_LICENSING_EFFECT","donor/passage rules frozen before outcomes; no cell-level P value","results/03_phase3/licensing/licensing_effect_by_donor_passage.csv|config/phase3_analysis.json"
"CMTM8","YES",-0.0313093320425103,0.0266119490820815,0.00675580300018761,0.0464680951639754,-0.00234869148021442,0.0289606405622959,"NO","NO_CLEAR_LICENSING_EFFECT","donor/passage rules frozen before outcomes; no cell-level P value","results/03_phase3/licensing/licensing_effect_by_donor_passage.csv|config/phase3_analysis.json"
"CNMD","NO",,,,,,,"NO","NO_CLEAR_LICENSING_EFFECT","donor/passage rules frozen before outcomes; no cell-level P value","results/03_phase3/licensing/licensing_effect_by_donor_passage.csv|config/phase3_analysis.json"
"CNTF","YES",0,0,0,0,0,0,"NO","NO_CLEAR_LICENSING_EFFECT","donor/passage rules frozen before outcomes; no cell-level P value","results/03_phase3/licensing/licensing_effect_by_donor_passage.csv|config/phase3_analysis.json"
"CNTN1","YES",-2.28383849172653,-0.552982533771584,0.983165862072703,-2.08913092961587,-1.41841051274906,1.41841051274906,"YES","PASSAGE_DEPENDENT","donor/passage rules frozen before outcomes; no cell-level P value","results/03_phase3/licensing/licensing_effect_by_donor_passage.csv|config/phase3_analysis.json"
"CNTN2","YES",0.10429321498801,0.612698713001157,1.14663093156405,0.0787664944382661,0.358495963994584,0.358495963994584,"NO","PASSAGE_DEPENDENT","donor/passage rules frozen before outcomes; no cell-level P value","results/03_phase3/licensing/licensing_effect_by_donor_passage.csv|config/phase3_analysis.json"
"CNTN3","YES",-0.731949492576945,-0.674490165593826,-0.763164088086997,-0.585816243100654,-0.703219829085385,0.703219829085385,"YES","LICENSING_CONSISTENT_DOWN","donor/passage rules frozen before outcomes; no cell-level P value","results/03_phase3/licensing/licensing_effect_by_donor_passage.csv|config/phase3_analysis.json"
"CNTN4","YES",-2.15113277441846,-0.811899012577462,-1.55491733583384,-0.0688806893210873,-1.48151589349796,1.48151589349796,"NO","PASSAGE_DEPENDENT","donor/passage rules frozen before outcomes; no cell-level P value","results/03_phase3/licensing/licensing_effect_by_donor_passage.csv|config/phase3_analysis.json"
"CNTN5","YES",-2.17354903475713,-2.93380935300051,-2.60507668876675,-3.26254201723427,-2.55367919387882,2.55367919387882,"NO","LICENSING_CONSISTENT_DOWN","donor/passage rules frozen before outcomes; no cell-level P value","results/03_phase3/licensing/licensing_effect_by_donor_passage.csv|config/phase3_analysis.json"
"CNTN6","YES",-0.48618337628946,-0.213373970399062,-0.419915602442357,-0.00683233835576781,-0.349778673344261,0.349778673344261,"NO","NO_CLEAR_LICENSING_EFFECT","donor/passage rules frozen before outcomes; no cell-level P value","results/03_phase3/licensing/licensing_effect_by_donor_passage.csv|config/phase3_analysis.json"
"COL10A1","YES",0,0.268486859560957,-0.129607423061247,0.666581142183161,0.134243429780479,0.134243429780479,"NO","PASSAGE_DEPENDENT","donor/passage rules frozen before outcomes; no cell-level P value","results/03_phase3/licensing/licensing_effect_by_donor_passage.csv|config/phase3_analysis.json"
"COL11A1","YES",0.256589883937692,0.266264474793936,0.292711131531763,0.23981781805611,0.261427179365814,0.261427179365814,"YES","NO_CLEAR_LICENSING_EFFECT","donor/passage rules frozen before outcomes; no cell-level P value","results/03_phase3/licensing/licensing_effect_by_donor_passage.csv|config/phase3_analysis.json"
"COL11A2","YES",-0.00629182616902173,-0.0516540649408561,-0.656788856292315,0.553480726410603,-0.0289729455549389,0.0289729455549389,"NO","PASSAGE_DEPENDENT","donor/passage rules frozen before outcomes; no cell-level P value","results/03_phase3/licensing/licensing_effect_by_donor_passage.csv|config/phase3_analysis.json"
"COL12A1","YES",-1.6891591109272,-0.378929568530251,-0.964323097781074,0.206463960720573,-1.03404433972873,1.03404433972873,"YES","PASSAGE_DEPENDENT","donor/passage rules frozen before outcomes; no cell-level P value","results/03_phase3/licensing/licensing_effect_by_donor_passage.csv|config/phase3_analysis.json"
"COL13A1","YES",-1.22936583470685,-1.52193391779367,-2.11836686506342,-0.925500970523912,-1.37564987625026,1.37564987625026,"YES","PASSAGE_DEPENDENT","donor/passage rules frozen before outcomes; no cell-level P value","results/03_phase3/licensing/licensing_effect_by_donor_passage.csv|config/phase3_analysis.json"
"COL14A1","YES",-1.98445465415558,-1.69966808300108,-1.47077214406487,-1.92856402193728,-1.84206136857833,1.84206136857833,"NO","LICENSING_CONSISTENT_DOWN","donor/passage rules frozen before outcomes; no cell-level P value","results/03_phase3/licensing/licensing_effect_by_donor_passage.csv|config/phase3_analysis.json"
"COL15A1","YES",0,0.0793525505468558,0.681640710827076,-0.522935609733365,0.0396762752734279,0.0396762752734279,"NO","PASSAGE_DEPENDENT","donor/passage rules frozen before outcomes; no cell-level P value","results/03_phase3/licensing/licensing_effect_by_donor_passage.csv|config/phase3_analysis.json"
"COL16A1","YES",-0.0814011195939903,-0.224282038601326,-0.688898685444856,0.240334608242204,-0.152841579097658,0.152841579097658,"YES","PASSAGE_DEPENDENT","donor/passage rules frozen before outcomes; no cell-level P value","results/03_phase3/licensing/licensing_effect_by_donor_passage.csv|config/phase3_analysis.json"
"COL17A1","YES",0.517821298996849,0.486467200210248,0.0688270128711594,0.904107387549336,0.502144249603549,0.502144249603549,"NO","NO_CLEAR_LICENSING_EFFECT","donor/passage rules frozen before outcomes; no cell-level P value","results/03_phase3/licensing/licensing_effect_by_donor_passage.csv|config/phase3_analysis.json"
"COL18A1","YES",-1.17931335901122,0.0511374454916774,-0.412844793986538,0.515119684969893,-0.564087956759769,0.615225402251447,"YES","PASSAGE_DEPENDENT","donor/passage rules frozen before outcomes; no cell-level P value","results/03_phase3/licensing/licensing_effect_by_donor_passage.csv|config/phase3_analysis.json"
"COL19A1","YES",0.366602846515016,-0.00328086591195315,-0.0132923707394633,0.00673063891555701,0.181660990301531,0.184941856213485,"NO","NO_CLEAR_LICENSING_EFFECT","donor/passage rules frozen before outcomes; no cell-level P value","results/03_phase3/licensing/licensing_effect_by_donor_passage.csv|config/phase3_analysis.json"
"COL1A1","YES",-2.00947408647129,-0.695008306228167,-0.514546519701217,-0.875470092755117,-1.35224119634973,1.35224119634973,"YES","LICENSING_CONSISTENT_DOWN","donor/passage rules frozen before outcomes; no cell-level P value","results/03_phase3/licensing/licensing_effect_by_donor_passage.csv|config/phase3_analysis.json"
"COL1A2","YES",-1.41852115502336,-0.441334085821343,-0.623355124788552,-0.259313046854135,-0.929927620422354,0.929927620422354,"YES","NO_CLEAR_LICENSING_EFFECT","donor/passage rules frozen before outcomes; no cell-level P value","results/03_phase3/licensing/licensing_effect_by_donor_passage.csv|config/phase3_analysis.json"
"COL20A1","YES",0,-0.00681623623362039,0,-0.0136324724672408,-0.00340811811681019,0.00340811811681019,"NO","NO_CLEAR_LICENSING_EFFECT","donor/passage rules frozen before outcomes; no cell-level P value","results/03_phase3/licensing/licensing_effect_by_donor_passage.csv|config/phase3_analysis.json"
"COL21A1","YES",-2.56026360028654,-0.501076390336279,-1.00215278067256,0,-1.53066999531141,1.53066999531141,"NO","PASSAGE_DEPENDENT","donor/passage rules frozen before outcomes; no cell-level P value","results/03_phase3/licensing/licensing_effect_by_donor_passage.csv|config/phase3_analysis.json"
"COL22A1","YES",0,0.376497181561935,0.75299436312387,0,0.188248590780968,0.188248590780968,"NO","NO_CLEAR_LICENSING_EFFECT","donor/passage rules frozen before outcomes; no cell-level P value","results/03_phase3/licensing/licensing_effect_by_donor_passage.csv|config/phase3_analysis.json"
"COL24A1","YES",-0.881781302483758,0.393117073347656,0.0331712001514064,0.753062946543905,-0.244332114568051,0.637449187915707,"NO","DONOR_DEPENDENT","donor/passage rules frozen before outcomes; no cell-level P value","results/03_phase3/licensing/licensing_effect_by_donor_passage.csv|config/phase3_analysis.json"
"COL26A1","YES",0,0,0,0,0,0,"NO","NO_CLEAR_LICENSING_EFFECT","donor/passage rules frozen before outcomes; no cell-level P value","results/03_phase3/licensing/licensing_effect_by_donor_passage.csv|config/phase3_analysis.json"
"COL27A1","YES",0.06345804668088,0.557249290589886,0.566314762055549,0.548183819124224,0.310353668635383,0.310353668635383,"YES","NO_CLEAR_LICENSING_EFFECT","donor/passage rules frozen before outcomes; no cell-level P value","results/03_phase3/licensing/licensing_effect_by_donor_passage.csv|config/phase3_analysis.json"
"COL28A1","YES",0,0.08340182149418,0.160073004072803,0.00673063891555701,0.04170091074709,0.04170091074709,"NO","NO_CLEAR_LICENSING_EFFECT","donor/passage rules frozen before outcomes; no cell-level P value","results/03_phase3/licensing/licensing_effect_by_donor_passage.csv|config/phase3_analysis.json"
"COL2A1","YES",0,-0.00664618536973165,-0.0132923707394633,0,-0.00332309268486583,0.00332309268486583,"NO","NO_CLEAR_LICENSING_EFFECT","donor/passage rules frozen before outcomes; no cell-level P value","results/03_phase3/licensing/licensing_effect_by_donor_passage.csv|config/phase3_analysis.json"
"COL3A1","YES",-2.75111460720049,0.196293946927907,0.0314535614958219,0.361134332359992,-1.27741033013629,1.4737042770642,"YES","DONOR_DEPENDENT","donor/passage rules frozen before outcomes; no cell-level P value","results/03_phase3/licensing/licensing_effect_by_donor_passage.csv|config/phase3_analysis.json"
"COL4A1","YES",-0.618874613277245,1.1100518863082,1.29723124623232,0.922872526384069,0.245588636515476,0.864463249792721,"YES","DONOR_DEPENDENT","donor/passage rules frozen before outcomes; no cell-level P value","results/03_phase3/licensing/licensing_effect_by_donor_passage.csv|config/phase3_analysis.json"
"COL4A2","YES",-0.046888112037628,1.26892926571286,1.11290964507833,1.42494888634738,0.611020576837614,0.657908688875242,"YES","DONOR_DEPENDENT","donor/passage rules frozen before outcomes; no cell-level P value","results/03_phase3/licensing/licensing_effect_by_donor_passage.csv|config/phase3_analysis.json"
"COL4A3","YES",-0.167113242180828,-0.598729646306417,-0.404656819558877,-0.792802473053958,-0.382921444243623,0.382921444243623,"NO","NO_CLEAR_LICENSING_EFFECT","donor/passage rules frozen before outcomes; no cell-level P value","results/03_phase3/licensing/licensing_effect_by_donor_passage.csv|config/phase3_analysis.json"
"COL4A4","YES",-1.65499644357918,-0.150996279023979,-1.33181843307679,1.02982587502883,-0.902996361301579,0.902996361301579,"NO","PASSAGE_DEPENDENT","donor/passage rules frozen before outcomes; no cell-level P value","results/03_phase3/licensing/licensing_effect_by_donor_passage.csv|config/phase3_analysis.json"
"COL4A5","YES",-1.3633546037866,-1.23142904470986,-1.74658148789036,-0.71627660152936,-1.29739182424823,1.29739182424823,"YES","PASSAGE_DEPENDENT","donor/passage rules frozen before outcomes; no cell-level P value","results/03_phase3/licensing/licensing_effect_by_donor_passage.csv|config/phase3_analysis.json"
"COL4A6","YES",-1.31558789273312,0.0478328208687004,-1.04171389846682,1.13737954020422,-0.633877535932211,0.681710356800911,"YES","PASSAGE_DEPENDENT","donor/passage rules frozen before outcomes; no cell-level P value","results/03_phase3/licensing/licensing_effect_by_donor_passage.csv|config/phase3_analysis.json"
"COL5A1","YES",-1.85291475731658,-0.486552947151328,-1.1123866214154,0.13928072711274,-1.16973385223396,1.16973385223396,"YES","PASSAGE_DEPENDENT","donor/passage rules frozen before outcomes; no cell-level P value","results/03_phase3/licensing/licensing_effect_by_donor_passage.csv|config/phase3_analysis.json"
"COL5A2","YES",-1.26373314908721,0.278381451551063,0.117069064641235,0.439693838460891,-0.492675848768073,0.771057300319136,"YES","DONOR_DEPENDENT","donor/passage rules frozen before outcomes; no cell-level P value","results/03_phase3/licensing/licensing_effect_by_donor_passage.csv|config/phase3_analysis.json"
"COL5A3","YES",-0.497857206700241,0.0032703816807966,0.020173235828834,-0.0136324724672408,-0.247293412509722,0.250563794190519,"NO","NO_CLEAR_LICENSING_EFFECT","donor/passage rules frozen before outcomes; no cell-level P value","results/03_phase3/licensing/licensing_effect_by_donor_passage.csv|config/phase3_analysis.json"
"COL6A1","YES",-0.0498170393855008,-0.306479960513567,-0.283852291363168,-0.329107629663966,-0.178148499949534,0.178148499949534,"YES","NO_CLEAR_LICENSING_EFFECT","donor/passage rules frozen before outcomes; no cell-level P value","results/03_phase3/licensing/licensing_effect_by_donor_passage.csv|config/phase3_analysis.json"
"COL6A2","YES",0.0431314418633427,0.258179010173141,-0.62249297264564,1.13885099299192,0.150655226018242,0.150655226018242,"YES","PASSAGE_DEPENDENT","donor/passage rules frozen before outcomes; no cell-level P value","results/03_phase3/licensing/licensing_effect_by_donor_passage.csv|config/phase3_analysis.json"
"COL6A3","YES",-0.163756726949801,-0.568290983227096,-1.0525726317937,-0.0840093346604934,-0.366023855088448,0.366023855088448,"YES","NO_CLEAR_LICENSING_EFFECT","donor/passage rules frozen before outcomes; no cell-level P value","results/03_phase3/licensing/licensing_effect_by_donor_passage.csv|config/phase3_analysis.json"
"COL6A5","YES",-0.000255330332106226,-0.00328086591195315,-0.0132923707394633,0.00673063891555701,-0.00176809812202969,0.00176809812202969,"NO","NO_CLEAR_LICENSING_EFFECT","donor/passage rules frozen before outcomes; no cell-level P value","results/03_phase3/licensing/licensing_effect_by_donor_passage.csv|config/phase3_analysis.json"
"COL6A6","YES",0.92254982213446,1.20820617138443,0.635551244442337,1.78086109832652,1.06537799675944,1.06537799675944,"NO","PASSAGE_DEPENDENT","donor/passage rules frozen before outcomes; no cell-level P value","results/03_phase3/licensing/licensing_effect_by_donor_passage.csv|config/phase3_analysis.json"
"COL7A1","YES",1.52848123576497,1.01221948993777,0.308707273671576,1.71573170620396,1.27035036285137,1.27035036285137,"YES","PASSAGE_DEPENDENT","donor/passage rules frozen before outcomes; no cell-level P value","results/03_phase3/licensing/licensing_effect_by_donor_passage.csv|config/phase3_analysis.json"
"COL8A1","YES",0.0699577142321088,0.199007565091289,-0.114234794551738,0.512249924734315,0.134482639661699,0.134482639661699,"YES","PASSAGE_DEPENDENT","donor/passage rules frozen before outcomes; no cell-level P value","results/03_phase3/licensing/licensing_effect_by_donor_passage.csv|config/phase3_analysis.json"
"COL8A2","YES",-1.00374458140275,-1.11903084071838,0.131946529562909,-2.37000821099967,-1.06138771106056,1.06138771106056,"NO","PASSAGE_DEPENDENT","donor/passage rules frozen before outcomes; no cell-level P value","results/03_phase3/licensing/licensing_effect_by_donor_passage.csv|config/phase3_analysis.json"
"COL9A1","YES",0.00603649583691562,0.0033270517799884,0.00675580300018761,-0.000101699440210816,0.00468177380845201,0.00468177380845201,"NO","NO_CLEAR_LICENSING_EFFECT","donor/passage rules frozen before outcomes; no cell-level P value","results/03_phase3/licensing/licensing_effect_by_donor_passage.csv|config/phase3_analysis.json"
"COL9A2","YES",0.00603649583691562,-0.128130378169246,-0.256260756338492,0,-0.0610469411661651,0.0670834370030808,"NO","NO_CLEAR_LICENSING_EFFECT","donor/passage rules frozen before outcomes; no cell-level P value","results/03_phase3/licensing/licensing_effect_by_donor_passage.csv|config/phase3_analysis.json"
"COL9A3","YES",0,-0.00994645505697136,-0.0198929101139427,0,-0.00497322752848568,0.00497322752848568,"NO","NO_CLEAR_LICENSING_EFFECT","donor/passage rules frozen before outcomes; no cell-level P value","results/03_phase3/licensing/licensing_effect_by_donor_passage.csv|config/phase3_analysis.json"
"COLQ","YES",0.184026462722366,-0.319797903627987,-0.5726862242392,-0.0669095830167734,-0.0678857204528101,0.251912183175177,"NO","NO_CLEAR_LICENSING_EFFECT","donor/passage rules frozen before outcomes; no cell-level P value","results/03_phase3/licensing/licensing_effect_by_donor_passage.csv|config/phase3_analysis.json"
"COMP","YES",0,-0.0878970747474735,-0.175794149494947,0,-0.0439485373737367,0.0439485373737367,"NO","NO_CLEAR_LICENSING_EFFECT","donor/passage rules frozen before outcomes; no cell-level P value","results/03_phase3/licensing/licensing_effect_by_donor_passage.csv|config/phase3_analysis.json"
"COPA","YES",0.0534838124231005,0.580794566528667,0.193088909859213,0.96850022319812,0.317139189475884,0.317139189475884,"YES","NO_CLEAR_LICENSING_EFFECT","donor/passage rules frozen before outcomes; no cell-level P value","results/03_phase3/licensing/licensing_effect_by_donor_passage.csv|config/phase3_analysis.json"
"CORIN","YES",-0.871607461588021,-1.11088809154825,-0.563041581036898,-1.65873460205961,-0.991247776568137,0.991247776568137,"NO","PASSAGE_DEPENDENT","donor/passage rules frozen before outcomes; no cell-level P value","results/03_phase3/licensing/licensing_effect_by_donor_passage.csv|config/phase3_analysis.json"
"CORT","YES",0.0177040740742806,0,0,0,0.00885203703714028,0.00885203703714028,"NO","NO_CLEAR_LICENSING_EFFECT","donor/passage rules frozen before outcomes; no cell-level P value","results/03_phase3/licensing/licensing_effect_by_donor_passage.csv|config/phase3_analysis.json"
"CP","YES",0.692162102973637,0.657235191877855,0.52412306064299,0.79034732311272,0.674698647425746,0.674698647425746,"NO","LICENSING_CONSISTENT_UP","donor/passage rules frozen before outcomes; no cell-level P value","results/03_phase3/licensing/licensing_effect_by_donor_passage.csv|config/phase3_analysis.json"
"CPAMD8","YES",0,-0.0100476797998308,-0.0198929101139427,-0.000202449485718946,-0.00502383989991542,0.00502383989991542,"NO","NO_CLEAR_LICENSING_EFFECT","donor/passage rules frozen before outcomes; no cell-level P value","results/03_phase3/licensing/licensing_effect_by_donor_passage.csv|config/phase3_analysis.json"
"CRB3","YES",0,0.0033653194577785,0,0.00673063891555701,0.00168265972888925,0.00168265972888925,"NO","NO_CLEAR_LICENSING_EFFECT","donor/passage rules frozen before outcomes; no cell-level P value","results/03_phase3/licensing/licensing_effect_by_donor_passage.csv|config/phase3_analysis.json"
"CRH","YES",0,0,0,0,0,0,"NO","NO_CLEAR_LICENSING_EFFECT","donor/passage rules frozen before outcomes; no cell-level P value","results/03_phase3/licensing/licensing_effect_by_donor_passage.csv|config/phase3_analysis.json"
"CRHR2","YES",0,-0.00338159676408356,-0.00666149408795631,-0.000101699440210816,-0.00169079838204178,0.00169079838204178,"NO","NO_CLEAR_LICENSING_EFFECT","donor/passage rules frozen before outcomes; no cell-level P value","results/03_phase3/licensing/licensing_effect_by_donor_passage.csv|config/phase3_analysis.json"
"CRISP2","YES",0,0,0,0,0,0,"NO","NO_CLEAR_LICENSING_EFFECT","donor/passage rules frozen before outcomes; no cell-level P value","results/03_phase3/licensing/licensing_effect_by_donor_passage.csv|config/phase3_analysis.json"
"CRISP3","YES",0,0,0,0,0,0,"NO","NO_CLEAR_LICENSING_EFFECT","donor/passage rules frozen before outcomes; no cell-level P value","results/03_phase3/licensing/licensing_effect_by_donor_passage.csv|config/phase3_analysis.json"
"CRLF1","YES",-0.132156420664652,-0.169290773607355,-0.58480074048068,0.246219193265969,-0.150723597136004,0.150723597136004,"NO","PASSAGE_DEPENDENT","donor/passage rules frozen before outcomes; no cell-level P value","results/03_phase3/licensing/licensing_effect_by_donor_passage.csv|config/phase3_analysis.json"
"CRP","YES",0,0.0033653194577785,0,0.00673063891555701,0.00168265972888925,0.00168265972888925,"NO","NO_CLEAR_LICENSING_EFFECT","donor/passage rules frozen before outcomes; no cell-level P value","results/03_phase3/licensing/licensing_effect_by_donor_passage.csv|config/phase3_analysis.json"
"CRTAM","YES",0.115847116057803,0.146920707183046,0.131248961347284,0.162592453018808,0.131383911620425,0.131383911620425,"NO","NO_CLEAR_LICENSING_EFFECT","donor/passage rules frozen before outcomes; no cell-level P value","results/03_phase3/licensing/licensing_effect_by_donor_passage.csv|config/phase3_analysis.json"
"CSF1","YES",2.10395237435788,4.08471146871252,3.45642851552632,4.71299442189872,3.0943319215352,3.0943319215352,"YES","PASSAGE_DEPENDENT","donor/passage rules frozen before outcomes; no cell-level P value","results/03_phase3/licensing/licensing_effect_by_donor_passage.csv|config/phase3_analysis.json"
"CSF2","YES",3.38658660598674,1.56230324894809,-0.224936225041198,3.34954272293737,2.47444492746741,2.47444492746741,"YES","PASSAGE_DEPENDENT","donor/passage rules frozen before outcomes; no cell-level P value","results/03_phase3/licensing/licensing_effect_by_donor_passage.csv|config/phase3_analysis.json"
"CSF3","YES",1.67990317352651,2.63413320944238,0.00694253583724079,5.26132388304751,2.15701819148445,2.15701819148445,"NO","PASSAGE_DEPENDENT","donor/passage rules frozen before outcomes; no cell-level P value","results/03_phase3/licensing/licensing_effect_by_donor_passage.csv|config/phase3_analysis.json"
"CSH1","YES",0,0,0,0,0,0,"NO","NO_CLEAR_LICENSING_EFFECT","donor/passage rules frozen before outcomes; no cell-level P value","results/03_phase3/licensing/licensing_effect_by_donor_passage.csv|config/phase3_analysis.json"
"CSH2","YES",0,0,0,0,0,0,"NO","NO_CLEAR_LICENSING_EFFECT","donor/passage rules frozen before outcomes; no cell-level P value","results/03_phase3/licensing/licensing_effect_by_donor_passage.csv|config/phase3_analysis.json"
"CSHL1","YES",0,0,0,0,0,0,"NO","NO_CLEAR_LICENSING_EFFECT","donor/passage rules frozen before outcomes; no cell-level P value","results/03_phase3/licensing/licensing_effect_by_donor_passage.csv|config/phase3_analysis.json"
"CTF1","YES",-1.69680368208988,0.381295108241958,-0.94362156362955,1.70621178011347,-0.657754286923962,1.03904939516592,"NO","PASSAGE_DEPENDENT","donor/passage rules frozen before outcomes; no cell-level P value","results/03_phase3/licensing/licensing_effect_by_donor_passage.csv|config/phase3_analysis.json"
"CTHRC1","YES",0.00851924281194015,0.436567288854924,0.145674721898758,0.72745985581109,0.222543265833432,0.222543265833432,"YES","NO_CLEAR_LICENSING_EFFECT","donor/passage rules frozen before outcomes; no cell-level P value","results/03_phase3/licensing/licensing_effect_by_donor_passage.csv|config/phase3_analysis.json"
"CTSD","YES",-0.571685441873951,0.972153528583435,0.420089059783719,1.52421799738315,0.200234043354742,0.771919485228693,"YES","PASSAGE_DEPENDENT","donor/passage rules frozen before outcomes; no cell-level P value","results/03_phase3/licensing/licensing_effect_by_donor_passage.csv|config/phase3_analysis.json"
"CTSG","YES",0,0,0,0,0,0,"NO","NO_CLEAR_LICENSING_EFFECT","donor/passage rules frozen before outcomes; no cell-level P value","results/03_phase3/licensing/licensing_effect_by_donor_passage.csv|config/phase3_analysis.json"
"CX3CL1","YES",0,1.71184902384195,2.90489749691952,0.51880055076438,0.855924511920975,0.855924511920975,"NO","PASSAGE_DEPENDENT","donor/passage rules frozen before outcomes; no cell-level P value","results/03_phase3/licensing/licensing_effect_by_donor_passage.csv|config/phase3_analysis.json"
"CXADR","YES",-2.47510202583808,-3.41300394900204,-4.06426400652274,-2.76174389148134,-2.94405298742006,2.94405298742006,"NO","PASSAGE_DEPENDENT","donor/passage rules frozen before outcomes; no cell-level P value","results/03_phase3/licensing/licensing_effect_by_donor_passage.csv|config/phase3_analysis.json"
"CXCL1","YES",4.50591251259377,2.7445126946968,0.889481750271186,4.59954363912242,3.62521260364529,3.62521260364529,"YES","PASSAGE_DEPENDENT","donor/passage rules frozen before outcomes; no cell-level P value","results/03_phase3/licensing/licensing_effect_by_donor_passage.csv|config/phase3_analysis.json"
"CXCL10","YES",11.3979002878153,11.2993506746277,11.1580373944941,11.4406639547612,11.3486254812215,11.3486254812215,"YES","LICENSING_CONSISTENT_UP","donor/passage rules frozen before outcomes; no cell-level P value","results/03_phase3/licensing/licensing_effect_by_donor_passage.csv|config/phase3_analysis.json"
"CXCL11","YES",10.5531367611776,10.2416749954255,10.1909685890882,10.2923814017628,10.3974058783016,10.3974058783016,"YES","LICENSING_CONSISTENT_UP","donor/passage rules frozen before outcomes; no cell-level P value","results/03_phase3/licensing/licensing_effect_by_donor_passage.csv|config/phase3_analysis.json"
"CXCL12","YES",1.22951412497776,0.111541333466151,-0.363945344493439,0.58702801142574,0.670527729221953,0.670527729221953,"NO","PASSAGE_DEPENDENT","donor/passage rules frozen before outcomes; no cell-level P value","results/03_phase3/licensing/licensing_effect_by_donor_passage.csv|config/phase3_analysis.json"
"CXCL13","YES",0,0,0,0,0,0,"NO","NO_CLEAR_LICENSING_EFFECT","donor/passage rules frozen before outcomes; no cell-level P value","results/03_phase3/licensing/licensing_effect_by_donor_passage.csv|config/phase3_analysis.json"
"CXCL14","YES",0.078831152575432,0.894660145799704,2.40888955821142,-0.619569266612016,0.486745649187568,0.486745649187568,"NO","PASSAGE_DEPENDENT","donor/passage rules frozen before outcomes; no cell-level P value","results/03_phase3/licensing/licensing_effect_by_donor_passage.csv|config/phase3_analysis.json"
"CXCL16","YES",0.756237485612598,2.34957554935681,3.20596914750808,1.49318195120554,1.55290651748471,1.55290651748471,"YES","PASSAGE_DEPENDENT","donor/passage rules frozen before outcomes; no cell-level P value","results/03_phase3/licensing/licensing_effect_by_donor_passage.csv|config/phase3_analysis.json"
"CXCL17","YES",-0.14960683475649,-0.0152022052080936,-0.0304044104161873,0,-0.0824045199822918,0.0824045199822918,"NO","NO_CLEAR_LICENSING_EFFECT","donor/passage rules frozen before outcomes; no cell-level P value","results/03_phase3/licensing/licensing_effect_by_donor_passage.csv|config/phase3_analysis.json"
"CXCL2","YES",2.49005196300856,4.67043227069635,3.75744599294094,5.58341854845175,3.58024211685245,3.58024211685245,"YES","PASSAGE_DEPENDENT","donor/passage rules frozen before outcomes; no cell-level P value","results/03_phase3/licensing/licensing_effect_by_donor_passage.csv|config/phase3_analysis.json"
"CXCL3","YES",4.7149513989056,3.75468416135379,2.5322663875236,4.97710193518398,4.2348177801297,4.2348177801297,"YES","PASSAGE_DEPENDENT","donor/passage rules frozen before outcomes; no cell-level P value","results/03_phase3/licensing/licensing_effect_by_donor_passage.csv|config/phase3_analysis.json"
"CXCL5","YES",6.54168082615359,3.04097189180038,2.70018466658743,3.38175911701332,4.79132635897698,4.79132635897698,"YES","LICENSING_CONSISTENT_UP","donor/passage rules frozen before outcomes; no cell-level P value","results/03_phase3/licensing/licensing_effect_by_donor_passage.csv|config/phase3_analysis.json"
"CXCL6","YES",3.16315992112148,2.05664963676188,1.00671446753196,3.1065848059918,2.60990477894168,2.60990477894168,"YES","PASSAGE_DEPENDENT","donor/passage rules frozen before outcomes; no cell-level P value","results/03_phase3/licensing/licensing_effect_by_donor_passage.csv|config/phase3_analysis.json"
"CXCL8","YES",6.55073694421026,4.94398429017773,3.7239940725201,6.16397450783536,5.74736061719399,5.74736061719399,"YES","PASSAGE_DEPENDENT","donor/passage rules frozen before outcomes; no cell-level P value","results/03_phase3/licensing/licensing_effect_by_donor_passage.csv|config/phase3_analysis.json"
"CXCL9","YES",10.2299888668428,9.9732954917423,10.149899448234,9.79669153525064,10.1016421792925,10.1016421792925,"YES","LICENSING_CONSISTENT_UP","donor/passage rules frozen before outcomes; no cell-level P value","results/03_phase3/licensing/licensing_effect_by_donor_passage.csv|config/phase3_analysis.json"
"CYTL1","YES",-0.40903937332187,-0.0390646635154008,-0.0644968545635609,-0.0136324724672408,-0.224052018418635,0.224052018418635,"NO","NO_CLEAR_LICENSING_EFFECT","donor/passage rules frozen before outcomes; no cell-level P value","results/03_phase3/licensing/licensing_effect_by_donor_passage.csv|config/phase3_analysis.json"
"DBH","YES",-0.00629182616902173,-0.0197576245835572,-0.0395152491671143,0,-0.0130247253762894,0.0130247253762894,"NO","NO_CLEAR_LICENSING_EFFECT","donor/passage rules frozen before outcomes; no cell-level P value","results/03_phase3/licensing/licensing_effect_by_donor_passage.csv|config/phase3_analysis.json"
"DCHS1","YES",-0.2098787718684,-1.26464533964882,-1.55734074924679,-0.971949930050856,-0.737262055758612,0.737262055758612,"NO","NO_CLEAR_LICENSING_EFFECT","donor/passage rules frozen before outcomes; no cell-level P value","results/03_phase3/licensing/licensing_effect_by_donor_passage.csv|config/phase3_analysis.json"
"DCN","YES",0.57661085438036,1.32348498114403,0.949291508622019,1.69767845366605,0.950047917762197,0.950047917762197,"YES","LICENSING_CONSISTENT_UP","donor/passage rules frozen before outcomes; no cell-level P value","results/03_phase3/licensing/licensing_effect_by_donor_passage.csv|config/phase3_analysis.json"
"DEFB1","YES",0,-0.0167626912905918,-0.0198929101139427,-0.0136324724672408,-0.00838134564529588,0.00838134564529588,"NO","NO_CLEAR_LICENSING_EFFECT","donor/passage rules frozen before outcomes; no cell-level P value","results/03_phase3/licensing/licensing_effect_by_donor_passage.csv|config/phase3_analysis.json"
"DEFB103B","YES",0,0,0,0,0,0,"NO","NO_CLEAR_LICENSING_EFFECT","donor/passage rules frozen before outcomes; no cell-level P value","results/03_phase3/licensing/licensing_effect_by_donor_passage.csv|config/phase3_analysis.json"
"DEFB106B","YES",0,0,0,0,0,0,"NO","NO_CLEAR_LICENSING_EFFECT","donor/passage rules frozen before outcomes; no cell-level P value","results/03_phase3/licensing/licensing_effect_by_donor_passage.csv|config/phase3_analysis.json"
"DEFB4A","YES",0,0,0,0,0,0,"NO","NO_CLEAR_LICENSING_EFFECT","donor/passage rules frozen before outcomes; no cell-level P value","results/03_phase3/licensing/licensing_effect_by_donor_passage.csv|config/phase3_analysis.json"
"DEFB4B","YES",0,0,0,0,0,0,"NO","NO_CLEAR_LICENSING_EFFECT","donor/passage rules frozen before outcomes; no cell-level P value","results/03_phase3/licensing/licensing_effect_by_donor_passage.csv|config/phase3_analysis.json"
"DHH","YES",0,0,0,0,0,0,"NO","NO_CLEAR_LICENSING_EFFECT","donor/passage rules frozen before outcomes; no cell-level P value","results/03_phase3/licensing/licensing_effect_by_donor_passage.csv|config/phase3_analysis.json"
"DKK1","YES",-0.790562658434335,-0.134523042151905,-0.684448828583187,0.415402744279377,-0.46254285029312,0.46254285029312,"YES","PASSAGE_DEPENDENT","donor/passage rules frozen before outcomes; no cell-level P value","results/03_phase3/licensing/licensing_effect_by_donor_passage.csv|config/phase3_analysis.json"
"DKK2","YES",0.182103634406156,-0.736327171244143,-1.24431721907267,-0.228337123415614,-0.277111768418994,0.45921540282515,"YES","PASSAGE_DEPENDENT","donor/passage rules frozen before outcomes; no cell-level P value","results/03_phase3/licensing/licensing_effect_by_donor_passage.csv|config/phase3_analysis.json"
"DKK3","YES",-0.713508264957298,-0.0309576346333392,-0.1481482907251,0.0862330214584214,-0.372232949795318,0.372232949795318,"YES","NO_CLEAR_LICENSING_EFFECT","donor/passage rules frozen before outcomes; no cell-level P value","results/03_phase3/licensing/licensing_effect_by_donor_passage.csv|config/phase3_analysis.json"
"DKK4","YES",0,0,0,0,0,0,"NO","NO_CLEAR_LICENSING_EFFECT","donor/passage rules frozen before outcomes; no cell-level P value","results/03_phase3/licensing/licensing_effect_by_donor_passage.csv|config/phase3_analysis.json"
"DLK1","YES",-0.0250043231958186,-0.00681623623362039,0,-0.0136324724672408,-0.0159102797147195,0.0159102797147195,"NO","NO_CLEAR_LICENSING_EFFECT","donor/passage rules frozen before outcomes; no cell-level P value","results/03_phase3/licensing/licensing_effect_by_donor_passage.csv|config/phase3_analysis.json"
"DLK2","YES",-0.0665965561906655,0.260460233444171,-0.134684630122053,0.655605097010396,0.096931838626753,0.163528394817418,"NO","PASSAGE_DEPENDENT","donor/passage rules frozen before outcomes; no cell-level P value","results/03_phase3/licensing/licensing_effect_by_donor_passage.csv|config/phase3_analysis.json"
"DLL1","YES",0.461911066614282,0.834615901995374,1.17199488702408,0.497236916966671,0.648263484304828,0.648263484304828,"NO","NO_CLEAR_LICENSING_EFFECT","donor/passage rules frozen before outcomes; no cell-level P value","results/03_phase3/licensing/licensing_effect_by_donor_passage.csv|config/phase3_analysis.json"
"DLL3","YES",0.0738682738516379,-0.563775554742382,-0.893632984569399,-0.233918124915366,-0.244953640445372,0.31882191429701,"NO","DONOR_DEPENDENT","donor/passage rules frozen before outcomes; no cell-level P value","results/03_phase3/licensing/licensing_effect_by_donor_passage.csv|config/phase3_analysis.json"
"DLL4","YES",0.388190430147486,-0.0741747409895982,-0.181692997524309,0.0333435155451122,0.157007844578944,0.231182585568542,"NO","NO_CLEAR_LICENSING_EFFECT","donor/passage rules frozen before outcomes; no cell-level P value","results/03_phase3/licensing/licensing_effect_by_donor_passage.csv|config/phase3_analysis.json"
"DMP1","YES",0,0,0,0,0,0,"NO","NO_CLEAR_LICENSING_EFFECT","donor/passage rules frozen before outcomes; no cell-level P value","results/03_phase3/licensing/licensing_effect_by_donor_passage.csv|config/phase3_analysis.json"
"DRAXIN","YES",0,0,0,0,0,0,"NO","NO_CLEAR_LICENSING_EFFECT","donor/passage rules frozen before outcomes; no cell-level P value","results/03_phase3/licensing/licensing_effect_by_donor_passage.csv|config/phase3_analysis.json"
"DSC1","YES",-0.222184752966711,-0.221137610351686,-0.275544439731775,-0.166730780971597,-0.221661181659198,0.221661181659198,"NO","NO_CLEAR_LICENSING_EFFECT","donor/passage rules frozen before outcomes; no cell-level P value","results/03_phase3/licensing/licensing_effect_by_donor_passage.csv|config/phase3_analysis.json"
"DSC2","YES",-1.49247661152538,-1.2616242534059,-1.60387264686902,-0.919375859942775,-1.37705043246564,1.37705043246564,"NO","LICENSING_CONSISTENT_DOWN","donor/passage rules frozen before outcomes; no cell-level P value","results/03_phase3/licensing/licensing_effect_by_donor_passage.csv|config/phase3_analysis.json"
"DSC3","YES",-1.64286055869145,-1.1885550792991,-2.01027747127271,-0.366832687325481,-1.41570781899527,1.41570781899527,"YES","PASSAGE_DEPENDENT","donor/passage rules frozen before outcomes; no cell-level P value","results/03_phase3/licensing/licensing_effect_by_donor_passage.csv|config/phase3_analysis.json"
"DSCAM","YES",0.00603649583691562,-0.35093432962615,0,-0.701868659252301,-0.172448916894617,0.178485412731533,"NO","NO_CLEAR_LICENSING_EFFECT","donor/passage rules frozen before outcomes; no cell-level P value","results/03_phase3/licensing/licensing_effect_by_donor_passage.csv|config/phase3_analysis.json"
"DSCAML1","YES",0,0.00995191997654282,0,0.0199038399530856,0.00497595998827141,0.00497595998827141,"NO","NO_CLEAR_LICENSING_EFFECT","donor/passage rules frozen before outcomes; no cell-level P value","results/03_phase3/licensing/licensing_effect_by_donor_passage.csv|config/phase3_analysis.json"
"DSG1","YES",0,-0.00674691622186206,-0.00666149408795631,-0.00683233835576781,-0.00337345811093103,0.00337345811093103,"NO","NO_CLEAR_LICENSING_EFFECT","donor/passage rules frozen before outcomes; no cell-level P value","results/03_phase3/licensing/licensing_effect_by_donor_passage.csv|config/phase3_analysis.json"
"DSG2","YES",-1.07623480409454,-1.53201880592082,-2.28284252295542,-0.781195088886219,-1.30412680500768,1.30412680500768,"YES","PASSAGE_DEPENDENT","donor/passage rules frozen before outcomes; no cell-level P value","results/03_phase3/licensing/licensing_effect_by_donor_passage.csv|config/phase3_analysis.json"
"DSPP","YES",0,0,0,0,0,0,"NO","NO_CLEAR_LICENSING_EFFECT","donor/passage rules frozen before outcomes; no cell-level P value","results/03_phase3/licensing/licensing_effect_by_donor_passage.csv|config/phase3_analysis.json"
"DUSP18","YES",0.494234250303302,-0.963166691901804,-0.650971675164145,-1.27536170863946,-0.234466220799251,0.728700471102553,"YES","DONOR_DEPENDENT","donor/passage rules frozen before outcomes; no cell-level P value","results/03_phase3/licensing/licensing_effect_by_donor_passage.csv|config/phase3_analysis.json"
"EBI3","YES",3.27241537858373,2.16846736961961,1.74887113341951,2.5880636058197,2.72044137410167,2.72044137410167,"YES","LICENSING_CONSISTENT_UP","donor/passage rules frozen before outcomes; no cell-level P value","results/03_phase3/licensing/licensing_effect_by_donor_passage.csv|config/phase3_analysis.json"
"ECM1","YES",-0.733287237799863,0.0051609240882473,0.188175159314977,-0.177853311138482,-0.364063156855808,0.369224080944055,"YES","DONOR_DEPENDENT","donor/passage rules frozen before outcomes; no cell-level P value","results/03_phase3/licensing/licensing_effect_by_donor_passage.csv|config/phase3_analysis.json"
"EDA","YES",0,-0.16815561016347,-0.343041859242498,0.00673063891555701,-0.0840778050817352,0.0840778050817352,"NO","NO_CLEAR_LICENSING_EFFECT","donor/passage rules frozen before outcomes; no cell-level P value","results/03_phase3/licensing/licensing_effect_by_donor_passage.csv|config/phase3_analysis.json"
"EDIL3","YES",-0.355982598444883,0.751905960400677,0.396079741639882,1.10773217916147,0.197961680977897,0.55394427942278,"YES","DONOR_DEPENDENT","donor/passage rules frozen before outcomes; no cell-level P value","results/03_phase3/licensing/licensing_effect_by_donor_passage.csv|config/phase3_analysis.json"
"EDN1","YES",0.415208653092664,0.0205176434531087,0.0266432188005284,0.014392068105689,0.217863148272886,0.217863148272886,"YES","NO_CLEAR_LICENSING_EFFECT","donor/passage rules frozen before outcomes; no cell-level P value","results/03_phase3/licensing/licensing_effect_by_donor_passage.csv|config/phase3_analysis.json"
"EDN2","YES",0.0993357157788687,-0.00341616917788391,0,-0.00683233835576781,0.0479597733004924,0.0513759424783763,"NO","NO_CLEAR_LICENSING_EFFECT","donor/passage rules frozen before outcomes; no cell-level P value","results/03_phase3/licensing/licensing_effect_by_donor_passage.csv|config/phase3_analysis.json"
"EDN3","YES",0,0,0,0,0,0,"NO","NO_CLEAR_LICENSING_EFFECT","donor/passage rules frozen before outcomes; no cell-level P value","results/03_phase3/licensing/licensing_effect_by_donor_passage.csv|config/phase3_analysis.json"
"EFEMP1","YES",1.76023102665612,1.43012364527084,-1.35342173056537,4.21366902110705,1.59517733596348,1.59517733596348,"YES","PASSAGE_DEPENDENT","donor/passage rules frozen before outcomes; no cell-level P value","results/03_phase3/licensing/licensing_effect_by_donor_passage.csv|config/phase3_analysis.json"
"EFEMP2","YES",-0.139249214493296,0.770336098575154,0.533388331604726,1.00728386554558,0.315543442040929,0.454792656534225,"YES","DONOR_DEPENDENT","donor/passage rules frozen before outcomes; no cell-level P value","results/03_phase3/licensing/licensing_effect_by_donor_passage.csv|config/phase3_analysis.json"
"EFNA1","YES",0,1.03427664170959,0.724589895255661,1.34396338816351,0.517138320854793,0.517138320854793,"NO","NO_CLEAR_LICENSING_EFFECT","donor/passage rules frozen before outcomes; no cell-level P value","results/03_phase3/licensing/licensing_effect_by_donor_passage.csv|config/phase3_analysis.json"
"EFNA2","YES",0.25444349516188,-0.110874627330873,0,-0.221749254661746,0.0717844339155033,0.182659061246376,"NO","NO_CLEAR_LICENSING_EFFECT","donor/passage rules frozen before outcomes; no cell-level P value","results/03_phase3/licensing/licensing_effect_by_donor_passage.csv|config/phase3_analysis.json"
"EFNA3","YES",0.0299330278928976,1.47317632653303,0.612855460913807,2.33349719215225,0.751554677212963,0.751554677212963,"NO","PASSAGE_DEPENDENT","donor/passage rules frozen before outcomes; no cell-level P value","results/03_phase3/licensing/licensing_effect_by_donor_passage.csv|config/phase3_analysis.json"
"EFNA4","YES",-0.106542695730603,-1.04028268344347,-1.73678849457497,-0.343776872311966,-0.573412689587035,0.573412689587035,"YES","PASSAGE_DEPENDENT","donor/passage rules frozen before outcomes; no cell-level P value","results/03_phase3/licensing/licensing_effect_by_donor_passage.csv|config/phase3_analysis.json"
"EFNA5","YES",-1.1047185193797,-1.71984196671646,-0.73005544615578,-2.70962848727715,-1.41228024304808,1.41228024304808,"YES","PASSAGE_DEPENDENT","donor/passage rules frozen before outcomes; no cell-level P value","results/03_phase3/licensing/licensing_effect_by_donor_passage.csv|config/phase3_analysis.json"
"EFNB1","YES",0.109968421084626,0.815352525925517,1.4924035918234,0.138301460027638,0.462660473505071,0.462660473505071,"NO","PASSAGE_DEPENDENT","donor/passage rules frozen before outcomes; no cell-level P value","results/03_phase3/licensing/licensing_effect_by_donor_passage.csv|config/phase3_analysis.json"
"EFNB2","YES",-1.51427149241393,-0.520092801642181,-1.11902528798341,0.0788396846990524,-1.01718214702806,1.01718214702806,"YES","PASSAGE_DEPENDENT","donor/passage rules frozen before outcomes; no cell-level P value","results/03_phase3/licensing/licensing_effect_by_donor_passage.csv|config/phase3_analysis.json"
"EFNB3","YES",0,-0.851396412369101,-1.34691990729547,-0.355872917442737,-0.42569820618455,0.42569820618455,"NO","NO_CLEAR_LICENSING_EFFECT","donor/passage rules frozen before outcomes; no cell-level P value","results/03_phase3/licensing/licensing_effect_by_donor_passage.csv|config/phase3_analysis.json"
"EGF","YES",-1.44310872908362,-0.113280707015829,-0.184528235707621,-0.0420331783240373,-0.778194718049726,0.778194718049726,"NO","NO_CLEAR_LICENSING_EFFECT","donor/passage rules frozen before outcomes; no cell-level P value","results/03_phase3/licensing/licensing_effect_by_donor_passage.csv|config/phase3_analysis.json"
"EGFL8","YES",0,0,0,0,0,0,"NO","NO_CLEAR_LICENSING_EFFECT","donor/passage rules frozen before outcomes; no cell-level P value","results/03_phase3/licensing/licensing_effect_by_donor_passage.csv|config/phase3_analysis.json"
"ELFN1","YES",0.0739977894297834,-0.0299105427619859,-0.221279301855872,0.161458216331901,0.0220436233338987,0.0519541660958847,"NO","NO_CLEAR_LICENSING_EFFECT","donor/passage rules frozen before outcomes; no cell-level P value","results/03_phase3/licensing/licensing_effect_by_donor_passage.csv|config/phase3_analysis.json"
"EMC1","YES",0.0524179076442308,0.400928268055887,0.106327338846051,0.695529197265723,0.226673087850059,0.226673087850059,"YES","NO_CLEAR_LICENSING_EFFECT","donor/passage rules frozen before outcomes; no cell-level P value","results/03_phase3/licensing/licensing_effect_by_donor_passage.csv|config/phase3_analysis.json"
"ENAM","YES",0,-0.00326828386963784,-0.00653656773927568,0,-0.00163414193481892,0.00163414193481892,"NO","NO_CLEAR_LICENSING_EFFECT","donor/passage rules frozen before outcomes; no cell-level P value","results/03_phase3/licensing/licensing_effect_by_donor_passage.csv|config/phase3_analysis.json"
"ENG","YES",0.7302012226765,0.612715670749811,-0.0156057518754348,1.24103709337506,0.671458446713155,0.671458446713155,"YES","PASSAGE_DEPENDENT","donor/passage rules frozen before outcomes; no cell-level P value","results/03_phase3/licensing/licensing_effect_by_donor_passage.csv|config/phase3_analysis.json"
"ENHO","YES",0.0177040740742806,0.00674005877643681,0.0134801175528736,0,0.0122220664253587,0.0122220664253587,"NO","NO_CLEAR_LICENSING_EFFECT","donor/passage rules frozen before outcomes; no cell-level P value","results/03_phase3/licensing/licensing_effect_by_donor_passage.csv|config/phase3_analysis.json"
"ENPP1","YES",-0.734318914449486,-1.50891895650784,-0.674562089467081,-2.34327582354861,-1.12161893547867,1.12161893547867,"YES","PASSAGE_DEPENDENT","donor/passage rules frozen before outcomes; no cell-level P value","results/03_phase3/licensing/licensing_effect_by_donor_passage.csv|config/phase3_analysis.json"
"ENTPD1","YES",0.0409285660606157,-0.399248733530811,-0.204062405015856,-0.594435062045766,-0.179160083735098,0.220088649795713,"YES","NO_CLEAR_LICENSING_EFFECT","donor/passage rules frozen before outcomes; no cell-level P value","results/03_phase3/licensing/licensing_effect_by_donor_passage.csv|config/phase3_analysis.json"
"EPCAM","YES",-0.00629182616902173,-0.323959885403701,-0.603177045498638,-0.044742725308764,-0.165125855786362,0.165125855786362,"NO","NO_CLEAR_LICENSING_EFFECT","donor/passage rules frozen before outcomes; no cell-level P value","results/03_phase3/licensing/licensing_effect_by_donor_passage.csv|config/phase3_analysis.json"
"EPGN","YES",1.56098959787893,0.650933944567056,-0.1548451164239,1.45671300555801,1.10596177122299,1.10596177122299,"NO","PASSAGE_DEPENDENT","donor/passage rules frozen before outcomes; no cell-level P value","results/03_phase3/licensing/licensing_effect_by_donor_passage.csv|config/phase3_analysis.json"
"EPHA4","YES",-1.7850852658352,0.626574918661295,1.06132386102399,0.191825976298598,-0.579255173586952,1.20583009224825,"YES","DONOR_DEPENDENT","donor/passage rules frozen before outcomes; no cell-level P value","results/03_phase3/licensing/licensing_effect_by_donor_passage.csv|config/phase3_analysis.json"
"EPO","YES",0,-0.275554061675151,0,-0.551108123350303,-0.137777030837576,0.137777030837576,"NO","NO_CLEAR_LICENSING_EFFECT","donor/passage rules frozen before outcomes; no cell-level P value","results/03_phase3/licensing/licensing_effect_by_donor_passage.csv|config/phase3_analysis.json"
"EREG","YES",-0.693766722672194,0.67018392723718,1.43841451352915,-0.0980466590547855,-0.0117913977175068,0.681975324954687,"NO","PASSAGE_DEPENDENT","donor/passage rules frozen before outcomes; no cell-level P value","results/03_phase3/licensing/licensing_effect_by_donor_passage.csv|config/phase3_analysis.json"
"ERFE","NO",,,,,,,"NO","NO_CLEAR_LICENSING_EFFECT","donor/passage rules frozen before outcomes; no cell-level P value","results/03_phase3/licensing/licensing_effect_by_donor_passage.csv|config/phase3_analysis.json"
"ESAM","YES",1.20671440649288,-0.551363026818363,-0.151954567277279,-0.950771486359446,0.327675689837259,0.879038716655622,"NO","DONOR_DEPENDENT","donor/passage rules frozen before outcomes; no cell-level P value","results/03_phase3/licensing/licensing_effect_by_donor_passage.csv|config/phase3_analysis.json"
"ESM1","YES",5.183073487119,0.199942696201905,-0.915022880161295,1.31490827256511,2.69150809166045,2.69150809166045,"YES","PASSAGE_DEPENDENT","donor/passage rules frozen before outcomes; no cell-level P value","results/03_phase3/licensing/licensing_effect_by_donor_passage.csv|config/phase3_analysis.json"
"EXOC3-AS1","YES",-1.44711038802344,-0.578033796065493,-1.36527396832552,0.209206376194537,-1.01257209204447,1.01257209204447,"NO","PASSAGE_DEPENDENT","donor/passage rules frozen before outcomes; no cell-level P value","results/03_phase3/licensing/licensing_effect_by_donor_passage.csv|config/phase3_analysis.json"
"EZR","YES",-0.290125015783277,-0.911493680123765,-0.815448326759693,-1.00753903348784,-0.600809347953521,0.600809347953521,"YES","NO_CLEAR_LICENSING_EFFECT","donor/passage rules frozen before outcomes; no cell-level P value","results/03_phase3/licensing/licensing_effect_by_donor_passage.csv|config/phase3_analysis.json"
"F10","YES",-0.723197781935209,-0.779997631908161,-1.59991599384234,0.0399207300260179,-0.751597706921685,0.751597706921685,"NO","PASSAGE_DEPENDENT","donor/passage rules frozen before outcomes; no cell-level P value","results/03_phase3/licensing/licensing_effect_by_donor_passage.csv|config/phase3_analysis.json"
"F11","YES",0,-3.8267677790099e-05,0.00675580300018761,-0.00683233835576781,-1.91338388950495e-05,1.91338388950495e-05,"NO","NO_CLEAR_LICENSING_EFFECT","donor/passage rules frozen before outcomes; no cell-level P value","results/03_phase3/licensing/licensing_effect_by_donor_passage.csv|config/phase3_analysis.json"
"F11R","YES",-1.0501872632518,-0.715112989567691,-0.896633394101138,-0.533592585034244,-0.882650126409743,0.882650126409743,"NO","LICENSING_CONSISTENT_DOWN","donor/passage rules frozen before outcomes; no cell-level P value","results/03_phase3/licensing/licensing_effect_by_donor_passage.csv|config/phase3_analysis.json"
"F12","YES",-0.847084583265376,0.528551152863786,0.23810458752277,0.818997718204802,-0.159266715200795,0.687817868064581,"NO","DONOR_DEPENDENT","donor/passage rules frozen before outcomes; no cell-level P value","results/03_phase3/licensing/licensing_effect_by_donor_passage.csv|config/phase3_analysis.json"
"F13A1","YES",0.0299330278928976,-0.00681623623362039,0,-0.0136324724672408,0.0115583958296386,0.018374632063259,"NO","NO_CLEAR_LICENSING_EFFECT","donor/passage rules frozen before outcomes; no cell-level P value","results/03_phase3/licensing/licensing_effect_by_donor_passage.csv|config/phase3_analysis.json"
"F2","YES",0.657963657792158,-0.057719944871723,-0.115439889743446,0,0.300121856460218,0.357841801331941,"NO","DONOR_DEPENDENT","donor/passage rules frozen before outcomes; no cell-level P value","results/03_phase3/licensing/licensing_effect_by_donor_passage.csv|config/phase3_analysis.json"
"F5","YES",-0.0968273621313463,-0.306951594213889,-0.170986780607435,-0.442916407820342,-0.201889478172618,0.201889478172618,"NO","NO_CLEAR_LICENSING_EFFECT","donor/passage rules frozen before outcomes; no cell-level P value","results/03_phase3/licensing/licensing_effect_by_donor_passage.csv|config/phase3_analysis.json"
"F7","YES",0,-0.00333074704397815,-0.00666149408795631,0,-0.00166537352198908,0.00166537352198908,"NO","NO_CLEAR_LICENSING_EFFECT","donor/passage rules frozen before outcomes; no cell-level P value","results/03_phase3/licensing/licensing_effect_by_donor_passage.csv|config/phase3_analysis.json"
"F8","YES",-1.35862169812082,-0.0368939847471679,-1.25699389407148,1.18320592457715,-0.697757841433993,0.697757841433993,"NO","PASSAGE_DEPENDENT","donor/passage rules frozen before outcomes; no cell-level P value","results/03_phase3/licensing/licensing_effect_by_donor_passage.csv|config/phase3_analysis.json"
"F9","YES",0,0,0,0,0,0,"NO","NO_CLEAR_LICENSING_EFFECT","donor/passage rules frozen before outcomes; no cell-level P value","results/03_phase3/licensing/licensing_effect_by_donor_passage.csv|config/phase3_analysis.json"
"FAM200A","YES",0.0488968981394334,0.189149746355823,1.15577994826097,-0.777480455549326,0.119023322247628,0.119023322247628,"YES","PASSAGE_DEPENDENT","donor/passage rules frozen before outcomes; no cell-level P value","results/03_phase3/licensing/licensing_effect_by_donor_passage.csv|config/phase3_analysis.json"
"FAM3B","YES",0,0.186254344512997,0,0.372508689025994,0.0931271722564986,0.0931271722564986,"NO","NO_CLEAR_LICENSING_EFFECT","donor/passage rules frozen before outcomes; no cell-level P value","results/03_phase3/licensing/licensing_effect_by_donor_passage.csv|config/phase3_analysis.json"
"FAM3C","YES",-0.0761617508882104,0.280220904665663,0.219569585065294,0.340872224266033,0.102029576888726,0.178191327776937,"YES","NO_CLEAR_LICENSING_EFFECT","donor/passage rules frozen before outcomes; no cell-level P value","results/03_phase3/licensing/licensing_effect_by_donor_passage.csv|config/phase3_analysis.json"
"FAM3D","YES",0.0120478390946361,0,0,0,0.00602391954731805,0.00602391954731805,"NO","NO_CLEAR_LICENSING_EFFECT","donor/passage rules frozen before outcomes; no cell-level P value","results/03_phase3/licensing/licensing_effect_by_donor_passage.csv|config/phase3_analysis.json"
"FAP","YES",-0.60198144740247,0.649275435214695,-0.219219132200625,1.51777000263001,0.0236469939061124,0.625628441308582,"YES","PASSAGE_DEPENDENT","donor/passage rules frozen before outcomes; no cell-level P value","results/03_phase3/licensing/licensing_effect_by_donor_passage.csv|config/phase3_analysis.json"
"FASLG","YES",-0.000255330332106226,0.00337790150009381,0.00675580300018761,0,0.00156128558399379,0.00181661591610002,"NO","NO_CLEAR_LICENSING_EFFECT","donor/passage rules frozen before outcomes; no cell-level P value","results/03_phase3/licensing/licensing_effect_by_donor_passage.csv|config/phase3_analysis.json"
"FAT4","YES",-1.35462262446791,1.06918468971459,0.434450200053441,1.70391917937574,-0.142718967376658,1.21190365709125,"YES","PASSAGE_DEPENDENT","donor/passage rules frozen before outcomes; no cell-level P value","results/03_phase3/licensing/licensing_effect_by_donor_passage.csv|config/phase3_analysis.json"
"FBLN1","YES",-1.13922677616685,0.0104236074661187,0.222065280173834,-0.201218065241596,-0.564401584350364,0.574825191816483,"YES","DONOR_DEPENDENT","donor/passage rules frozen before outcomes; no cell-level P value","results/03_phase3/licensing/licensing_effect_by_donor_passage.csv|config/phase3_analysis.json"
"FBLN2","YES",-1.12206060716729,0.0685149880470148,0.102627610829541,0.0344023652644886,-0.526772809560136,0.595287797607151,"YES","DONOR_DEPENDENT","donor/passage rules frozen before outcomes; no cell-level P value","results/03_phase3/licensing/licensing_effect_by_donor_passage.csv|config/phase3_analysis.json"
"FBN1","YES",-0.932528984922923,0.109801762652996,-0.200786247363412,0.420389772669404,-0.411363611134963,0.521165373787959,"YES","DONOR_DEPENDENT","donor/passage rules frozen before outcomes; no cell-level P value","results/03_phase3/licensing/licensing_effect_by_donor_passage.csv|config/phase3_analysis.json"
"FCAR","YES",0.0906463194680447,-0.0483540382943134,-0.109272204602949,0.0125641280143225,0.0211461405868657,0.0695001788811791,"NO","NO_CLEAR_LICENSING_EFFECT","donor/passage rules frozen before outcomes; no cell-level P value","results/03_phase3/licensing/licensing_effect_by_donor_passage.csv|config/phase3_analysis.json"
"FCER2","YES",0,0,0,0,0,0,"NO","NO_CLEAR_LICENSING_EFFECT","donor/passage rules frozen before outcomes; no cell-level P value","results/03_phase3/licensing/licensing_effect_by_donor_passage.csv|config/phase3_analysis.json"
"FCGR3B","YES",0,0,0,0,0,0,"NO","NO_CLEAR_LICENSING_EFFECT","donor/passage rules frozen before outcomes; no cell-level P value","results/03_phase3/licensing/licensing_effect_by_donor_passage.csv|config/phase3_analysis.json"
"FCN1","YES",0.10580374010893,-0.00681623623362039,0,-0.0136324724672408,0.0494937519376549,0.0563099881712753,"NO","NO_CLEAR_LICENSING_EFFECT","donor/passage rules frozen before outcomes; no cell-level P value","results/03_phase3/licensing/licensing_effect_by_donor_passage.csv|config/phase3_analysis.json"
"FCN2","YES",0.00603649583691562,0,0,0,0.00301824791845781,0.00301824791845781,"NO","NO_CLEAR_LICENSING_EFFECT","donor/passage rules frozen before outcomes; no cell-level P value","results/03_phase3/licensing/licensing_effect_by_donor_passage.csv|config/phase3_analysis.json"
"FCRL6","YES",0.197554818833278,0,0,0,0.098777409416639,0.098777409416639,"NO","NO_CLEAR_LICENSING_EFFECT","donor/passage rules frozen before outcomes; no cell-level P value","results/03_phase3/licensing/licensing_effect_by_donor_passage.csv|config/phase3_analysis.json"
"FGA","YES",-0.00629182616902173,-0.00333074704397815,-0.00666149408795631,0,-0.00481128660649994,0.00481128660649994,"NO","NO_CLEAR_LICENSING_EFFECT","donor/passage rules frozen before outcomes; no cell-level P value","results/03_phase3/licensing/licensing_effect_by_donor_passage.csv|config/phase3_analysis.json"
"FGB","YES",-0.200567341825007,-0.0975653642373941,-0.229215838579321,0.0340851101045331,-0.149066353031201,0.149066353031201,"NO","NO_CLEAR_LICENSING_EFFECT","donor/passage rules frozen before outcomes; no cell-level P value","results/03_phase3/licensing/licensing_effect_by_donor_passage.csv|config/phase3_analysis.json"
"FGF1","YES",-0.169685191922461,-0.213652852222689,0.148947407875639,-0.576253112321016,-0.191669022072575,0.191669022072575,"YES","PASSAGE_DEPENDENT","donor/passage rules frozen before outcomes; no cell-level P value","results/03_phase3/licensing/licensing_effect_by_donor_passage.csv|config/phase3_analysis.json"
"FGF10","YES",0,0,0,0,0,0,"NO","NO_CLEAR_LICENSING_EFFECT","donor/passage rules frozen before outcomes; no cell-level P value","results/03_phase3/licensing/licensing_effect_by_donor_passage.csv|config/phase3_analysis.json"
"FGF11","YES",0.00603649583691562,0.662606934516636,0.785589870179288,0.539623998853985,0.334321715176776,0.334321715176776,"NO","NO_CLEAR_LICENSING_EFFECT","donor/passage rules frozen before outcomes; no cell-level P value","results/03_phase3/licensing/licensing_effect_by_donor_passage.csv|config/phase3_analysis.json"
"FGF12","YES",-0.0526385316475848,0.00338426444678277,-0.00666149408795631,0.0134300229815219,-0.024627133600401,0.0280113980471838,"NO","NO_CLEAR_LICENSING_EFFECT","donor/passage rules frozen before outcomes; no cell-level P value","results/03_phase3/licensing/licensing_effect_by_donor_passage.csv|config/phase3_analysis.json"
"FGF13","YES",-0.012556331773833,0.190600489035304,0.381200978070608,0,0.0890220786307355,0.101578410404569,"NO","NO_CLEAR_LICENSING_EFFECT","donor/passage rules frozen before outcomes; no cell-level P value","results/03_phase3/licensing/licensing_effect_by_donor_passage.csv|config/phase3_analysis.json"
"FGF14","YES",-3.33321491095383,-0.993309896540936,-0.212201167409011,-1.77441862567286,-2.16326240374738,2.16326240374738,"NO","PASSAGE_DEPENDENT","donor/passage rules frozen before outcomes; no cell-level P value","results/03_phase3/licensing/licensing_effect_by_donor_passage.csv|config/phase3_analysis.json"
"FGF16","YES",0,0,0,0,0,0,"NO","NO_CLEAR_LICENSING_EFFECT","donor/passage rules frozen before outcomes; no cell-level P value","results/03_phase3/licensing/licensing_effect_by_donor_passage.csv|config/phase3_analysis.json"
"FGF17","YES",0,0,0,0,0,0,"NO","NO_CLEAR_LICENSING_EFFECT","donor/passage rules frozen before outcomes; no cell-level P value","results/03_phase3/licensing/licensing_effect_by_donor_passage.csv|config/phase3_analysis.json"
"FGF18","YES",-0.221674242676196,0.260961993218126,0.436783684190898,0.0851403022453543,0.019643875270965,0.241318117947161,"NO","NO_CLEAR_LICENSING_EFFECT","donor/passage rules frozen before outcomes; no cell-level P value","results/03_phase3/licensing/licensing_effect_by_donor_passage.csv|config/phase3_analysis.json"
"FGF19","YES",0,0.00337790150009381,0.00675580300018761,0,0.0016889507500469,0.0016889507500469,"NO","NO_CLEAR_LICENSING_EFFECT","donor/passage rules frozen before outcomes; no cell-level P value","results/03_phase3/licensing/licensing_effect_by_donor_passage.csv|config/phase3_analysis.json"
"FGF2","YES",0.725257297880506,1.34912623370798,1.19958801878547,1.4986644486305,1.03719176579425,1.03719176579425,"YES","LICENSING_CONSISTENT_UP","donor/passage rules frozen before outcomes; no cell-level P value","results/03_phase3/licensing/licensing_effect_by_donor_passage.csv|config/phase3_analysis.json"
"FGF20","YES",-0.301967075742781,-0.689920010494619,-0.165914669837366,-1.21392535115187,-0.4959435431187,0.4959435431187,"NO","PASSAGE_DEPENDENT","donor/passage rules frozen before outcomes; no cell-level P value","results/03_phase3/licensing/licensing_effect_by_donor_passage.csv|config/phase3_analysis.json"
"FGF21","YES",0,0,0,0,0,0,"NO","NO_CLEAR_LICENSING_EFFECT","donor/passage rules frozen before outcomes; no cell-level P value","results/03_phase3/licensing/licensing_effect_by_donor_passage.csv|config/phase3_analysis.json"
"FGF22","YES",0,0,0,0,0,0,"NO","NO_CLEAR_LICENSING_EFFECT","donor/passage rules frozen before outcomes; no cell-level P value","results/03_phase3/licensing/licensing_effect_by_donor_passage.csv|config/phase3_analysis.json"
"FGF23","YES",0.273834094322935,-0.00341616917788391,0,-0.00683233835576781,0.135208962572526,0.138625131750409,"NO","NO_CLEAR_LICENSING_EFFECT","donor/passage rules frozen before outcomes; no cell-level P value","results/03_phase3/licensing/licensing_effect_by_donor_passage.csv|config/phase3_analysis.json"
"FGF3","YES",0,-0.00341616917788391,0,-0.00683233835576781,-0.00170808458894195,0.00170808458894195,"NO","NO_CLEAR_LICENSING_EFFECT","donor/passage rules frozen before outcomes; no cell-level P value","results/03_phase3/licensing/licensing_effect_by_donor_passage.csv|config/phase3_analysis.json"
"FGF4","YES",0,4.71544561157137e-05,9.43089122314274e-05,0,2.35772280578568e-05,2.35772280578568e-05,"NO","NO_CLEAR_LICENSING_EFFECT","donor/passage rules frozen before outcomes; no cell-level P value","results/03_phase3/licensing/licensing_effect_by_donor_passage.csv|config/phase3_analysis.json"
"FGF5","YES",0.7484077277807,-1.08888136570898,-1.52234277473006,-0.655419956687898,-0.17023681896414,0.91864454674484,"YES","DONOR_DEPENDENT","donor/passage rules frozen before outcomes; no cell-level P value","results/03_phase3/licensing/licensing_effect_by_donor_passage.csv|config/phase3_analysis.json"
"FGF6","YES",0,0,0,0,0,0,"NO","NO_CLEAR_LICENSING_EFFECT","donor/passage rules frozen before outcomes; no cell-level P value","results/03_phase3/licensing/licensing_effect_by_donor_passage.csv|config/phase3_analysis.json"
"FGF7","YES",-0.93949169227041,0.0450851489240726,-1.24692490295664,1.33709520080479,-0.447203271673169,0.492288420597241,"YES","PASSAGE_DEPENDENT","donor/passage rules frozen before outcomes; no cell-level P value","results/03_phase3/licensing/licensing_effect_by_donor_passage.csv|config/phase3_analysis.json"
"FGF8","YES",0,-0.00341616917788391,0,-0.00683233835576781,-0.00170808458894195,0.00170808458894195,"NO","NO_CLEAR_LICENSING_EFFECT","donor/passage rules frozen before outcomes; no cell-level P value","results/03_phase3/licensing/licensing_effect_by_donor_passage.csv|config/phase3_analysis.json"
"FGF9","YES",-0.0373458278794259,-0.0133973718328132,-0.0198929101139427,-0.0069018335516837,-0.0253715998561196,0.0253715998561196,"NO","NO_CLEAR_LICENSING_EFFECT","donor/passage rules frozen before outcomes; no cell-level P value","results/03_phase3/licensing/licensing_effect_by_donor_passage.csv|config/phase3_analysis.json"
"FGFRL1","YES",-0.999616736983731,-0.19784643549321,-0.59092942393359,0.19523655294717,-0.598731586238471,0.598731586238471,"YES","PASSAGE_DEPENDENT","donor/passage rules frozen before outcomes; no cell-level P value","results/03_phase3/licensing/licensing_effect_by_donor_passage.csv|config/phase3_analysis.json"
"FGG","YES",0,3.45724138003491e-05,-0.00666149408795631,0.00673063891555701,1.72862069001745e-05,1.72862069001745e-05,"NO","NO_CLEAR_LICENSING_EFFECT","donor/passage rules frozen before outcomes; no cell-level P value","results/03_phase3/licensing/licensing_effect_by_donor_passage.csv|config/phase3_analysis.json"
"FGL1","YES",0,-0.00341616917788391,0,-0.00683233835576781,-0.00170808458894195,0.00170808458894195,"NO","NO_CLEAR_LICENSING_EFFECT","donor/passage rules frozen before outcomes; no cell-level P value","results/03_phase3/licensing/licensing_effect_by_donor_passage.csv|config/phase3_analysis.json"
"FLRT1","YES",0,0.0254236996838911,0.0845778850406975,-0.0337304856729154,0.0127118498419455,0.0127118498419455,"NO","NO_CLEAR_LICENSING_EFFECT","donor/passage rules frozen before outcomes; no cell-level P value","results/03_phase3/licensing/licensing_effect_by_donor_passage.csv|config/phase3_analysis.json"
"FLRT2","YES",-0.971460408348835,0.244318502893643,0.70062742959339,-0.211990423806104,-0.363570952727596,0.607889455621239,"YES","PASSAGE_DEPENDENT","donor/passage rules frozen before outcomes; no cell-level P value","results/03_phase3/licensing/licensing_effect_by_donor_passage.csv|config/phase3_analysis.json"
"FLRT3","YES",-2.15292637197766,-0.285527421823605,0.279835435768304,-0.850890279415513,-1.21922689690063,1.21922689690063,"YES","PASSAGE_DEPENDENT","donor/passage rules frozen before outcomes; no cell-level P value","results/03_phase3/licensing/licensing_effect_by_donor_passage.csv|config/phase3_analysis.json"
"FLT3LG","YES",1.16949198535911,2.14004687210426,2.12409454888839,2.15599919532013,1.65476942873169,1.65476942873169,"YES","LICENSING_CONSISTENT_UP","donor/passage rules frozen before outcomes; no cell-level P value","results/03_phase3/licensing/licensing_effect_by_donor_passage.csv|config/phase3_analysis.json"
"FN1","YES",-0.885664534438287,-0.059187299070017,-0.280927866679169,0.162553268539135,-0.472425916754152,0.472425916754152,"YES","NO_CLEAR_LICENSING_EFFECT","donor/passage rules frozen before outcomes; no cell-level P value","results/03_phase3/licensing/licensing_effect_by_donor_passage.csv|config/phase3_analysis.json"
"FNDC5","YES",-0.158146128047133,0.0262194677654801,0.0457082966154033,0.00673063891555701,-0.0659633301408263,0.0921827979063064,"NO","NO_CLEAR_LICENSING_EFFECT","donor/passage rules frozen before outcomes; no cell-level P value","results/03_phase3/licensing/licensing_effect_by_donor_passage.csv|config/phase3_analysis.json"
"FSHB","YES",0,-0.00333074704397815,-0.00666149408795631,0,-0.00166537352198908,0.00166537352198908,"NO","NO_CLEAR_LICENSING_EFFECT","donor/passage rules frozen before outcomes; no cell-level P value","results/03_phase3/licensing/licensing_effect_by_donor_passage.csv|config/phase3_analysis.json"
"FST","YES",0.698498414391241,1.21711180519966,1.93935254048027,0.494871069919042,0.957805109795448,0.957805109795448,"YES","PASSAGE_DEPENDENT","donor/passage rules frozen before outcomes; no cell-level P value","results/03_phase3/licensing/licensing_effect_by_donor_passage.csv|config/phase3_analysis.json"
"FSTL5","YES",-1.16547502912676,-1.05740577823533,-1.17472326247395,-0.940088293996709,-1.11144040368105,1.11144040368105,"NO","LICENSING_CONSISTENT_DOWN","donor/passage rules frozen before outcomes; no cell-level P value","results/03_phase3/licensing/licensing_effect_by_donor_passage.csv|config/phase3_analysis.json"
"FURIN","YES",-0.161343549808678,0.339159926162158,-0.103906807915582,0.782226660239897,0.0889081881767401,0.250251737985418,"YES","PASSAGE_DEPENDENT","donor/passage rules frozen before outcomes; no cell-level P value","results/03_phase3/licensing/licensing_effect_by_donor_passage.csv|config/phase3_analysis.json"
"GAD1","YES",-0.012556331773833,0.0378979848753671,-0.0282985214108909,0.104094491161625,0.0126708265507671,0.0252271583246001,"NO","NO_CLEAR_LICENSING_EFFECT","donor/passage rules frozen before outcomes; no cell-level P value","results/03_phase3/licensing/licensing_effect_by_donor_passage.csv|config/phase3_analysis.json"
"GAL","YES",-0.180180377573352,-0.389623365868045,-0.510191920156253,-0.269054811579836,-0.284901871720698,0.284901871720698,"NO","NO_CLEAR_LICENSING_EFFECT","donor/passage rules frozen before outcomes; no cell-level P value","results/03_phase3/licensing/licensing_effect_by_donor_passage.csv|config/phase3_analysis.json"
"GALP","YES",0,0,0,0,0,0,"NO","NO_CLEAR_LICENSING_EFFECT","donor/passage rules frozen before outcomes; no cell-level P value","results/03_phase3/licensing/licensing_effect_by_donor_passage.csv|config/phase3_analysis.json"
"GAS6","YES",-0.469736090769375,0.0154975992850306,-0.919869824704336,0.950865023274397,-0.227119245742172,0.242616845027203,"YES","PASSAGE_DEPENDENT","donor/passage rules frozen before outcomes; no cell-level P value","results/03_phase3/licensing/licensing_effect_by_donor_passage.csv|config/phase3_analysis.json"
"GAST","YES",0,0,0,0,0,0,"NO","NO_CLEAR_LICENSING_EFFECT","donor/passage rules frozen before outcomes; no cell-level P value","results/03_phase3/licensing/licensing_effect_by_donor_passage.csv|config/phase3_analysis.json"
"GC","YES",0,0,0,0,0,0,"NO","NO_CLEAR_LICENSING_EFFECT","donor/passage rules frozen before outcomes; no cell-level P value","results/03_phase3/licensing/licensing_effect_by_donor_passage.csv|config/phase3_analysis.json"
"GCG","YES",0,0.0361822011126845,0,0.072364402225369,0.0180911005563423,0.0180911005563423,"NO","NO_CLEAR_LICENSING_EFFECT","donor/passage rules frozen before outcomes; no cell-level P value","results/03_phase3/licensing/licensing_effect_by_donor_passage.csv|config/phase3_analysis.json"
"GDF1","YES",0,0,0,0,0,0,"NO","NO_CLEAR_LICENSING_EFFECT","donor/passage rules frozen before outcomes; no cell-level P value","results/03_phase3/licensing/licensing_effect_by_donor_passage.csv|config/phase3_analysis.json"
"GDF10","YES",0,-0.00333074704397815,-0.00666149408795631,0,-0.00166537352198908,0.00166537352198908,"NO","NO_CLEAR_LICENSING_EFFECT","donor/passage rules frozen before outcomes; no cell-level P value","results/03_phase3/licensing/licensing_effect_by_donor_passage.csv|config/phase3_analysis.json"
"GDF11","YES",0.067833432486728,1.04794395954384,0.43383011620771,1.66205780287997,0.557888696015284,0.557888696015284,"YES","PASSAGE_DEPENDENT","donor/passage rules frozen before outcomes; no cell-level P value","results/03_phase3/licensing/licensing_effect_by_donor_passage.csv|config/phase3_analysis.json"
"GDF15","YES",0.371936897848399,-2.33043949089369,-2.80144782121457,-1.85943116057282,-0.979251296522648,1.35118819437105,"NO","DONOR_DEPENDENT","donor/passage rules frozen before outcomes; no cell-level P value","results/03_phase3/licensing/licensing_effect_by_donor_passage.csv|config/phase3_analysis.json"
"GDF2","YES",0,0,0,0,0,0,"NO","NO_CLEAR_LICENSING_EFFECT","donor/passage rules frozen before outcomes; no cell-level P value","results/03_phase3/licensing/licensing_effect_by_donor_passage.csv|config/phase3_analysis.json"
"GDF3","YES",0,0,0,0,0,0,"NO","NO_CLEAR_LICENSING_EFFECT","donor/passage rules frozen before outcomes; no cell-level P value","results/03_phase3/licensing/licensing_effect_by_donor_passage.csv|config/phase3_analysis.json"
"GDF5","YES",-0.404282662908591,-0.788891031918637,-1.44692898916905,-0.130853074668223,-0.596586847413614,0.596586847413614,"NO","PASSAGE_DEPENDENT","donor/passage rules frozen before outcomes; no cell-level P value","results/03_phase3/licensing/licensing_effect_by_donor_passage.csv|config/phase3_analysis.json"
"GDF6","YES",-2.9826936193506,-0.311904861839154,-0.872192080147257,0.24838235646895,-1.64729924059488,1.64729924059488,"NO","PASSAGE_DEPENDENT","donor/passage rules frozen before outcomes; no cell-level P value","results/03_phase3/licensing/licensing_effect_by_donor_passage.csv|config/phase3_analysis.json"
"GDF7","YES",0,0,0,0,0,0,"NO","NO_CLEAR_LICENSING_EFFECT","donor/passage rules frozen before outcomes; no cell-level P value","results/03_phase3/licensing/licensing_effect_by_donor_passage.csv|config/phase3_analysis.json"
"GDF9","YES",-0.594147331077821,-0.409069742538935,0.237302762240822,-1.05544224731869,-0.501608536808378,0.501608536808378,"NO","PASSAGE_DEPENDENT","donor/passage rules frozen before outcomes; no cell-level P value","results/03_phase3/licensing/licensing_effect_by_donor_passage.csv|config/phase3_analysis.json"
"GDNF","YES",3.28682744504082,-0.7698010356477,-1.45386455200321,-0.0857375192921951,1.25851320469656,2.02831424034426,"YES","PASSAGE_DEPENDENT","donor/passage rules frozen before outcomes; no cell-level P value","results/03_phase3/licensing/licensing_effect_by_donor_passage.csv|config/phase3_analysis.json"
"GGT1","YES",-0.251558365626828,-0.0594198832427175,-0.853464956873913,0.734625190388478,-0.155489124434773,0.155489124434773,"NO","PASSAGE_DEPENDENT","donor/passage rules frozen before outcomes; no cell-level P value","results/03_phase3/licensing/licensing_effect_by_donor_passage.csv|config/phase3_analysis.json"
"GH1","YES",0,0,0,0,0,0,"NO","NO_CLEAR_LICENSING_EFFECT","donor/passage rules frozen before outcomes; no cell-level P value","results/03_phase3/licensing/licensing_effect_by_donor_passage.csv|config/phase3_analysis.json"
"GH2","YES",0,0,0,0,0,0,"NO","NO_CLEAR_LICENSING_EFFECT","donor/passage rules frozen before outcomes; no cell-level P value","results/03_phase3/licensing/licensing_effect_by_donor_passage.csv|config/phase3_analysis.json"
"GHRH","YES",0,0,0,0,0,0,"NO","NO_CLEAR_LICENSING_EFFECT","donor/passage rules frozen before outcomes; no cell-level P value","results/03_phase3/licensing/licensing_effect_by_donor_passage.csv|config/phase3_analysis.json"
"GHRL","YES",-0.173191223825341,-0.0850271525436103,0.0918182357716308,-0.261872540858852,-0.129109188184476,0.129109188184476,"NO","NO_CLEAR_LICENSING_EFFECT","donor/passage rules frozen before outcomes; no cell-level P value","results/03_phase3/licensing/licensing_effect_by_donor_passage.csv|config/phase3_analysis.json"
"GIP","YES",-0.587488665235808,-0.683140679776157,-0.188565059484105,-1.17771630006821,-0.635314672505983,0.635314672505983,"NO","LICENSING_CONSISTENT_DOWN","donor/passage rules frozen before outcomes; no cell-level P value","results/03_phase3/licensing/licensing_effect_by_donor_passage.csv|config/phase3_analysis.json"
"GJB2","YES",-0.29538621611227,-1.03246105249443,-2.06492210498886,0,-0.66392363430335,0.66392363430335,"NO","PASSAGE_DEPENDENT","donor/passage rules frozen before outcomes; no cell-level P value","results/03_phase3/licensing/licensing_effect_by_donor_passage.csv|config/phase3_analysis.json"
"GJB6","YES",0,0,0,0,0,0,"NO","NO_CLEAR_LICENSING_EFFECT","donor/passage rules frozen before outcomes; no cell-level P value","results/03_phase3/licensing/licensing_effect_by_donor_passage.csv|config/phase3_analysis.json"
"GLG1","YES",-0.885214280518306,-0.132325139410944,-0.582574958987009,0.317924680165122,-0.508769709964625,0.508769709964625,"YES","PASSAGE_DEPENDENT","donor/passage rules frozen before outcomes; no cell-level P value","results/03_phase3/licensing/licensing_effect_by_donor_passage.csv|config/phase3_analysis.json"
"GNAS","YES",-0.356512358257797,-0.279251464519894,-0.239932952226119,-0.318569976813669,-0.317881911388846,0.317881911388846,"YES","NO_CLEAR_LICENSING_EFFECT","donor/passage rules frozen before outcomes; no cell-level P value","results/03_phase3/licensing/licensing_effect_by_donor_passage.csv|config/phase3_analysis.json"
"GNRH1","YES",-1.63635211998551,-0.858040474750264,-1.88169504969415,0.165614100193617,-1.24719629736789,1.24719629736789,"NO","PASSAGE_DEPENDENT","donor/passage rules frozen before outcomes; no cell-level P value","results/03_phase3/licensing/licensing_effect_by_donor_passage.csv|config/phase3_analysis.json"
"GNRH2","YES",0,0.0033653194577785,0,0.00673063891555701,0.00168265972888925,0.00168265972888925,"NO","NO_CLEAR_LICENSING_EFFECT","donor/passage rules frozen before outcomes; no cell-level P value","results/03_phase3/licensing/licensing_effect_by_donor_passage.csv|config/phase3_analysis.json"
"GP1BA","YES",-0.00335074428321277,0.230756650984451,0.37031819952032,0.0911951024485818,0.113702953350619,0.117053697633832,"NO","NO_CLEAR_LICENSING_EFFECT","donor/passage rules frozen before outcomes; no cell-level P value","results/03_phase3/licensing/licensing_effect_by_donor_passage.csv|config/phase3_analysis.json"
"GP5","YES",-0.130163337183734,0.0780275696335911,0.026336119555886,0.129719019711296,-0.0260678837750715,0.104095453408663,"NO","NO_CLEAR_LICENSING_EFFECT","donor/passage rules frozen before outcomes; no cell-level P value","results/03_phase3/licensing/licensing_effect_by_donor_passage.csv|config/phase3_analysis.json"
"GPC3","YES",0.434711535701515,-0.1139699007179,0.397721238692164,-0.625661040127964,0.160370817491807,0.274340718209708,"YES","PASSAGE_DEPENDENT","donor/passage rules frozen before outcomes; no cell-level P value","results/03_phase3/licensing/licensing_effect_by_donor_passage.csv|config/phase3_analysis.json"
"GPC6","YES",-0.324414931784909,0.0779212787936797,-0.589883706658368,0.745726264245728,-0.123246826495615,0.201168105289294,"YES","PASSAGE_DEPENDENT","donor/passage rules frozen before outcomes; no cell-level P value","results/03_phase3/licensing/licensing_effect_by_donor_passage.csv|config/phase3_analysis.json"
"GPHA2","YES",0,0,0,0,0,0,"NO","NO_CLEAR_LICENSING_EFFECT","donor/passage rules frozen before outcomes; no cell-level P value","results/03_phase3/licensing/licensing_effect_by_donor_passage.csv|config/phase3_analysis.json"
"GPHB5","YES",0.00603649583691562,0,0,0,0.00301824791845781,0.00301824791845781,"NO","NO_CLEAR_LICENSING_EFFECT","donor/passage rules frozen before outcomes; no cell-level P value","results/03_phase3/licensing/licensing_effect_by_donor_passage.csv|config/phase3_analysis.json"
"GPI","YES",-0.64768603732475,-0.197518569074733,-0.28581670116323,-0.109220436986235,-0.422602303199741,0.422602303199741,"YES","NO_CLEAR_LICENSING_EFFECT","donor/passage rules frozen before outcomes; no cell-level P value","results/03_phase3/licensing/licensing_effect_by_donor_passage.csv|config/phase3_analysis.json"
"GREM1","YES",0.169035136989786,-1.11736114625429,-0.983047510968767,-1.25167478153982,-0.474163004632254,0.64319814162204,"YES","DONOR_DEPENDENT","donor/passage rules frozen before outcomes; no cell-level P value","results/03_phase3/licensing/licensing_effect_by_donor_passage.csv|config/phase3_analysis.json"
"GRN","YES",0.543849941027329,1.02953598670774,0.345197819728099,1.71387415368739,0.786692963867536,0.786692963867536,"YES","PASSAGE_DEPENDENT","donor/passage rules frozen before outcomes; no cell-level P value","results/03_phase3/licensing/licensing_effect_by_donor_passage.csv|config/phase3_analysis.json"
"GRP","YES",-0.0250043231958186,-0.805960897159093,-1.07019229051742,-0.541729503800764,-0.415482610177456,0.415482610177456,"NO","NO_CLEAR_LICENSING_EFFECT","donor/passage rules frozen before outcomes; no cell-level P value","results/03_phase3/licensing/licensing_effect_by_donor_passage.csv|config/phase3_analysis.json"
"GSTP1","YES",-0.179325368062639,0.214176921773786,0.147199887389099,0.281153956158474,0.0174257768555735,0.196751144918213,"YES","NO_CLEAR_LICENSING_EFFECT","donor/passage rules frozen before outcomes; no cell-level P value","results/03_phase3/licensing/licensing_effect_by_donor_passage.csv|config/phase3_analysis.json"
"GUCA2A","YES",0,0,0,0,0,0,"NO","NO_CLEAR_LICENSING_EFFECT","donor/passage rules frozen before outcomes; no cell-level P value","results/03_phase3/licensing/licensing_effect_by_donor_passage.csv|config/phase3_analysis.json"
"GUCA2B","YES",0,0,0,0,0,0,"NO","NO_CLEAR_LICENSING_EFFECT","donor/passage rules frozen before outcomes; no cell-level P value","results/03_phase3/licensing/licensing_effect_by_donor_passage.csv|config/phase3_analysis.json"
"GUCY2D","YES",0,-0.00326828386963784,-0.00653656773927568,0,-0.00163414193481892,0.00163414193481892,"NO","NO_CLEAR_LICENSING_EFFECT","donor/passage rules frozen before outcomes; no cell-level P value","results/03_phase3/licensing/licensing_effect_by_donor_passage.csv|config/phase3_analysis.json"
"GZMB","YES",-0.000508492679196945,0,0,0,-0.000254246339598473,0.000254246339598473,"NO","NO_CLEAR_LICENSING_EFFECT","donor/passage rules frozen before outcomes; no cell-level P value","results/03_phase3/licensing/licensing_effect_by_donor_passage.csv|config/phase3_analysis.json"
"HAPLN1","YES",1.81089658837712,1.11011560884535,0.889829606718179,1.33040161097253,1.46050609861124,1.46050609861124,"YES","LICENSING_CONSISTENT_UP","donor/passage rules frozen before outcomes; no cell-level P value","results/03_phase3/licensing/licensing_effect_by_donor_passage.csv|config/phase3_analysis.json"
"HAS1","YES",-0.012556331773833,0.0383296469287148,0.00681862346491724,0.0698406703925124,0.0128866575774409,0.0254429893512739,"NO","NO_CLEAR_LICENSING_EFFECT","donor/passage rules frozen before outcomes; no cell-level P value","results/03_phase3/licensing/licensing_effect_by_donor_passage.csv|config/phase3_analysis.json"
"HAS2","YES",2.6212402766584,-0.962299766852038,-0.827618088257325,-1.09698144544675,0.829470254903183,1.79177002175522,"YES","DONOR_DEPENDENT","donor/passage rules frozen before outcomes; no cell-level P value","results/03_phase3/licensing/licensing_effect_by_donor_passage.csv|config/phase3_analysis.json"
"HAVCR1","YES",0,0.013452295389392,0.020173951863227,0.00673063891555701,0.006726147694696,0.006726147694696,"NO","NO_CLEAR_LICENSING_EFFECT","donor/passage rules frozen before outcomes; no cell-level P value","results/03_phase3/licensing/licensing_effect_by_donor_passage.csv|config/phase3_analysis.json"
"HBEGF","YES",1.51636355674563,-0.155570847006041,0.536441121974558,-0.84758281598664,0.680396354869793,0.835967201875834,"YES","PASSAGE_DEPENDENT","donor/passage rules frozen before outcomes; no cell-level P value","results/03_phase3/licensing/licensing_effect_by_donor_passage.csv|config/phase3_analysis.json"
"HCRT","YES",-0.00629182616902173,0,0,0,-0.00314591308451086,0.00314591308451086,"NO","NO_CLEAR_LICENSING_EFFECT","donor/passage rules frozen before outcomes; no cell-level P value","results/03_phase3/licensing/licensing_effect_by_donor_passage.csv|config/phase3_analysis.json"
"HDC","YES",0.237973733167439,-0.00333074704397815,-0.00666149408795631,0,0.117321493061731,0.120652240105709,"NO","NO_CLEAR_LICENSING_EFFECT","donor/passage rules frozen before outcomes; no cell-level P value","results/03_phase3/licensing/licensing_effect_by_donor_passage.csv|config/phase3_analysis.json"
"HEBP1","YES",-0.4477016976199,-0.323521819369652,-0.441564774148046,-0.205478864591259,-0.385611758494776,0.385611758494776,"YES","NO_CLEAR_LICENSING_EFFECT","donor/passage rules frozen before outcomes; no cell-level P value","results/03_phase3/licensing/licensing_effect_by_donor_passage.csv|config/phase3_analysis.json"
"HGF","YES",-2.0513463202815,-0.524167161534563,-2.39212486224491,1.34379053917578,-1.28775674090803,1.28775674090803,"YES","PASSAGE_DEPENDENT","donor/passage rules frozen before outcomes; no cell-level P value","results/03_phase3/licensing/licensing_effect_by_donor_passage.csv|config/phase3_analysis.json"
"HHIPL2","YES",0.213293706713172,0,0,0,0.106646853356586,0.106646853356586,"NO","NO_CLEAR_LICENSING_EFFECT","donor/passage rules frozen before outcomes; no cell-level P value","results/03_phase3/licensing/licensing_effect_by_donor_passage.csv|config/phase3_analysis.json"
"HHLA2","YES",0.371826328085474,-0.0803147404354109,-0.288612095899725,0.127982615028904,0.145755793825032,0.226070534260443,"NO","NO_CLEAR_LICENSING_EFFECT","donor/passage rules frozen before outcomes; no cell-level P value","results/03_phase3/licensing/licensing_effect_by_donor_passage.csv|config/phase3_analysis.json"
"HJV","NO",,,,,,,"NO","NO_CLEAR_LICENSING_EFFECT","donor/passage rules frozen before outcomes; no cell-level P value","results/03_phase3/licensing/licensing_effect_by_donor_passage.csv|config/phase3_analysis.json"
"HLA-A","YES",2.49750820761071,2.56562857293554,2.53194895185926,2.59930819401182,2.53156839027312,2.53156839027312,"YES","LICENSING_CONSISTENT_UP","donor/passage rules frozen before outcomes; no cell-level P value","results/03_phase3/licensing/licensing_effect_by_donor_passage.csv|config/phase3_analysis.json"
"HLA-B","YES",4.19565468645995,3.35701175836244,3.22824508034034,3.48577843638453,3.77633322241119,3.77633322241119,"YES","LICENSING_CONSISTENT_UP","donor/passage rules frozen before outcomes; no cell-level P value","results/03_phase3/licensing/licensing_effect_by_donor_passage.csv|config/phase3_analysis.json"
"HLA-C","YES",2.50416901337621,2.28223705403617,2.17348162506672,2.39099248300563,2.39320303370619,2.39320303370619,"YES","LICENSING_CONSISTENT_UP","donor/passage rules frozen before outcomes; no cell-level P value","results/03_phase3/licensing/licensing_effect_by_donor_passage.csv|config/phase3_analysis.json"
"HLA-DMA","YES",0.355350570695309,1.32093413511765,2.24866413702627,0.393204133209035,0.83814235290648,0.83814235290648,"NO","PASSAGE_DEPENDENT","donor/passage rules frozen before outcomes; no cell-level P value","results/03_phase3/licensing/licensing_effect_by_donor_passage.csv|config/phase3_analysis.json"
"HLA-DMB","YES",-0.000255330332106226,-3.8267677790099e-05,0.00675580300018761,-0.00683233835576781,-0.000146799004948163,0.000146799004948163,"NO","NO_CLEAR_LICENSING_EFFECT","donor/passage rules frozen before outcomes; no cell-level P value","results/03_phase3/licensing/licensing_effect_by_donor_passage.csv|config/phase3_analysis.json"
"HLA-DOA","YES",-0.243637255954863,-0.140570734360888,0.0314960037026559,-0.312637472424431,-0.192103995157875,0.192103995157875,"NO","NO_CLEAR_LICENSING_EFFECT","donor/passage rules frozen before outcomes; no cell-level P value","results/03_phase3/licensing/licensing_effect_by_donor_passage.csv|config/phase3_analysis.json"
"HLA-DOB","YES",0.854261879357723,3.35199547885455,3.67331178338806,3.03067917432105,2.10312867910614,2.10312867910614,"NO","LICENSING_CONSISTENT_UP","donor/passage rules frozen before outcomes; no cell-level P value","results/03_phase3/licensing/licensing_effect_by_donor_passage.csv|config/phase3_analysis.json"
"HLA-DPB1","YES",0.264506914436688,0.317428258064641,-0.306160520072891,0.941017036202172,0.290967586250664,0.290967586250664,"NO","PASSAGE_DEPENDENT","donor/passage rules frozen before outcomes; no cell-level P value","results/03_phase3/licensing/licensing_effect_by_donor_passage.csv|config/phase3_analysis.json"
"HLA-DQA1","YES",0.00603649583691562,0.708682955936693,1.41736591187339,0,0.357359725886804,0.357359725886804,"NO","PASSAGE_DEPENDENT","donor/passage rules frozen before outcomes; no cell-level P value","results/03_phase3/licensing/licensing_effect_by_donor_passage.csv|config/phase3_analysis.json"
"HLA-DQA2","YES",0,0.100942312899532,0.201884625799064,0,0.050471156449766,0.050471156449766,"NO","NO_CLEAR_LICENSING_EFFECT","donor/passage rules frozen before outcomes; no cell-level P value","results/03_phase3/licensing/licensing_effect_by_donor_passage.csv|config/phase3_analysis.json"
"HLA-DQB1","YES",0.0120478390946361,1.16383919789262,1.24523651942781,1.08244187635743,0.587943518493628,0.587943518493628,"NO","NO_CLEAR_LICENSING_EFFECT","donor/passage rules frozen before outcomes; no cell-level P value","results/03_phase3/licensing/licensing_effect_by_donor_passage.csv|config/phase3_analysis.json"
"HLA-DQB2","YES",0,0.0618719967158722,0.117013354516187,0.00673063891555701,0.0309359983579361,0.0309359983579361,"NO","NO_CLEAR_LICENSING_EFFECT","donor/passage rules frozen before outcomes; no cell-level P value","results/03_phase3/licensing/licensing_effect_by_donor_passage.csv|config/phase3_analysis.json"
"HLA-DRA","YES",0.853976133858299,2.55769611853138,4.43964931699421,0.675742920068556,1.70583612619484,1.70583612619484,"NO","PASSAGE_DEPENDENT","donor/passage rules frozen before outcomes; no cell-level P value","results/03_phase3/licensing/licensing_effect_by_donor_passage.csv|config/phase3_analysis.json"
"HLA-DRB1","YES",0.269322789689753,1.61502557987263,2.5702620693906,0.659789090354656,0.942174184781191,0.942174184781191,"NO","PASSAGE_DEPENDENT","donor/passage rules frozen before outcomes; no cell-level P value","results/03_phase3/licensing/licensing_effect_by_donor_passage.csv|config/phase3_analysis.json"
"HLA-DRB3","YES",0,0,0,0,0,0,"NO","NO_CLEAR_LICENSING_EFFECT","donor/passage rules frozen before outcomes; no cell-level P value","results/03_phase3/licensing/licensing_effect_by_donor_passage.csv|config/phase3_analysis.json"
"HLA-DRB4","YES",0,0,0,0,0,0,"NO","NO_CLEAR_LICENSING_EFFECT","donor/passage rules frozen before outcomes; no cell-level P value","results/03_phase3/licensing/licensing_effect_by_donor_passage.csv|config/phase3_analysis.json"
"HLA-DRB5","YES",0.0697391988660904,2.46570139160304,2.72955200931365,2.20185077389243,1.26772029523457,1.26772029523457,"NO","NO_CLEAR_LICENSING_EFFECT","donor/passage rules frozen before outcomes; no cell-level P value","results/03_phase3/licensing/licensing_effect_by_donor_passage.csv|config/phase3_analysis.json"
"HLA-E","YES",2.36193489324966,3.22583922551492,2.91790008620685,3.53377836482299,2.79388705938229,2.79388705938229,"YES","LICENSING_CONSISTENT_UP","donor/passage rules frozen before outcomes; no cell-level P value","results/03_phase3/licensing/licensing_effect_by_donor_passage.csv|config/phase3_analysis.json"
"HLA-F","YES",5.47461492096347,5.56779379026887,5.61883453884738,5.51675304169035,5.52120435561617,5.52120435561617,"YES","LICENSING_CONSISTENT_UP","donor/passage rules frozen before outcomes; no cell-level P value","results/03_phase3/licensing/licensing_effect_by_donor_passage.csv|config/phase3_analysis.json"
"HLA-G","YES",0.803930261263977,0.83794955185665,0.901588258391614,0.774310845321686,0.820939906560314,0.820939906560314,"NO","LICENSING_CONSISTENT_UP","donor/passage rules frozen before outcomes; no cell-level P value","results/03_phase3/licensing/licensing_effect_by_donor_passage.csv|config/phase3_analysis.json"
"HMGB1","YES",0.111588596878787,-0.254255901609208,-0.23000368985832,-0.278508113360096,-0.0713336523652108,0.182922249243997,"YES","NO_CLEAR_LICENSING_EFFECT","donor/passage rules frozen before outcomes; no cell-level P value","results/03_phase3/licensing/licensing_effect_by_donor_passage.csv|config/phase3_analysis.json"
"HP","YES",-0.0187937530534137,0,0,0,-0.00939687652670686,0.00939687652670686,"NO","NO_CLEAR_LICENSING_EFFECT","donor/passage rules frozen before outcomes; no cell-level P value","results/03_phase3/licensing/licensing_effect_by_donor_passage.csv|config/phase3_analysis.json"
"HPX","YES",-0.590699111250478,-0.523336517686504,0.422225096575298,-1.46889813194831,-0.557017814468491,0.557017814468491,"NO","PASSAGE_DEPENDENT","donor/passage rules frozen before outcomes; no cell-level P value","results/03_phase3/licensing/licensing_effect_by_donor_passage.csv|config/phase3_analysis.json"
"HRG","YES",0,0,0,0,0,0,"NO","NO_CLEAR_LICENSING_EFFECT","donor/passage rules frozen before outcomes; no cell-level P value","results/03_phase3/licensing/licensing_effect_by_donor_passage.csv|config/phase3_analysis.json"
"HSP90B1","YES",-0.0713829781657787,-0.0234529133081011,-0.0513227475348229,0.00441692091862069,-0.0474179457369399,0.0474179457369399,"YES","NO_CLEAR_LICENSING_EFFECT","donor/passage rules frozen before outcomes; no cell-level P value","results/03_phase3/licensing/licensing_effect_by_donor_passage.csv|config/phase3_analysis.json"
"HSPG2","YES",-0.514959363379817,0.166837776715543,-0.684748750380574,1.01842430381166,-0.174060793332137,0.34089857004768,"YES","PASSAGE_DEPENDENT","donor/passage rules frozen before outcomes; no cell-level P value","results/03_phase3/licensing/licensing_effect_by_donor_passage.csv|config/phase3_analysis.json"
"IAPP","YES",0.0383254655183305,0.0358893709208513,0.0769821169708522,-0.00520337512914969,0.0371074182195909,0.0371074182195909,"NO","NO_CLEAR_LICENSING_EFFECT","donor/passage rules frozen before outcomes; no cell-level P value","results/03_phase3/licensing/licensing_effect_by_donor_passage.csv|config/phase3_analysis.json"
"IBSP","YES",0,0,0,0,0,0,"NO","NO_CLEAR_LICENSING_EFFECT","donor/passage rules frozen before outcomes; no cell-level P value","results/03_phase3/licensing/licensing_effect_by_donor_passage.csv|config/phase3_analysis.json"
"ICAM1","YES",6.72317820806094,5.73499459823074,5.4986375398679,5.97135165659359,6.22908640314584,6.22908640314584,"YES","LICENSING_CONSISTENT_UP","donor/passage rules frozen before outcomes; no cell-level P value","results/03_phase3/licensing/licensing_effect_by_donor_passage.csv|config/phase3_analysis.json"
"ICAM2","YES",0.0509333247118922,0,0,0,0.0254666623559461,0.0254666623559461,"NO","NO_CLEAR_LICENSING_EFFECT","donor/passage rules frozen before outcomes; no cell-level P value","results/03_phase3/licensing/licensing_effect_by_donor_passage.csv|config/phase3_analysis.json"
"ICAM3","YES",0.194645868762263,0.136330441982702,0.204760430343794,0.0679004536216102,0.165488155372482,0.165488155372482,"YES","NO_CLEAR_LICENSING_EFFECT","donor/passage rules frozen before outcomes; no cell-level P value","results/03_phase3/licensing/licensing_effect_by_donor_passage.csv|config/phase3_analysis.json"
"ICAM4","YES",-0.0960368357439811,0.383961242564455,0.0778047055159246,0.690117779612985,0.143962203410237,0.239999039154218,"NO","NO_CLEAR_LICENSING_EFFECT","donor/passage rules frozen before outcomes; no cell-level P value","results/03_phase3/licensing/licensing_effect_by_donor_passage.csv|config/phase3_analysis.json"
"ICAM5","YES",-0.00697008468301919,-0.0366693378061198,9.43089122314274e-05,-0.073432984524471,-0.0218197112445695,0.0218197112445695,"NO","NO_CLEAR_LICENSING_EFFECT","donor/passage rules frozen before outcomes; no cell-level P value","results/03_phase3/licensing/licensing_effect_by_donor_passage.csv|config/phase3_analysis.json"
"ICOSLG","YES",-0.0211036092152154,0.459216624415054,0.630006212814438,0.288427036015671,0.219056507599919,0.240160116815135,"NO","NO_CLEAR_LICENSING_EFFECT","donor/passage rules frozen before outcomes; no cell-level P value","results/03_phase3/licensing/licensing_effect_by_donor_passage.csv|config/phase3_analysis.json"
"IFITM1","YES",4.67549286033744,5.06817474584201,4.91645940209265,5.21989008959138,4.87183380308973,4.87183380308973,"YES","LICENSING_CONSISTENT_UP","donor/passage rules frozen before outcomes; no cell-level P value","results/03_phase3/licensing/licensing_effect_by_donor_passage.csv|config/phase3_analysis.json"
"IFNA1","YES",0.19154369931083,0.19070159048803,-0.115439889743446,0.496843070719505,0.19112264489943,0.19112264489943,"NO","NO_CLEAR_LICENSING_EFFECT","donor/passage rules frozen before outcomes; no cell-level P value","results/03_phase3/licensing/licensing_effect_by_donor_passage.csv|config/phase3_analysis.json"
"IFNA10","YES",0,0,0,0,0,0,"NO","NO_CLEAR_LICENSING_EFFECT","donor/passage rules frozen before outcomes; no cell-level P value","results/03_phase3/licensing/licensing_effect_by_donor_passage.csv|config/phase3_analysis.json"
"IFNA13","YES",0.0358458225649201,-0.0102290926377684,0,-0.0204581852755369,0.0128083649635758,0.0230374576013443,"NO","NO_CLEAR_LICENSING_EFFECT","donor/passage rules frozen before outcomes; no cell-level P value","results/03_phase3/licensing/licensing_effect_by_donor_passage.csv|config/phase3_analysis.json"
"IFNA14","YES",0,0,0,0,0,0,"NO","NO_CLEAR_LICENSING_EFFECT","donor/passage rules frozen before outcomes; no cell-level P value","results/03_phase3/licensing/licensing_effect_by_donor_passage.csv|config/phase3_analysis.json"
"IFNA16","YES",0,0,0,0,0,0,"NO","NO_CLEAR_LICENSING_EFFECT","donor/passage rules frozen before outcomes; no cell-level P value","results/03_phase3/licensing/licensing_effect_by_donor_passage.csv|config/phase3_analysis.json"
"IFNA17","YES",0,0,0,0,0,0,"NO","NO_CLEAR_LICENSING_EFFECT","donor/passage rules frozen before outcomes; no cell-level P value","results/03_phase3/licensing/licensing_effect_by_donor_passage.csv|config/phase3_analysis.json"
"IFNA2","YES",0,0,0,0,0,0,"NO","NO_CLEAR_LICENSING_EFFECT","donor/passage rules frozen before outcomes; no cell-level P value","results/03_phase3/licensing/licensing_effect_by_donor_passage.csv|config/phase3_analysis.json"
"IFNA21","YES",0,0,0,0,0,0,"NO","NO_CLEAR_LICENSING_EFFECT","donor/passage rules frozen before outcomes; no cell-level P value","results/03_phase3/licensing/licensing_effect_by_donor_passage.csv|config/phase3_analysis.json"
"IFNA4","YES",0,0,0,0,0,0,"NO","NO_CLEAR_LICENSING_EFFECT","donor/passage rules frozen before outcomes; no cell-level P value","results/03_phase3/licensing/licensing_effect_by_donor_passage.csv|config/phase3_analysis.json"
"IFNA5","YES",0,0,0,0,0,0,"NO","NO_CLEAR_LICENSING_EFFECT","donor/passage rules frozen before outcomes; no cell-level P value","results/03_phase3/licensing/licensing_effect_by_donor_passage.csv|config/phase3_analysis.json"
"IFNA6","YES",0,0,0,0,0,0,"NO","NO_CLEAR_LICENSING_EFFECT","donor/passage rules frozen before outcomes; no cell-level P value","results/03_phase3/licensing/licensing_effect_by_donor_passage.csv|config/phase3_analysis.json"
"IFNA7","YES",0,0,0,0,0,0,"NO","NO_CLEAR_LICENSING_EFFECT","donor/passage rules frozen before outcomes; no cell-level P value","results/03_phase3/licensing/licensing_effect_by_donor_passage.csv|config/phase3_analysis.json"
"IFNA8","YES",0,0.534623136422713,1.06924627284543,0,0.267311568211357,0.267311568211357,"NO","PASSAGE_DEPENDENT","donor/passage rules frozen before outcomes; no cell-level P value","results/03_phase3/licensing/licensing_effect_by_donor_passage.csv|config/phase3_analysis.json"
"IFNB1","YES",0,0,0,0,0,0,"NO","NO_CLEAR_LICENSING_EFFECT","donor/passage rules frozen before outcomes; no cell-level P value","results/03_phase3/licensing/licensing_effect_by_donor_passage.csv|config/phase3_analysis.json"
"IFNE","YES",1.13767156409965,-1.41076662565033,-2.71795790771629,-0.103575343584378,-0.136547530775341,1.27421909487499,"NO","PASSAGE_DEPENDENT","donor/passage rules frozen before outcomes; no cell-level P value","results/03_phase3/licensing/licensing_effect_by_donor_passage.csv|config/phase3_analysis.json"
"IFNG","YES",0,-0.00341616917788391,0,-0.00683233835576781,-0.00170808458894195,0.00170808458894195,"NO","NO_CLEAR_LICENSING_EFFECT","donor/passage rules frozen before outcomes; no cell-level P value","results/03_phase3/licensing/licensing_effect_by_donor_passage.csv|config/phase3_analysis.json"
"IFNK","YES",0.0180342385127994,-0.00341616917788391,0,-0.00683233835576781,0.00730903466745774,0.0107252038453416,"NO","NO_CLEAR_LICENSING_EFFECT","donor/passage rules frozen before outcomes; no cell-level P value","results/03_phase3/licensing/licensing_effect_by_donor_passage.csv|config/phase3_analysis.json"
"IFNL1","YES",0,0,0,0,0,0,"NO","NO_CLEAR_LICENSING_EFFECT","donor/passage rules frozen before outcomes; no cell-level P value","results/03_phase3/licensing/licensing_effect_by_donor_passage.csv|config/phase3_analysis.json"
"IFNL2","YES",0,0,0,0,0,0,"NO","NO_CLEAR_LICENSING_EFFECT","donor/passage rules frozen before outcomes; no cell-level P value","results/03_phase3/licensing/licensing_effect_by_donor_passage.csv|config/phase3_analysis.json"
"IFNL3","YES",0,0,0,0,0,0,"NO","NO_CLEAR_LICENSING_EFFECT","donor/passage rules frozen before outcomes; no cell-level P value","results/03_phase3/licensing/licensing_effect_by_donor_passage.csv|config/phase3_analysis.json"
"IFNL4","YES",0,-0.00333074704397815,-0.00666149408795631,0,-0.00166537352198908,0.00166537352198908,"NO","NO_CLEAR_LICENSING_EFFECT","donor/passage rules frozen before outcomes; no cell-level P value","results/03_phase3/licensing/licensing_effect_by_donor_passage.csv|config/phase3_analysis.json"
"IFNW1","YES",0.751421038358778,0,0,0,0.375710519179389,0.375710519179389,"NO","NO_CLEAR_LICENSING_EFFECT","donor/passage rules frozen before outcomes; no cell-level P value","results/03_phase3/licensing/licensing_effect_by_donor_passage.csv|config/phase3_analysis.json"
"IGF1","YES",-1.03343085717243,-0.20477302671811,-0.181199999629632,-0.228346053806587,-0.61910194194527,0.61910194194527,"NO","NO_CLEAR_LICENSING_EFFECT","donor/passage rules frozen before outcomes; no cell-level P value","results/03_phase3/licensing/licensing_effect_by_donor_passage.csv|config/phase3_analysis.json"
"IGF2","YES",-0.037628122852739,-0.00328086591195315,-0.0132923707394633,0.00673063891555701,-0.0204544943823461,0.0204544943823461,"NO","NO_CLEAR_LICENSING_EFFECT","donor/passage rules frozen before outcomes; no cell-level P value","results/03_phase3/licensing/licensing_effect_by_donor_passage.csv|config/phase3_analysis.json"
"IGFBP3","YES",-3.16129882165275,-0.616616708292052,-2.17288513645575,0.939651719871649,-1.8889577649724,1.8889577649724,"YES","PASSAGE_DEPENDENT","donor/passage rules frozen before outcomes; no cell-level P value","results/03_phase3/licensing/licensing_effect_by_donor_passage.csv|config/phase3_analysis.json"
"IGFBP4","YES",-0.624847043210709,0.694923518563335,0.147484862225488,1.24236217490118,0.0350382376763132,0.659885280887022,"YES","PASSAGE_DEPENDENT","donor/passage rules frozen before outcomes; no cell-level P value","results/03_phase3/licensing/licensing_effect_by_donor_passage.csv|config/phase3_analysis.json"
"IGFBP7","YES",0.150401723021427,0.438143262608705,0.485069614738844,0.391216910478565,0.294272492815066,0.294272492815066,"YES","NO_CLEAR_LICENSING_EFFECT","donor/passage rules frozen before outcomes; no cell-level P value","results/03_phase3/licensing/licensing_effect_by_donor_passage.csv|config/phase3_analysis.json"
"IGFBPL1","YES",-0.0184167940609162,0.430828625307571,0.132671907531116,0.728985343084026,0.206205915623327,0.224622709684244,"NO","NO_CLEAR_LICENSING_EFFECT","donor/passage rules frozen before outcomes; no cell-level P value","results/03_phase3/licensing/licensing_effect_by_donor_passage.csv|config/phase3_analysis.json"
"IGFL1","YES",0,0,0,0,0,0,"NO","NO_CLEAR_LICENSING_EFFECT","donor/passage rules frozen before outcomes; no cell-level P value","results/03_phase3/licensing/licensing_effect_by_donor_passage.csv|config/phase3_analysis.json"
"IGFL2","YES",0,0,0,0,0,0,"NO","NO_CLEAR_LICENSING_EFFECT","donor/passage rules frozen before outcomes; no cell-level P value","results/03_phase3/licensing/licensing_effect_by_donor_passage.csv|config/phase3_analysis.json"
"IGFL3","YES",0,0.265986868563335,0.531973737126671,0,0.132993434281668,0.132993434281668,"NO","NO_CLEAR_LICENSING_EFFECT","donor/passage rules frozen before outcomes; no cell-level P value","results/03_phase3/licensing/licensing_effect_by_donor_passage.csv|config/phase3_analysis.json"
"IGSF10","YES",-0.00629182616902173,-0.593414991542171,-1.39620087372905,0.209370890644711,-0.299853408855596,0.299853408855596,"NO","PASSAGE_DEPENDENT","donor/passage rules frozen before outcomes; no cell-level P value","results/03_phase3/licensing/licensing_effect_by_donor_passage.csv|config/phase3_analysis.json"
"IGSF11","YES",-0.0726330423539722,-0.35984416173536,-0.325280766975371,-0.394407556495349,-0.216238602044666,0.216238602044666,"NO","NO_CLEAR_LICENSING_EFFECT","donor/passage rules frozen before outcomes; no cell-level P value","results/03_phase3/licensing/licensing_effect_by_donor_passage.csv|config/phase3_analysis.json"
"IGSF21","YES",0,0,0,0,0,0,"NO","NO_CLEAR_LICENSING_EFFECT","donor/passage rules frozen before outcomes; no cell-level P value","results/03_phase3/licensing/licensing_effect_by_donor_passage.csv|config/phase3_analysis.json"
"IGSF3","YES",0.375955972869807,1.09954577917482,2.08312101179139,0.115970546558255,0.737750876022314,0.737750876022314,"NO","PASSAGE_DEPENDENT","donor/passage rules frozen before outcomes; no cell-level P value","results/03_phase3/licensing/licensing_effect_by_donor_passage.csv|config/phase3_analysis.json"
"IHH","YES",0,-0.00333074704397815,-0.00666149408795631,0,-0.00166537352198908,0.00166537352198908,"NO","NO_CLEAR_LICENSING_EFFECT","donor/passage rules frozen before outcomes; no cell-level P value","results/03_phase3/licensing/licensing_effect_by_donor_passage.csv|config/phase3_analysis.json"
"IL10","YES",0.0416220228406742,0.0402601529361426,0.00610081912083141,0.0744194867514538,0.0409410878884084,0.0409410878884084,"NO","NO_CLEAR_LICENSING_EFFECT","donor/passage rules frozen before outcomes; no cell-level P value","results/03_phase3/licensing/licensing_effect_by_donor_passage.csv|config/phase3_analysis.json"
"IL11","YES",0.251650413864301,-1.33348504902558,-0.972148236661021,-1.69482186139013,-0.540917317580638,0.792567731444939,"NO","DONOR_DEPENDENT","donor/passage rules frozen before outcomes; no cell-level P value","results/03_phase3/licensing/licensing_effect_by_donor_passage.csv|config/phase3_analysis.json"
"IL12A","YES",3.39736134283411,2.86959726351649,3.28029434400331,2.45890018302968,3.1334793031753,3.1334793031753,"YES","LICENSING_CONSISTENT_UP","donor/passage rules frozen before outcomes; no cell-level P value","results/03_phase3/licensing/licensing_effect_by_donor_passage.csv|config/phase3_analysis.json"
"IL12B","YES",0.0973832274014443,-0.156296203569769,-0.298959934672297,-0.0136324724672408,-0.0294564880841623,0.126839715485607,"NO","NO_CLEAR_LICENSING_EFFECT","donor/passage rules frozen before outcomes; no cell-level P value","results/03_phase3/licensing/licensing_effect_by_donor_passage.csv|config/phase3_analysis.json"
"IL13","YES",0,-0.00333074704397815,-0.00666149408795631,0,-0.00166537352198908,0.00166537352198908,"NO","NO_CLEAR_LICENSING_EFFECT","donor/passage rules frozen before outcomes; no cell-level P value","results/03_phase3/licensing/licensing_effect_by_donor_passage.csv|config/phase3_analysis.json"
"IL15","YES",1.30523237259977,1.74326278872797,1.56538376513962,1.92114181231632,1.52424758066387,1.52424758066387,"YES","LICENSING_CONSISTENT_UP","donor/passage rules frozen before outcomes; no cell-level P value","results/03_phase3/licensing/licensing_effect_by_donor_passage.csv|config/phase3_analysis.json"
"IL16","YES",-0.647024125759364,1.06503823855979,1.49613913735737,0.633937339762209,0.209007056400213,0.856031182159578,"NO","DONOR_DEPENDENT","donor/passage rules frozen before outcomes; no cell-level P value","results/03_phase3/licensing/licensing_effect_by_donor_passage.csv|config/phase3_analysis.json"
"IL17A","YES",0,0,0,0,0,0,"NO","NO_CLEAR_LICENSING_EFFECT","donor/passage rules frozen before outcomes; no cell-level P value","results/03_phase3/licensing/licensing_effect_by_donor_passage.csv|config/phase3_analysis.json"
"IL17B","YES",0.00603649583691562,0.493432068297738,0.161830137694437,0.825033998901038,0.249734282067327,0.249734282067327,"NO","NO_CLEAR_LICENSING_EFFECT","donor/passage rules frozen before outcomes; no cell-level P value","results/03_phase3/licensing/licensing_effect_by_donor_passage.csv|config/phase3_analysis.json"
"IL17C","YES",0.0229407298467442,0.0797536108336475,0,0.159507221667295,0.0513471703401958,0.0513471703401958,"NO","NO_CLEAR_LICENSING_EFFECT","donor/passage rules frozen before outcomes; no cell-level P value","results/03_phase3/licensing/licensing_effect_by_donor_passage.csv|config/phase3_analysis.json"
"IL17F","YES",0,0,0,0,0,0,"NO","NO_CLEAR_LICENSING_EFFECT","donor/passage rules frozen before outcomes; no cell-level P value","results/03_phase3/licensing/licensing_effect_by_donor_passage.csv|config/phase3_analysis.json"
"IL18","YES",-0.0240523837198971,0.089932007834584,0.184643567579976,-0.00477955191080829,0.0329398120573435,0.0569921957772405,"NO","NO_CLEAR_LICENSING_EFFECT","donor/passage rules frozen before outcomes; no cell-level P value","results/03_phase3/licensing/licensing_effect_by_donor_passage.csv|config/phase3_analysis.json"
"IL18BP","YES",6.99800994321387,7.60949785962277,7.64004688674643,7.57894883249912,7.30375390141832,7.30375390141832,"YES","LICENSING_CONSISTENT_UP","donor/passage rules frozen before outcomes; no cell-level P value","results/03_phase3/licensing/licensing_effect_by_donor_passage.csv|config/phase3_analysis.json"
"IL19","YES",0.00547790673896625,-0.0166919877452087,-0.0129832709901264,-0.0204007045002911,-0.00560704050312124,0.0110849472420875,"NO","NO_CLEAR_LICENSING_EFFECT","donor/passage rules frozen before outcomes; no cell-level P value","results/03_phase3/licensing/licensing_effect_by_donor_passage.csv|config/phase3_analysis.json"
"IL1A","YES",1.87740712195866,2.6999079112039,1.34281310603973,4.05700271636807,2.28865751658128,2.28865751658128,"YES","PASSAGE_DEPENDENT","donor/passage rules frozen before outcomes; no cell-level P value","results/03_phase3/licensing/licensing_effect_by_donor_passage.csv|config/phase3_analysis.json"
"IL1B","YES",3.35533996484203,2.03375042704289,0.132034822437953,3.93546603164782,2.69454519594246,2.69454519594246,"YES","PASSAGE_DEPENDENT","donor/passage rules frozen before outcomes; no cell-level P value","results/03_phase3/licensing/licensing_effect_by_donor_passage.csv|config/phase3_analysis.json"
"IL1F10","YES",0,4.71544561157137e-05,9.43089122314274e-05,0,2.35772280578568e-05,2.35772280578568e-05,"NO","NO_CLEAR_LICENSING_EFFECT","donor/passage rules frozen before outcomes; no cell-level P value","results/03_phase3/licensing/licensing_effect_by_donor_passage.csv|config/phase3_analysis.json"
"IL1RN","YES",0.939794641761399,0.0199603650130089,0,0.0399207300260179,0.479877503387204,0.479877503387204,"NO","NO_CLEAR_LICENSING_EFFECT","donor/passage rules frozen before outcomes; no cell-level P value","results/03_phase3/licensing/licensing_effect_by_donor_passage.csv|config/phase3_analysis.json"
"IL2","YES",0,0,0,0,0,0,"NO","NO_CLEAR_LICENSING_EFFECT","donor/passage rules frozen before outcomes; no cell-level P value","results/03_phase3/licensing/licensing_effect_by_donor_passage.csv|config/phase3_analysis.json"
"IL20","YES",0,0,0,0,0,0,"NO","NO_CLEAR_LICENSING_EFFECT","donor/passage rules frozen before outcomes; no cell-level P value","results/03_phase3/licensing/licensing_effect_by_donor_passage.csv|config/phase3_analysis.json"
"IL21","YES",0,-0.0132316942715,-0.026463388543,0,-0.00661584713574999,0.00661584713574999,"NO","NO_CLEAR_LICENSING_EFFECT","donor/passage rules frozen before outcomes; no cell-level P value","results/03_phase3/licensing/licensing_effect_by_donor_passage.csv|config/phase3_analysis.json"
"IL22","YES",0,-0.00333074704397815,-0.00666149408795631,0,-0.00166537352198908,0.00166537352198908,"NO","NO_CLEAR_LICENSING_EFFECT","donor/passage rules frozen before outcomes; no cell-level P value","results/03_phase3/licensing/licensing_effect_by_donor_passage.csv|config/phase3_analysis.json"
"IL23A","YES",0.314587214809847,0.0830123425540445,0.236541853123504,-0.0705171680154148,0.198799778681946,0.198799778681946,"NO","NO_CLEAR_LICENSING_EFFECT","donor/passage rules frozen before outcomes; no cell-level P value","results/03_phase3/licensing/licensing_effect_by_donor_passage.csv|config/phase3_analysis.json"
"IL24","YES",0,0.0033653194577785,0,0.00673063891555701,0.00168265972888925,0.00168265972888925,"NO","NO_CLEAR_LICENSING_EFFECT","donor/passage rules frozen before outcomes; no cell-level P value","results/03_phase3/licensing/licensing_effect_by_donor_passage.csv|config/phase3_analysis.json"
"IL25","YES",0,0,0,0,0,0,"NO","NO_CLEAR_LICENSING_EFFECT","donor/passage rules frozen before outcomes; no cell-level P value","results/03_phase3/licensing/licensing_effect_by_donor_passage.csv|config/phase3_analysis.json"
"IL26","YES",0,0,0,0,0,0,"NO","NO_CLEAR_LICENSING_EFFECT","donor/passage rules frozen before outcomes; no cell-level P value","results/03_phase3/licensing/licensing_effect_by_donor_passage.csv|config/phase3_analysis.json"
"IL27","YES",0,0.0033653194577785,0,0.00673063891555701,0.00168265972888925,0.00168265972888925,"NO","NO_CLEAR_LICENSING_EFFECT","donor/passage rules frozen before outcomes; no cell-level P value","results/03_phase3/licensing/licensing_effect_by_donor_passage.csv|config/phase3_analysis.json"
"IL3","YES",0,0,0,0,0,0,"NO","NO_CLEAR_LICENSING_EFFECT","donor/passage rules frozen before outcomes; no cell-level P value","results/03_phase3/licensing/licensing_effect_by_donor_passage.csv|config/phase3_analysis.json"
"IL31","YES",-0.012556331773833,0.0133680891544267,0,0.0267361783088535,0.000405878690296869,0.0129622104641299,"NO","NO_CLEAR_LICENSING_EFFECT","donor/passage rules frozen before outcomes; no cell-level P value","results/03_phase3/licensing/licensing_effect_by_donor_passage.csv|config/phase3_analysis.json"
"IL32","YES",8.29277650708953,5.70786909070085,6.36526030862154,5.05047787278016,7.00032279889519,7.00032279889519,"YES","PASSAGE_DEPENDENT","donor/passage rules frozen before outcomes; no cell-level P value","results/03_phase3/licensing/licensing_effect_by_donor_passage.csv|config/phase3_analysis.json"
"IL33","YES",-0.201210960557447,2.09646902230652,2.145532415671,2.04740562894203,0.947629030874534,1.14883999143198,"YES","DONOR_DEPENDENT","donor/passage rules frozen before outcomes; no cell-level P value","results/03_phase3/licensing/licensing_effect_by_donor_passage.csv|config/phase3_analysis.json"
"IL34","YES",0.156638010900749,1.7897897372681,2.58253046529954,0.997049009236656,0.973213874084423,0.973213874084423,"NO","PASSAGE_DEPENDENT","donor/passage rules frozen before outcomes; no cell-level P value","results/03_phase3/licensing/licensing_effect_by_donor_passage.csv|config/phase3_analysis.json"
"IL36A","YES",0,0,0,0,0,0,"NO","NO_CLEAR_LICENSING_EFFECT","donor/passage rules frozen before outcomes; no cell-level P value","results/03_phase3/licensing/licensing_effect_by_donor_passage.csv|config/phase3_analysis.json"
"IL36B","YES",0,0,0,0,0,0,"NO","NO_CLEAR_LICENSING_EFFECT","donor/passage rules frozen before outcomes; no cell-level P value","results/03_phase3/licensing/licensing_effect_by_donor_passage.csv|config/phase3_analysis.json"
"IL36G","YES",0,-0.00333074704397815,-0.00666149408795631,0,-0.00166537352198908,0.00166537352198908,"NO","NO_CLEAR_LICENSING_EFFECT","donor/passage rules frozen before outcomes; no cell-level P value","results/03_phase3/licensing/licensing_effect_by_donor_passage.csv|config/phase3_analysis.json"
"IL36RN","YES",0,0,0,0,0,0,"NO","NO_CLEAR_LICENSING_EFFECT","donor/passage rules frozen before outcomes; no cell-level P value","results/03_phase3/licensing/licensing_effect_by_donor_passage.csv|config/phase3_analysis.json"
"IL37","YES",0,0.0100492205654826,0,0.0200984411309652,0.00502461028274129,0.00502461028274129,"NO","NO_CLEAR_LICENSING_EFFECT","donor/passage rules frozen before outcomes; no cell-level P value","results/03_phase3/licensing/licensing_effect_by_donor_passage.csv|config/phase3_analysis.json"
"IL4","YES",-0.0495826522706559,-0.0169213249544281,0,-0.0338426499088561,-0.033251988612542,0.033251988612542,"NO","NO_CLEAR_LICENSING_EFFECT","donor/passage rules frozen before outcomes; no cell-level P value","results/03_phase3/licensing/licensing_effect_by_donor_passage.csv|config/phase3_analysis.json"
"IL5","YES",0,0,0,0,0,0,"NO","NO_CLEAR_LICENSING_EFFECT","donor/passage rules frozen before outcomes; no cell-level P value","results/03_phase3/licensing/licensing_effect_by_donor_passage.csv|config/phase3_analysis.json"
"IL6","YES",4.76489060644319,4.83214603308323,2.01969552536957,7.64459654079689,4.79851831976321,4.79851831976321,"YES","PASSAGE_DEPENDENT","donor/passage rules frozen before outcomes; no cell-level P value","results/03_phase3/licensing/licensing_effect_by_donor_passage.csv|config/phase3_analysis.json"
"IL7","YES",2.72917878316423,2.44275555823245,3.21564081936344,1.66987029710147,2.58596717069834,2.58596717069834,"YES","PASSAGE_DEPENDENT","donor/passage rules frozen before outcomes; no cell-level P value","results/03_phase3/licensing/licensing_effect_by_donor_passage.csv|config/phase3_analysis.json"
"IL9","YES",0,0,0,0,0,0,"NO","NO_CLEAR_LICENSING_EFFECT","donor/passage rules frozen before outcomes; no cell-level P value","results/03_phase3/licensing/licensing_effect_by_donor_passage.csv|config/phase3_analysis.json"
"ILDR2","YES",-0.0261500544607418,0.0630593956856447,-0.00490164089346979,0.131020432264759,0.0184546706124515,0.0446047250731932,"NO","NO_CLEAR_LICENSING_EFFECT","donor/passage rules frozen before outcomes; no cell-level P value","results/03_phase3/licensing/licensing_effect_by_donor_passage.csv|config/phase3_analysis.json"
"IMPG2","YES",-0.155755436713692,-0.718399787846158,-1.42613380462899,-0.0106657710633218,-0.437077612279925,0.437077612279925,"NO","PASSAGE_DEPENDENT","donor/passage rules frozen before outcomes; no cell-level P value","results/03_phase3/licensing/licensing_effect_by_donor_passage.csv|config/phase3_analysis.json"
"INHA","YES",0,0.0585066772580937,0.117013354516187,0,0.0292533386290469,0.0292533386290469,"NO","NO_CLEAR_LICENSING_EFFECT","donor/passage rules frozen before outcomes; no cell-level P value","results/03_phase3/licensing/licensing_effect_by_donor_passage.csv|config/phase3_analysis.json"
"INHBA","YES",2.78633568154584,1.87848788760934,1.22444777283439,2.53252800238429,2.33241178457759,2.33241178457759,"YES","PASSAGE_DEPENDENT","donor/passage rules frozen before outcomes; no cell-level P value","results/03_phase3/licensing/licensing_effect_by_donor_passage.csv|config/phase3_analysis.json"
"INHBB","YES",0.00603649583691562,-0.00341616917788391,0,-0.00683233835576781,0.00131016332951586,0.00472633250739976,"NO","NO_CLEAR_LICENSING_EFFECT","donor/passage rules frozen before outcomes; no cell-level P value","results/03_phase3/licensing/licensing_effect_by_donor_passage.csv|config/phase3_analysis.json"
"INHBC","YES",-0.00629182616902173,0,0,0,-0.00314591308451086,0.00314591308451086,"NO","NO_CLEAR_LICENSING_EFFECT","donor/passage rules frozen before outcomes; no cell-level P value","results/03_phase3/licensing/licensing_effect_by_donor_passage.csv|config/phase3_analysis.json"
"INHBE","YES",0.229226332823703,-0.364691730976928,-0.397337506098125,-0.332045955855732,-0.0677326990766126,0.296959031900316,"NO","NO_CLEAR_LICENSING_EFFECT","donor/passage rules frozen before outcomes; no cell-level P value","results/03_phase3/licensing/licensing_effect_by_donor_passage.csv|config/phase3_analysis.json"
"INS","YES",0,0,0,0,0,0,"NO","NO_CLEAR_LICENSING_EFFECT","donor/passage rules frozen before outcomes; no cell-level P value","results/03_phase3/licensing/licensing_effect_by_donor_passage.csv|config/phase3_analysis.json"
"INSL3","YES",0.0304945469526554,0.167481110324181,-0.0448020244970351,0.379764245145397,0.0989878286384182,0.0989878286384182,"NO","NO_CLEAR_LICENSING_EFFECT","donor/passage rules frozen before outcomes; no cell-level P value","results/03_phase3/licensing/licensing_effect_by_donor_passage.csv|config/phase3_analysis.json"
"INSL5","YES",0,0,0,0,0,0,"NO","NO_CLEAR_LICENSING_EFFECT","donor/passage rules frozen before outcomes; no cell-level P value","results/03_phase3/licensing/licensing_effect_by_donor_passage.csv|config/phase3_analysis.json"
"ITGA4","YES",-1.11317167413717,-0.679850470648182,-1.26565079556182,-0.0940501457345453,-0.896511072392675,0.896511072392675,"YES","PASSAGE_DEPENDENT","donor/passage rules frozen before outcomes; no cell-level P value","results/03_phase3/licensing/licensing_effect_by_donor_passage.csv|config/phase3_analysis.json"
"ITGA9","YES",0.0672480691969772,-0.184663299253834,-0.394743425200633,0.0254168266929655,-0.0587076150284282,0.125955684225405,"NO","NO_CLEAR_LICENSING_EFFECT","donor/passage rules frozen before outcomes; no cell-level P value","results/03_phase3/licensing/licensing_effect_by_donor_passage.csv|config/phase3_analysis.json"
"ITGAL","YES",0.243027014773816,0.113443846921568,0.125973507037085,0.100914186806051,0.178235430847692,0.178235430847692,"NO","NO_CLEAR_LICENSING_EFFECT","donor/passage rules frozen before outcomes; no cell-level P value","results/03_phase3/licensing/licensing_effect_by_donor_passage.csv|config/phase3_analysis.json"
"ITGAM","YES",0.0697391988660904,4.71544561157137e-05,9.43089122314274e-05,0,0.0348931766611031,0.0348931766611031,"NO","NO_CLEAR_LICENSING_EFFECT","donor/passage rules frozen before outcomes; no cell-level P value","results/03_phase3/licensing/licensing_effect_by_donor_passage.csv|config/phase3_analysis.json"
"ITGB1","YES",-0.302225226985967,-0.179905884788928,-0.35001405113849,-0.00979771843936614,-0.241065555887448,0.241065555887448,"YES","NO_CLEAR_LICENSING_EFFECT","donor/passage rules frozen before outcomes; no cell-level P value","results/03_phase3/licensing/licensing_effect_by_donor_passage.csv|config/phase3_analysis.json"
"ITGB2","YES",0.0815355010018404,0,0,0,0.0407677505009202,0.0407677505009202,"NO","NO_CLEAR_LICENSING_EFFECT","donor/passage rules frozen before outcomes; no cell-level P value","results/03_phase3/licensing/licensing_effect_by_donor_passage.csv|config/phase3_analysis.json"
"ITIH2","YES",-0.0434772140073407,-0.0481646939503095,-0.103060026816176,0.00673063891555701,-0.0458209539788251,0.0458209539788251,"NO","NO_CLEAR_LICENSING_EFFECT","donor/passage rules frozen before outcomes; no cell-level P value","results/03_phase3/licensing/licensing_effect_by_donor_passage.csv|config/phase3_analysis.json"
"ITM2B","YES",-0.0396828527908468,0.467626762719692,0.373094354103748,0.562159171335637,0.213971954964423,0.253654807755269,"YES","NO_CLEAR_LICENSING_EFFECT","donor/passage rules frozen before outcomes; no cell-level P value","results/03_phase3/licensing/licensing_effect_by_donor_passage.csv|config/phase3_analysis.json"
"IZUMO1","YES",0,0.00337790150009381,0.00675580300018761,0,0.0016889507500469,0.0016889507500469,"NO","NO_CLEAR_LICENSING_EFFECT","donor/passage rules frozen before outcomes; no cell-level P value","results/03_phase3/licensing/licensing_effect_by_donor_passage.csv|config/phase3_analysis.json"
"JAG1","YES",-2.87150770875606,-0.864695305799561,0.0253709340615664,-1.75476154566069,-1.86810150727781,1.86810150727781,"NO","PASSAGE_DEPENDENT","donor/passage rules frozen before outcomes; no cell-level P value","results/03_phase3/licensing/licensing_effect_by_donor_passage.csv|config/phase3_analysis.json"
"JAG2","YES",-0.000255330332106226,0.173490855258843,9.43089122314274e-05,0.346887401605455,0.0866177624633684,0.0868730927954747,"NO","NO_CLEAR_LICENSING_EFFECT","donor/passage rules frozen before outcomes; no cell-level P value","results/03_phase3/licensing/licensing_effect_by_donor_passage.csv|config/phase3_analysis.json"
"JAM2","YES",0.77499434810161,1.68900430637265,1.40307759879588,1.97493101394941,1.23199932723713,1.23199932723713,"YES","LICENSING_CONSISTENT_UP","donor/passage rules frozen before outcomes; no cell-level P value","results/03_phase3/licensing/licensing_effect_by_donor_passage.csv|config/phase3_analysis.json"
"JAM3","YES",-0.650261723318432,-0.390559745105066,-0.787132007757173,0.0060125175470405,-0.520410734211749,0.520410734211749,"YES","PASSAGE_DEPENDENT","donor/passage rules frozen before outcomes; no cell-level P value","results/03_phase3/licensing/licensing_effect_by_donor_passage.csv|config/phase3_analysis.json"
"JAML","NO",,,,,,,"NO","NO_CLEAR_LICENSING_EFFECT","donor/passage rules frozen before outcomes; no cell-level P value","results/03_phase3/licensing/licensing_effect_by_donor_passage.csv|config/phase3_analysis.json"
"KCNA1","YES",0,-0.00333074704397815,-0.00666149408795631,0,-0.00166537352198908,0.00166537352198908,"NO","NO_CLEAR_LICENSING_EFFECT","donor/passage rules frozen before outcomes; no cell-level P value","results/03_phase3/licensing/licensing_effect_by_donor_passage.csv|config/phase3_analysis.json"
"KIAA0319L","YES",-0.132125381444527,0.133061095182101,0.201717039946977,0.0644051504172253,0.000467856868787378,0.132593238313314,"YES","NO_CLEAR_LICENSING_EFFECT","donor/passage rules frozen before outcomes; no cell-level P value","results/03_phase3/licensing/licensing_effect_by_donor_passage.csv|config/phase3_analysis.json"
"KIR2DL5A","YES",0,0,0,0,0,0,"NO","NO_CLEAR_LICENSING_EFFECT","donor/passage rules frozen before outcomes; no cell-level P value","results/03_phase3/licensing/licensing_effect_by_donor_passage.csv|config/phase3_analysis.json"
"KIR2DS3","YES",0,0,0,0,0,0,"NO","NO_CLEAR_LICENSING_EFFECT","donor/passage rules frozen before outcomes; no cell-level P value","results/03_phase3/licensing/licensing_effect_by_donor_passage.csv|config/phase3_analysis.json"
"KIR2DS5","YES",0,0,0,0,0,0,"NO","NO_CLEAR_LICENSING_EFFECT","donor/passage rules frozen before outcomes; no cell-level P value","results/03_phase3/licensing/licensing_effect_by_donor_passage.csv|config/phase3_analysis.json"
"KIRREL1","NO",,,,,,,"NO","NO_CLEAR_LICENSING_EFFECT","donor/passage rules frozen before outcomes; no cell-level P value","results/03_phase3/licensing/licensing_effect_by_donor_passage.csv|config/phase3_analysis.json"
"KIRREL3","YES",1.47492522595713,0.00955031072642085,-0.230886810310705,0.249987431763547,0.742237768341776,0.742237768341776,"NO","NO_CLEAR_LICENSING_EFFECT","donor/passage rules frozen before outcomes; no cell-level P value","results/03_phase3/licensing/licensing_effect_by_donor_passage.csv|config/phase3_analysis.json"
"KISS1","YES",0,0,0,0,0,0,"NO","NO_CLEAR_LICENSING_EFFECT","donor/passage rules frozen before outcomes; no cell-level P value","results/03_phase3/licensing/licensing_effect_by_donor_passage.csv|config/phase3_analysis.json"
"KITLG","YES",-0.913595252089335,-1.36644724686183,-0.0448590940708743,-2.68803539965278,-1.14002124947558,1.14002124947558,"YES","PASSAGE_DEPENDENT","donor/passage rules frozen before outcomes; no cell-level P value","results/03_phase3/licensing/licensing_effect_by_donor_passage.csv|config/phase3_analysis.json"
"KL","YES",0,3.45724138003491e-05,-0.00666149408795631,0.00673063891555701,1.72862069001745e-05,1.72862069001745e-05,"NO","NO_CLEAR_LICENSING_EFFECT","donor/passage rules frozen before outcomes; no cell-level P value","results/03_phase3/licensing/licensing_effect_by_donor_passage.csv|config/phase3_analysis.json"
"KLK3","YES",0,0,0,0,0,0,"NO","NO_CLEAR_LICENSING_EFFECT","donor/passage rules frozen before outcomes; no cell-level P value","results/03_phase3/licensing/licensing_effect_by_donor_passage.csv|config/phase3_analysis.json"
"KLKB1","YES",0.00603649583691562,0.0363447882288862,0.00675580300018761,0.0659337734575848,0.0211906420329009,0.0211906420329009,"NO","NO_CLEAR_LICENSING_EFFECT","donor/passage rules frozen before outcomes; no cell-level P value","results/03_phase3/licensing/licensing_effect_by_donor_passage.csv|config/phase3_analysis.json"
"KLRA1P","NO",,,,,,,"NO","NO_CLEAR_LICENSING_EFFECT","donor/passage rules frozen before outcomes; no cell-level P value","results/03_phase3/licensing/licensing_effect_by_donor_passage.csv|config/phase3_analysis.json"
"KNG1","YES",0.0718754703424997,-0.0618728533753927,-0.103260665682758,-0.0204850410680269,0.00500130848355352,0.0668741618589462,"NO","NO_CLEAR_LICENSING_EFFECT","donor/passage rules frozen before outcomes; no cell-level P value","results/03_phase3/licensing/licensing_effect_by_donor_passage.csv|config/phase3_analysis.json"
"L1CAM","YES",0,-0.160915520459775,-0.321831040919551,0,-0.0804577602298877,0.0804577602298877,"NO","NO_CLEAR_LICENSING_EFFECT","donor/passage rules frozen before outcomes; no cell-level P value","results/03_phase3/licensing/licensing_effect_by_donor_passage.csv|config/phase3_analysis.json"
"LACRT","YES",0,0,0,0,0,0,"NO","NO_CLEAR_LICENSING_EFFECT","donor/passage rules frozen before outcomes; no cell-level P value","results/03_phase3/licensing/licensing_effect_by_donor_passage.csv|config/phase3_analysis.json"
"LAIR2","YES",0,0,0,0,0,0,"NO","NO_CLEAR_LICENSING_EFFECT","donor/passage rules frozen before outcomes; no cell-level P value","results/03_phase3/licensing/licensing_effect_by_donor_passage.csv|config/phase3_analysis.json"
"LAMA1","YES",0.182513486226142,1.34152982707181,1.14867350605551,1.53438614808811,0.762021656648976,0.762021656648976,"YES","NO_CLEAR_LICENSING_EFFECT","donor/passage rules frozen before outcomes; no cell-level P value","results/03_phase3/licensing/licensing_effect_by_donor_passage.csv|config/phase3_analysis.json"
"LAMA2","YES",-1.62945258903026,-0.837719479730302,-0.825185550768627,-0.850253408691977,-1.23358603438028,1.23358603438028,"YES","LICENSING_CONSISTENT_DOWN","donor/passage rules frozen before outcomes; no cell-level P value","results/03_phase3/licensing/licensing_effect_by_donor_passage.csv|config/phase3_analysis.json"
"LAMA3","YES",0.928112861379028,2.0921264776306,1.88720379966369,2.29704915559751,1.51011966950482,1.51011966950482,"YES","LICENSING_CONSISTENT_UP","donor/passage rules frozen before outcomes; no cell-level P value","results/03_phase3/licensing/licensing_effect_by_donor_passage.csv|config/phase3_analysis.json"
"LAMA4","YES",-1.74745907615359,0.475927434419712,0.338086670914487,0.613768197924938,-0.635765820866941,1.11169325528665,"YES","DONOR_DEPENDENT","donor/passage rules frozen before outcomes; no cell-level P value","results/03_phase3/licensing/licensing_effect_by_donor_passage.csv|config/phase3_analysis.json"
"LAMA5","YES",-0.408294046508472,-0.907605330864972,-1.32962055769775,-0.48559010403219,-0.657949688686722,0.657949688686722,"NO","NO_CLEAR_LICENSING_EFFECT","donor/passage rules frozen before outcomes; no cell-level P value","results/03_phase3/licensing/licensing_effect_by_donor_passage.csv|config/phase3_analysis.json"
"LAMB1","YES",-1.33379731068215,-0.946791833349624,-1.36700210443348,-0.526581562265765,-1.14029457201588,1.14029457201588,"YES","LICENSING_CONSISTENT_DOWN","donor/passage rules frozen before outcomes; no cell-level P value","results/03_phase3/licensing/licensing_effect_by_donor_passage.csv|config/phase3_analysis.json"
"LAMB2","YES",-0.864676747476772,0.194212344749065,-0.825673655863519,1.21409834536165,-0.335232201363854,0.529444546112918,"YES","PASSAGE_DEPENDENT","donor/passage rules frozen before outcomes; no cell-level P value","results/03_phase3/licensing/licensing_effect_by_donor_passage.csv|config/phase3_analysis.json"
"LAMB3","YES",0.171412579060718,-0.386968433828199,-0.886050310951702,0.112113443295304,-0.10777792738374,0.279190506444458,"NO","PASSAGE_DEPENDENT","donor/passage rules frozen before outcomes; no cell-level P value","results/03_phase3/licensing/licensing_effect_by_donor_passage.csv|config/phase3_analysis.json"
"LAMC1","YES",-0.212342758317784,-0.0741091302780182,-0.308484491568354,0.160266231012317,-0.143225944297901,0.143225944297901,"YES","NO_CLEAR_LICENSING_EFFECT","donor/passage rules frozen before outcomes; no cell-level P value","results/03_phase3/licensing/licensing_effect_by_donor_passage.csv|config/phase3_analysis.json"
"LAMC2","YES",3.33326095563881,-0.112623272795105,-1.21243562140836,0.987189075818147,1.61031884142185,1.72294211421696,"YES","PASSAGE_DEPENDENT","donor/passage rules frozen before outcomes; no cell-level P value","results/03_phase3/licensing/licensing_effect_by_donor_passage.csv|config/phase3_analysis.json"
"LAMC3","YES",0,-0.132055385893991,-0.0132923707394633,-0.250818401048518,-0.0660276929469954,0.0660276929469954,"NO","NO_CLEAR_LICENSING_EFFECT","donor/passage rules frozen before outcomes; no cell-level P value","results/03_phase3/licensing/licensing_effect_by_donor_passage.csv|config/phase3_analysis.json"
"LAYN","YES",-0.166813498650583,0.475646236172609,1.37885061172236,-0.427558139377144,0.154416368761013,0.321229867411596,"YES","PASSAGE_DEPENDENT","donor/passage rules frozen before outcomes; no cell-level P value","results/03_phase3/licensing/licensing_effect_by_donor_passage.csv|config/phase3_analysis.json"
"LCN1","YES",0,0,0,0,0,0,"NO","NO_CLEAR_LICENSING_EFFECT","donor/passage rules frozen before outcomes; no cell-level P value","results/03_phase3/licensing/licensing_effect_by_donor_passage.csv|config/phase3_analysis.json"
"LCN2","YES",0,0,0,0,0,0,"NO","NO_CLEAR_LICENSING_EFFECT","donor/passage rules frozen before outcomes; no cell-level P value","results/03_phase3/licensing/licensing_effect_by_donor_passage.csv|config/phase3_analysis.json"
"LEAP2","YES",-0.388587311966008,-1.31065154507867,-1.52511609782366,-1.09618699233369,-0.849619428522341,0.849619428522341,"NO","NO_CLEAR_LICENSING_EFFECT","donor/passage rules frozen before outcomes; no cell-level P value","results/03_phase3/licensing/licensing_effect_by_donor_passage.csv|config/phase3_analysis.json"
"LEFTY1","YES",0,0,0,0,0,0,"NO","NO_CLEAR_LICENSING_EFFECT","donor/passage rules frozen before outcomes; no cell-level P value","results/03_phase3/licensing/licensing_effect_by_donor_passage.csv|config/phase3_analysis.json"
"LEFTY2","YES",0,-0.00681623623362039,0,-0.0136324724672408,-0.00340811811681019,0.00340811811681019,"NO","NO_CLEAR_LICENSING_EFFECT","donor/passage rules frozen before outcomes; no cell-level P value","results/03_phase3/licensing/licensing_effect_by_donor_passage.csv|config/phase3_analysis.json"
"LEP","YES",0.00364944004583424,0.00188665507502146,-0.0363861598916128,0.0401594700416557,0.00276804756042785,0.00276804756042785,"NO","NO_CLEAR_LICENSING_EFFECT","donor/passage rules frozen before outcomes; no cell-level P value","results/03_phase3/licensing/licensing_effect_by_donor_passage.csv|config/phase3_analysis.json"
"LFNG","YES",-0.358905368034753,0.294329886600255,-0.0207082281655831,0.609368001366094,-0.0322877407172486,0.326617627317504,"NO","PASSAGE_DEPENDENT","donor/passage rules frozen before outcomes; no cell-level P value","results/03_phase3/licensing/licensing_effect_by_donor_passage.csv|config/phase3_analysis.json"
"LGALS1","YES",-0.165620938305888,-0.139492803768713,0.0206138391693585,-0.299599446706785,-0.152556871037301,0.152556871037301,"YES","NO_CLEAR_LICENSING_EFFECT","donor/passage rules frozen before outcomes; no cell-level P value","results/03_phase3/licensing/licensing_effect_by_donor_passage.csv|config/phase3_analysis.json"
"LGALS3","YES",-1.28250285117842,0.114142067805692,-0.272106430188686,0.50039056580007,-0.584180391686362,0.698322459492054,"YES","PASSAGE_DEPENDENT","donor/passage rules frozen before outcomes; no cell-level P value","results/03_phase3/licensing/licensing_effect_by_donor_passage.csv|config/phase3_analysis.json"
"LGALS3BP","YES",1.66529248707846,1.59223141639888,1.32720881698552,1.85725401581224,1.62876195173867,1.62876195173867,"YES","LICENSING_CONSISTENT_UP","donor/passage rules frozen before outcomes; no cell-level P value","results/03_phase3/licensing/licensing_effect_by_donor_passage.csv|config/phase3_analysis.json"
"LGALS9","YES",3.95432719166785,3.89238747271726,3.90276054431853,3.88201440111598,3.92335733219255,3.92335733219255,"YES","LICENSING_CONSISTENT_UP","donor/passage rules frozen before outcomes; no cell-level P value","results/03_phase3/licensing/licensing_effect_by_donor_passage.csv|config/phase3_analysis.json"
"LGI1","YES",0,0,0,0,0,0,"NO","NO_CLEAR_LICENSING_EFFECT","donor/passage rules frozen before outcomes; no cell-level P value","results/03_phase3/licensing/licensing_effect_by_donor_passage.csv|config/phase3_analysis.json"
"LGI2","YES",0,0,0,0,0,0,"NO","NO_CLEAR_LICENSING_EFFECT","donor/passage rules frozen before outcomes; no cell-level P value","results/03_phase3/licensing/licensing_effect_by_donor_passage.csv|config/phase3_analysis.json"
"LGI3","YES",0,0,0,0,0,0,"NO","NO_CLEAR_LICENSING_EFFECT","donor/passage rules frozen before outcomes; no cell-level P value","results/03_phase3/licensing/licensing_effect_by_donor_passage.csv|config/phase3_analysis.json"
"LGI4","YES",0.110585041157032,0.237355878030155,0.0918182357716308,0.382893520288679,0.173970459593593,0.173970459593593,"NO","NO_CLEAR_LICENSING_EFFECT","donor/passage rules frozen before outcomes; no cell-level P value","results/03_phase3/licensing/licensing_effect_by_donor_passage.csv|config/phase3_analysis.json"
"LHB","YES",0.0180342385127994,0.00662117293256466,-0.00666149408795631,0.0199038399530856,0.012327705722682,0.012327705722682,"NO","NO_CLEAR_LICENSING_EFFECT","donor/passage rules frozen before outcomes; no cell-level P value","results/03_phase3/licensing/licensing_effect_by_donor_passage.csv|config/phase3_analysis.json"
"LIF","YES",1.25798787301916,0.789379074442806,-0.146320638331941,1.72507878721755,1.02368347373098,1.02368347373098,"YES","PASSAGE_DEPENDENT","donor/passage rules frozen before outcomes; no cell-level P value","results/03_phase3/licensing/licensing_effect_by_donor_passage.csv|config/phase3_analysis.json"
"LILRA6","YES",-0.233025607938238,-0.212318114584923,-0.352591120484654,-0.0720451086851908,-0.22267186126158,0.22267186126158,"NO","NO_CLEAR_LICENSING_EFFECT","donor/passage rules frozen before outcomes; no cell-level P value","results/03_phase3/licensing/licensing_effect_by_donor_passage.csv|config/phase3_analysis.json"
"LILRB2","YES",0.0219117803106709,0.0101554440354464,0.00688086508937086,0.0134300229815219,0.0160336121730586,0.0160336121730586,"NO","NO_CLEAR_LICENSING_EFFECT","donor/passage rules frozen before outcomes; no cell-level P value","results/03_phase3/licensing/licensing_effect_by_donor_passage.csv|config/phase3_analysis.json"
"LILRB4","YES",-0.0445149287931602,0.0769579612487497,0.0831564967806314,0.070759425716868,0.0162215162277948,0.060736445020955,"NO","NO_CLEAR_LICENSING_EFFECT","donor/passage rules frozen before outcomes; no cell-level P value","results/03_phase3/licensing/licensing_effect_by_donor_passage.csv|config/phase3_analysis.json"
"LIN7A","YES",0.392141279489751,-0.00341532402566058,1.28163806474957,-1.28846871280089,0.194362977732045,0.197778301757706,"YES","PASSAGE_DEPENDENT","donor/passage rules frozen before outcomes; no cell-level P value","results/03_phase3/licensing/licensing_effect_by_donor_passage.csv|config/phase3_analysis.json"
"LIN7B","YES",-0.190253272499187,-0.814845479684882,-0.224535355924253,-1.40515560344551,-0.502549376092034,0.502549376092034,"NO","PASSAGE_DEPENDENT","donor/passage rules frozen before outcomes; no cell-level P value","results/03_phase3/licensing/licensing_effect_by_donor_passage.csv|config/phase3_analysis.json"
"LIN7C","YES",-0.299500129961912,-0.616242930631746,-0.949979249386024,-0.282506611877467,-0.457871530296829,0.457871530296829,"YES","NO_CLEAR_LICENSING_EFFECT","donor/passage rules frozen before outcomes; no cell-level P value","results/03_phase3/licensing/licensing_effect_by_donor_passage.csv|config/phase3_analysis.json"
"LINGO4","YES",0,0,0,0,0,0,"NO","NO_CLEAR_LICENSING_EFFECT","donor/passage rules frozen before outcomes; no cell-level P value","results/03_phase3/licensing/licensing_effect_by_donor_passage.csv|config/phase3_analysis.json"
"LIPC","YES",-0.0495826522706559,0.911079931079495,0.0334670320697991,1.78869283008919,0.43074863940442,0.480331291675076,"NO","PASSAGE_DEPENDENT","donor/passage rules frozen before outcomes; no cell-level P value","results/03_phase3/licensing/licensing_effect_by_donor_passage.csv|config/phase3_analysis.json"
"LIPH","YES",0,-0.00333074704397815,-0.00666149408795631,0,-0.00166537352198908,0.00166537352198908,"NO","NO_CLEAR_LICENSING_EFFECT","donor/passage rules frozen before outcomes; no cell-level P value","results/03_phase3/licensing/licensing_effect_by_donor_passage.csv|config/phase3_analysis.json"
"LOC101059948","YES",0.0358458225649201,-0.00994645505697136,-0.0198929101139427,0,0.0129496837539744,0.0228961388109457,"NO","NO_CLEAR_LICENSING_EFFECT","donor/passage rules frozen before outcomes; no cell-level P value","results/03_phase3/licensing/licensing_effect_by_donor_passage.csv|config/phase3_analysis.json"
"LPA","YES",0.0417344829001581,0.0529861949982801,0.072628874451448,0.0333435155451122,0.0473603389492191,0.0473603389492191,"NO","NO_CLEAR_LICENSING_EFFECT","donor/passage rules frozen before outcomes; no cell-level P value","results/03_phase3/licensing/licensing_effect_by_donor_passage.csv|config/phase3_analysis.json"
"LPL","YES",-0.18331658055543,0,0,0,-0.0916582902777148,0.0916582902777148,"NO","NO_CLEAR_LICENSING_EFFECT","donor/passage rules frozen before outcomes; no cell-level P value","results/03_phase3/licensing/licensing_effect_by_donor_passage.csv|config/phase3_analysis.json"
"LRCH4","YES",0.207129378474307,0.659880555915081,1.21859588454754,0.101165227282619,0.433504967194694,0.433504967194694,"NO","PASSAGE_DEPENDENT","donor/passage rules frozen before outcomes; no cell-level P value","results/03_phase3/licensing/licensing_effect_by_donor_passage.csv|config/phase3_analysis.json"
"LRFN1","YES",-0.0617165572349027,0,0,0,-0.0308582786174513,0.0308582786174513,"NO","NO_CLEAR_LICENSING_EFFECT","donor/passage rules frozen before outcomes; no cell-level P value","results/03_phase3/licensing/licensing_effect_by_donor_passage.csv|config/phase3_analysis.json"
"LRFN3","YES",-0.231095709722878,0.0210878930139254,-0.394734964491931,0.436910750519782,-0.105003908354476,0.126091801368401,"NO","NO_CLEAR_LICENSING_EFFECT","donor/passage rules frozen before outcomes; no cell-level P value","results/03_phase3/licensing/licensing_effect_by_donor_passage.csv|config/phase3_analysis.json"
"LRFN4","YES",0.0615227148590389,-1.25819614694011,-0.502686329500485,-2.01370596437974,-0.598336716040536,0.659859430899575,"NO","PASSAGE_DEPENDENT","donor/passage rules frozen before outcomes; no cell-level P value","results/03_phase3/licensing/licensing_effect_by_donor_passage.csv|config/phase3_analysis.json"
"LRFN5","YES",2.79383356329174,0.283163251578933,0.570924836337854,-0.00459833317998872,1.53849840743534,1.53849840743534,"YES","PASSAGE_DEPENDENT","donor/passage rules frozen before outcomes; no cell-level P value","results/03_phase3/licensing/licensing_effect_by_donor_passage.csv|config/phase3_analysis.json"
"LRIG1","YES",0.830659196700235,0.923864193668015,-0.0360570357152725,1.8837854230513,0.877261695184125,0.877261695184125,"YES","PASSAGE_DEPENDENT","donor/passage rules frozen before outcomes; no cell-level P value","results/03_phase3/licensing/licensing_effect_by_donor_passage.csv|config/phase3_analysis.json"
"LRIG2","YES",-0.887459577940235,-1.34345410222068,-1.58185821653113,-1.10504998791024,-1.11545684008046,1.11545684008046,"YES","LICENSING_CONSISTENT_DOWN","donor/passage rules frozen before outcomes; no cell-level P value","results/03_phase3/licensing/licensing_effect_by_donor_passage.csv|config/phase3_analysis.json"
"LRIT1","YES",0,0,0,0,0,0,"NO","NO_CLEAR_LICENSING_EFFECT","donor/passage rules frozen before outcomes; no cell-level P value","results/03_phase3/licensing/licensing_effect_by_donor_passage.csv|config/phase3_analysis.json"
"LRIT2","YES",0,0.0033653194577785,0,0.00673063891555701,0.00168265972888925,0.00168265972888925,"NO","NO_CLEAR_LICENSING_EFFECT","donor/passage rules frozen before outcomes; no cell-level P value","results/03_phase3/licensing/licensing_effect_by_donor_passage.csv|config/phase3_analysis.json"
"LRP1B","YES",-0.775983209630706,1.41966962890363,0.175662942932522,2.66367631487474,0.321843209636462,1.09782641926717,"NO","PASSAGE_DEPENDENT","donor/passage rules frozen before outcomes; no cell-level P value","results/03_phase3/licensing/licensing_effect_by_donor_passage.csv|config/phase3_analysis.json"
"LRPAP1","YES",-0.364801246510237,0.552751557160553,0.0916908628972714,1.01381225142383,0.0939751553251578,0.458776401835395,"YES","DONOR_DEPENDENT","donor/passage rules frozen before outcomes; no cell-level P value","results/03_phase3/licensing/licensing_effect_by_donor_passage.csv|config/phase3_analysis.json"
"LRRC4","YES",-0.536147259051881,0.775894331584109,1.82548488733234,-0.27369622416412,0.119873536266114,0.656020795317995,"NO","PASSAGE_DEPENDENT","donor/passage rules frozen before outcomes; no cell-level P value","results/03_phase3/licensing/licensing_effect_by_donor_passage.csv|config/phase3_analysis.json"
"LRRC4B","YES",0,-0.00341616917788391,0,-0.00683233835576781,-0.00170808458894195,0.00170808458894195,"NO","NO_CLEAR_LICENSING_EFFECT","donor/passage rules frozen before outcomes; no cell-level P value","results/03_phase3/licensing/licensing_effect_by_donor_passage.csv|config/phase3_analysis.json"
"LRRC4C","YES",0.244265559336461,0.883461143950865,1.09202885617162,0.674893431730115,0.563863351643663,0.563863351643663,"NO","NO_CLEAR_LICENSING_EFFECT","donor/passage rules frozen before outcomes; no cell-level P value","results/03_phase3/licensing/licensing_effect_by_donor_passage.csv|config/phase3_analysis.json"
"LRRC52","YES",0,0.0033653194577785,0,0.00673063891555701,0.00168265972888925,0.00168265972888925,"NO","NO_CLEAR_LICENSING_EFFECT","donor/passage rules frozen before outcomes; no cell-level P value","results/03_phase3/licensing/licensing_effect_by_donor_passage.csv|config/phase3_analysis.json"
"LRRN1","YES",0,-0.0786726577462838,-0.150443481940884,-0.0069018335516837,-0.0393363288731419,0.0393363288731419,"NO","NO_CLEAR_LICENSING_EFFECT","donor/passage rules frozen before outcomes; no cell-level P value","results/03_phase3/licensing/licensing_effect_by_donor_passage.csv|config/phase3_analysis.json"
"LRRN2","YES",0,-0.00658113559919286,-0.0198929101139427,0.00673063891555701,-0.00329056779959643,0.00329056779959643,"NO","NO_CLEAR_LICENSING_EFFECT","donor/passage rules frozen before outcomes; no cell-level P value","results/03_phase3/licensing/licensing_effect_by_donor_passage.csv|config/phase3_analysis.json"
"LRRTM2","YES",-0.160636407778665,1.28590820436371,1.13233710927359,1.43947929945383,0.562635898292524,0.723272306071189,"YES","DONOR_DEPENDENT","donor/passage rules frozen before outcomes; no cell-level P value","results/03_phase3/licensing/licensing_effect_by_donor_passage.csv|config/phase3_analysis.json"
"LRRTM3","YES",-0.4557632986683,0.153436844463864,0.32050616139497,-0.0136324724672408,-0.151163227102218,0.304600071566082,"NO","NO_CLEAR_LICENSING_EFFECT","donor/passage rules frozen before outcomes; no cell-level P value","results/03_phase3/licensing/licensing_effect_by_donor_passage.csv|config/phase3_analysis.json"
"LRTM2","YES",0,-0.0135686661939507,0,-0.0271373323879013,-0.00678433309697533,0.00678433309697533,"NO","NO_CLEAR_LICENSING_EFFECT","donor/passage rules frozen before outcomes; no cell-level P value","results/03_phase3/licensing/licensing_effect_by_donor_passage.csv|config/phase3_analysis.json"
"LSAMP","YES",-2.03961108944429,0.937989517493668,0.727519016109492,1.14846001887784,-0.55081078597531,1.48880030346898,"YES","DONOR_DEPENDENT","donor/passage rules frozen before outcomes; no cell-level P value","results/03_phase3/licensing/licensing_effect_by_donor_passage.csv|config/phase3_analysis.json"
"LTA","YES",0,0.00674005877643681,0.0134801175528736,0,0.0033700293882184,0.0033700293882184,"NO","NO_CLEAR_LICENSING_EFFECT","donor/passage rules frozen before outcomes; no cell-level P value","results/03_phase3/licensing/licensing_effect_by_donor_passage.csv|config/phase3_analysis.json"
"LTB","YES",0.00547790673896625,0,0,0,0.00273895336948313,0.00273895336948313,"NO","NO_CLEAR_LICENSING_EFFECT","donor/passage rules frozen before outcomes; no cell-level P value","results/03_phase3/licensing/licensing_effect_by_donor_passage.csv|config/phase3_analysis.json"
"LTBP1","YES",-1.07517285238735,-0.0169653636137175,-0.315504086259469,0.281573359032034,-0.546069108000536,0.546069108000536,"YES","NO_CLEAR_LICENSING_EFFECT","donor/passage rules frozen before outcomes; no cell-level P value","results/03_phase3/licensing/licensing_effect_by_donor_passage.csv|config/phase3_analysis.json"
"LTBP3","YES",0.0899772168828179,-0.0793924727284165,-0.415777783259461,0.256992837802628,0.00529237207720074,0.0846848448056172,"NO","NO_CLEAR_LICENSING_EFFECT","donor/passage rules frozen before outcomes; no cell-level P value","results/03_phase3/licensing/licensing_effect_by_donor_passage.csv|config/phase3_analysis.json"
"LTF","YES",-0.012556331773833,0,0,0,-0.0062781658869165,0.0062781658869165,"NO","NO_CLEAR_LICENSING_EFFECT","donor/passage rules frozen before outcomes; no cell-level P value","results/03_phase3/licensing/licensing_effect_by_donor_passage.csv|config/phase3_analysis.json"
"LUM","YES",-1.26085213354206,0.598077079550638,0.422783105117368,0.773371053983908,-0.331387526995711,0.929464606546349,"YES","DONOR_DEPENDENT","donor/passage rules frozen before outcomes; no cell-level P value","results/03_phase3/licensing/licensing_effect_by_donor_passage.csv|config/phase3_analysis.json"
"LVRN","YES",-1.31143080793821,0.33305762141124,0.659384603906923,0.00673063891555701,-0.489186593263485,0.822244214674725,"NO","DONOR_DEPENDENT","donor/passage rules frozen before outcomes; no cell-level P value","results/03_phase3/licensing/licensing_effect_by_donor_passage.csv|config/phase3_analysis.json"
"LY6G5C","YES",-0.0884427931481116,-0.688242144049248,-0.93511953639143,-0.441364751707066,-0.38834246859868,0.38834246859868,"NO","NO_CLEAR_LICENSING_EFFECT","donor/passage rules frozen before outcomes; no cell-level P value","results/03_phase3/licensing/licensing_effect_by_donor_passage.csv|config/phase3_analysis.json"
"LY6G6F","YES",0,0,0,0,0,0,"NO","NO_CLEAR_LICENSING_EFFECT","donor/passage rules frozen before outcomes; no cell-level P value","results/03_phase3/licensing/licensing_effect_by_donor_passage.csv|config/phase3_analysis.json"
"LY86","YES",0.00603649583691562,0,0,0,0.00301824791845781,0.00301824791845781,"NO","NO_CLEAR_LICENSING_EFFECT","donor/passage rules frozen before outcomes; no cell-level P value","results/03_phase3/licensing/licensing_effect_by_donor_passage.csv|config/phase3_analysis.json"
"LY9","YES",0.0120478390946361,-0.00333074704397815,-0.00666149408795631,0,0.00435854602532897,0.00768929306930712,"NO","NO_CLEAR_LICENSING_EFFECT","donor/passage rules frozen before outcomes; no cell-level P value","results/03_phase3/licensing/licensing_effect_by_donor_passage.csv|config/phase3_analysis.json"
"LYPD6","YES",0.180428239220847,-0.26570571989998,-0.666213388302734,0.134801948502774,-0.0426387403395662,0.223066979560414,"YES","PASSAGE_DEPENDENT","donor/passage rules frozen before outcomes; no cell-level P value","results/03_phase3/licensing/licensing_effect_by_donor_passage.csv|config/phase3_analysis.json"
"LYZ","YES",0.750721190461147,0.198855784687539,0.310383171417231,0.087328397957846,0.474788487574343,0.474788487574343,"YES","NO_CLEAR_LICENSING_EFFECT","donor/passage rules frozen before outcomes; no cell-level P value","results/03_phase3/licensing/licensing_effect_by_donor_passage.csv|config/phase3_analysis.json"
"MADCAM1","YES",-0.0311882723904842,-0.0168369500635885,-0.00653656773927568,-0.0271373323879013,-0.0240126112270363,0.0240126112270363,"NO","NO_CLEAR_LICENSING_EFFECT","donor/passage rules frozen before outcomes; no cell-level P value","results/03_phase3/licensing/licensing_effect_by_donor_passage.csv|config/phase3_analysis.json"
"MAG","YES",0,0,0,0,0,0,"NO","NO_CLEAR_LICENSING_EFFECT","donor/passage rules frozen before outcomes; no cell-level P value","results/03_phase3/licensing/licensing_effect_by_donor_passage.csv|config/phase3_analysis.json"
"MANSC1","YES",-0.205910225194944,-0.204291824700629,-0.0598796639435975,-0.348703985457661,-0.205101024947787,0.205101024947787,"YES","NO_CLEAR_LICENSING_EFFECT","donor/passage rules frozen before outcomes; no cell-level P value","results/03_phase3/licensing/licensing_effect_by_donor_passage.csv|config/phase3_analysis.json"
"MATN1","YES",0,-7.61774571835785e-05,0.0134801175528736,-0.0136324724672408,-3.80887285917893e-05,3.80887285917893e-05,"NO","NO_CLEAR_LICENSING_EFFECT","donor/passage rules frozen before outcomes; no cell-level P value","results/03_phase3/licensing/licensing_effect_by_donor_passage.csv|config/phase3_analysis.json"
"MBL2","YES",0,-0.00333074704397815,-0.00666149408795631,0,-0.00166537352198908,0.00166537352198908,"NO","NO_CLEAR_LICENSING_EFFECT","donor/passage rules frozen before outcomes; no cell-level P value","results/03_phase3/licensing/licensing_effect_by_donor_passage.csv|config/phase3_analysis.json"
"MCAM","YES",-1.82743861327757,-2.45471219327976,-2.66722753290941,-2.24219685365011,-2.14107540327867,2.14107540327867,"NO","LICENSING_CONSISTENT_DOWN","donor/passage rules frozen before outcomes; no cell-level P value","results/03_phase3/licensing/licensing_effect_by_donor_passage.csv|config/phase3_analysis.json"
"MDK","YES",0.966712724956434,0.802972574536269,0.720894003514939,0.8850511455576,0.884842649746352,0.884842649746352,"YES","LICENSING_CONSISTENT_UP","donor/passage rules frozen before outcomes; no cell-level P value","results/03_phase3/licensing/licensing_effect_by_donor_passage.csv|config/phase3_analysis.json"
"MEGF10","YES",-0.137874667450495,0.157735584375555,0.322303507106878,-0.00683233835576781,0.00993045846253002,0.147805125913025,"NO","NO_CLEAR_LICENSING_EFFECT","donor/passage rules frozen before outcomes; no cell-level P value","results/03_phase3/licensing/licensing_effect_by_donor_passage.csv|config/phase3_analysis.json"
"MELTF","NO",,,,,,,"NO","NO_CLEAR_LICENSING_EFFECT","donor/passage rules frozen before outcomes; no cell-level P value","results/03_phase3/licensing/licensing_effect_by_donor_passage.csv|config/phase3_analysis.json"
"MFAP2","YES",-2.29690185185947,-0.870822090826793,-1.77085488507549,0.0292107034219015,-1.58386197134313,1.58386197134313,"YES","PASSAGE_DEPENDENT","donor/passage rules frozen before outcomes; no cell-level P value","results/03_phase3/licensing/licensing_effect_by_donor_passage.csv|config/phase3_analysis.json"
"MFAP3L","YES",-1.30089185793883,-1.35179574440179,-2.36615551836886,-0.33743597043471,-1.32634380117031,1.32634380117031,"NO","PASSAGE_DEPENDENT","donor/passage rules frozen before outcomes; no cell-level P value","results/03_phase3/licensing/licensing_effect_by_donor_passage.csv|config/phase3_analysis.json"
"MFAP5","YES",-3.95955347906887,-1.5904629178305,-2.01475643755715,-1.16616939810385,-2.77500819844968,2.77500819844968,"NO","LICENSING_CONSISTENT_DOWN","donor/passage rules frozen before outcomes; no cell-level P value","results/03_phase3/licensing/licensing_effect_by_donor_passage.csv|config/phase3_analysis.json"
"MFGE8","YES",-1.14103786006393,0.676412307609189,-0.187421777676811,1.54024639289519,-0.232312776227373,0.908725083836562,"YES","PASSAGE_DEPENDENT","donor/passage rules frozen before outcomes; no cell-level P value","results/03_phase3/licensing/licensing_effect_by_donor_passage.csv|config/phase3_analysis.json"
"MFNG","YES",0.0299330278928976,0.0033653194577785,0,0.00673063891555701,0.016649173675338,0.016649173675338,"NO","NO_CLEAR_LICENSING_EFFECT","donor/passage rules frozen before outcomes; no cell-level P value","results/03_phase3/licensing/licensing_effect_by_donor_passage.csv|config/phase3_analysis.json"
"MIA","YES",0,0,0,0,0,0,"NO","NO_CLEAR_LICENSING_EFFECT","donor/passage rules frozen before outcomes; no cell-level P value","results/03_phase3/licensing/licensing_effect_by_donor_passage.csv|config/phase3_analysis.json"
"MICA","YES",0.108209944628929,-0.172350962808344,-0.520319935419149,0.175618009802462,-0.0320705090897075,0.140280453718636,"YES","PASSAGE_DEPENDENT","donor/passage rules frozen before outcomes; no cell-level P value","results/03_phase3/licensing/licensing_effect_by_donor_passage.csv|config/phase3_analysis.json"
"MICB","YES",1.8613834146653,1.64332819921025,1.06375204370939,2.22290435471111,1.75235580693778,1.75235580693778,"YES","PASSAGE_DEPENDENT","donor/passage rules frozen before outcomes; no cell-level P value","results/03_phase3/licensing/licensing_effect_by_donor_passage.csv|config/phase3_analysis.json"
"MIF","YES",0,0,0,0,0,0,"NO","NO_CLEAR_LICENSING_EFFECT","donor/passage rules frozen before outcomes; no cell-level P value","results/03_phase3/licensing/licensing_effect_by_donor_passage.csv|config/phase3_analysis.json"
"MLN","YES",0,0,0,0,0,0,"NO","NO_CLEAR_LICENSING_EFFECT","donor/passage rules frozen before outcomes; no cell-level P value","results/03_phase3/licensing/licensing_effect_by_donor_passage.csv|config/phase3_analysis.json"
"MMP1","YES",1.82151004954357,-1.15218164531172,-2.48754399126402,0.183180700640579,0.334664202115925,1.48684584742764,"YES","PASSAGE_DEPENDENT","donor/passage rules frozen before outcomes; no cell-level P value","results/03_phase3/licensing/licensing_effect_by_donor_passage.csv|config/phase3_analysis.json"
"MMP12","YES",0,-2.97666787402649,-5.91960526238007,-0.0337304856729154,-1.48833393701325,1.48833393701325,"NO","PASSAGE_DEPENDENT","donor/passage rules frozen before outcomes; no cell-level P value","results/03_phase3/licensing/licensing_effect_by_donor_passage.csv|config/phase3_analysis.json"
"MMP13","YES",3.16994759010731,0.730335843920555,0.0790537298518331,1.38161795798928,1.95014171701393,1.95014171701393,"NO","PASSAGE_DEPENDENT","donor/passage rules frozen before outcomes; no cell-level P value","results/03_phase3/licensing/licensing_effect_by_donor_passage.csv|config/phase3_analysis.json"
"MMP14","YES",1.42571131738321,0.428081952545215,-0.259112181237481,1.11527608632791,0.926896634964213,0.926896634964213,"YES","PASSAGE_DEPENDENT","donor/passage rules frozen before outcomes; no cell-level P value","results/03_phase3/licensing/licensing_effect_by_donor_passage.csv|config/phase3_analysis.json"
"MMP15","YES",-0.581988886700663,-0.617175489515673,9.43089122314274e-05,-1.23444528794358,-0.599582188108168,0.599582188108168,"NO","PASSAGE_DEPENDENT","donor/passage rules frozen before outcomes; no cell-level P value","results/03_phase3/licensing/licensing_effect_by_donor_passage.csv|config/phase3_analysis.json"
"MMP16","YES",-0.821084955426193,-1.15175587916806,-1.25892320033658,-1.04458855799954,-0.986420417297125,0.986420417297125,"YES","LICENSING_CONSISTENT_DOWN","donor/passage rules frozen before outcomes; no cell-level P value","results/03_phase3/licensing/licensing_effect_by_donor_passage.csv|config/phase3_analysis.json"
"MMP2","YES",0.407345698680815,0.815123174034391,0.0441391917056473,1.58610715636313,0.611234436357603,0.611234436357603,"YES","PASSAGE_DEPENDENT","donor/passage rules frozen before outcomes; no cell-level P value","results/03_phase3/licensing/licensing_effect_by_donor_passage.csv|config/phase3_analysis.json"
"MMP25","YES",0.821554398056452,0.860197328033383,0.699790014783584,1.02060464128318,0.840875863044918,0.840875863044918,"NO","LICENSING_CONSISTENT_UP","donor/passage rules frozen before outcomes; no cell-level P value","results/03_phase3/licensing/licensing_effect_by_donor_passage.csv|config/phase3_analysis.json"
"MMP26","YES",0,0,0,0,0,0,"NO","NO_CLEAR_LICENSING_EFFECT","donor/passage rules frozen before outcomes; no cell-level P value","results/03_phase3/licensing/licensing_effect_by_donor_passage.csv|config/phase3_analysis.json"
"MMP7","YES",0,0,0,0,0,0,"NO","NO_CLEAR_LICENSING_EFFECT","donor/passage rules frozen before outcomes; no cell-level P value","results/03_phase3/licensing/licensing_effect_by_donor_passage.csv|config/phase3_analysis.json"
"MMP9","YES",0,0,0,0,0,0,"NO","NO_CLEAR_LICENSING_EFFECT","donor/passage rules frozen before outcomes; no cell-level P value","results/03_phase3/licensing/licensing_effect_by_donor_passage.csv|config/phase3_analysis.json"
"MMRN2","YES",-0.733312228194668,0.0215354690940489,-0.00447044476798839,0.0475413829560863,-0.35588837955031,0.377423848644359,"NO","DONOR_DEPENDENT","donor/passage rules frozen before outcomes; no cell-level P value","results/03_phase3/licensing/licensing_effect_by_donor_passage.csv|config/phase3_analysis.json"
"MPDZ","YES",-0.709773841137018,-0.430374693113609,-0.799290770822151,-0.0614586154050676,-0.570074267125314,0.570074267125314,"YES","NO_CLEAR_LICENSING_EFFECT","donor/passage rules frozen before outcomes; no cell-level P value","results/03_phase3/licensing/licensing_effect_by_donor_passage.csv|config/phase3_analysis.json"
"MPIG6B","NO",,,,,,,"NO","NO_CLEAR_LICENSING_EFFECT","donor/passage rules frozen before outcomes; no cell-level P value","results/03_phase3/licensing/licensing_effect_by_donor_passage.csv|config/phase3_analysis.json"
"MPZ","YES",-0.471040298519364,0.0200341372170208,0.0400682744340415,0,-0.225503080651172,0.245537217868193,"NO","NO_CLEAR_LICENSING_EFFECT","donor/passage rules frozen before outcomes; no cell-level P value","results/03_phase3/licensing/licensing_effect_by_donor_passage.csv|config/phase3_analysis.json"
"MPZL3","YES",-0.611707336135145,-0.782091221993267,-0.376961557916335,-1.1872208860702,-0.696899279064206,0.696899279064206,"YES","LICENSING_CONSISTENT_DOWN","donor/passage rules frozen before outcomes; no cell-level P value","results/03_phase3/licensing/licensing_effect_by_donor_passage.csv|config/phase3_analysis.json"
"MSMB","YES",-0.138192916501567,-0.00341616917788391,0,-0.00683233835576781,-0.0708045428397256,0.0708045428397256,"NO","NO_CLEAR_LICENSING_EFFECT","donor/passage rules frozen before outcomes; no cell-level P value","results/03_phase3/licensing/licensing_effect_by_donor_passage.csv|config/phase3_analysis.json"
"MSMP","YES",0.439923884948046,-0.628837776251864,0.00414786460788607,-1.26182341711161,-0.094456945651909,0.534380830599955,"NO","PASSAGE_DEPENDENT","donor/passage rules frozen before outcomes; no cell-level P value","results/03_phase3/licensing/licensing_effect_by_donor_passage.csv|config/phase3_analysis.json"
"MSN","YES",0.606490914209728,0.622474778387814,0.530900578582253,0.714048978193375,0.614482846298771,0.614482846298771,"YES","LICENSING_CONSISTENT_UP","donor/passage rules frozen before outcomes; no cell-level P value","results/03_phase3/licensing/licensing_effect_by_donor_passage.csv|config/phase3_analysis.json"
"MST1","YES",-0.0557663866274902,-0.451283046609195,-0.895664259666707,-0.0069018335516837,-0.253524716618343,0.253524716618343,"NO","NO_CLEAR_LICENSING_EFFECT","donor/passage rules frozen before outcomes; no cell-level P value","results/03_phase3/licensing/licensing_effect_by_donor_passage.csv|config/phase3_analysis.json"
"MSTN","YES",0,-5.08497201054081e-05,0,-0.000101699440210816,-2.54248600527041e-05,2.54248600527041e-05,"NO","NO_CLEAR_LICENSING_EFFECT","donor/passage rules frozen before outcomes; no cell-level P value","results/03_phase3/licensing/licensing_effect_by_donor_passage.csv|config/phase3_analysis.json"
"MUC1","YES",1.07458753729045,2.20221985459381,0.678812023594821,3.7256276855928,1.63840369594213,1.63840369594213,"NO","PASSAGE_DEPENDENT","donor/passage rules frozen before outcomes; no cell-level P value","results/03_phase3/licensing/licensing_effect_by_donor_passage.csv|config/phase3_analysis.json"
"MUC4","YES",0,-0.0202148515636823,-0.0132923707394633,-0.0271373323879013,-0.0101074257818412,0.0101074257818412,"NO","NO_CLEAR_LICENSING_EFFECT","donor/passage rules frozen before outcomes; no cell-level P value","results/03_phase3/licensing/licensing_effect_by_donor_passage.csv|config/phase3_analysis.json"
"MUC7","YES",0.0299330278928976,-0.00341616917788391,0,-0.00683233835576781,0.0132584293575068,0.0166745985353907,"NO","NO_CLEAR_LICENSING_EFFECT","donor/passage rules frozen before outcomes; no cell-level P value","results/03_phase3/licensing/licensing_effect_by_donor_passage.csv|config/phase3_analysis.json"
"MXRA5","YES",1.16776441378309,1.21102570299425,1.28618773263624,1.13586367335227,1.18939505838867,1.18939505838867,"YES","LICENSING_CONSISTENT_UP","donor/passage rules frozen before outcomes; no cell-level P value","results/03_phase3/licensing/licensing_effect_by_donor_passage.csv|config/phase3_analysis.json"
"MXRA8","YES",-1.35888570499831,-1.1725743113807,-0.773173283750721,-1.57197533901069,-1.26573000818951,1.26573000818951,"YES","LICENSING_CONSISTENT_DOWN","donor/passage rules frozen before outcomes; no cell-level P value","results/03_phase3/licensing/licensing_effect_by_donor_passage.csv|config/phase3_analysis.json"
"MYEOV","YES",0,0.357190989710522,-0.00666149408795631,0.721043473509001,0.178595494855261,0.178595494855261,"NO","PASSAGE_DEPENDENT","donor/passage rules frozen before outcomes; no cell-level P value","results/03_phase3/licensing/licensing_effect_by_donor_passage.csv|config/phase3_analysis.json"
"MYOC","YES",0,0,0,0,0,0,"NO","NO_CLEAR_LICENSING_EFFECT","donor/passage rules frozen before outcomes; no cell-level P value","results/03_phase3/licensing/licensing_effect_by_donor_passage.csv|config/phase3_analysis.json"
"NAALADL1","YES",-0.303077486758772,-0.486353411393133,-1.79094301529024,0.818236192503977,-0.394715449075953,0.394715449075953,"NO","PASSAGE_DEPENDENT","donor/passage rules frozen before outcomes; no cell-level P value","results/03_phase3/licensing/licensing_effect_by_donor_passage.csv|config/phase3_analysis.json"
"NAMPT","YES",1.46707225368722,1.78136949266732,1.3220022243658,2.24073676096884,1.62422087317727,1.62422087317727,"YES","LICENSING_CONSISTENT_UP","donor/passage rules frozen before outcomes; no cell-level P value","results/03_phase3/licensing/licensing_effect_by_donor_passage.csv|config/phase3_analysis.json"
"NCAM1","YES",-2.6298957816489,-1.15422211795952,-1.40569765902281,-0.902746576896225,-1.89205894980421,1.89205894980421,"NO","LICENSING_CONSISTENT_DOWN","donor/passage rules frozen before outcomes; no cell-level P value","results/03_phase3/licensing/licensing_effect_by_donor_passage.csv|config/phase3_analysis.json"
"NCAN","YES",0,-0.00343833473352658,0.00675580300018761,-0.0136324724672408,-0.00171916736676329,0.00171916736676329,"NO","NO_CLEAR_LICENSING_EFFECT","donor/passage rules frozen before outcomes; no cell-level P value","results/03_phase3/licensing/licensing_effect_by_donor_passage.csv|config/phase3_analysis.json"
"NCR2","YES",0,0,0,0,0,0,"NO","NO_CLEAR_LICENSING_EFFECT","donor/passage rules frozen before outcomes; no cell-level P value","results/03_phase3/licensing/licensing_effect_by_donor_passage.csv|config/phase3_analysis.json"
"NCR3LG1","YES",1.01878318225608,-0.221459370721588,-0.360743413161387,-0.0821753282817888,0.398661905767248,0.620121276488836,"YES","DONOR_DEPENDENT","donor/passage rules frozen before outcomes; no cell-level P value","results/03_phase3/licensing/licensing_effect_by_donor_passage.csv|config/phase3_analysis.json"
"NDP","YES",-0.205359960777971,-0.410530963376548,-0.316479249654844,-0.504582677098252,-0.30794546207726,0.30794546207726,"NO","NO_CLEAR_LICENSING_EFFECT","donor/passage rules frozen before outcomes; no cell-level P value","results/03_phase3/licensing/licensing_effect_by_donor_passage.csv|config/phase3_analysis.json"
"NECTIN1","NO",,,,,,,"NO","NO_CLEAR_LICENSING_EFFECT","donor/passage rules frozen before outcomes; no cell-level P value","results/03_phase3/licensing/licensing_effect_by_donor_passage.csv|config/phase3_analysis.json"
"NECTIN2","NO",,,,,,,"NO","NO_CLEAR_LICENSING_EFFECT","donor/passage rules frozen before outcomes; no cell-level P value","results/03_phase3/licensing/licensing_effect_by_donor_passage.csv|config/phase3_analysis.json"
"NECTIN3","NO",,,,,,,"NO","NO_CLEAR_LICENSING_EFFECT","donor/passage rules frozen before outcomes; no cell-level P value","results/03_phase3/licensing/licensing_effect_by_donor_passage.csv|config/phase3_analysis.json"
"NECTIN4","NO",,,,,,,"NO","NO_CLEAR_LICENSING_EFFECT","donor/passage rules frozen before outcomes; no cell-level P value","results/03_phase3/licensing/licensing_effect_by_donor_passage.csv|config/phase3_analysis.json"
"NEGR1","YES",-0.48284320317106,-0.681812922781404,-1.04906951831693,-0.314556327245876,-0.582328062976232,0.582328062976232,"YES","NO_CLEAR_LICENSING_EFFECT","donor/passage rules frozen before outcomes; no cell-level P value","results/03_phase3/licensing/licensing_effect_by_donor_passage.csv|config/phase3_analysis.json"
"NELL2","YES",-0.710465585325087,0.250745502781333,0.501491005562667,0,-0.229860041271877,0.48060554405321,"NO","DONOR_DEPENDENT","donor/passage rules frozen before outcomes; no cell-level P value","results/03_phase3/licensing/licensing_effect_by_donor_passage.csv|config/phase3_analysis.json"
"NEO1","YES",-0.2211098773533,0.141094679099594,0.377575043931939,-0.0953856857327515,-0.0400075991268533,0.181102278226447,"YES","NO_CLEAR_LICENSING_EFFECT","donor/passage rules frozen before outcomes; no cell-level P value","results/03_phase3/licensing/licensing_effect_by_donor_passage.csv|config/phase3_analysis.json"
"NETO2","YES",0.0936771926341792,-0.686310380590791,-1.1422024358805,-0.230418325301083,-0.296316593978306,0.389993786612485,"YES","DONOR_DEPENDENT","donor/passage rules frozen before outcomes; no cell-level P value","results/03_phase3/licensing/licensing_effect_by_donor_passage.csv|config/phase3_analysis.json"
"NFASC","YES",-0.677984678003461,0.724103293162834,0.0165584249137964,1.43164816141187,0.0230593075796866,0.701043985583147,"NO","PASSAGE_DEPENDENT","donor/passage rules frozen before outcomes; no cell-level P value","results/03_phase3/licensing/licensing_effect_by_donor_passage.csv|config/phase3_analysis.json"
"NGF","YES",0.208762649510928,3.12162780174957,2.6845864806378,3.55866912286135,1.66519522563025,1.66519522563025,"NO","NO_CLEAR_LICENSING_EFFECT","donor/passage rules frozen before outcomes; no cell-level P value","results/03_phase3/licensing/licensing_effect_by_donor_passage.csv|config/phase3_analysis.json"
"NID1","YES",0.0914323661314318,-0.180286708324685,-0.755731072127952,0.395157655478583,-0.0444271710966264,0.135859537228058,"YES","PASSAGE_DEPENDENT","donor/passage rules frozen before outcomes; no cell-level P value","results/03_phase3/licensing/licensing_effect_by_donor_passage.csv|config/phase3_analysis.json"
"NID2","YES",-2.35023879152082,-0.721383398497237,-0.761898653891465,-0.680868143103008,-1.53581109500903,1.53581109500903,"YES","LICENSING_CONSISTENT_DOWN","donor/passage rules frozen before outcomes; no cell-level P value","results/03_phase3/licensing/licensing_effect_by_donor_passage.csv|config/phase3_analysis.json"
"NLGN1","YES",-1.2642019316836,1.42112117594375,0.589394712342822,2.25284763954467,0.0784596221300715,1.34266155381367,"NO","PASSAGE_DEPENDENT","donor/passage rules frozen before outcomes; no cell-level P value","results/03_phase3/licensing/licensing_effect_by_donor_passage.csv|config/phase3_analysis.json"
"NLGN2","YES",-0.507905886620875,-0.305564293736557,-0.556240560635942,-0.0548880268371716,-0.406735090178716,0.406735090178716,"YES","NO_CLEAR_LICENSING_EFFECT","donor/passage rules frozen before outcomes; no cell-level P value","results/03_phase3/licensing/licensing_effect_by_donor_passage.csv|config/phase3_analysis.json"
"NLGN3","YES",-0.00629182616902173,0.00333920780182595,0.00688086508937086,-0.000202449485718946,-0.00147630918359789,0.00481551698542384,"NO","NO_CLEAR_LICENSING_EFFECT","donor/passage rules frozen before outcomes; no cell-level P value","results/03_phase3/licensing/licensing_effect_by_donor_passage.csv|config/phase3_analysis.json"
"NLGN4X","YES",0.574306026890192,0.747375796566063,0.953400268855861,0.541351324276266,0.660840911728128,0.660840911728128,"NO","LICENSING_CONSISTENT_UP","donor/passage rules frozen before outcomes; no cell-level P value","results/03_phase3/licensing/licensing_effect_by_donor_passage.csv|config/phase3_analysis.json"
"NLGN4Y","YES",0,1.40749360229439,1.47134564997964,1.34364155460913,0.703746801147194,0.703746801147194,"NO","NO_CLEAR_LICENSING_EFFECT","donor/passage rules frozen before outcomes; no cell-level P value","results/03_phase3/licensing/licensing_effect_by_donor_passage.csv|config/phase3_analysis.json"
"NMB","YES",-0.863187000920292,0.0105788845969847,0.222040950074301,-0.200883180880332,-0.426304058161654,0.436882942758638,"NO","DONOR_DEPENDENT","donor/passage rules frozen before outcomes; no cell-level P value","results/03_phase3/licensing/licensing_effect_by_donor_passage.csv|config/phase3_analysis.json"
"NMS","YES",0,0,0,0,0,0,"NO","NO_CLEAR_LICENSING_EFFECT","donor/passage rules frozen before outcomes; no cell-level P value","results/03_phase3/licensing/licensing_effect_by_donor_passage.csv|config/phase3_analysis.json"
"NMU","YES",0.244265559336461,-0.600438275627478,0.00675580300018761,-1.20763235425514,-0.178086358145508,0.42235191748197,"NO","PASSAGE_DEPENDENT","donor/passage rules frozen before outcomes; no cell-level P value","results/03_phase3/licensing/licensing_effect_by_donor_passage.csv|config/phase3_analysis.json"
"NODAL","YES",-0.658990789355987,0,0,0,-0.329495394677994,0.329495394677994,"NO","NO_CLEAR_LICENSING_EFFECT","donor/passage rules frozen before outcomes; no cell-level P value","results/03_phase3/licensing/licensing_effect_by_donor_passage.csv|config/phase3_analysis.json"
"NOG","YES",0.705148336480209,-1.68205117429754,0.366631667835636,-3.73073401643072,-0.488451418908667,1.19359975538887,"NO","PASSAGE_DEPENDENT","donor/passage rules frozen before outcomes; no cell-level P value","results/03_phase3/licensing/licensing_effect_by_donor_passage.csv|config/phase3_analysis.json"
"NPB","YES",-0.0257293334726409,0.010086617914417,0.020173235828834,0,-0.00782135777911196,0.017907975693529,"NO","NO_CLEAR_LICENSING_EFFECT","donor/passage rules frozen before outcomes; no cell-level P value","results/03_phase3/licensing/licensing_effect_by_donor_passage.csv|config/phase3_analysis.json"
"NPFF","YES",-0.515108483098272,-0.395475239977275,-0.979582888748755,0.188632408794206,-0.455291861537773,0.455291861537773,"NO","PASSAGE_DEPENDENT","donor/passage rules frozen before outcomes; no cell-level P value","results/03_phase3/licensing/licensing_effect_by_donor_passage.csv|config/phase3_analysis.json"
"NPHS1","YES",-0.053174368577229,-0.233252855020924,-0.187230013006197,-0.27927569703565,-0.143213611799076,0.143213611799076,"NO","NO_CLEAR_LICENSING_EFFECT","donor/passage rules frozen before outcomes; no cell-level P value","results/03_phase3/licensing/licensing_effect_by_donor_passage.csv|config/phase3_analysis.json"
"NPNT","YES",0,-0.0356614342782289,-0.071221169116247,-0.000101699440210816,-0.0178307171391144,0.0178307171391144,"NO","NO_CLEAR_LICENSING_EFFECT","donor/passage rules frozen before outcomes; no cell-level P value","results/03_phase3/licensing/licensing_effect_by_donor_passage.csv|config/phase3_analysis.json"
"NPPA","YES",0.7205163841008,-0.132685694178648,0.235550551626659,-0.500921939983955,0.293915344961076,0.426601039139724,"NO","PASSAGE_DEPENDENT","donor/passage rules frozen before outcomes; no cell-level P value","results/03_phase3/licensing/licensing_effect_by_donor_passage.csv|config/phase3_analysis.json"
"NPPB","YES",-0.0916122091924103,0,0,0,-0.0458061045962052,0.0458061045962052,"NO","NO_CLEAR_LICENSING_EFFECT","donor/passage rules frozen before outcomes; no cell-level P value","results/03_phase3/licensing/licensing_effect_by_donor_passage.csv|config/phase3_analysis.json"
"NPPC","YES",-0.103399139855139,0,0,0,-0.0516995699275695,0.0516995699275695,"NO","NO_CLEAR_LICENSING_EFFECT","donor/passage rules frozen before outcomes; no cell-level P value","results/03_phase3/licensing/licensing_effect_by_donor_passage.csv|config/phase3_analysis.json"
"NPS","YES",0,0,0,0,0,0,"NO","NO_CLEAR_LICENSING_EFFECT","donor/passage rules frozen before outcomes; no cell-level P value","results/03_phase3/licensing/licensing_effect_by_donor_passage.csv|config/phase3_analysis.json"
"NPTX2","YES",0.0534401830501486,0.764709962500668,1.20933426603002,0.32008565897132,0.409075072775408,0.409075072775408,"NO","NO_CLEAR_LICENSING_EFFECT","donor/passage rules frozen before outcomes; no cell-level P value","results/03_phase3/licensing/licensing_effect_by_donor_passage.csv|config/phase3_analysis.json"
"NPVF","YES",0,0,0,0,0,0,"NO","NO_CLEAR_LICENSING_EFFECT","donor/passage rules frozen before outcomes; no cell-level P value","results/03_phase3/licensing/licensing_effect_by_donor_passage.csv|config/phase3_analysis.json"
"NPW","YES",-0.000255330332106226,0.0534196221243284,0.153999752903094,-0.0471605086544372,0.0265821458961111,0.0268374762282173,"NO","NO_CLEAR_LICENSING_EFFECT","donor/passage rules frozen before outcomes; no cell-level P value","results/03_phase3/licensing/licensing_effect_by_donor_passage.csv|config/phase3_analysis.json"
"NPY","YES",3.09971821325084,1.03543237620596,2.06206198846765,0.0088027639442732,2.0675752947284,2.0675752947284,"NO","PASSAGE_DEPENDENT","donor/passage rules frozen before outcomes; no cell-level P value","results/03_phase3/licensing/licensing_effect_by_donor_passage.csv|config/phase3_analysis.json"
"NRG1","YES",0.118249196370067,-1.26412242619536,-1.64025746407954,-0.88798738831117,-0.572936614912645,0.691185811282712,"YES","DONOR_DEPENDENT","donor/passage rules frozen before outcomes; no cell-level P value","results/03_phase3/licensing/licensing_effect_by_donor_passage.csv|config/phase3_analysis.json"
"NRG2","YES",0,-0.00346029347370874,0.0134801175528736,-0.0204007045002911,-0.00173014673685437,0.00173014673685437,"NO","NO_CLEAR_LICENSING_EFFECT","donor/passage rules frozen before outcomes; no cell-level P value","results/03_phase3/licensing/licensing_effect_by_donor_passage.csv|config/phase3_analysis.json"
"NRG3","YES",0,0,0,0,0,0,"NO","NO_CLEAR_LICENSING_EFFECT","donor/passage rules frozen before outcomes; no cell-level P value","results/03_phase3/licensing/licensing_effect_by_donor_passage.csv|config/phase3_analysis.json"
"NRG4","YES",-1.08889085103349,-0.763688119661847,-0.272698788232963,-1.25467745109073,-0.92628948534767,0.92628948534767,"NO","LICENSING_CONSISTENT_DOWN","donor/passage rules frozen before outcomes; no cell-level P value","results/03_phase3/licensing/licensing_effect_by_donor_passage.csv|config/phase3_analysis.json"
"NRP1","YES",0.117055415281385,-0.397348351258587,-0.697504529153537,-0.0971921733636364,-0.140146467988601,0.257201883269986,"YES","NO_CLEAR_LICENSING_EFFECT","donor/passage rules frozen before outcomes; no cell-level P value","results/03_phase3/licensing/licensing_effect_by_donor_passage.csv|config/phase3_analysis.json"
"NRTN","YES",0,-3.52995377757102e-05,-0.00653656773927568,0.00646596866372426,-1.76497688878551e-05,1.76497688878551e-05,"NO","NO_CLEAR_LICENSING_EFFECT","donor/passage rules frozen before outcomes; no cell-level P value","results/03_phase3/licensing/licensing_effect_by_donor_passage.csv|config/phase3_analysis.json"
"NRXN1","YES",-0.00651983593691749,-0.00682544523607838,0.00675580300018761,-0.0204066934723444,-0.00667264058649793,0.00667264058649793,"NO","NO_CLEAR_LICENSING_EFFECT","donor/passage rules frozen before outcomes; no cell-level P value","results/03_phase3/licensing/licensing_effect_by_donor_passage.csv|config/phase3_analysis.json"
"NRXN2","YES",0.00603649583691562,-0.0135686661939507,0,-0.0271373323879013,-0.00376608517851752,0.00980258101543314,"NO","NO_CLEAR_LICENSING_EFFECT","donor/passage rules frozen before outcomes; no cell-level P value","results/03_phase3/licensing/licensing_effect_by_donor_passage.csv|config/phase3_analysis.json"
"NRXN3","YES",-3.6423216622059,-0.906088516616509,-0.230184583523652,-1.58199244970937,-2.27420508941121,2.27420508941121,"NO","PASSAGE_DEPENDENT","donor/passage rules frozen before outcomes; no cell-level P value","results/03_phase3/licensing/licensing_effect_by_donor_passage.csv|config/phase3_analysis.json"
"NT5E","YES",0.00925478926916581,-0.55325835690891,-1.10511051062967,-0.00140620318814569,-0.272001783819872,0.281256573089038,"YES","PASSAGE_DEPENDENT","donor/passage rules frozen before outcomes; no cell-level P value","results/03_phase3/licensing/licensing_effect_by_donor_passage.csv|config/phase3_analysis.json"
"NTF3","YES",0.592689526920985,-0.477515987546365,-1.3488282819558,0.39379630686307,0.0575867696873099,0.535102757233675,"YES","PASSAGE_DEPENDENT","donor/passage rules frozen before outcomes; no cell-level P value","results/03_phase3/licensing/licensing_effect_by_donor_passage.csv|config/phase3_analysis.json"
"NTF4","YES",0,0,0,0,0,0,"NO","NO_CLEAR_LICENSING_EFFECT","donor/passage rules frozen before outcomes; no cell-level P value","results/03_phase3/licensing/licensing_effect_by_donor_passage.csv|config/phase3_analysis.json"
"NTM","YES",0.485402866281114,-0.647763176555204,-1.27057124557107,-0.0249551075393386,-0.0811801551370448,0.566583021418159,"YES","PASSAGE_DEPENDENT","donor/passage rules frozen before outcomes; no cell-level P value","results/03_phase3/licensing/licensing_effect_by_donor_passage.csv|config/phase3_analysis.json"
"NTN1","YES",0.00603649583691562,0.0732895858145394,0.153411509984847,-0.00683233835576781,0.0396630408257275,0.0396630408257275,"NO","NO_CLEAR_LICENSING_EFFECT","donor/passage rules frozen before outcomes; no cell-level P value","results/03_phase3/licensing/licensing_effect_by_donor_passage.csv|config/phase3_analysis.json"
"NTN3","YES",0,0,0,0,0,0,"NO","NO_CLEAR_LICENSING_EFFECT","donor/passage rules frozen before outcomes; no cell-level P value","results/03_phase3/licensing/licensing_effect_by_donor_passage.csv|config/phase3_analysis.json"
"NTN4","YES",-1.57234559429042,1.84039189328759,1.3730455612031,2.30773822537208,0.134023149498582,1.706368743789,"NO","DONOR_DEPENDENT","donor/passage rules frozen before outcomes; no cell-level P value","results/03_phase3/licensing/licensing_effect_by_donor_passage.csv|config/phase3_analysis.json"
"NTNG1","YES",0.356730402692556,-0.375550991337072,-0.133812748946997,-0.617289233727147,-0.00941029432225812,0.366140697014814,"NO","NO_CLEAR_LICENSING_EFFECT","donor/passage rules frozen before outcomes; no cell-level P value","results/03_phase3/licensing/licensing_effect_by_donor_passage.csv|config/phase3_analysis.json"
"NTNG2","YES",0.161371011954945,0.462947208160402,-0.589715146668072,1.51560956298888,0.312159110057673,0.312159110057673,"NO","PASSAGE_DEPENDENT","donor/passage rules frozen before outcomes; no cell-level P value","results/03_phase3/licensing/licensing_effect_by_donor_passage.csv|config/phase3_analysis.json"
"NTS","YES",-0.950742262230145,0.183120578372156,0.141776009299332,0.22446514744498,-0.383810841928995,0.566931420301151,"NO","DONOR_DEPENDENT","donor/passage rules frozen before outcomes; no cell-level P value","results/03_phase3/licensing/licensing_effect_by_donor_passage.csv|config/phase3_analysis.json"
"NUCB2","YES",0.136936666150244,-0.0665940734021769,-0.128811037911074,-0.00437710889328019,0.0351712963740336,0.101765369776211,"YES","NO_CLEAR_LICENSING_EFFECT","donor/passage rules frozen before outcomes; no cell-level P value","results/03_phase3/licensing/licensing_effect_by_donor_passage.csv|config/phase3_analysis.json"
"NXPH1","YES",0,0,0,0,0,0,"NO","NO_CLEAR_LICENSING_EFFECT","donor/passage rules frozen before outcomes; no cell-level P value","results/03_phase3/licensing/licensing_effect_by_donor_passage.csv|config/phase3_analysis.json"
"NXPH2","YES",1.07744342226419,-0.660513814735865,1.26686132970661,-2.58788895917834,0.208464803764164,0.868978618500029,"NO","PASSAGE_DEPENDENT","donor/passage rules frozen before outcomes; no cell-level P value","results/03_phase3/licensing/licensing_effect_by_donor_passage.csv|config/phase3_analysis.json"
"NXPH3","YES",0,-0.180181899609315,-0.353531460862861,-0.00683233835576781,-0.0900909498046573,0.0900909498046573,"NO","NO_CLEAR_LICENSING_EFFECT","donor/passage rules frozen before outcomes; no cell-level P value","results/03_phase3/licensing/licensing_effect_by_donor_passage.csv|config/phase3_analysis.json"
"NYX","YES",0,-0.00333074704397815,-0.00666149408795631,0,-0.00166537352198908,0.00166537352198908,"NO","NO_CLEAR_LICENSING_EFFECT","donor/passage rules frozen before outcomes; no cell-level P value","results/03_phase3/licensing/licensing_effect_by_donor_passage.csv|config/phase3_analysis.json"
"OBP2A","YES",0,0,0,0,0,0,"NO","NO_CLEAR_LICENSING_EFFECT","donor/passage rules frozen before outcomes; no cell-level P value","results/03_phase3/licensing/licensing_effect_by_donor_passage.csv|config/phase3_analysis.json"
"OCLN","YES",-1.04868026606427,-1.62502453560448,-1.03573436253313,-2.21431470867583,-1.33685240083437,1.33685240083437,"YES","PASSAGE_DEPENDENT","donor/passage rules frozen before outcomes; no cell-level P value","results/03_phase3/licensing/licensing_effect_by_donor_passage.csv|config/phase3_analysis.json"
"OGN","YES",1.49981643323803,-1.53956227954357,-1.03041042292626,-2.04871413616088,-0.0198729231527711,1.5196893563908,"YES","PASSAGE_DEPENDENT","donor/passage rules frozen before outcomes; no cell-level P value","results/03_phase3/licensing/licensing_effect_by_donor_passage.csv|config/phase3_analysis.json"
"OLFM2","YES",-0.130943984160599,-0.0239616489172091,-0.0680217389653833,0.0200984411309652,-0.077452816538904,0.077452816538904,"NO","NO_CLEAR_LICENSING_EFFECT","donor/passage rules frozen before outcomes; no cell-level P value","results/03_phase3/licensing/licensing_effect_by_donor_passage.csv|config/phase3_analysis.json"
"OMG","YES",-1.36828893290531,-1.39539719949114,-1.34950288312067,-1.44129151586161,-1.38184306619822,1.38184306619822,"NO","LICENSING_CONSISTENT_DOWN","donor/passage rules frozen before outcomes; no cell-level P value","results/03_phase3/licensing/licensing_effect_by_donor_passage.csv|config/phase3_analysis.json"
"OPCML","YES",0.257188884725506,-0.0506302076027958,-0.0984190915880516,-0.00284132361754001,0.103279338561355,0.153909546164151,"NO","NO_CLEAR_LICENSING_EFFECT","donor/passage rules frozen before outcomes; no cell-level P value","results/03_phase3/licensing/licensing_effect_by_donor_passage.csv|config/phase3_analysis.json"
"ORM1","YES",-0.290312273910604,0,0,0,-0.145156136955302,0.145156136955302,"NO","NO_CLEAR_LICENSING_EFFECT","donor/passage rules frozen before outcomes; no cell-level P value","results/03_phase3/licensing/licensing_effect_by_donor_passage.csv|config/phase3_analysis.json"
"OSM","YES",-0.0617089572775148,-0.00333074704397815,-0.00666149408795631,0,-0.0325198521607465,0.0325198521607465,"NO","NO_CLEAR_LICENSING_EFFECT","donor/passage rules frozen before outcomes; no cell-level P value","results/03_phase3/licensing/licensing_effect_by_donor_passage.csv|config/phase3_analysis.json"
"OSTN","YES",0.0624897153179228,0.00671501149076093,0,0.0134300229815219,0.0346023634043419,0.0346023634043419,"NO","NO_CLEAR_LICENSING_EFFECT","donor/passage rules frozen before outcomes; no cell-level P value","results/03_phase3/licensing/licensing_effect_by_donor_passage.csv|config/phase3_analysis.json"
"OXT","YES",0.0114395684694692,0.0234485275256605,0.0334670320697991,0.0134300229815219,0.0174440479975648,0.0174440479975648,"NO","NO_CLEAR_LICENSING_EFFECT","donor/passage rules frozen before outcomes; no cell-level P value","results/03_phase3/licensing/licensing_effect_by_donor_passage.csv|config/phase3_analysis.json"
"PAEP","YES",0,0,0,0,0,0,"NO","NO_CLEAR_LICENSING_EFFECT","donor/passage rules frozen before outcomes; no cell-level P value","results/03_phase3/licensing/licensing_effect_by_donor_passage.csv|config/phase3_analysis.json"
"PAM","YES",-0.769948688823874,-0.458842995883344,-0.556453279442587,-0.361232712324102,-0.614395842353609,0.614395842353609,"YES","NO_CLEAR_LICENSING_EFFECT","donor/passage rules frozen before outcomes; no cell-level P value","results/03_phase3/licensing/licensing_effect_by_donor_passage.csv|config/phase3_analysis.json"
"PAPLN","YES",0.188414287989074,-1.19981351361354,-2.08551769890818,-0.314109328318907,-0.505699612812234,0.694113900801308,"NO","PASSAGE_DEPENDENT","donor/passage rules frozen before outcomes; no cell-level P value","results/03_phase3/licensing/licensing_effect_by_donor_passage.csv|config/phase3_analysis.json"
"PATJ","NO",,,,,,,"NO","NO_CLEAR_LICENSING_EFFECT","donor/passage rules frozen before outcomes; no cell-level P value","results/03_phase3/licensing/licensing_effect_by_donor_passage.csv|config/phase3_analysis.json"
"PCDH15","YES",0,-0.00664618536973165,-0.0132923707394633,0,-0.00332309268486583,0.00332309268486583,"NO","NO_CLEAR_LICENSING_EFFECT","donor/passage rules frozen before outcomes; no cell-level P value","results/03_phase3/licensing/licensing_effect_by_donor_passage.csv|config/phase3_analysis.json"
"PCDHA1","YES",0,-0.00664618536973165,-0.0132923707394633,0,-0.00332309268486583,0.00332309268486583,"NO","NO_CLEAR_LICENSING_EFFECT","donor/passage rules frozen before outcomes; no cell-level P value","results/03_phase3/licensing/licensing_effect_by_donor_passage.csv|config/phase3_analysis.json"
"PCDHA10","YES",-0.155280108460235,0,0,0,-0.0776400542301173,0.0776400542301173,"NO","NO_CLEAR_LICENSING_EFFECT","donor/passage rules frozen before outcomes; no cell-level P value","results/03_phase3/licensing/licensing_effect_by_donor_passage.csv|config/phase3_analysis.json"
"PCDHA11","YES",-0.243143548817514,0.0033653194577785,0,0.00673063891555701,-0.119889114679868,0.123254434137646,"NO","NO_CLEAR_LICENSING_EFFECT","donor/passage rules frozen before outcomes; no cell-level P value","results/03_phase3/licensing/licensing_effect_by_donor_passage.csv|config/phase3_analysis.json"
"PCDHA12","YES",0,0,0,0,0,0,"NO","NO_CLEAR_LICENSING_EFFECT","donor/passage rules frozen before outcomes; no cell-level P value","results/03_phase3/licensing/licensing_effect_by_donor_passage.csv|config/phase3_analysis.json"
"PCDHA13","YES",0,0,0,0,0,0,"NO","NO_CLEAR_LICENSING_EFFECT","donor/passage rules frozen before outcomes; no cell-level P value","results/03_phase3/licensing/licensing_effect_by_donor_passage.csv|config/phase3_analysis.json"
"PCDHA2","YES",0,-0.00681623623362039,0,-0.0136324724672408,-0.00340811811681019,0.00340811811681019,"NO","NO_CLEAR_LICENSING_EFFECT","donor/passage rules frozen before outcomes; no cell-level P value","results/03_phase3/licensing/licensing_effect_by_donor_passage.csv|config/phase3_analysis.json"
"PCDHA3","YES",-0.0617165572349027,-0.00341616917788391,0,-0.00683233835576781,-0.0325663632063933,0.0325663632063933,"NO","NO_CLEAR_LICENSING_EFFECT","donor/passage rules frozen before outcomes; no cell-level P value","results/03_phase3/licensing/licensing_effect_by_donor_passage.csv|config/phase3_analysis.json"
"PCDHA4","YES",0,0,0,0,0,0,"NO","NO_CLEAR_LICENSING_EFFECT","donor/passage rules frozen before outcomes; no cell-level P value","results/03_phase3/licensing/licensing_effect_by_donor_passage.csv|config/phase3_analysis.json"
"PCDHA5","YES",0,0,0,0,0,0,"NO","NO_CLEAR_LICENSING_EFFECT","donor/passage rules frozen before outcomes; no cell-level P value","results/03_phase3/licensing/licensing_effect_by_donor_passage.csv|config/phase3_analysis.json"
"PCDHA6","YES",0,0,0,0,0,0,"NO","NO_CLEAR_LICENSING_EFFECT","donor/passage rules frozen before outcomes; no cell-level P value","results/03_phase3/licensing/licensing_effect_by_donor_passage.csv|config/phase3_analysis.json"
"PCDHA7","YES",0,0,0,0,0,0,"NO","NO_CLEAR_LICENSING_EFFECT","donor/passage rules frozen before outcomes; no cell-level P value","results/03_phase3/licensing/licensing_effect_by_donor_passage.csv|config/phase3_analysis.json"
"PCDHA8","YES",0,0,0,0,0,0,"NO","NO_CLEAR_LICENSING_EFFECT","donor/passage rules frozen before outcomes; no cell-level P value","results/03_phase3/licensing/licensing_effect_by_donor_passage.csv|config/phase3_analysis.json"
"PCDHA9","YES",0.131296122125623,0.0154961147430844,0.00673714990472268,0.0242550795814461,0.0733961184343538,0.0733961184343538,"NO","NO_CLEAR_LICENSING_EFFECT","donor/passage rules frozen before outcomes; no cell-level P value","results/03_phase3/licensing/licensing_effect_by_donor_passage.csv|config/phase3_analysis.json"
"PCDHB3","YES",0,-0.00341616917788391,0,-0.00683233835576781,-0.00170808458894195,0.00170808458894195,"NO","NO_CLEAR_LICENSING_EFFECT","donor/passage rules frozen before outcomes; no cell-level P value","results/03_phase3/licensing/licensing_effect_by_donor_passage.csv|config/phase3_analysis.json"
"PCDHGB6","YES",-0.801255117644739,0.818363812221886,1.50158591211592,0.135141712327849,0.00855434728857341,0.809809464933312,"NO","PASSAGE_DEPENDENT","donor/passage rules frozen before outcomes; no cell-level P value","results/03_phase3/licensing/licensing_effect_by_donor_passage.csv|config/phase3_analysis.json"
"PCSK9","YES",0,-0.00664618536973165,-0.0132923707394633,0,-0.00332309268486583,0.00332309268486583,"NO","NO_CLEAR_LICENSING_EFFECT","donor/passage rules frozen before outcomes; no cell-level P value","results/03_phase3/licensing/licensing_effect_by_donor_passage.csv|config/phase3_analysis.json"
"PDCD1LG2","YES",3.01044367266751,1.99841390215852,1.82816691520879,2.16866088910825,2.50442878741301,2.50442878741301,"YES","LICENSING_CONSISTENT_UP","donor/passage rules frozen before outcomes; no cell-level P value","results/03_phase3/licensing/licensing_effect_by_donor_passage.csv|config/phase3_analysis.json"
"PDGFA","YES",0.218492358187826,-0.508910426853042,-0.122355077526815,-0.89546577617927,-0.145209034332608,0.363701392520434,"YES","DONOR_DEPENDENT","donor/passage rules frozen before outcomes; no cell-level P value","results/03_phase3/licensing/licensing_effect_by_donor_passage.csv|config/phase3_analysis.json"
"PDGFB","YES",0.00603649583691562,-5.08497201054081e-05,0,-0.000101699440210816,0.0029928230584051,0.00304367277851051,"NO","NO_CLEAR_LICENSING_EFFECT","donor/passage rules frozen before outcomes; no cell-level P value","results/03_phase3/licensing/licensing_effect_by_donor_passage.csv|config/phase3_analysis.json"
"PDGFC","YES",-0.700632561394963,-0.704472710472532,-0.948186203080005,-0.460759217865058,-0.702552635933747,0.702552635933747,"YES","LICENSING_CONSISTENT_DOWN","donor/passage rules frozen before outcomes; no cell-level P value","results/03_phase3/licensing/licensing_effect_by_donor_passage.csv|config/phase3_analysis.json"
"PDGFD","YES",-2.90274438555176,-0.524676973768273,-0.117851331626106,-0.931502615910441,-1.71371067966002,1.71371067966002,"NO","LICENSING_CONSISTENT_DOWN","donor/passage rules frozen before outcomes; no cell-level P value","results/03_phase3/licensing/licensing_effect_by_donor_passage.csv|config/phase3_analysis.json"
"PDPN","YES",3.66069824353569,4.35191641367448,4.89312411987987,3.81070870746909,4.00630732860509,4.00630732860509,"YES","PASSAGE_DEPENDENT","donor/passage rules frozen before outcomes; no cell-level P value","results/03_phase3/licensing/licensing_effect_by_donor_passage.csv|config/phase3_analysis.json"
"PDYN","YES",0,0,0,0,0,0,"NO","NO_CLEAR_LICENSING_EFFECT","donor/passage rules frozen before outcomes; no cell-level P value","results/03_phase3/licensing/licensing_effect_by_donor_passage.csv|config/phase3_analysis.json"
"PECAM1","YES",0.331140394442891,0.796716499716071,0.410903949131073,1.18252905030107,0.563928447079481,0.563928447079481,"NO","NO_CLEAR_LICENSING_EFFECT","donor/passage rules frozen before outcomes; no cell-level P value","results/03_phase3/licensing/licensing_effect_by_donor_passage.csv|config/phase3_analysis.json"
"PENK","YES",0,0,0,0,0,0,"NO","NO_CLEAR_LICENSING_EFFECT","donor/passage rules frozen before outcomes; no cell-level P value","results/03_phase3/licensing/licensing_effect_by_donor_passage.csv|config/phase3_analysis.json"
"PF4","YES",-0.197148833798479,0.615726379582831,0.801517205273654,0.429935553892008,0.209288772892176,0.406437606690655,"NO","DONOR_DEPENDENT","donor/passage rules frozen before outcomes; no cell-level P value","results/03_phase3/licensing/licensing_effect_by_donor_passage.csv|config/phase3_analysis.json"
"PF4V1","YES",-0.295459300788571,0.491615802437536,-0.267418222476972,1.25064982735204,0.0980782508244823,0.393537551613053,"NO","PASSAGE_DEPENDENT","donor/passage rules frozen before outcomes; no cell-level P value","results/03_phase3/licensing/licensing_effect_by_donor_passage.csv|config/phase3_analysis.json"
"PGF","YES",0.0917912881036181,0.0876049933809452,0.0400682744340415,0.135141712327849,0.0896981407422816,0.0896981407422816,"NO","NO_CLEAR_LICENSING_EFFECT","donor/passage rules frozen before outcomes; no cell-level P value","results/03_phase3/licensing/licensing_effect_by_donor_passage.csv|config/phase3_analysis.json"
"PGLYRP1","YES",0,0.00337790150009381,0.00675580300018761,0,0.0016889507500469,0.0016889507500469,"NO","NO_CLEAR_LICENSING_EFFECT","donor/passage rules frozen before outcomes; no cell-level P value","results/03_phase3/licensing/licensing_effect_by_donor_passage.csv|config/phase3_analysis.json"
"PI16","YES",-0.0250043231958186,0.182851525273893,-0.0779769721164345,0.44368002266422,0.078923601039037,0.103927924234856,"NO","NO_CLEAR_LICENSING_EFFECT","donor/passage rules frozen before outcomes; no cell-level P value","results/03_phase3/licensing/licensing_effect_by_donor_passage.csv|config/phase3_analysis.json"
"PIGA","YES",0.111726219916463,0.292527414978792,-0.610539366493542,1.19559419645113,0.202126817447628,0.202126817447628,"YES","PASSAGE_DEPENDENT","donor/passage rules frozen before outcomes; no cell-level P value","results/03_phase3/licensing/licensing_effect_by_donor_passage.csv|config/phase3_analysis.json"
"PIP","YES",0,0,0,0,0,0,"NO","NO_CLEAR_LICENSING_EFFECT","donor/passage rules frozen before outcomes; no cell-level P value","results/03_phase3/licensing/licensing_effect_by_donor_passage.csv|config/phase3_analysis.json"
"PLA2G10","YES",0.0057560129256143,0.0396970426005634,0.0528829080117824,0.0265111771893444,0.0227265277630888,0.0227265277630888,"NO","NO_CLEAR_LICENSING_EFFECT","donor/passage rules frozen before outcomes; no cell-level P value","results/03_phase3/licensing/licensing_effect_by_donor_passage.csv|config/phase3_analysis.json"
"PLA2G2A","YES",0,0.138229643814468,0.276459287628936,0,0.0691148219072341,0.0691148219072341,"NO","NO_CLEAR_LICENSING_EFFECT","donor/passage rules frozen before outcomes; no cell-level P value","results/03_phase3/licensing/licensing_effect_by_donor_passage.csv|config/phase3_analysis.json"
"PLAT","YES",-3.8332901472852,-2.71887727836319,-3.35795992511123,-2.07979463161514,-3.27608371282419,3.27608371282419,"YES","PASSAGE_DEPENDENT","donor/passage rules frozen before outcomes; no cell-level P value","results/03_phase3/licensing/licensing_effect_by_donor_passage.csv|config/phase3_analysis.json"
"PLAU","YES",2.20531662965459,-1.34094608194497,-3.04523574857278,0.363343584682844,0.43218527385481,1.77313135579978,"YES","PASSAGE_DEPENDENT","donor/passage rules frozen before outcomes; no cell-level P value","results/03_phase3/licensing/licensing_effect_by_donor_passage.csv|config/phase3_analysis.json"
"PLB1","YES",0.0299330278928976,0.140495456113928,0.280990912227855,0,0.0852142420034126,0.0852142420034126,"NO","NO_CLEAR_LICENSING_EFFECT","donor/passage rules frozen before outcomes; no cell-level P value","results/03_phase3/licensing/licensing_effect_by_donor_passage.csv|config/phase3_analysis.json"
"PLEKHO2","YES",-0.488189342313467,0.148242619112696,0.150907836281642,0.14557740194375,-0.169973361600385,0.318215980713082,"YES","NO_CLEAR_LICENSING_EFFECT","donor/passage rules frozen before outcomes; no cell-level P value","results/03_phase3/licensing/licensing_effect_by_donor_passage.csv|config/phase3_analysis.json"
"PLG","YES",-0.0373458278794259,0.372652398466914,-0.00666149408795631,0.751966291021784,0.167653285293744,0.20499911317317,"NO","PASSAGE_DEPENDENT","donor/passage rules frozen before outcomes; no cell-level P value","results/03_phase3/licensing/licensing_effect_by_donor_passage.csv|config/phase3_analysis.json"
"PLTP","YES",0.569427617086188,-0.113825265104798,-0.836219709957206,0.608569179747611,0.227801175990695,0.341626441095493,"YES","PASSAGE_DEPENDENT","donor/passage rules frozen before outcomes; no cell-level P value","results/03_phase3/licensing/licensing_effect_by_donor_passage.csv|config/phase3_analysis.json"
"PLXNA1","YES",-0.0291742370791822,0.0130512835719203,0.574473053401229,-0.548370486257389,-0.00806147675363095,0.0211127603255513,"YES","PASSAGE_DEPENDENT","donor/passage rules frozen before outcomes; no cell-level P value","results/03_phase3/licensing/licensing_effect_by_donor_passage.csv|config/phase3_analysis.json"
"PLXNA2","YES",0.633242320467645,0.81211939080517,0.858517915322335,0.765720866288004,0.722680855636408,0.722680855636408,"YES","LICENSING_CONSISTENT_UP","donor/passage rules frozen before outcomes; no cell-level P value","results/03_phase3/licensing/licensing_effect_by_donor_passage.csv|config/phase3_analysis.json"
"PMCH","YES",0.063911237453625,0.0951186584542644,-0.064881667448031,0.25511898435656,0.0795149479539447,0.0795149479539447,"NO","NO_CLEAR_LICENSING_EFFECT","donor/passage rules frozen before outcomes; no cell-level P value","results/03_phase3/licensing/licensing_effect_by_donor_passage.csv|config/phase3_analysis.json"
"PNOC","YES",0,0.00337790150009381,0.00675580300018761,0,0.0016889507500469,0.0016889507500469,"NO","NO_CLEAR_LICENSING_EFFECT","donor/passage rules frozen before outcomes; no cell-level P value","results/03_phase3/licensing/licensing_effect_by_donor_passage.csv|config/phase3_analysis.json"
"PODXL","YES",2.25047217461145,-0.196933539651815,-1.48032233880941,1.08645525950578,1.02676931747982,1.22370285713163,"NO","PASSAGE_DEPENDENT","donor/passage rules frozen before outcomes; no cell-level P value","results/03_phase3/licensing/licensing_effect_by_donor_passage.csv|config/phase3_analysis.json"
"PODXL2","YES",-0.0250043231958186,-0.151831992752918,-0.932456233721185,0.628792248215348,-0.0884181579743685,0.0884181579743685,"NO","PASSAGE_DEPENDENT","donor/passage rules frozen before outcomes; no cell-level P value","results/03_phase3/licensing/licensing_effect_by_donor_passage.csv|config/phase3_analysis.json"
"POMC","YES",0.0170520695115064,0.000231476734979991,0.000462953469959982,0,0.00864177312324318,0.00864177312324318,"NO","NO_CLEAR_LICENSING_EFFECT","donor/passage rules frozen before outcomes; no cell-level P value","results/03_phase3/licensing/licensing_effect_by_donor_passage.csv|config/phase3_analysis.json"
"POMZP3","YES",-0.0403112542497807,-0.0961510980325959,-0.118959851253675,-0.0733423448115172,-0.0682311761411883,0.0682311761411883,"NO","NO_CLEAR_LICENSING_EFFECT","donor/passage rules frozen before outcomes; no cell-level P value","results/03_phase3/licensing/licensing_effect_by_donor_passage.csv|config/phase3_analysis.json"
"POSTN","YES",-3.15271488678321,-1.55585994693571,-1.8302374344796,-1.28148245939181,-2.35428741685946,2.35428741685946,"YES","LICENSING_CONSISTENT_DOWN","donor/passage rules frozen before outcomes; no cell-level P value","results/03_phase3/licensing/licensing_effect_by_donor_passage.csv|config/phase3_analysis.json"
"PPBP","YES",0.0177040740742806,0,0,0,0.00885203703714028,0.00885203703714028,"NO","NO_CLEAR_LICENSING_EFFECT","donor/passage rules frozen before outcomes; no cell-level P value","results/03_phase3/licensing/licensing_effect_by_donor_passage.csv|config/phase3_analysis.json"
"PPY","YES",0,0.0678125390414333,0.135625078082867,0,0.0339062695207167,0.0339062695207167,"NO","NO_CLEAR_LICENSING_EFFECT","donor/passage rules frozen before outcomes; no cell-level P value","results/03_phase3/licensing/licensing_effect_by_donor_passage.csv|config/phase3_analysis.json"
"PRG4","YES",0.49911022387273,0.544849715192648,0.190061584110467,0.899637846274829,0.521979969532689,0.521979969532689,"NO","NO_CLEAR_LICENSING_EFFECT","donor/passage rules frozen before outcomes; no cell-level P value","results/03_phase3/licensing/licensing_effect_by_donor_passage.csv|config/phase3_analysis.json"
"PRL","YES",0,0.049079192961353,0.0981583859227061,0,0.0245395964806765,0.0245395964806765,"NO","NO_CLEAR_LICENSING_EFFECT","donor/passage rules frozen before outcomes; no cell-level P value","results/03_phase3/licensing/licensing_effect_by_donor_passage.csv|config/phase3_analysis.json"
"PRLH","YES",0,0,0,0,0,0,"NO","NO_CLEAR_LICENSING_EFFECT","donor/passage rules frozen before outcomes; no cell-level P value","results/03_phase3/licensing/licensing_effect_by_donor_passage.csv|config/phase3_analysis.json"
"PRND","YES",-0.0986116485583462,-1.56613613712687,-2.70313807965968,-0.42913419459406,-0.832373892842609,0.832373892842609,"NO","PASSAGE_DEPENDENT","donor/passage rules frozen before outcomes; no cell-level P value","results/03_phase3/licensing/licensing_effect_by_donor_passage.csv|config/phase3_analysis.json"
"PRNP","YES",-1.1782125168992,-1.04942940725395,-1.74554575514585,-0.353313059362054,-1.11382096207657,1.11382096207657,"YES","PASSAGE_DEPENDENT","donor/passage rules frozen before outcomes; no cell-level P value","results/03_phase3/licensing/licensing_effect_by_donor_passage.csv|config/phase3_analysis.json"
"PROC","YES",0,0.0033653194577785,0,0.00673063891555701,0.00168265972888925,0.00168265972888925,"NO","NO_CLEAR_LICENSING_EFFECT","donor/passage rules frozen before outcomes; no cell-level P value","results/03_phase3/licensing/licensing_effect_by_donor_passage.csv|config/phase3_analysis.json"
"PROK1","YES",0,0.0199603650130089,0,0.0399207300260179,0.00998018250650447,0.00998018250650447,"NO","NO_CLEAR_LICENSING_EFFECT","donor/passage rules frozen before outcomes; no cell-level P value","results/03_phase3/licensing/licensing_effect_by_donor_passage.csv|config/phase3_analysis.json"
"PROK2","YES",0,0,0,0,0,0,"NO","NO_CLEAR_LICENSING_EFFECT","donor/passage rules frozen before outcomes; no cell-level P value","results/03_phase3/licensing/licensing_effect_by_donor_passage.csv|config/phase3_analysis.json"
"PROS1","YES",-1.43957233400479,0.985986913688504,1.14436343354592,0.827610393831093,-0.226792710158144,1.21277962384665,"NO","DONOR_DEPENDENT","donor/passage rules frozen before outcomes; no cell-level P value","results/03_phase3/licensing/licensing_effect_by_donor_passage.csv|config/phase3_analysis.json"
"PRRG4","YES",1.6208833334403,1.06910274466966,0.868203603016243,1.27000188632308,1.34499303905498,1.34499303905498,"YES","LICENSING_CONSISTENT_UP","donor/passage rules frozen before outcomes; no cell-level P value","results/03_phase3/licensing/licensing_effect_by_donor_passage.csv|config/phase3_analysis.json"
"PRSS1","YES",0.0108414993691015,0,0,0,0.00542074968455077,0.00542074968455077,"NO","NO_CLEAR_LICENSING_EFFECT","donor/passage rules frozen before outcomes; no cell-level P value","results/03_phase3/licensing/licensing_effect_by_donor_passage.csv|config/phase3_analysis.json"
"PRSS2","NO",,,,,,,"NO","NO_CLEAR_LICENSING_EFFECT","donor/passage rules frozen before outcomes; no cell-level P value","results/03_phase3/licensing/licensing_effect_by_donor_passage.csv|config/phase3_analysis.json"
"PRSS3","YES",-1.25350410298952,-1.37950030931078,-2.18605974425983,-0.572940874361742,-1.31650220615015,1.31650220615015,"YES","PASSAGE_DEPENDENT","donor/passage rules frozen before outcomes; no cell-level P value","results/03_phase3/licensing/licensing_effect_by_donor_passage.csv|config/phase3_analysis.json"
"PRSS55","YES",0,0,0,0,0,0,"NO","NO_CLEAR_LICENSING_EFFECT","donor/passage rules frozen before outcomes; no cell-level P value","results/03_phase3/licensing/licensing_effect_by_donor_passage.csv|config/phase3_analysis.json"
"PSAP","YES",-0.238128509196369,0.909454687842929,0.0643009160097843,1.75460845967607,0.33566308932328,0.573791598519649,"YES","PASSAGE_DEPENDENT","donor/passage rules frozen before outcomes; no cell-level P value","results/03_phase3/licensing/licensing_effect_by_donor_passage.csv|config/phase3_analysis.json"
"PSEN1","YES",0.0969483970027286,1.0305134188855,0.481088876771656,1.57993796099934,0.563730907944112,0.563730907944112,"YES","PASSAGE_DEPENDENT","donor/passage rules frozen before outcomes; no cell-level P value","results/03_phase3/licensing/licensing_effect_by_donor_passage.csv|config/phase3_analysis.json"
"PSG4","YES",-2.47699495843614,-0.00674691622186206,-0.00666149408795631,-0.00683233835576781,-1.241870937329,1.241870937329,"NO","NO_CLEAR_LICENSING_EFFECT","donor/passage rules frozen before outcomes; no cell-level P value","results/03_phase3/licensing/licensing_effect_by_donor_passage.csv|config/phase3_analysis.json"
"PSG5","YES",-0.389917701342824,-1.47272748609334,-2.94545497218668,0,-0.931322593718081,0.931322593718081,"NO","PASSAGE_DEPENDENT","donor/passage rules frozen before outcomes; no cell-level P value","results/03_phase3/licensing/licensing_effect_by_donor_passage.csv|config/phase3_analysis.json"
"PSG6","YES",0.165552380274628,0,0,0,0.0827761901373141,0.0827761901373141,"NO","NO_CLEAR_LICENSING_EFFECT","donor/passage rules frozen before outcomes; no cell-level P value","results/03_phase3/licensing/licensing_effect_by_donor_passage.csv|config/phase3_analysis.json"
"PSG7","YES",0,0,0,0,0,0,"NO","NO_CLEAR_LICENSING_EFFECT","donor/passage rules frozen before outcomes; no cell-level P value","results/03_phase3/licensing/licensing_effect_by_donor_passage.csv|config/phase3_analysis.json"
"PSG9","YES",-0.012556331773833,0,0,0,-0.0062781658869165,0.0062781658869165,"NO","NO_CLEAR_LICENSING_EFFECT","donor/passage rules frozen before outcomes; no cell-level P value","results/03_phase3/licensing/licensing_effect_by_donor_passage.csv|config/phase3_analysis.json"
"PSPN","YES",0,0,0,0,0,0,"NO","NO_CLEAR_LICENSING_EFFECT","donor/passage rules frozen before outcomes; no cell-level P value","results/03_phase3/licensing/licensing_effect_by_donor_passage.csv|config/phase3_analysis.json"
"PTDSS1","YES",-0.454451055414422,-0.355917909379308,-1.20978755188995,0.497951733131336,-0.405184482396865,0.405184482396865,"YES","PASSAGE_DEPENDENT","donor/passage rules frozen before outcomes; no cell-level P value","results/03_phase3/licensing/licensing_effect_by_donor_passage.csv|config/phase3_analysis.json"
"PTGFRN","YES",-0.237078263308196,0.306325138903325,-0.137960237245264,0.750610515051914,0.0346234377975644,0.27170170110576,"YES","PASSAGE_DEPENDENT","donor/passage rules frozen before outcomes; no cell-level P value","results/03_phase3/licensing/licensing_effect_by_donor_passage.csv|config/phase3_analysis.json"
"PTGS2","YES",1.47061182591449,2.19928956697362,0.832684676384219,3.56589445756303,1.83495069644406,1.83495069644406,"YES","PASSAGE_DEPENDENT","donor/passage rules frozen before outcomes; no cell-level P value","results/03_phase3/licensing/licensing_effect_by_donor_passage.csv|config/phase3_analysis.json"
"PTH","YES",0,0,0,0,0,0,"NO","NO_CLEAR_LICENSING_EFFECT","donor/passage rules frozen before outcomes; no cell-level P value","results/03_phase3/licensing/licensing_effect_by_donor_passage.csv|config/phase3_analysis.json"
"PTH2","YES",0,0,0,0,0,0,"NO","NO_CLEAR_LICENSING_EFFECT","donor/passage rules frozen before outcomes; no cell-level P value","results/03_phase3/licensing/licensing_effect_by_donor_passage.csv|config/phase3_analysis.json"
"PTHLH","YES",1.30691056132015,0.712840911224664,1.03801166610103,0.387670156348301,1.0098757362724,1.0098757362724,"YES","LICENSING_CONSISTENT_UP","donor/passage rules frozen before outcomes; no cell-level P value","results/03_phase3/licensing/licensing_effect_by_donor_passage.csv|config/phase3_analysis.json"
"PTN","YES",0.759907571261387,0.736199760861292,0.933035070978434,0.53936445074415,0.74805366606134,0.74805366606134,"YES","LICENSING_CONSISTENT_UP","donor/passage rules frozen before outcomes; no cell-level P value","results/03_phase3/licensing/licensing_effect_by_donor_passage.csv|config/phase3_analysis.json"
"PTPRC","YES",-0.799401126818285,-0.187987526475557,-0.580306757522614,0.2043317045715,-0.493694326646921,0.493694326646921,"NO","PASSAGE_DEPENDENT","donor/passage rules frozen before outcomes; no cell-level P value","results/03_phase3/licensing/licensing_effect_by_donor_passage.csv|config/phase3_analysis.json"
"PTPRK","YES",0.399831628014799,1.09974265634204,0.479918618650643,1.71956669403344,0.74978714217842,0.74978714217842,"YES","PASSAGE_DEPENDENT","donor/passage rules frozen before outcomes; no cell-level P value","results/03_phase3/licensing/licensing_effect_by_donor_passage.csv|config/phase3_analysis.json"
"PTPRM","YES",-0.304242981286046,0.0610808310030639,-0.472880699367768,0.595042361373896,-0.121581075141491,0.182661906144555,"YES","PASSAGE_DEPENDENT","donor/passage rules frozen before outcomes; no cell-level P value","results/03_phase3/licensing/licensing_effect_by_donor_passage.csv|config/phase3_analysis.json"
"PTPRZ1","YES",0.223691711232533,0.00322676981543082,0.00675580300018761,-0.000302263369325969,0.113459240523982,0.113459240523982,"NO","NO_CLEAR_LICENSING_EFFECT","donor/passage rules frozen before outcomes; no cell-level P value","results/03_phase3/licensing/licensing_effect_by_donor_passage.csv|config/phase3_analysis.json"
"PVR","YES",0.345050385375136,-0.485890343933856,-0.737517376766738,-0.234263311100973,-0.0704199792793597,0.415470364654496,"YES","NO_CLEAR_LICENSING_EFFECT","donor/passage rules frozen before outcomes; no cell-level P value","results/03_phase3/licensing/licensing_effect_by_donor_passage.csv|config/phase3_analysis.json"
"PYY","YES",0.0236412017238757,0.0459091178858154,0.0918182357716308,0,0.0347751598048456,0.0347751598048456,"NO","NO_CLEAR_LICENSING_EFFECT","donor/passage rules frozen before outcomes; no cell-level P value","results/03_phase3/licensing/licensing_effect_by_donor_passage.csv|config/phase3_analysis.json"
"PZP","YES",0,-0.00681623623362039,0,-0.0136324724672408,-0.00340811811681019,0.00340811811681019,"NO","NO_CLEAR_LICENSING_EFFECT","donor/passage rules frozen before outcomes; no cell-level P value","results/03_phase3/licensing/licensing_effect_by_donor_passage.csv|config/phase3_analysis.json"
"QRFP","YES",-0.0434772140073407,-0.00681623623362039,0,-0.0136324724672408,-0.0251467251204805,0.0251467251204805,"NO","NO_CLEAR_LICENSING_EFFECT","donor/passage rules frozen before outcomes; no cell-level P value","results/03_phase3/licensing/licensing_effect_by_donor_passage.csv|config/phase3_analysis.json"
"RAET1E","YES",0.403575687967752,-0.553326222496696,-1.27170438224661,0.165051937253217,-0.0748752672644717,0.478450955232224,"NO","PASSAGE_DEPENDENT","donor/passage rules frozen before outcomes; no cell-level P value","results/03_phase3/licensing/licensing_effect_by_donor_passage.csv|config/phase3_analysis.json"
"RAET1G","YES",-0.353484131633751,0.0666344290023238,0.670424438771173,-0.537155580766526,-0.143424851315714,0.210059280318037,"NO","PASSAGE_DEPENDENT","donor/passage rules frozen before outcomes; no cell-level P value","results/03_phase3/licensing/licensing_effect_by_donor_passage.csv|config/phase3_analysis.json"
"RARRES1","YES",0.654819189928738,3.92225381159203,3.86253002590156,3.98197759728251,2.28853650076039,2.28853650076039,"YES","LICENSING_CONSISTENT_UP","donor/passage rules frozen before outcomes; no cell-level P value","results/03_phase3/licensing/licensing_effect_by_donor_passage.csv|config/phase3_analysis.json"
"RARRES2","YES",-0.00629182616902173,0.101974036514298,0.270857656045369,-0.0669095830167734,0.047841105172638,0.0541329313416597,"NO","NO_CLEAR_LICENSING_EFFECT","donor/passage rules frozen before outcomes; no cell-level P value","results/03_phase3/licensing/licensing_effect_by_donor_passage.csv|config/phase3_analysis.json"
"RBP3","YES",0,0,0,0,0,0,"NO","NO_CLEAR_LICENSING_EFFECT","donor/passage rules frozen before outcomes; no cell-level P value","results/03_phase3/licensing/licensing_effect_by_donor_passage.csv|config/phase3_analysis.json"
"RBP4","YES",0.0299330278928976,-0.00664618536973165,-0.0132923707394633,0,0.011643421261583,0.0182896066313146,"NO","NO_CLEAR_LICENSING_EFFECT","donor/passage rules frozen before outcomes; no cell-level P value","results/03_phase3/licensing/licensing_effect_by_donor_passage.csv|config/phase3_analysis.json"
"RECK","YES",-2.2175543294826,-0.268251108904332,-0.192834230133619,-0.343667987675044,-1.24290271919346,1.24290271919346,"YES","NO_CLEAR_LICENSING_EFFECT","donor/passage rules frozen before outcomes; no cell-level P value","results/03_phase3/licensing/licensing_effect_by_donor_passage.csv|config/phase3_analysis.json"
"RELN","YES",2.02220660487483,-0.614389540198562,-0.486986735956126,-0.741792344440998,0.703908532338132,1.31829807253669,"NO","DONOR_DEPENDENT","donor/passage rules frozen before outcomes; no cell-level P value","results/03_phase3/licensing/licensing_effect_by_donor_passage.csv|config/phase3_analysis.json"
"REN","YES",0,0,0,0,0,0,"NO","NO_CLEAR_LICENSING_EFFECT","donor/passage rules frozen before outcomes; no cell-level P value","results/03_phase3/licensing/licensing_effect_by_donor_passage.csv|config/phase3_analysis.json"
"RET","YES",0.0822955306399235,0.00671501149076093,0,0.0134300229815219,0.0445052710653422,0.0445052710653422,"NO","NO_CLEAR_LICENSING_EFFECT","donor/passage rules frozen before outcomes; no cell-level P value","results/03_phase3/licensing/licensing_effect_by_donor_passage.csv|config/phase3_analysis.json"
"RETN","YES",0.00603649583691562,0,0,0,0.00301824791845781,0.00301824791845781,"NO","NO_CLEAR_LICENSING_EFFECT","donor/passage rules frozen before outcomes; no cell-level P value","results/03_phase3/licensing/licensing_effect_by_donor_passage.csv|config/phase3_analysis.json"
"RGMA","YES",0.0120478390946361,0,0,0,0.00602391954731805,0.00602391954731805,"NO","NO_CLEAR_LICENSING_EFFECT","donor/passage rules frozen before outcomes; no cell-level P value","results/03_phase3/licensing/licensing_effect_by_donor_passage.csv|config/phase3_analysis.json"
"RLN1","YES",-0.0439479506020444,-0.0262250446536514,-0.0524500893073027,0,-0.0350864976278479,0.0350864976278479,"NO","NO_CLEAR_LICENSING_EFFECT","donor/passage rules frozen before outcomes; no cell-level P value","results/03_phase3/licensing/licensing_effect_by_donor_passage.csv|config/phase3_analysis.json"
"RLN2","YES",0.0358458225649201,-0.00664618536973165,-0.0132923707394633,0,0.0145998185975942,0.0212460039673259,"NO","NO_CLEAR_LICENSING_EFFECT","donor/passage rules frozen before outcomes; no cell-level P value","results/03_phase3/licensing/licensing_effect_by_donor_passage.csv|config/phase3_analysis.json"
"RLN3","YES",0,-0.00341616917788391,0,-0.00683233835576781,-0.00170808458894195,0.00170808458894195,"NO","NO_CLEAR_LICENSING_EFFECT","donor/passage rules frozen before outcomes; no cell-level P value","results/03_phase3/licensing/licensing_effect_by_donor_passage.csv|config/phase3_analysis.json"
"ROBO1","YES",0.627704168441145,0.993580010173922,1.12623924921388,0.860920771133968,0.810642089307533,0.810642089307533,"YES","LICENSING_CONSISTENT_UP","donor/passage rules frozen before outcomes; no cell-level P value","results/03_phase3/licensing/licensing_effect_by_donor_passage.csv|config/phase3_analysis.json"
"RPS19","YES",-0.161226441896494,-0.321116638639589,-0.144171161497023,-0.498062115782154,-0.241171540268041,0.241171540268041,"YES","NO_CLEAR_LICENSING_EFFECT","donor/passage rules frozen before outcomes; no cell-level P value","results/03_phase3/licensing/licensing_effect_by_donor_passage.csv|config/phase3_analysis.json"
"RSPO1","YES",-0.000508492679196945,-0.107983427510228,-0.20214986191113,-0.013816993109325,-0.0542459600947123,0.0542459600947123,"NO","NO_CLEAR_LICENSING_EFFECT","donor/passage rules frozen before outcomes; no cell-level P value","results/03_phase3/licensing/licensing_effect_by_donor_passage.csv|config/phase3_analysis.json"
"RSPO2","YES",-0.389917701342824,0.0226101061896497,-0.0588742787823258,0.104094491161625,-0.183653797576587,0.206263903766237,"NO","NO_CLEAR_LICENSING_EFFECT","donor/passage rules frozen before outcomes; no cell-level P value","results/03_phase3/licensing/licensing_effect_by_donor_passage.csv|config/phase3_analysis.json"
"RSPO3","YES",3.6958025448282,2.82820541226525,3.33510991422171,2.3213009103088,3.26200397854673,3.26200397854673,"YES","PASSAGE_DEPENDENT","donor/passage rules frozen before outcomes; no cell-level P value","results/03_phase3/licensing/licensing_effect_by_donor_passage.csv|config/phase3_analysis.json"
"RSPO4","YES",0,0,0,0,0,0,"NO","NO_CLEAR_LICENSING_EFFECT","donor/passage rules frozen before outcomes; no cell-level P value","results/03_phase3/licensing/licensing_effect_by_donor_passage.csv|config/phase3_analysis.json"
"RTN4","YES",-0.400965270898037,-0.476258923602818,-0.370909201847102,-0.581608645358534,-0.438612097250427,0.438612097250427,"YES","NO_CLEAR_LICENSING_EFFECT","donor/passage rules frozen before outcomes; no cell-level P value","results/03_phase3/licensing/licensing_effect_by_donor_passage.csv|config/phase3_analysis.json"
"S100A10","YES",-1.23919913290915,-0.123452971609673,-0.203759531464849,-0.0431464117544959,-0.681326052259411,0.681326052259411,"YES","NO_CLEAR_LICENSING_EFFECT","donor/passage rules frozen before outcomes; no cell-level P value","results/03_phase3/licensing/licensing_effect_by_donor_passage.csv|config/phase3_analysis.json"
"S100A12","YES",-0.00629182616902173,0,0,0,-0.00314591308451086,0.00314591308451086,"NO","NO_CLEAR_LICENSING_EFFECT","donor/passage rules frozen before outcomes; no cell-level P value","results/03_phase3/licensing/licensing_effect_by_donor_passage.csv|config/phase3_analysis.json"
"S100A4","YES",-0.769653806480659,-0.124460776660151,-0.21809898480837,-0.0308225685119324,-0.447057291570405,0.447057291570405,"YES","NO_CLEAR_LICENSING_EFFECT","donor/passage rules frozen before outcomes; no cell-level P value","results/03_phase3/licensing/licensing_effect_by_donor_passage.csv|config/phase3_analysis.json"
"S100A8","YES",0.0748842346549933,0,0,0,0.0374421173274966,0.0374421173274966,"NO","NO_CLEAR_LICENSING_EFFECT","donor/passage rules frozen before outcomes; no cell-level P value","results/03_phase3/licensing/licensing_effect_by_donor_passage.csv|config/phase3_analysis.json"
"S100A9","YES",0.165400278322137,0,0,0,0.0827001391610686,0.0827001391610686,"NO","NO_CLEAR_LICENSING_EFFECT","donor/passage rules frozen before outcomes; no cell-level P value","results/03_phase3/licensing/licensing_effect_by_donor_passage.csv|config/phase3_analysis.json"
"S100B","YES",0.0650516697197616,-0.00674691622186206,-0.00666149408795631,-0.00683233835576781,0.0291523767489498,0.0358992929708119,"NO","NO_CLEAR_LICENSING_EFFECT","donor/passage rules frozen before outcomes; no cell-level P value","results/03_phase3/licensing/licensing_effect_by_donor_passage.csv|config/phase3_analysis.json"
"SAA1","YES",0.170935661356667,0.0033653194577785,0,0.00673063891555701,0.0871504904072228,0.0871504904072228,"NO","NO_CLEAR_LICENSING_EFFECT","donor/passage rules frozen before outcomes; no cell-level P value","results/03_phase3/licensing/licensing_effect_by_donor_passage.csv|config/phase3_analysis.json"
"SARAF","YES",-1.08047793212029,0.212075191574157,-0.330211712944519,0.754362096092832,-0.434201370273065,0.646276561847222,"YES","PASSAGE_DEPENDENT","donor/passage rules frozen before outcomes; no cell-level P value","results/03_phase3/licensing/licensing_effect_by_donor_passage.csv|config/phase3_analysis.json"
"SCGB1A1","YES",0,-0.0294371393911629,-0.0588742787823258,0,-0.0147185696955814,0.0147185696955814,"NO","NO_CLEAR_LICENSING_EFFECT","donor/passage rules frozen before outcomes; no cell-level P value","results/03_phase3/licensing/licensing_effect_by_donor_passage.csv|config/phase3_analysis.json"
"SCGB3A1","YES",0,0,0,0,0,0,"NO","NO_CLEAR_LICENSING_EFFECT","donor/passage rules frozen before outcomes; no cell-level P value","results/03_phase3/licensing/licensing_effect_by_donor_passage.csv|config/phase3_analysis.json"
"SCGB3A2","YES",0,0,0,0,0,0,"NO","NO_CLEAR_LICENSING_EFFECT","donor/passage rules frozen before outcomes; no cell-level P value","results/03_phase3/licensing/licensing_effect_by_donor_passage.csv|config/phase3_analysis.json"
"SCT","YES",0.0180342385127994,0,0,0,0.00901711925639969,0.00901711925639969,"NO","NO_CLEAR_LICENSING_EFFECT","donor/passage rules frozen before outcomes; no cell-level P value","results/03_phase3/licensing/licensing_effect_by_donor_passage.csv|config/phase3_analysis.json"
"SCUBE2","YES",0.390226711019528,1.52910039934347,1.03957253948183,2.01862825920512,0.959663555181501,0.959663555181501,"NO","NO_CLEAR_LICENSING_EFFECT","donor/passage rules frozen before outcomes; no cell-level P value","results/03_phase3/licensing/licensing_effect_by_donor_passage.csv|config/phase3_analysis.json"
"SDC2","YES",-2.16258564745641,-1.22410820239822,-1.58454225017984,-0.863674154616598,-1.69334692492731,1.69334692492731,"YES","LICENSING_CONSISTENT_DOWN","donor/passage rules frozen before outcomes; no cell-level P value","results/03_phase3/licensing/licensing_effect_by_donor_passage.csv|config/phase3_analysis.json"
"SDC4","YES",-0.565284563985615,1.08853056632562,1.27462728655581,0.902433846095424,0.261623001170001,0.826907565155616,"YES","DONOR_DEPENDENT","donor/passage rules frozen before outcomes; no cell-level P value","results/03_phase3/licensing/licensing_effect_by_donor_passage.csv|config/phase3_analysis.json"
"SDK2","YES",0.110585041157032,0.408214280458358,0.600266809580906,0.21616175133581,0.259399660807695,0.259399660807695,"NO","NO_CLEAR_LICENSING_EFFECT","donor/passage rules frozen before outcomes; no cell-level P value","results/03_phase3/licensing/licensing_effect_by_donor_passage.csv|config/phase3_analysis.json"
"SECTM1","YES",4.53845482709082,4.9832591147736,5.07821007532289,4.88830815422431,4.76085697093221,4.76085697093221,"YES","LICENSING_CONSISTENT_UP","donor/passage rules frozen before outcomes; no cell-level P value","results/03_phase3/licensing/licensing_effect_by_donor_passage.csv|config/phase3_analysis.json"
"SELE","YES",0.0120478390946361,2.51207677564201,5.01755586665826,0.00659768462575402,1.26206230736832,1.26206230736832,"NO","PASSAGE_DEPENDENT","donor/passage rules frozen before outcomes; no cell-level P value","results/03_phase3/licensing/licensing_effect_by_donor_passage.csv|config/phase3_analysis.json"
"SELL","YES",0.0342532849942784,0.883853756274331,1.62166717824178,0.146040334306879,0.459053520634304,0.459053520634304,"NO","PASSAGE_DEPENDENT","donor/passage rules frozen before outcomes; no cell-level P value","results/03_phase3/licensing/licensing_effect_by_donor_passage.csv|config/phase3_analysis.json"
"SELP","YES",0.00603649583691562,-5.08497201054081e-05,0,-0.000101699440210816,0.0029928230584051,0.00304367277851051,"NO","NO_CLEAR_LICENSING_EFFECT","donor/passage rules frozen before outcomes; no cell-level P value","results/03_phase3/licensing/licensing_effect_by_donor_passage.csv|config/phase3_analysis.json"
"SELPLG","YES",1.66755256041517,1.39093279799004,1.50255767976303,1.27930791621704,1.5292426792026,1.5292426792026,"YES","LICENSING_CONSISTENT_UP","donor/passage rules frozen before outcomes; no cell-level P value","results/03_phase3/licensing/licensing_effect_by_donor_passage.csv|config/phase3_analysis.json"
"SEMA3A","YES",0.283457903429366,-0.890564159948829,-2.17586294681122,0.394734626913561,-0.303553128259731,0.587011031689098,"YES","PASSAGE_DEPENDENT","donor/passage rules frozen before outcomes; no cell-level P value","results/03_phase3/licensing/licensing_effect_by_donor_passage.csv|config/phase3_analysis.json"
"SEMA3B","YES",-0.0617089572775148,0.0881720464257906,0.203308982212077,-0.0269648893604956,0.0132315445741379,0.0749405018516527,"NO","NO_CLEAR_LICENSING_EFFECT","donor/passage rules frozen before outcomes; no cell-level P value","results/03_phase3/licensing/licensing_effect_by_donor_passage.csv|config/phase3_analysis.json"
"SEMA3C","YES",0.701890995023669,1.43306151352887,0.658109737401422,2.20801328965633,1.06747625427627,1.06747625427627,"YES","PASSAGE_DEPENDENT","donor/passage rules frozen before outcomes; no cell-level P value","results/03_phase3/licensing/licensing_effect_by_donor_passage.csv|config/phase3_analysis.json"
"SEMA3D","YES",-0.0443741897318734,1.12993749729272,1.41024218843202,0.849632806153422,0.542781653780423,0.587155843512297,"YES","DONOR_DEPENDENT","donor/passage rules frozen before outcomes; no cell-level P value","results/03_phase3/licensing/licensing_effect_by_donor_passage.csv|config/phase3_analysis.json"
"SEMA3E","YES",-0.31335374352279,-0.880945646862422,-1.26573448231681,-0.496156811408028,-0.597149695192606,0.597149695192606,"NO","NO_CLEAR_LICENSING_EFFECT","donor/passage rules frozen before outcomes; no cell-level P value","results/03_phase3/licensing/licensing_effect_by_donor_passage.csv|config/phase3_analysis.json"
"SEMA3F","YES",0.00603649583691562,0.0100929129908547,0.00675580300018761,0.0134300229815219,0.00806470441388518,0.00806470441388518,"NO","NO_CLEAR_LICENSING_EFFECT","donor/passage rules frozen before outcomes; no cell-level P value","results/03_phase3/licensing/licensing_effect_by_donor_passage.csv|config/phase3_analysis.json"
"SEMA3G","YES",0,0.0033653194577785,0,0.00673063891555701,0.00168265972888925,0.00168265972888925,"NO","NO_CLEAR_LICENSING_EFFECT","donor/passage rules frozen before outcomes; no cell-level P value","results/03_phase3/licensing/licensing_effect_by_donor_passage.csv|config/phase3_analysis.json"
"SEMA4A","YES",-0.125839883205203,0.930489353435712,1.76275489064759,0.0982238162238294,0.402324735115254,0.528164618320457,"NO","PASSAGE_DEPENDENT","donor/passage rules frozen before outcomes; no cell-level P value","results/03_phase3/licensing/licensing_effect_by_donor_passage.csv|config/phase3_analysis.json"
"SEMA4B","YES",-0.148039011992881,0.4002524965273,1.28386585188531,-0.483360858830706,0.12610674226721,0.27414575426009,"YES","PASSAGE_DEPENDENT","donor/passage rules frozen before outcomes; no cell-level P value","results/03_phase3/licensing/licensing_effect_by_donor_passage.csv|config/phase3_analysis.json"
"SEMA4C","YES",-0.393428145937189,0.647060046821549,-0.0834258789305094,1.37754597257361,0.12681595044218,0.520244096379369,"NO","PASSAGE_DEPENDENT","donor/passage rules frozen before outcomes; no cell-level P value","results/03_phase3/licensing/licensing_effect_by_donor_passage.csv|config/phase3_analysis.json"
"SEMA4D","YES",1.19641343511302,1.65882383751465,3.29486213873714,0.0227855362921646,1.42761863631384,1.42761863631384,"YES","PASSAGE_DEPENDENT","donor/passage rules frozen before outcomes; no cell-level P value","results/03_phase3/licensing/licensing_effect_by_donor_passage.csv|config/phase3_analysis.json"
"SEMA4F","YES",0.123761769941908,-0.161833208137168,-1.27959441708574,0.955928000811407,-0.0190357190976301,0.142797489039538,"YES","PASSAGE_DEPENDENT","donor/passage rules frozen before outcomes; no cell-level P value","results/03_phase3/licensing/licensing_effect_by_donor_passage.csv|config/phase3_analysis.json"
"SEMA4G","YES",-0.799355870699339,0.51067030673938,-1.01601962627065,2.03736023974941,-0.144342781979979,0.655013088719359,"NO","PASSAGE_DEPENDENT","donor/passage rules frozen before outcomes; no cell-level P value","results/03_phase3/licensing/licensing_effect_by_donor_passage.csv|config/phase3_analysis.json"
"SEMA5A","YES",0.0475556676763716,-0.565128212746952,-0.827927204447203,-0.302329221046702,-0.25878627253529,0.306341940211662,"YES","DONOR_DEPENDENT","donor/passage rules frozen before outcomes; no cell-level P value","results/03_phase3/licensing/licensing_effect_by_donor_passage.csv|config/phase3_analysis.json"
"SEMA5B","YES",0,-0.013384789790498,-0.0131371071137551,-0.0136324724672408,-0.00669239489524898,0.00669239489524898,"NO","NO_CLEAR_LICENSING_EFFECT","donor/passage rules frozen before outcomes; no cell-level P value","results/03_phase3/licensing/licensing_effect_by_donor_passage.csv|config/phase3_analysis.json"
"SEMA6A","YES",-1.47865915125516,-0.603150524168977,-0.912143841845533,-0.294157206492421,-1.04090483771207,1.04090483771207,"NO","LICENSING_CONSISTENT_DOWN","donor/passage rules frozen before outcomes; no cell-level P value","results/03_phase3/licensing/licensing_effect_by_donor_passage.csv|config/phase3_analysis.json"
"SEMA6B","YES",0,-0.00338159676408356,-0.00666149408795631,-0.000101699440210816,-0.00169079838204178,0.00169079838204178,"NO","NO_CLEAR_LICENSING_EFFECT","donor/passage rules frozen before outcomes; no cell-level P value","results/03_phase3/licensing/licensing_effect_by_donor_passage.csv|config/phase3_analysis.json"
"SEMA6C","YES",0.361903445672297,-0.390248867788725,-0.169871083377367,-0.610626652200082,-0.014172711058214,0.376076156730511,"NO","NO_CLEAR_LICENSING_EFFECT","donor/passage rules frozen before outcomes; no cell-level P value","results/03_phase3/licensing/licensing_effect_by_donor_passage.csv|config/phase3_analysis.json"
"SEMA6D","YES",-0.684841401516081,-2.37773617001505,-3.15529765222916,-1.60017468780095,-1.53128878576557,1.53128878576557,"NO","PASSAGE_DEPENDENT","donor/passage rules frozen before outcomes; no cell-level P value","results/03_phase3/licensing/licensing_effect_by_donor_passage.csv|config/phase3_analysis.json"
"SEMA7A","YES",1.83779866142603,-0.608724408715727,-0.899131199790067,-0.318317617641386,0.614537126355151,1.22326153507088,"NO","DONOR_DEPENDENT","donor/passage rules frozen before outcomes; no cell-level P value","results/03_phase3/licensing/licensing_effect_by_donor_passage.csv|config/phase3_analysis.json"
"SERPINA1","YES",0.0280693357996126,0.32874266969967,0.657485339399339,0,0.178406002749641,0.178406002749641,"NO","NO_CLEAR_LICENSING_EFFECT","donor/passage rules frozen before outcomes; no cell-level P value","results/03_phase3/licensing/licensing_effect_by_donor_passage.csv|config/phase3_analysis.json"
"SERPINA5","YES",0,-0.00664618536973165,-0.0132923707394633,0,-0.00332309268486583,0.00332309268486583,"NO","NO_CLEAR_LICENSING_EFFECT","donor/passage rules frozen before outcomes; no cell-level P value","results/03_phase3/licensing/licensing_effect_by_donor_passage.csv|config/phase3_analysis.json"
"SERPINC1","YES",-0.18331658055543,0.0266854360114424,0.0334670320697991,0.0199038399530856,-0.0783155722719936,0.105001008283436,"NO","NO_CLEAR_LICENSING_EFFECT","donor/passage rules frozen before outcomes; no cell-level P value","results/03_phase3/licensing/licensing_effect_by_donor_passage.csv|config/phase3_analysis.json"
"SERPINE1","YES",1.11224247292975,1.28449383788944,1.19507332603446,1.37391434974443,1.1983681554096,1.1983681554096,"YES","LICENSING_CONSISTENT_UP","donor/passage rules frozen before outcomes; no cell-level P value","results/03_phase3/licensing/licensing_effect_by_donor_passage.csv|config/phase3_analysis.json"
"SERPINE2","YES",-1.2831807165939,-0.0424274167722036,-1.07064988423865,0.985795050694247,-0.66280406668305,0.66280406668305,"YES","PASSAGE_DEPENDENT","donor/passage rules frozen before outcomes; no cell-level P value","results/03_phase3/licensing/licensing_effect_by_donor_passage.csv|config/phase3_analysis.json"
"SERPINF1","YES",-0.767175513459987,-1.0350438866023,-1.72212872352178,-0.347959049682811,-0.901109700031142,0.901109700031142,"YES","PASSAGE_DEPENDENT","donor/passage rules frozen before outcomes; no cell-level P value","results/03_phase3/licensing/licensing_effect_by_donor_passage.csv|config/phase3_analysis.json"
"SERPING1","YES",5.27513879968849,5.67815994126281,5.370990369629,5.98532951289662,5.47664937047565,5.47664937047565,"YES","LICENSING_CONSISTENT_UP","donor/passage rules frozen before outcomes; no cell-level P value","results/03_phase3/licensing/licensing_effect_by_donor_passage.csv|config/phase3_analysis.json"
"SFRP1","YES",-1.84867170256663,-1.32755546453577,-0.508385952971623,-2.14672497609992,-1.5881135835512,1.5881135835512,"YES","PASSAGE_DEPENDENT","donor/passage rules frozen before outcomes; no cell-level P value","results/03_phase3/licensing/licensing_effect_by_donor_passage.csv|config/phase3_analysis.json"
"SFRP2","YES",-0.00629182616902173,0,0,0,-0.00314591308451086,0.00314591308451086,"NO","NO_CLEAR_LICENSING_EFFECT","donor/passage rules frozen before outcomes; no cell-level P value","results/03_phase3/licensing/licensing_effect_by_donor_passage.csv|config/phase3_analysis.json"
"SFTPA1","YES",0,0,0,0,0,0,"NO","NO_CLEAR_LICENSING_EFFECT","donor/passage rules frozen before outcomes; no cell-level P value","results/03_phase3/licensing/licensing_effect_by_donor_passage.csv|config/phase3_analysis.json"
"SFTPA2","YES",0,0,0,0,0,0,"NO","NO_CLEAR_LICENSING_EFFECT","donor/passage rules frozen before outcomes; no cell-level P value","results/03_phase3/licensing/licensing_effect_by_donor_passage.csv|config/phase3_analysis.json"
"SFTPD","YES",0,-0.432845521763666,0,-0.865691043527333,-0.216422760881833,0.216422760881833,"NO","NO_CLEAR_LICENSING_EFFECT","donor/passage rules frozen before outcomes; no cell-level P value","results/03_phase3/licensing/licensing_effect_by_donor_passage.csv|config/phase3_analysis.json"
"SHBG","YES",-0.669065338540298,-0.223864632227541,0,-0.447729264455082,-0.44646498538392,0.44646498538392,"NO","NO_CLEAR_LICENSING_EFFECT","donor/passage rules frozen before outcomes; no cell-level P value","results/03_phase3/licensing/licensing_effect_by_donor_passage.csv|config/phase3_analysis.json"
"SHH","YES",0,0.00671501149076093,0,0.0134300229815219,0.00335750574538046,0.00335750574538046,"NO","NO_CLEAR_LICENSING_EFFECT","donor/passage rules frozen before outcomes; no cell-level P value","results/03_phase3/licensing/licensing_effect_by_donor_passage.csv|config/phase3_analysis.json"
"SHISA4","YES",-0.880313689753924,0.553884002680295,0.0070796828603595,1.10068832250023,-0.163214843536815,0.71709884621711,"NO","PASSAGE_DEPENDENT","donor/passage rules frozen before outcomes; no cell-level P value","results/03_phase3/licensing/licensing_effect_by_donor_passage.csv|config/phase3_analysis.json"
"SI","YES",0.00603649583691562,-0.00341616917788391,0,-0.00683233835576781,0.00131016332951586,0.00472633250739976,"NO","NO_CLEAR_LICENSING_EFFECT","donor/passage rules frozen before outcomes; no cell-level P value","results/03_phase3/licensing/licensing_effect_by_donor_passage.csv|config/phase3_analysis.json"
"SIGLEC1","YES",0.00603649583691562,0.0100929129908547,0.00675580300018761,0.0134300229815219,0.00806470441388518,0.00806470441388518,"NO","NO_CLEAR_LICENSING_EFFECT","donor/passage rules frozen before outcomes; no cell-level P value","results/03_phase3/licensing/licensing_effect_by_donor_passage.csv|config/phase3_analysis.json"
"SIGLEC12","YES",0.0120478390946361,0,0,0,0.00602391954731805,0.00602391954731805,"NO","NO_CLEAR_LICENSING_EFFECT","donor/passage rules frozen before outcomes; no cell-level P value","results/03_phase3/licensing/licensing_effect_by_donor_passage.csv|config/phase3_analysis.json"
"SIGLEC14","YES",0.1348529251037,-0.119112323117543,-0.0101404027027203,-0.228084243532366,0.00787030099307845,0.126982624110622,"NO","NO_CLEAR_LICENSING_EFFECT","donor/passage rules frozen before outcomes; no cell-level P value","results/03_phase3/licensing/licensing_effect_by_donor_passage.csv|config/phase3_analysis.json"
"SIGLEC15","YES",-0.220833468508997,-0.212506287586497,-0.0903440496942359,-0.334668525478758,-0.216669878047747,0.216669878047747,"NO","NO_CLEAR_LICENSING_EFFECT","donor/passage rules frozen before outcomes; no cell-level P value","results/03_phase3/licensing/licensing_effect_by_donor_passage.csv|config/phase3_analysis.json"
"SIGLEC5","YES",0,0,0,0,0,0,"NO","NO_CLEAR_LICENSING_EFFECT","donor/passage rules frozen before outcomes; no cell-level P value","results/03_phase3/licensing/licensing_effect_by_donor_passage.csv|config/phase3_analysis.json"
"SIGLEC6","YES",0,-0.00341616917788391,0,-0.00683233835576781,-0.00170808458894195,0.00170808458894195,"NO","NO_CLEAR_LICENSING_EFFECT","donor/passage rules frozen before outcomes; no cell-level P value","results/03_phase3/licensing/licensing_effect_by_donor_passage.csv|config/phase3_analysis.json"
"SIGLEC7","YES",-0.00629182616902173,0,0,0,-0.00314591308451086,0.00314591308451086,"NO","NO_CLEAR_LICENSING_EFFECT","donor/passage rules frozen before outcomes; no cell-level P value","results/03_phase3/licensing/licensing_effect_by_donor_passage.csv|config/phase3_analysis.json"
"SIGLEC8","YES",0.0450000134465243,-0.174316414305873,-0.123157410748762,-0.225475417862983,-0.0646582004296742,0.109658213876198,"NO","NO_CLEAR_LICENSING_EFFECT","donor/passage rules frozen before outcomes; no cell-level P value","results/03_phase3/licensing/licensing_effect_by_donor_passage.csv|config/phase3_analysis.json"
"SIGLEC9","YES",0.0173766961190645,0.00330495409459701,0.0135117417408777,-0.0069018335516837,0.0103408251068308,0.0103408251068308,"NO","NO_CLEAR_LICENSING_EFFECT","donor/passage rules frozen before outcomes; no cell-level P value","results/03_phase3/licensing/licensing_effect_by_donor_passage.csv|config/phase3_analysis.json"
"SIRPA","YES",-0.808665079177038,-0.201910586957792,-0.0556159914530889,-0.348205182462496,-0.505287833067415,0.505287833067415,"YES","NO_CLEAR_LICENSING_EFFECT","donor/passage rules frozen before outcomes; no cell-level P value","results/03_phase3/licensing/licensing_effect_by_donor_passage.csv|config/phase3_analysis.json"
"SIRPB2","YES",-0.0351381528452119,-0.00667095439256638,0.0982220324649746,-0.111563941250107,-0.0209045536188892,0.0209045536188892,"NO","NO_CLEAR_LICENSING_EFFECT","donor/passage rules frozen before outcomes; no cell-level P value","results/03_phase3/licensing/licensing_effect_by_donor_passage.csv|config/phase3_analysis.json"
"SIRPG","YES",0,-0.00341616917788391,0,-0.00683233835576781,-0.00170808458894195,0.00170808458894195,"NO","NO_CLEAR_LICENSING_EFFECT","donor/passage rules frozen before outcomes; no cell-level P value","results/03_phase3/licensing/licensing_effect_by_donor_passage.csv|config/phase3_analysis.json"
"SLAMF6","YES",0.117910222281795,0.0328210926095616,-0.00316549196508813,0.0688076771842112,0.0753656574456781,0.0753656574456781,"NO","NO_CLEAR_LICENSING_EFFECT","donor/passage rules frozen before outcomes; no cell-level P value","results/03_phase3/licensing/licensing_effect_by_donor_passage.csv|config/phase3_analysis.json"
"SLAMF7","YES",-0.0799616783184698,-0.412241060833396,-0.283625140987178,-0.540856980679614,-0.246101369575933,0.246101369575933,"NO","NO_CLEAR_LICENSING_EFFECT","donor/passage rules frozen before outcomes; no cell-level P value","results/03_phase3/licensing/licensing_effect_by_donor_passage.csv|config/phase3_analysis.json"
"SLC6A8","YES",-2.51474206826619,-1.94586385529494,-0.889975509123633,-3.00175220146625,-2.23030296178057,2.23030296178057,"NO","PASSAGE_DEPENDENT","donor/passage rules frozen before outcomes; no cell-level P value","results/03_phase3/licensing/licensing_effect_by_donor_passage.csv|config/phase3_analysis.json"
"SLIT1","YES",0.12174732884951,0.0163459570552586,-0.00666149408795631,0.0393534081984735,0.0690466429523842,0.0690466429523842,"NO","NO_CLEAR_LICENSING_EFFECT","donor/passage rules frozen before outcomes; no cell-level P value","results/03_phase3/licensing/licensing_effect_by_donor_passage.csv|config/phase3_analysis.json"
"SLIT2","YES",1.59285332229328,0.718355214169813,1.12687470260334,0.309835725736282,1.15560426823155,1.15560426823155,"YES","LICENSING_CONSISTENT_UP","donor/passage rules frozen before outcomes; no cell-level P value","results/03_phase3/licensing/licensing_effect_by_donor_passage.csv|config/phase3_analysis.json"
"SLIT3","YES",-0.728223704785747,-0.361288793059968,-2.20135231054627,1.47877472442633,-0.544756248922857,0.544756248922857,"NO","PASSAGE_DEPENDENT","donor/passage rules frozen before outcomes; no cell-level P value","results/03_phase3/licensing/licensing_effect_by_donor_passage.csv|config/phase3_analysis.json"
"SLITRK1","YES",0.00603649583691562,-0.365766716369893,-0.724701094384019,-0.00683233835576781,-0.179865110266489,0.185901606103404,"NO","NO_CLEAR_LICENSING_EFFECT","donor/passage rules frozen before outcomes; no cell-level P value","results/03_phase3/licensing/licensing_effect_by_donor_passage.csv|config/phase3_analysis.json"
"SLITRK2","YES",0,-0.0335329940440916,-0.0132923707394633,-0.0537736173487198,-0.0167664970220458,0.0167664970220458,"NO","NO_CLEAR_LICENSING_EFFECT","donor/passage rules frozen before outcomes; no cell-level P value","results/03_phase3/licensing/licensing_effect_by_donor_passage.csv|config/phase3_analysis.json"
"SLITRK3","YES",0,-0.0101219385728275,-0.00653656773927568,-0.0137073094063794,-0.00506096928641377,0.00506096928641377,"NO","NO_CLEAR_LICENSING_EFFECT","donor/passage rules frozen before outcomes; no cell-level P value","results/03_phase3/licensing/licensing_effect_by_donor_passage.csv|config/phase3_analysis.json"
"SLITRK4","YES",0.00294483416768865,-1.8957408237908,-1.94840625758463,-1.84307538999697,-0.946397994811555,0.949342828979244,"NO","DONOR_DEPENDENT","donor/passage rules frozen before outcomes; no cell-level P value","results/03_phase3/licensing/licensing_effect_by_donor_passage.csv|config/phase3_analysis.json"
"SLITRK5","YES",-1.72507257224234,-1.31389449060402,-1.88005427321938,-0.747734707988655,-1.51948353142318,1.51948353142318,"NO","PASSAGE_DEPENDENT","donor/passage rules frozen before outcomes; no cell-level P value","results/03_phase3/licensing/licensing_effect_by_donor_passage.csv|config/phase3_analysis.json"
"SLITRK6","YES",0,0.0033653194577785,0,0.00673063891555701,0.00168265972888925,0.00168265972888925,"NO","NO_CLEAR_LICENSING_EFFECT","donor/passage rules frozen before outcomes; no cell-level P value","results/03_phase3/licensing/licensing_effect_by_donor_passage.csv|config/phase3_analysis.json"
"SLPI","YES",0,0,0,0,0,0,"NO","NO_CLEAR_LICENSING_EFFECT","donor/passage rules frozen before outcomes; no cell-level P value","results/03_phase3/licensing/licensing_effect_by_donor_passage.csv|config/phase3_analysis.json"
"SLURP1","YES",0,0,0,0,0,0,"NO","NO_CLEAR_LICENSING_EFFECT","donor/passage rules frozen before outcomes; no cell-level P value","results/03_phase3/licensing/licensing_effect_by_donor_passage.csv|config/phase3_analysis.json"
"SLURP2","NO",,,,,,,"NO","NO_CLEAR_LICENSING_EFFECT","donor/passage rules frozen before outcomes; no cell-level P value","results/03_phase3/licensing/licensing_effect_by_donor_passage.csv|config/phase3_analysis.json"
"SNX14","YES",-0.451185505469796,-0.232567816711371,-0.233834125759258,-0.231301507663484,-0.341876661090583,0.341876661090583,"YES","NO_CLEAR_LICENSING_EFFECT","donor/passage rules frozen before outcomes; no cell-level P value","results/03_phase3/licensing/licensing_effect_by_donor_passage.csv|config/phase3_analysis.json"
"SORL1","YES",-1.83090299511992,-0.159963173844463,-0.369014590769463,0.0490882430805371,-0.995433084482189,0.995433084482189,"YES","NO_CLEAR_LICENSING_EFFECT","donor/passage rules frozen before outcomes; no cell-level P value","results/03_phase3/licensing/licensing_effect_by_donor_passage.csv|config/phase3_analysis.json"
"SOST","YES",0,0,0,0,0,0,"NO","NO_CLEAR_LICENSING_EFFECT","donor/passage rules frozen before outcomes; no cell-level P value","results/03_phase3/licensing/licensing_effect_by_donor_passage.csv|config/phase3_analysis.json"
"SOSTDC1","YES",0,-0.0819617997468788,-0.163923599493758,0,-0.0409808998734394,0.0409808998734394,"NO","NO_CLEAR_LICENSING_EFFECT","donor/passage rules frozen before outcomes; no cell-level P value","results/03_phase3/licensing/licensing_effect_by_donor_passage.csv|config/phase3_analysis.json"
"SPAG11B","YES",0,0,0,0,0,0,"NO","NO_CLEAR_LICENSING_EFFECT","donor/passage rules frozen before outcomes; no cell-level P value","results/03_phase3/licensing/licensing_effect_by_donor_passage.csv|config/phase3_analysis.json"
"SPARC","YES",-0.979171750573881,0.0198123060334408,-0.137664816814202,0.177289428881083,-0.47967972227022,0.499492028303661,"YES","DONOR_DEPENDENT","donor/passage rules frozen before outcomes; no cell-level P value","results/03_phase3/licensing/licensing_effect_by_donor_passage.csv|config/phase3_analysis.json"
"SPINK1","YES",0,-0.0374962102420763,-0.0680217389653833,-0.00697068151876927,-0.0187481051210382,0.0187481051210382,"NO","NO_CLEAR_LICENSING_EFFECT","donor/passage rules frozen before outcomes; no cell-level P value","results/03_phase3/licensing/licensing_effect_by_donor_passage.csv|config/phase3_analysis.json"
"SPINT1","YES",0.00603649583691562,0.00328914200059496,0.0134801175528736,-0.0069018335516837,0.00466281891875529,0.00466281891875529,"NO","NO_CLEAR_LICENSING_EFFECT","donor/passage rules frozen before outcomes; no cell-level P value","results/03_phase3/licensing/licensing_effect_by_donor_passage.csv|config/phase3_analysis.json"
"SPN","YES",0.0664525448170257,-0.0810909952050017,-0.0172148200728114,-0.144967170337192,-0.007319225193988,0.0737717700110137,"YES","NO_CLEAR_LICENSING_EFFECT","donor/passage rules frozen before outcomes; no cell-level P value","results/03_phase3/licensing/licensing_effect_by_donor_passage.csv|config/phase3_analysis.json"
"SPON1","YES",1.51680378296655,-0.290989026857563,-0.207479824734633,-0.374498228980493,0.612907378054494,0.903896404912057,"YES","DONOR_DEPENDENT","donor/passage rules frozen before outcomes; no cell-level P value","results/03_phase3/licensing/licensing_effect_by_donor_passage.csv|config/phase3_analysis.json"
"SPON2","YES",-1.20635976254767,-0.559124630737283,-0.956553108748242,-0.161696152726324,-0.882742196642476,0.882742196642476,"YES","LICENSING_CONSISTENT_DOWN","donor/passage rules frozen before outcomes; no cell-level P value","results/03_phase3/licensing/licensing_effect_by_donor_passage.csv|config/phase3_analysis.json"
"SPP1","YES",-0.174380724257901,1.26786879824742,1.90687229140383,0.628865305091012,0.54674403699476,0.721124761252661,"YES","PASSAGE_DEPENDENT","donor/passage rules frozen before outcomes; no cell-level P value","results/03_phase3/licensing/licensing_effect_by_donor_passage.csv|config/phase3_analysis.json"
"SPX","YES",0.53470431449684,0.718747136559568,0.292702761432656,1.14479151168648,0.626725725528204,0.626725725528204,"NO","LICENSING_CONSISTENT_UP","donor/passage rules frozen before outcomes; no cell-level P value","results/03_phase3/licensing/licensing_effect_by_donor_passage.csv|config/phase3_analysis.json"
"SST","YES",0,0,0,0,0,0,"NO","NO_CLEAR_LICENSING_EFFECT","donor/passage rules frozen before outcomes; no cell-level P value","results/03_phase3/licensing/licensing_effect_by_donor_passage.csv|config/phase3_analysis.json"
"ST14","YES",-0.000255330332106226,0.00674005877643681,0.0134801175528736,0,0.00324236422216529,0.00349769455427152,"NO","NO_CLEAR_LICENSING_EFFECT","donor/passage rules frozen before outcomes; no cell-level P value","results/03_phase3/licensing/licensing_effect_by_donor_passage.csv|config/phase3_analysis.json"
"ST6GAL1","YES",2.40417347283799,0.738861737992163,-0.149563654395488,1.62728713037981,1.57151760541508,1.57151760541508,"YES","PASSAGE_DEPENDENT","donor/passage rules frozen before outcomes; no cell-level P value","results/03_phase3/licensing/licensing_effect_by_donor_passage.csv|config/phase3_analysis.json"
"STX1A","YES",0.89801206353093,-1.56346821150269,-1.59812886254352,-1.52880756046185,-0.332728073985879,1.23074013751681,"NO","DONOR_DEPENDENT","donor/passage rules frozen before outcomes; no cell-level P value","results/03_phase3/licensing/licensing_effect_by_donor_passage.csv|config/phase3_analysis.json"
"SYT1","YES",0.195917443671994,-1.36922866226057,-1.94355199327299,-0.79490533124815,-0.586655609294287,0.782573052966281,"YES","PASSAGE_DEPENDENT","donor/passage rules frozen before outcomes; no cell-level P value","results/03_phase3/licensing/licensing_effect_by_donor_passage.csv|config/phase3_analysis.json"
"TAC1","YES",0,0,0,0,0,0,"NO","NO_CLEAR_LICENSING_EFFECT","donor/passage rules frozen before outcomes; no cell-level P value","results/03_phase3/licensing/licensing_effect_by_donor_passage.csv|config/phase3_analysis.json"
"TAC3","YES",0,0.824383400270977,1.64876680054195,0,0.412191700135488,0.412191700135488,"NO","PASSAGE_DEPENDENT","donor/passage rules frozen before outcomes; no cell-level P value","results/03_phase3/licensing/licensing_effect_by_donor_passage.csv|config/phase3_analysis.json"
"TAC4","YES",-0.0251517765535686,0.032880679556185,0.0657613591123699,0,0.00386445150130816,0.0290162280548768,"NO","NO_CLEAR_LICENSING_EFFECT","donor/passage rules frozen before outcomes; no cell-level P value","results/03_phase3/licensing/licensing_effect_by_donor_passage.csv|config/phase3_analysis.json"
"TAFA4","NO",,,,,,,"NO","NO_CLEAR_LICENSING_EFFECT","donor/passage rules frozen before outcomes; no cell-level P value","results/03_phase3/licensing/licensing_effect_by_donor_passage.csv|config/phase3_analysis.json"
"TARM1","YES",0,-0.00341616917788391,0,-0.00683233835576781,-0.00170808458894195,0.00170808458894195,"NO","NO_CLEAR_LICENSING_EFFECT","donor/passage rules frozen before outcomes; no cell-level P value","results/03_phase3/licensing/licensing_effect_by_donor_passage.csv|config/phase3_analysis.json"
"TCN1","YES",0,-0.00333074704397815,-0.00666149408795631,0,-0.00166537352198908,0.00166537352198908,"NO","NO_CLEAR_LICENSING_EFFECT","donor/passage rules frozen before outcomes; no cell-level P value","results/03_phase3/licensing/licensing_effect_by_donor_passage.csv|config/phase3_analysis.json"
"TCN2","YES",0.031789182441177,0.321033835450095,0.463487601773925,0.178580069126265,0.176411508945636,0.176411508945636,"NO","NO_CLEAR_LICENSING_EFFECT","donor/passage rules frozen before outcomes; no cell-level P value","results/03_phase3/licensing/licensing_effect_by_donor_passage.csv|config/phase3_analysis.json"
"TCTN1","YES",-1.22234586334584,-0.591608420817008,-1.00983329571054,-0.173383545923477,-0.906977142081423,0.906977142081423,"YES","LICENSING_CONSISTENT_DOWN","donor/passage rules frozen before outcomes; no cell-level P value","results/03_phase3/licensing/licensing_effect_by_donor_passage.csv|config/phase3_analysis.json"
"TCTN3","YES",-0.860033943112206,-0.477489644371004,-0.629754730681558,-0.325224558060449,-0.668761793741605,0.668761793741605,"YES","NO_CLEAR_LICENSING_EFFECT","donor/passage rules frozen before outcomes; no cell-level P value","results/03_phase3/licensing/licensing_effect_by_donor_passage.csv|config/phase3_analysis.json"
"TDGF1","YES",0.00213628131653904,-0.04303015747543,-0.221519061792346,0.135458746841486,-0.0204469380794455,0.0225832193959845,"NO","NO_CLEAR_LICENSING_EFFECT","donor/passage rules frozen before outcomes; no cell-level P value","results/03_phase3/licensing/licensing_effect_by_donor_passage.csv|config/phase3_analysis.json"
"TDGF1P3","YES",0.0786165336872283,-0.202461313979926,-0.207872807718823,-0.197049820241029,-0.0619223901463487,0.140538923833577,"NO","NO_CLEAR_LICENSING_EFFECT","donor/passage rules frozen before outcomes; no cell-level P value","results/03_phase3/licensing/licensing_effect_by_donor_passage.csv|config/phase3_analysis.json"
"TECTB","YES",0,0,0,0,0,0,"NO","NO_CLEAR_LICENSING_EFFECT","donor/passage rules frozen before outcomes; no cell-level P value","results/03_phase3/licensing/licensing_effect_by_donor_passage.csv|config/phase3_analysis.json"
"TEX101","YES",0.110689016703146,-0.112517864854116,-0.133278073973788,-0.0917576557344433,-0.000914424075485157,0.111603440778631,"NO","NO_CLEAR_LICENSING_EFFECT","donor/passage rules frozen before outcomes; no cell-level P value","results/03_phase3/licensing/licensing_effect_by_donor_passage.csv|config/phase3_analysis.json"
"TF","YES",0.00603649583691562,0.023162193288879,-0.00666149408795631,0.0529858806657142,0.0145993445628973,0.0145993445628973,"NO","NO_CLEAR_LICENSING_EFFECT","donor/passage rules frozen before outcomes; no cell-level P value","results/03_phase3/licensing/licensing_effect_by_donor_passage.csv|config/phase3_analysis.json"
"TFF1","YES",0,0,0,0,0,0,"NO","NO_CLEAR_LICENSING_EFFECT","donor/passage rules frozen before outcomes; no cell-level P value","results/03_phase3/licensing/licensing_effect_by_donor_passage.csv|config/phase3_analysis.json"
"TFF2","YES",0,0,0,0,0,0,"NO","NO_CLEAR_LICENSING_EFFECT","donor/passage rules frozen before outcomes; no cell-level P value","results/03_phase3/licensing/licensing_effect_by_donor_passage.csv|config/phase3_analysis.json"
"TFPI","YES",-1.20657914799207,-0.102615639638636,-0.76940775071273,0.564176471435458,-0.654597393815354,0.654597393815354,"YES","PASSAGE_DEPENDENT","donor/passage rules frozen before outcomes; no cell-level P value","results/03_phase3/licensing/licensing_effect_by_donor_passage.csv|config/phase3_analysis.json"
"TG","YES",-0.0250043231958186,0.236692958980194,0.459955894978866,0.0134300229815219,0.105844317892188,0.130848641088006,"NO","NO_CLEAR_LICENSING_EFFECT","donor/passage rules frozen before outcomes; no cell-level P value","results/03_phase3/licensing/licensing_effect_by_donor_passage.csv|config/phase3_analysis.json"
"TGFA","YES",1.50198294325517,0.52021001193268,0,1.04042002386536,1.01109647759393,1.01109647759393,"NO","PASSAGE_DEPENDENT","donor/passage rules frozen before outcomes; no cell-level P value","results/03_phase3/licensing/licensing_effect_by_donor_passage.csv|config/phase3_analysis.json"
"TGFB1","YES",0.413920413836946,0.387880666936946,0.875167522068925,-0.0994061881950335,0.400900540386946,0.400900540386946,"NO","PASSAGE_DEPENDENT","donor/passage rules frozen before outcomes; no cell-level P value","results/03_phase3/licensing/licensing_effect_by_donor_passage.csv|config/phase3_analysis.json"
"TGFB2","YES",-0.4545428274525,0.108990054849841,0.00678319977920096,0.211196909920481,-0.172776386301329,0.28176644115117,"YES","NO_CLEAR_LICENSING_EFFECT","donor/passage rules frozen before outcomes; no cell-level P value","results/03_phase3/licensing/licensing_effect_by_donor_passage.csv|config/phase3_analysis.json"
"TGFB3","YES",-1.61286784131648,-0.480435796936837,-0.317511800142635,-0.64335979373104,-1.04665181912666,1.04665181912666,"NO","NO_CLEAR_LICENSING_EFFECT","donor/passage rules frozen before outcomes; no cell-level P value","results/03_phase3/licensing/licensing_effect_by_donor_passage.csv|config/phase3_analysis.json"
"TGFBI","YES",-0.0849861341782767,0.440916909923888,-0.826169471202977,1.70800329105075,0.177965387872806,0.262951522051082,"YES","PASSAGE_DEPENDENT","donor/passage rules frozen before outcomes; no cell-level P value","results/03_phase3/licensing/licensing_effect_by_donor_passage.csv|config/phase3_analysis.json"
"TGM2","YES",1.09633992132117,0.121711511146011,-0.181874947986605,0.425297970278627,0.609025716233589,0.609025716233589,"YES","NO_CLEAR_LICENSING_EFFECT","donor/passage rules frozen before outcomes; no cell-level P value","results/03_phase3/licensing/licensing_effect_by_donor_passage.csv|config/phase3_analysis.json"
"TGOLN2","YES",-0.43308828880504,-0.0239390839727385,-0.434331166951335,0.386452999005857,-0.228513686388889,0.228513686388889,"YES","NO_CLEAR_LICENSING_EFFECT","donor/passage rules frozen before outcomes; no cell-level P value","results/03_phase3/licensing/licensing_effect_by_donor_passage.csv|config/phase3_analysis.json"
"THBS1","YES",-0.533080828418075,-0.511475324098755,-0.267191853146892,-0.755758795050619,-0.522278076258415,0.522278076258415,"YES","LICENSING_CONSISTENT_DOWN","donor/passage rules frozen before outcomes; no cell-level P value","results/03_phase3/licensing/licensing_effect_by_donor_passage.csv|config/phase3_analysis.json"
"THBS2","YES",-3.84285556673256,-1.39870350367266,-1.08206222033636,-1.71534478700896,-2.62077953520261,2.62077953520261,"YES","LICENSING_CONSISTENT_DOWN","donor/passage rules frozen before outcomes; no cell-level P value","results/03_phase3/licensing/licensing_effect_by_donor_passage.csv|config/phase3_analysis.json"
"THBS4","YES",-0.487592381742794,-0.121417161376855,-0.0514642346193845,-0.191370088134326,-0.304504771559825,0.304504771559825,"NO","NO_CLEAR_LICENSING_EFFECT","donor/passage rules frozen before outcomes; no cell-level P value","results/03_phase3/licensing/licensing_effect_by_donor_passage.csv|config/phase3_analysis.json"
"THPO","YES",0,0,0,0,0,0,"NO","NO_CLEAR_LICENSING_EFFECT","donor/passage rules frozen before outcomes; no cell-level P value","results/03_phase3/licensing/licensing_effect_by_donor_passage.csv|config/phase3_analysis.json"
"THY1","YES",-0.570071494177144,-0.282615448473555,-0.930535318741293,0.365304421794183,-0.426343471325349,0.426343471325349,"YES","PASSAGE_DEPENDENT","donor/passage rules frozen before outcomes; no cell-level P value","results/03_phase3/licensing/licensing_effect_by_donor_passage.csv|config/phase3_analysis.json"
"TIGIT","YES",0.0120478390946361,0.204932938472359,0.409865876944717,0,0.108490388783497,0.108490388783497,"NO","NO_CLEAR_LICENSING_EFFECT","donor/passage rules frozen before outcomes; no cell-level P value","results/03_phase3/licensing/licensing_effect_by_donor_passage.csv|config/phase3_analysis.json"
"TIMD4","YES",0,-0.00333074704397815,-0.00666149408795631,0,-0.00166537352198908,0.00166537352198908,"NO","NO_CLEAR_LICENSING_EFFECT","donor/passage rules frozen before outcomes; no cell-level P value","results/03_phase3/licensing/licensing_effect_by_donor_passage.csv|config/phase3_analysis.json"
"TIMP1","YES",0.118075087148394,0.192403871294033,-0.27276907463464,0.657576817222707,0.155239479221213,0.155239479221213,"YES","PASSAGE_DEPENDENT","donor/passage rules frozen before outcomes; no cell-level P value","results/03_phase3/licensing/licensing_effect_by_donor_passage.csv|config/phase3_analysis.json"
"TIMP2","YES",-1.06030319285313,-0.421084222304186,-0.58864044948418,-0.253527995124192,-0.740693707578656,0.740693707578656,"YES","NO_CLEAR_LICENSING_EFFECT","donor/passage rules frozen before outcomes; no cell-level P value","results/03_phase3/licensing/licensing_effect_by_donor_passage.csv|config/phase3_analysis.json"
"TIMP3","YES",-1.71733099453928,-1.06719012341565,-1.37824576043687,-0.756134486394422,-1.39226055897746,1.39226055897746,"YES","LICENSING_CONSISTENT_DOWN","donor/passage rules frozen before outcomes; no cell-level P value","results/03_phase3/licensing/licensing_effect_by_donor_passage.csv|config/phase3_analysis.json"
"TMEM190","YES",-0.330983322935024,-0.00994645505697136,-0.0198929101139427,0,-0.170464888995998,0.170464888995998,"NO","NO_CLEAR_LICENSING_EFFECT","donor/passage rules frozen before outcomes; no cell-level P value","results/03_phase3/licensing/licensing_effect_by_donor_passage.csv|config/phase3_analysis.json"
"TMPRSS6","YES",-0.0848527096110042,-0.378333524105756,-0.756667048211511,0,-0.23159311685838,0.23159311685838,"NO","NO_CLEAR_LICENSING_EFFECT","donor/passage rules frozen before outcomes; no cell-level P value","results/03_phase3/licensing/licensing_effect_by_donor_passage.csv|config/phase3_analysis.json"
"TNC","YES",2.4514153750046,2.36481094043109,2.71981504139712,2.00980683946506,2.40811315771785,2.40811315771785,"YES","LICENSING_CONSISTENT_UP","donor/passage rules frozen before outcomes; no cell-level P value","results/03_phase3/licensing/licensing_effect_by_donor_passage.csv|config/phase3_analysis.json"
"TNF","YES",0,1.26204593601057,2.10542905395884,0.418662818062303,0.631022968005285,0.631022968005285,"NO","PASSAGE_DEPENDENT","donor/passage rules frozen before outcomes; no cell-level P value","results/03_phase3/licensing/licensing_effect_by_donor_passage.csv|config/phase3_analysis.json"
"TNFRSF14","YES",2.65267695583021,3.18123161021584,2.56203190914192,3.80043131128975,2.91695428302302,2.91695428302302,"YES","PASSAGE_DEPENDENT","donor/passage rules frozen before outcomes; no cell-level P value","results/03_phase3/licensing/licensing_effect_by_donor_passage.csv|config/phase3_analysis.json"
"TNFSF10","YES",6.10978794604194,6.27770875880258,6.13916178335622,6.41625573424894,6.19374835242226,6.19374835242226,"YES","LICENSING_CONSISTENT_UP","donor/passage rules frozen before outcomes; no cell-level P value","results/03_phase3/licensing/licensing_effect_by_donor_passage.csv|config/phase3_analysis.json"
"TNFSF11","YES",-0.000255330332106226,-0.00985379277140618,-0.0197075855428124,0,-0.0050545615517562,0.0050545615517562,"NO","NO_CLEAR_LICENSING_EFFECT","donor/passage rules frozen before outcomes; no cell-level P value","results/03_phase3/licensing/licensing_effect_by_donor_passage.csv|config/phase3_analysis.json"
"TNFSF12","YES",-0.399910853640439,-0.116134264508362,-0.268605644527362,0.0363371155106385,-0.2580225590744,0.2580225590744,"NO","NO_CLEAR_LICENSING_EFFECT","donor/passage rules frozen before outcomes; no cell-level P value","results/03_phase3/licensing/licensing_effect_by_donor_passage.csv|config/phase3_analysis.json"
"TNFSF13","YES",0,0.290400595143726,0,0.580801190287452,0.145200297571863,0.145200297571863,"NO","NO_CLEAR_LICENSING_EFFECT","donor/passage rules frozen before outcomes; no cell-level P value","results/03_phase3/licensing/licensing_effect_by_donor_passage.csv|config/phase3_analysis.json"
"TNFSF13B","YES",5.14276668060019,6.63169448539032,5.37827164170675,7.88511732907388,5.88723058299525,5.88723058299525,"YES","PASSAGE_DEPENDENT","donor/passage rules frozen before outcomes; no cell-level P value","results/03_phase3/licensing/licensing_effect_by_donor_passage.csv|config/phase3_analysis.json"
"TNFSF14","YES",0.0227513617378026,-0.244277772338899,-0.230202440693456,-0.258353103984343,-0.110763205300548,0.133514567038351,"NO","NO_CLEAR_LICENSING_EFFECT","donor/passage rules frozen before outcomes; no cell-level P value","results/03_phase3/licensing/licensing_effect_by_donor_passage.csv|config/phase3_analysis.json"
"TNFSF15","YES",0.918032168409607,2.87233930309064,3.29789043706065,2.44678816912063,1.89518573575012,1.89518573575012,"YES","LICENSING_CONSISTENT_UP","donor/passage rules frozen before outcomes; no cell-level P value","results/03_phase3/licensing/licensing_effect_by_donor_passage.csv|config/phase3_analysis.json"
"TNFSF18","YES",0.0120478390946361,-0.110849536713744,0.720486073677006,-0.942185147104494,-0.0494008488095541,0.0614486879041902,"NO","PASSAGE_DEPENDENT","donor/passage rules frozen before outcomes; no cell-level P value","results/03_phase3/licensing/licensing_effect_by_donor_passage.csv|config/phase3_analysis.json"
"TNFSF4","YES",1.31810251513358,0.673353404146763,0.625110556521645,0.72159625177188,0.995727959640172,0.995727959640172,"YES","LICENSING_CONSISTENT_UP","donor/passage rules frozen before outcomes; no cell-level P value","results/03_phase3/licensing/licensing_effect_by_donor_passage.csv|config/phase3_analysis.json"
"TNFSF8","YES",-0.299662095792676,0,0,0,-0.149831047896338,0.149831047896338,"NO","NO_CLEAR_LICENSING_EFFECT","donor/passage rules frozen before outcomes; no cell-level P value","results/03_phase3/licensing/licensing_effect_by_donor_passage.csv|config/phase3_analysis.json"
"TNFSF9","YES",-0.0436823187221033,-0.0784935895783231,-0.0198929101139427,-0.137094269042704,-0.0610879541502132,0.0610879541502132,"NO","NO_CLEAR_LICENSING_EFFECT","donor/passage rules frozen before outcomes; no cell-level P value","results/03_phase3/licensing/licensing_effect_by_donor_passage.csv|config/phase3_analysis.json"
"TNN","YES",0,3.45724138003491e-05,-0.00666149408795631,0.00673063891555701,1.72862069001745e-05,1.72862069001745e-05,"NO","NO_CLEAR_LICENSING_EFFECT","donor/passage rules frozen before outcomes; no cell-level P value","results/03_phase3/licensing/licensing_effect_by_donor_passage.csv|config/phase3_analysis.json"
"TNR","YES",0,-0.0202584733823097,0,-0.0405169467646194,-0.0101292366911548,0.0101292366911548,"NO","NO_CLEAR_LICENSING_EFFECT","donor/passage rules frozen before outcomes; no cell-level P value","results/03_phase3/licensing/licensing_effect_by_donor_passage.csv|config/phase3_analysis.json"
"TNXB","YES",0.0117424123437775,0.00674005877643681,0.0134801175528736,0,0.00924123556010714,0.00924123556010714,"NO","NO_CLEAR_LICENSING_EFFECT","donor/passage rules frozen before outcomes; no cell-level P value","results/03_phase3/licensing/licensing_effect_by_donor_passage.csv|config/phase3_analysis.json"
"TPH1","YES",0.351430649305992,-0.574363942704116,-1.14872788540823,0,-0.111466646699062,0.462897296005054,"NO","PASSAGE_DEPENDENT","donor/passage rules frozen before outcomes; no cell-level P value","results/03_phase3/licensing/licensing_effect_by_donor_passage.csv|config/phase3_analysis.json"
"TPO","YES",-0.00629182616902173,0,0,0,-0.00314591308451086,0.00314591308451086,"NO","NO_CLEAR_LICENSING_EFFECT","donor/passage rules frozen before outcomes; no cell-level P value","results/03_phase3/licensing/licensing_effect_by_donor_passage.csv|config/phase3_analysis.json"
"TPSAB1","YES",0,0,0,0,0,0,"NO","NO_CLEAR_LICENSING_EFFECT","donor/passage rules frozen before outcomes; no cell-level P value","results/03_phase3/licensing/licensing_effect_by_donor_passage.csv|config/phase3_analysis.json"
"TPSB2","YES",0,-0.00341616917788391,0,-0.00683233835576781,-0.00170808458894195,0.00170808458894195,"NO","NO_CLEAR_LICENSING_EFFECT","donor/passage rules frozen before outcomes; no cell-level P value","results/03_phase3/licensing/licensing_effect_by_donor_passage.csv|config/phase3_analysis.json"
"TPSG1","YES",0,0,0,0,0,0,"NO","NO_CLEAR_LICENSING_EFFECT","donor/passage rules frozen before outcomes; no cell-level P value","results/03_phase3/licensing/licensing_effect_by_donor_passage.csv|config/phase3_analysis.json"
"TRAF2","YES",1.59194664634666,1.50709291171821,0.944497875181432,2.06968794825499,1.54951977903243,1.54951977903243,"YES","PASSAGE_DEPENDENT","donor/passage rules frozen before outcomes; no cell-level P value","results/03_phase3/licensing/licensing_effect_by_donor_passage.csv|config/phase3_analysis.json"
"TREML1","YES",0.00603649583691562,0,0,0,0.00301824791845781,0.00301824791845781,"NO","NO_CLEAR_LICENSING_EFFECT","donor/passage rules frozen before outcomes; no cell-level P value","results/03_phase3/licensing/licensing_effect_by_donor_passage.csv|config/phase3_analysis.json"
"TREML4","YES",0,0,0,0,0,0,"NO","NO_CLEAR_LICENSING_EFFECT","donor/passage rules frozen before outcomes; no cell-level P value","results/03_phase3/licensing/licensing_effect_by_donor_passage.csv|config/phase3_analysis.json"
"TRH","YES",0,-0.00341616917788391,0,-0.00683233835576781,-0.00170808458894195,0.00170808458894195,"NO","NO_CLEAR_LICENSING_EFFECT","donor/passage rules frozen before outcomes; no cell-level P value","results/03_phase3/licensing/licensing_effect_by_donor_passage.csv|config/phase3_analysis.json"
"TSHB","YES",0,0,0,0,0,0,"NO","NO_CLEAR_LICENSING_EFFECT","donor/passage rules frozen before outcomes; no cell-level P value","results/03_phase3/licensing/licensing_effect_by_donor_passage.csv|config/phase3_analysis.json"
"TSLP","YES",-0.195103789801581,-2.51141006257991,-3.3167659383019,-1.70605418685792,-1.35325692619075,1.35325692619075,"NO","PASSAGE_DEPENDENT","donor/passage rules frozen before outcomes; no cell-level P value","results/03_phase3/licensing/licensing_effect_by_donor_passage.csv|config/phase3_analysis.json"
"TSPAN3","YES",-0.708848127632793,-0.365347865897037,-0.524591370232417,-0.206104361561658,-0.537097996764915,0.537097996764915,"YES","NO_CLEAR_LICENSING_EFFECT","donor/passage rules frozen before outcomes; no cell-level P value","results/03_phase3/licensing/licensing_effect_by_donor_passage.csv|config/phase3_analysis.json"
"TSPAN33","YES",0.0592576081900968,0.962899121009423,0.901759499300792,1.02403874271805,0.51107836459976,0.51107836459976,"NO","NO_CLEAR_LICENSING_EFFECT","donor/passage rules frozen before outcomes; no cell-level P value","results/03_phase3/licensing/licensing_effect_by_donor_passage.csv|config/phase3_analysis.json"
"TSPAN5","YES",-1.28499608047399,-1.19266071481966,-1.03200870555384,-1.35331272408548,-1.23882839764683,1.23882839764683,"YES","LICENSING_CONSISTENT_DOWN","donor/passage rules frozen before outcomes; no cell-level P value","results/03_phase3/licensing/licensing_effect_by_donor_passage.csv|config/phase3_analysis.json"
"TTR","YES",-0.132451914727901,-0.665080762883803,0,-1.33016152576761,-0.398766338805852,0.398766338805852,"NO","PASSAGE_DEPENDENT","donor/passage rules frozen before outcomes; no cell-level P value","results/03_phase3/licensing/licensing_effect_by_donor_passage.csv|config/phase3_analysis.json"
"TYROBP","YES",0.0408838512763155,0,0,0,0.0204419256381577,0.0204419256381577,"NO","NO_CLEAR_LICENSING_EFFECT","donor/passage rules frozen before outcomes; no cell-level P value","results/03_phase3/licensing/licensing_effect_by_donor_passage.csv|config/phase3_analysis.json"
"UCN","YES",-0.126415418890985,0.0393279822866226,0.0719253256576883,0.00673063891555701,-0.0435437183021811,0.0828717005888037,"NO","NO_CLEAR_LICENSING_EFFECT","donor/passage rules frozen before outcomes; no cell-level P value","results/03_phase3/licensing/licensing_effect_by_donor_passage.csv|config/phase3_analysis.json"
"UCN2","YES",0.179888891633157,0.853865402278112,0.0016537680598897,1.70607703649633,0.516877146955634,0.516877146955634,"NO","PASSAGE_DEPENDENT","donor/passage rules frozen before outcomes; no cell-level P value","results/03_phase3/licensing/licensing_effect_by_donor_passage.csv|config/phase3_analysis.json"
"UCN3","YES",0,0,0,0,0,0,"NO","NO_CLEAR_LICENSING_EFFECT","donor/passage rules frozen before outcomes; no cell-level P value","results/03_phase3/licensing/licensing_effect_by_donor_passage.csv|config/phase3_analysis.json"
"ULBP2","YES",1.02724207300524,-0.152372851479448,-0.678378448424427,0.373632745465531,0.437434610762898,0.589807462242346,"YES","PASSAGE_DEPENDENT","donor/passage rules frozen before outcomes; no cell-level P value","results/03_phase3/licensing/licensing_effect_by_donor_passage.csv|config/phase3_analysis.json"
"ULBP3","YES",-0.768799576057519,0.0956446993138289,-0.362475378660502,0.55376477728816,-0.336577438371845,0.432222137685674,"NO","PASSAGE_DEPENDENT","donor/passage rules frozen before outcomes; no cell-level P value","results/03_phase3/licensing/licensing_effect_by_donor_passage.csv|config/phase3_analysis.json"
"UTS2","YES",0,-0.359944944746718,-0.109263237293353,-0.610626652200082,-0.179972472373359,0.179972472373359,"NO","NO_CLEAR_LICENSING_EFFECT","donor/passage rules frozen before outcomes; no cell-level P value","results/03_phase3/licensing/licensing_effect_by_donor_passage.csv|config/phase3_analysis.json"
"UTS2B","YES",-0.62981753719628,-1.46136276868018,-1.14689949569676,-1.7758260416636,-1.04559015293823,1.04559015293823,"YES","LICENSING_CONSISTENT_DOWN","donor/passage rules frozen before outcomes; no cell-level P value","results/03_phase3/licensing/licensing_effect_by_donor_passage.csv|config/phase3_analysis.json"
"UXS1","YES",-0.120415745046804,1.44098574608181,1.39576495598321,1.48620653618042,0.660285000517504,0.780700745564309,"YES","DONOR_DEPENDENT","donor/passage rules frozen before outcomes; no cell-level P value","results/03_phase3/licensing/licensing_effect_by_donor_passage.csv|config/phase3_analysis.json"
"VCAM1","YES",0.0403996890378844,7.40413128721268,6.04387342269743,8.76438915172793,3.72226548812528,3.72226548812528,"YES","PASSAGE_DEPENDENT","donor/passage rules frozen before outcomes; no cell-level P value","results/03_phase3/licensing/licensing_effect_by_donor_passage.csv|config/phase3_analysis.json"
"VCAN","YES",-1.73571440161759,-0.718340432707637,-1.58955558066442,0.152874715249146,-1.22702741716261,1.22702741716261,"YES","PASSAGE_DEPENDENT","donor/passage rules frozen before outcomes; no cell-level P value","results/03_phase3/licensing/licensing_effect_by_donor_passage.csv|config/phase3_analysis.json"
"VEGFA","YES",-0.391394875941497,-0.168347223495595,-0.930561517944775,0.593867070953585,-0.279871049718546,0.279871049718546,"YES","PASSAGE_DEPENDENT","donor/passage rules frozen before outcomes; no cell-level P value","results/03_phase3/licensing/licensing_effect_by_donor_passage.csv|config/phase3_analysis.json"
"VEGFB","YES",-0.259429598521753,-0.0468469452917476,-0.304455339268216,0.210761448684721,-0.15313827190675,0.15313827190675,"YES","NO_CLEAR_LICENSING_EFFECT","donor/passage rules frozen before outcomes; no cell-level P value","results/03_phase3/licensing/licensing_effect_by_donor_passage.csv|config/phase3_analysis.json"
"VEGFC","YES",2.54456910973633,1.69145376034631,2.16194517577138,1.22096234492123,2.11801143504132,2.11801143504132,"YES","LICENSING_CONSISTENT_UP","donor/passage rules frozen before outcomes; no cell-level P value","results/03_phase3/licensing/licensing_effect_by_donor_passage.csv|config/phase3_analysis.json"
"VEGFD","NO",,,,,,,"NO","NO_CLEAR_LICENSING_EFFECT","donor/passage rules frozen before outcomes; no cell-level P value","results/03_phase3/licensing/licensing_effect_by_donor_passage.csv|config/phase3_analysis.json"
"VGF","YES",0.0849887080643737,0.0133879518472891,0.0267759036945783,0,0.0491883299558314,0.0491883299558314,"NO","NO_CLEAR_LICENSING_EFFECT","donor/passage rules frozen before outcomes; no cell-level P value","results/03_phase3/licensing/licensing_effect_by_donor_passage.csv|config/phase3_analysis.json"
"VIP","YES",0,3.45724138003491e-05,-0.00666149408795631,0.00673063891555701,1.72862069001745e-05,1.72862069001745e-05,"NO","NO_CLEAR_LICENSING_EFFECT","donor/passage rules frozen before outcomes; no cell-level P value","results/03_phase3/licensing/licensing_effect_by_donor_passage.csv|config/phase3_analysis.json"
"VSIG10","YES",-0.432925421259595,-1.10083491437794,-1.01161073093972,-1.19005909781616,-0.766880167818769,0.766880167818769,"YES","NO_CLEAR_LICENSING_EFFECT","donor/passage rules frozen before outcomes; no cell-level P value","results/03_phase3/licensing/licensing_effect_by_donor_passage.csv|config/phase3_analysis.json"
"VSIG4","YES",0,0,0,0,0,0,"NO","NO_CLEAR_LICENSING_EFFECT","donor/passage rules frozen before outcomes; no cell-level P value","results/03_phase3/licensing/licensing_effect_by_donor_passage.csv|config/phase3_analysis.json"
"VSIR","NO",,,,,,,"NO","NO_CLEAR_LICENSING_EFFECT","donor/passage rules frozen before outcomes; no cell-level P value","results/03_phase3/licensing/licensing_effect_by_donor_passage.csv|config/phase3_analysis.json"
"VSTM1","YES",0.0400036629459128,0.010996580626391,-0.0574846725995034,0.0794778338522855,0.0255001217861519,0.0255001217861519,"NO","NO_CLEAR_LICENSING_EFFECT","donor/passage rules frozen before outcomes; no cell-level P value","results/03_phase3/licensing/licensing_effect_by_donor_passage.csv|config/phase3_analysis.json"
"VSTM4","YES",-0.70655602276187,0.399496793555931,0.709983964030639,0.0890096230812232,-0.15352961460297,0.553026408158901,"NO","DONOR_DEPENDENT","donor/passage rules frozen before outcomes; no cell-level P value","results/03_phase3/licensing/licensing_effect_by_donor_passage.csv|config/phase3_analysis.json"
"VTCN1","YES",-0.0250043231958186,0,0,0,-0.0125021615979093,0.0125021615979093,"NO","NO_CLEAR_LICENSING_EFFECT","donor/passage rules frozen before outcomes; no cell-level P value","results/03_phase3/licensing/licensing_effect_by_donor_passage.csv|config/phase3_analysis.json"
"VTN","YES",-2.52269771231782,-0.65071589725992,-1.03747806810854,-0.263953726411297,-1.58670680478887,1.58670680478887,"NO","LICENSING_CONSISTENT_DOWN","donor/passage rules frozen before outcomes; no cell-level P value","results/03_phase3/licensing/licensing_effect_by_donor_passage.csv|config/phase3_analysis.json"
"VWF","YES",-0.290312273910604,-0.140160361665171,-0.00666149408795631,-0.273659229242386,-0.215236317787888,0.215236317787888,"NO","NO_CLEAR_LICENSING_EFFECT","donor/passage rules frozen before outcomes; no cell-level P value","results/03_phase3/licensing/licensing_effect_by_donor_passage.csv|config/phase3_analysis.json"
"WBP1","YES",-0.0285315994977463,0.184083084546049,0.0121764770284327,0.355989692063665,0.0777757425241512,0.106307342021897,"NO","NO_CLEAR_LICENSING_EFFECT","donor/passage rules frozen before outcomes; no cell-level P value","results/03_phase3/licensing/licensing_effect_by_donor_passage.csv|config/phase3_analysis.json"
"WFIKKN2","YES",0,0,0,0,0,0,"NO","NO_CLEAR_LICENSING_EFFECT","donor/passage rules frozen before outcomes; no cell-level P value","results/03_phase3/licensing/licensing_effect_by_donor_passage.csv|config/phase3_analysis.json"
"WIF1","YES",0,0.754545673543401,1.5090913470868,0,0.377272836771701,0.377272836771701,"NO","PASSAGE_DEPENDENT","donor/passage rules frozen before outcomes; no cell-level P value","results/03_phase3/licensing/licensing_effect_by_donor_passage.csv|config/phase3_analysis.json"
"WNT1","YES",0,0,0,0,0,0,"NO","NO_CLEAR_LICENSING_EFFECT","donor/passage rules frozen before outcomes; no cell-level P value","results/03_phase3/licensing/licensing_effect_by_donor_passage.csv|config/phase3_analysis.json"
"WNT10A","YES",0,-0.00681623623362039,0,-0.0136324724672408,-0.00340811811681019,0.00340811811681019,"NO","NO_CLEAR_LICENSING_EFFECT","donor/passage rules frozen before outcomes; no cell-level P value","results/03_phase3/licensing/licensing_effect_by_donor_passage.csv|config/phase3_analysis.json"
"WNT10B","YES",0.00603649583691562,0,0,0,0.00301824791845781,0.00301824791845781,"NO","NO_CLEAR_LICENSING_EFFECT","donor/passage rules frozen before outcomes; no cell-level P value","results/03_phase3/licensing/licensing_effect_by_donor_passage.csv|config/phase3_analysis.json"
"WNT11","YES",0.00603649583691562,0,0,0,0.00301824791845781,0.00301824791845781,"NO","NO_CLEAR_LICENSING_EFFECT","donor/passage rules frozen before outcomes; no cell-level P value","results/03_phase3/licensing/licensing_effect_by_donor_passage.csv|config/phase3_analysis.json"
"WNT16","YES",-0.353605764538252,0.496201521535604,0.797102176830452,0.195300866240757,0.0712978784986763,0.424903643036928,"NO","NO_CLEAR_LICENSING_EFFECT","donor/passage rules frozen before outcomes; no cell-level P value","results/03_phase3/licensing/licensing_effect_by_donor_passage.csv|config/phase3_analysis.json"
"WNT2","YES",-1.36615006494787,-1.06301162356642,-2.1327538860484,0.00673063891555701,-1.21458084425715,1.21458084425715,"NO","PASSAGE_DEPENDENT","donor/passage rules frozen before outcomes; no cell-level P value","results/03_phase3/licensing/licensing_effect_by_donor_passage.csv|config/phase3_analysis.json"
"WNT2B","YES",-1.27006920626721,0.969473365188617,1.75816635684613,0.180780373531105,-0.150297920539295,1.11977128572791,"NO","PASSAGE_DEPENDENT","donor/passage rules frozen before outcomes; no cell-level P value","results/03_phase3/licensing/licensing_effect_by_donor_passage.csv|config/phase3_analysis.json"
"WNT3","YES",-0.564591604910394,-0.211288050590976,-1.07250978639761,0.649933685215655,-0.387939827750685,0.387939827750685,"NO","PASSAGE_DEPENDENT","donor/passage rules frozen before outcomes; no cell-level P value","results/03_phase3/licensing/licensing_effect_by_donor_passage.csv|config/phase3_analysis.json"
"WNT3A","YES",0,0,0,0,0,0,"NO","NO_CLEAR_LICENSING_EFFECT","donor/passage rules frozen before outcomes; no cell-level P value","results/03_phase3/licensing/licensing_effect_by_donor_passage.csv|config/phase3_analysis.json"
"WNT4","YES",0.00603649583691562,-0.170025671654994,-0.340051343309988,0,-0.0819945879090391,0.0880310837459547,"NO","NO_CLEAR_LICENSING_EFFECT","donor/passage rules frozen before outcomes; no cell-level P value","results/03_phase3/licensing/licensing_effect_by_donor_passage.csv|config/phase3_analysis.json"
"WNT5A","YES",0.72727554380449,-0.654438102678522,-1.54825661061607,0.239380405259029,0.0364187205629839,0.690856823241506,"YES","PASSAGE_DEPENDENT","donor/passage rules frozen before outcomes; no cell-level P value","results/03_phase3/licensing/licensing_effect_by_donor_passage.csv|config/phase3_analysis.json"
"WNT5B","YES",-0.270736640821292,-1.46793190430799,-1.1958969098757,-1.73996689874029,-0.869334272564642,0.869334272564642,"YES","NO_CLEAR_LICENSING_EFFECT","donor/passage rules frozen before outcomes; no cell-level P value","results/03_phase3/licensing/licensing_effect_by_donor_passage.csv|config/phase3_analysis.json"
"WNT6","YES",0,0,0,0,0,0,"NO","NO_CLEAR_LICENSING_EFFECT","donor/passage rules frozen before outcomes; no cell-level P value","results/03_phase3/licensing/licensing_effect_by_donor_passage.csv|config/phase3_analysis.json"
"WNT7A","YES",0.0120478390946361,0,0,0,0.00602391954731805,0.00602391954731805,"NO","NO_CLEAR_LICENSING_EFFECT","donor/passage rules frozen before outcomes; no cell-level P value","results/03_phase3/licensing/licensing_effect_by_donor_passage.csv|config/phase3_analysis.json"
"WNT7B","YES",0.33080321731947,-0.000263081098328497,0.169668559847388,-0.170194722044045,0.165270068110571,0.165533149208899,"NO","NO_CLEAR_LICENSING_EFFECT","donor/passage rules frozen before outcomes; no cell-level P value","results/03_phase3/licensing/licensing_effect_by_donor_passage.csv|config/phase3_analysis.json"
"WNT8A","YES",0,3.45724138003491e-05,-0.00666149408795631,0.00673063891555701,1.72862069001745e-05,1.72862069001745e-05,"NO","NO_CLEAR_LICENSING_EFFECT","donor/passage rules frozen before outcomes; no cell-level P value","results/03_phase3/licensing/licensing_effect_by_donor_passage.csv|config/phase3_analysis.json"
"WNT8B","YES",0,-0.224776843493006,-0.449553686986011,0,-0.112388421746503,0.112388421746503,"NO","NO_CLEAR_LICENSING_EFFECT","donor/passage rules frozen before outcomes; no cell-level P value","results/03_phase3/licensing/licensing_effect_by_donor_passage.csv|config/phase3_analysis.json"
"WNT9A","YES",0,0,0,0,0,0,"NO","NO_CLEAR_LICENSING_EFFECT","donor/passage rules frozen before outcomes; no cell-level P value","results/03_phase3/licensing/licensing_effect_by_donor_passage.csv|config/phase3_analysis.json"
"WNT9B","YES",0,0,0,0,0,0,"NO","NO_CLEAR_LICENSING_EFFECT","donor/passage rules frozen before outcomes; no cell-level P value","results/03_phase3/licensing/licensing_effect_by_donor_passage.csv|config/phase3_analysis.json"
"XCL1","YES",0,0,0,0,0,0,"NO","NO_CLEAR_LICENSING_EFFECT","donor/passage rules frozen before outcomes; no cell-level P value","results/03_phase3/licensing/licensing_effect_by_donor_passage.csv|config/phase3_analysis.json"
"XCL2","YES",0,0,0,0,0,0,"NO","NO_CLEAR_LICENSING_EFFECT","donor/passage rules frozen before outcomes; no cell-level P value","results/03_phase3/licensing/licensing_effect_by_donor_passage.csv|config/phase3_analysis.json"
"YARS1","NO",,,,,,,"NO","NO_CLEAR_LICENSING_EFFECT","donor/passage rules frozen before outcomes; no cell-level P value","results/03_phase3/licensing/licensing_effect_by_donor_passage.csv|config/phase3_analysis.json"
"ZDHHC5","YES",-0.453699781117512,0.291999420566833,-0.487919973928991,1.07191881506266,-0.0808501802753399,0.372849600842172,"YES","PASSAGE_DEPENDENT","donor/passage rules frozen before outcomes; no cell-level P value","results/03_phase3/licensing/licensing_effect_by_donor_passage.csv|config/phase3_analysis.json"
"ZG16B","YES",-0.0191404332958482,0,0,0,-0.00957021664792412,0.00957021664792412,"NO","NO_CLEAR_LICENSING_EFFECT","donor/passage rules frozen before outcomes; no cell-level P value","results/03_phase3/licensing/licensing_effect_by_donor_passage.csv|config/phase3_analysis.json"
"ZNRF3","YES",0.217860921141425,-0.932839559517711,-1.30913445386082,-0.556544665174599,-0.357489319188143,0.575350240329568,"NO","DONOR_DEPENDENT","donor/passage rules frozen before outcomes; no cell-level P value","results/03_phase3/licensing/licensing_effect_by_donor_passage.csv|config/phase3_analysis.json"
"ZP3","YES",-0.0676803454853704,-0.149956610690642,-0.511689163659284,0.211775942278,-0.108818478088006,0.108818478088006,"NO","PASSAGE_DEPENDENT","donor/passage rules frozen before outcomes; no cell-level P value","results/03_phase3/licensing/licensing_effect_by_donor_passage.csv|config/phase3_analysis.json"
"ZPBP2","YES",0.0236412017238757,0.00940201672988542,0.0525903413088332,-0.0337863078490623,0.0165216092268806,0.0165216092268806,"NO","NO_CLEAR_LICENSING_EFFECT","donor/passage rules frozen before outcomes; no cell-level P value","results/03_phase3/licensing/licensing_effect_by_donor_passage.csv|config/phase3_analysis.json"
